pdb,antibody,method,constrained,wt_total,om_total,d_total,wt_interface,om_interface,d_interface,tot_stab_mut_close,tot_stab_mut_distal,tot_stab_other_close,tot_stab_other_distal,tot_destab_mut_close,tot_destab_other_close,tot_destab_mut_distal,tot_destab_other_distal,int_destab_mut,int_destab_other,int_stab_mut,int_stab_other
7PHG,1,rpk,cons,-166.56039843315546,-152.0978664868879,14.462531946267546,-35.54315922982658,-28.517289308740686,7.025869921085892,,339;376;408,,,405,,371;375;501,,486,,,
7PHG,1,rpk,free,-292.3764470583584,-306.45243347740825,-14.075986419049855,-43.2774756227501,-37.26984768062126,6.007627942128842,,339;373;376;408,453;485;497,338;342;349;364;366;374;377;399;400;443;449;454;506;507;508,405;477,403;455;492,375,360;369;379;406;434;448;450;451;499,477;478;486,,484,
7PHG,1,af2,cons,-574.1381035855388,-497.88331481592525,76.25478876961358,-33.5881310212043,0.34411398290004114,33.93224500410434,,339,453;481;482;483;485;493,383;502;508,477;478;501,454;455;457;474;475;476;479;488;491;492;494;495;497,405,365;442;446;448;451;467;469;506,477;478;484;486,473;474;475;476;479;489;490;493,498,483;487;495
7PHG,1,af2,free,-657.2597730224157,-585.3357716693799,71.9240013530358,-35.68174188675188,-35.43348491622771,0.2482569705241673,,339,481;482;483;485;499;502,338;347;358;367;369;390;429;436;443;450;466;490;500;508;517,477;478;486,420;455;456;472;473;474;475;476;479;480;488;494;495;497,375;405;452,326;365;368;442;445;446;447;448;451;465;469;491;492;506;526,477;478;486,474;476;485;493,498;501,455;475;481;483;487;495
