pdb,antibody,method,constrained,wt_total,om_total,d_total,wt_interface,om_interface,d_interface,tot_stab_mut_close,tot_stab_mut_distal,tot_stab_other_close,tot_stab_other_distal,tot_destab_mut_close,tot_destab_other_close,tot_destab_mut_distal,tot_destab_other_distal,int_destab_mut,int_destab_other,int_stab_mut,int_stab_other
7C8W,1,rpk,cons,-548.178493982501,-532.2426374711512,15.935856511349812,-54.67733716961545,-56.78159120106617,-2.104254031450722,,339,,,417;446;501,502,371;373;375,372,417,,478;498,
7C8W,1,rpk,free,-571.9987980649797,-565.4966027456218,6.502195319357952,-61.54090701319052,-66.49010415820518,-4.949197145014665,,339,,368;434;508,417;446,447,371,372;499,417,,478;498;501,
7C8W,1,af2,cons,-595.3639345648977,-600.8802022502858,-5.516267685388129,-33.980931833031654,-29.13214568109761,4.848786151934043,,339;371,403;406;481;482;483,367;372;518,446,449;494,375,365;368;374;420;434;435;528,417,403;483;485,478;498,489
7C8W,1,af2,free,-652.385684146809,-661.7056907985084,-9.320006651699373,-44.54338345262072,-40.85017126167403,3.6932121909466957,,339,406;485,372;390;425;480;518;527,417,,,374;391;392;448,417,403;453;483,484;496;498,490
