pdb,antibody,method,constrained,wt_total,om_total,d_total,wt_interface,om_interface,d_interface,tot_stab_mut_close,tot_stab_mut_distal,tot_stab_other_close,tot_stab_other_distal,tot_destab_mut_close,tot_destab_other_close,tot_destab_mut_distal,tot_destab_other_distal,int_destab_mut,int_destab_other,int_stab_mut,int_stab_other
7ND3,1,rpk,cons,-535.4782445911067,-527.0823492953648,8.395895295741866,-53.67415361579755,-48.22089621623909,5.45325739955846,,339;446,403,340,417;498;501,,371;373;375,372,417;501;505,,498,406
7ND3,1,rpk,free,-595.0594403763616,-594.0574778666731,1.0019625096884965,-65.73068631651822,-59.53874241215766,6.191943904360556,,339;446,406;497,,498,489,371;373;375,368,417;496;498;505,473;500,501,455;456;474
7ND3,1,af2,cons,-591.8916215353854,-284.8474950056459,307.0441265297395,-47.04777961832429,71.25860533254624,118.30638495087052,,339,485,372;472;483,446;493;496;498;501,418;421;424;449;455;456;457;473;475;486;487;489;494;495;497;500;503,375,322;326;350;353;356;365;368;377;382;383;384;389;391;396;398;414;434;435;436;439;442;451;461;479;490;499;507;508;509;512;520;522;523;527;531;534;539,417;493;496;501;505,421;455;473;475;476;486;487;495;500,,
7ND3,1,af2,free,11.827759450442501,-656.3424970411982,-668.1702564916407,16.33013370573617,-50.5143292455378,-66.84446295127397,,339;371;373;484,403;406;409;418;421;424;449;453;454;455;456;457;473;474;475;487;488;489;494;495;497;503;504,322;324;326;328;329;330;332;334;336;338;341;342;344;347;348;350;351;353;355;356;358;361;362;363;365;366;367;368;369;372;374;376;377;379;380;382;383;384;385;388;389;390;393;395;396;397;398;399;400;402;404;410;411;412;414;419;422;423;425;426;429;430;431;432;433;434;436;442;451;452;461;463;464;470;472;480;481;482;483;485;490;491;492;508;509;510;511;512;513;515;516;518;523;524;525;526;527;528;534;537;538;539;541,446,,,,417,495;500,501,403;406;421;455;456;457;460;473;474;475;487;489
