pdb,antibody,method,constrained,wt_total,om_total,d_total,wt_interface,om_interface,d_interface,tot_stab_mut_close,tot_stab_mut_distal,tot_stab_other_close,tot_stab_other_distal,tot_destab_mut_close,tot_destab_other_close,tot_destab_mut_distal,tot_destab_other_distal,int_destab_mut,int_destab_other,int_stab_mut,int_stab_other
7K8Y,1,rpk,cons,-877.51820793288,-866.9137371726072,10.604470760272875,-34.241366833588835,-37.30713573030283,-3.0657688967139975,,339,449,,375;501,,373,372;374,,,493;496,
7K8Y,1,rpk,free,-1049.2262014309806,-1076.5156368126054,-27.2894353816248,-55.4838830545496,-56.92901964329596,-1.445136588746358,,339,489;502;492,508;343;348;366;367;407;443,484;493;501,449;452,371;373,506;445;527,,482;486;405;408,496,489;490
7K8Y,1,af2,cons,-1208.8713273263725,-1221.4892972388961,-12.617969912523677,-33.12744737360193,-38.350267423053715,-5.222820049451784,,339;371,483;485,367;369;372;406;481;518,501;446;496,452,375,365;368;374;434;435;499;528,484,,493;496,449;486
7K8Y,1,af2,free,-1305.9887614323875,-1315.539673826094,-9.55091239370654,-69.29546914551193,-55.590333824727935,13.705135320783995,,339;371,406;483;485;489,369;372;451;516;518;527;481,446,424;449;475;405;455;486;489;494,,332;374;435;528;356,484,456;475;483;486;487;405;408;489,493;477,420;427;475
