pdb,antibody,method,constrained,wt_total,om_total,d_total,wt_interface,om_interface,d_interface,tot_stab_mut_close,tot_stab_mut_distal,tot_stab_other_close,tot_stab_other_distal,tot_destab_mut_close,tot_destab_other_close,tot_destab_mut_distal,tot_destab_other_distal,int_destab_mut,int_destab_other,int_stab_mut,int_stab_other
7BEL,2,rpk,cons,-520.0918955134234,-499.30029160434,20.79160390908345,-46.984355743593625,-46.990515655680845,-0.006159912087220221,,339;408;505,,,,,371;373;375;376;484,372;490,,,,
7BEL,2,rpk,free,-538.8700647814449,-525.1482402923909,13.721824489053915,-52.03510654992466,-46.2381915486315,5.796915001293165,,339;505,,,,,371;375;405,368;377;388;490,,360,,
7BEL,2,af2,cons,-617.4115811404417,-531.7397851076003,85.67179603284148,-39.61065469082755,-43.4417596221698,-3.831104931342246,,339,516;518,390;443;483;490;496;502,,457;519;520,371;373;405;493;501,346;351;365;372;442;446;449;451;453;454;455;456;471;473;475;479;487;491;492;494;495;497;506;522;541,,354;516,,357;468;518
7BEL,2,af2,free,-658.8275315057027,-616.6847214797612,42.14281002594157,-44.36419422465403,-51.418911070560256,-7.054716845906228,,339;478,518,338;363;367;390;423;473;481;483;490;499;500;502,,457;465;469;519;520,371;405;501,365;374;388;391;442;445;446;447;448;449;451;453;454;455;472;480;486;487;488;491;492;494;495;497;503;506;525;526,,,,468;516;518
