pdb,antibody,method,constrained,wt_total,om_total,d_total,wt_interface,om_interface,d_interface,tot_stab_mut_close,tot_stab_mut_distal,tot_stab_other_close,tot_stab_other_distal,tot_destab_mut_close,tot_destab_other_close,tot_destab_mut_distal,tot_destab_other_distal,int_destab_mut,int_destab_other,int_stab_mut,int_stab_other
7D0C,2,rpk,cons,-220.47025357268944,-204.3589546284561,16.11129894423334,-32.08042862053355,-27.255495183793037,4.8249334367405154,,339,,497,501;505,447,375;446;484,,493;505,403,496,
7D0C,2,rpk,free,-390.708985229081,-386.7582391403332,3.950746088747792,-53.96955727053479,-74.15169108362637,-20.182133813091582,,339,419;500,338;340;343;347;372;374;380;387;390;394;412,,403;447,371;375;446,342;369;382;397;398;422;430;435;511;512;524,417;498,,477;501;505,416;420;489;500;503
7D0C,2,af2,cons,-602.3644858741304,-603.1251282768599,-0.7606424027294452,-24.283311494198085,-14.671716205860491,9.611595288337593,,339;371,487,367;369;372;481;483;485;518,493;501,420,375,365;368;374;434;435,417;493;505,456;489,496,
7D0C,2,af2,free,-653.3817323624273,-663.2701154475708,-9.88838308514346,-45.84940181338606,-50.24200810321799,-4.392606289831932,,339;484,458;460;483;490,358;360;369;372;390;393;406;451;471;480;518,496,421;475;486,446,374;430;434;435;448;452;526,417,415;421;457,501;505,455;502
