pdb,antibody,method,constrained,wt_total,om_total,d_total,wt_interface,om_interface,d_interface,tot_stab_mut_close,tot_stab_mut_distal,tot_stab_other_close,tot_stab_other_distal,tot_destab_mut_close,tot_destab_other_close,tot_destab_mut_distal,tot_destab_other_distal,int_destab_mut,int_destab_other,int_stab_mut,int_stab_other
7JV6,2,rpk,cons,-543.1239504392217,-525.049118114338,18.0748323248838,-45.42676739363003,-38.627110199475695,6.799657194154335,,339,,403;406,484;501,,371;373;375,372;455;495,484,,,
7JV6,2,rpk,free,-571.6510371221758,-554.208288887448,17.442748234727787,-46.47282811888553,-40.48898391152346,5.983844207362068,,339;408,,403;510,484;501,,371;373;375,372;386;455,484,,,489
7JV6,2,af2,cons,-604.2061647755315,-521.6439956628519,82.56216911267961,-18.08927415578354,-15.365688790099851,2.7235853656836877,,339,483;485;490;496;500;502,443;518,493;501,449;479;489;491;494;495;497,371;373;405,346;351;365;372;451;455;456;457;469;471;473;474;475;487;492;506;520;522;541,,449;481;483;490,501,446;495
7JV6,2,af2,free,-653.5839154773554,-625.0897421837631,28.494173293592326,-24.76058520645087,-32.224598891278376,-7.464013684827506,,339;408,483;486;490;496;500;502,320;367;369;390;407;436;437;443;474;518;527,493,445;446;448;449;479;487;495,405,374;391;403;430;435;442;453;456;471;491;492;497;506;517;519;520;528,,445;446,501,483;495
