pdb,antibody,method,constrained,wt_total,om_total,d_total,wt_interface,om_interface,d_interface,tot_stab_mut_close,tot_stab_mut_distal,tot_stab_other_close,tot_stab_other_distal,tot_destab_mut_close,tot_destab_other_close,tot_destab_mut_distal,tot_destab_other_distal,int_destab_mut,int_destab_other,int_stab_mut,int_stab_other
7LRT,1,rpk,cons,-213.09371319921942,-212.3439064669577,0.7498067322617317,-32.16333372734512,-26.006332883419894,6.157000843925225,,339;376;408;505,,374;447,478,,371;375;501,,486,,,
7LRT,1,rpk,free,-363.23334304652155,-362.47809424687,0.7552487996515538,-53.403643445092776,-42.97468000067393,10.428963444418848,,339;373;376;408;505,,345;367;370;377;384;392;441;442;508;527,478,476,501,332;338;366;368;387;432;436;492;497,478;486,,484,475
7LRT,1,af2,cons,-614.3724605906928,-533.5917591848462,80.78070140584657,-32.092376892113464,-15.173674239273186,16.918702652840278,,339,481;483;485;490,347;421;496;500;502,477;478;486,453;456;474;475;476;480;487;488;493;495,405;501,365;442;445;446;448;451;454;457;467;469;491;492;494;497;506,477;478;486,475;487;489,498,481;495
7LRT,1,af2,free,-660.699861448475,-619.6007110288699,41.09915041960505,-64.93155272916432,-39.88035378530501,25.051198943859312,,339,472;483;485;490;499,338;347;356;358;367;369;382;390;436;443;500;502;528,452;484;486;501,453;456;475;476;479;487;491;495;497,375;405,353;368;442;445;446;447;448;451;457;465;466;492;506;526,477;484;486,476;479;485;487;488;489,,474;495
