pdb,antibody,method,constrained,wt_total,om_total,d_total,wt_interface,om_interface,d_interface,tot_stab_mut_close,tot_stab_mut_distal,tot_stab_other_close,tot_stab_other_distal,tot_destab_mut_close,tot_destab_other_close,tot_destab_mut_distal,tot_destab_other_distal,int_destab_mut,int_destab_other,int_stab_mut,int_stab_other
7SO9,4,rpk,cons,-605.3394946154158,-585.3654891091896,19.97400550622615,-39.17511275780111,-33.96692305932158,5.208189698479529,,339,,406,484,455,371;373;375;405,372,484,,,
7SO9,4,rpk,free,-630.1545190287142,-612.8712201538799,17.28329887483426,-46.12088696418959,-36.97909819113528,9.141788773054309,,339,,502;508,484;501,455,371;373;375;405,372;377;506,484,,,493
7SO9,4,af2,cons,-614.3311204784859,-524.1364842749156,90.19463620357033,-31.901203850463915,-17.349059317357508,14.552144533106407,,339,483;485;500;502,443;481,501,446;449;455;456;475;487;492;493;494;495;497,405;477,346;365;442;448;451;454;457;467;469;474;479;491;506;538,484,449;483;489;490;494,501,495;499
7SO9,4,af2,free,-655.6695612883387,-614.3774599957321,41.29210129260662,-40.362402521110766,-45.12728852326748,-4.7648860021567145,,339,485;490;499;500;502,320;338;347;367;369;372;390;437;481;528,,446;449;453;456;487;491;492;495;497,375;405,381;386;391;433;442;451;467;469;473;479;506,484,449;483;489;490;494,478;486;498;501,475;495;499
