pdb,antibody,method,constrained,wt_total,om_total,d_total,wt_interface,om_interface,d_interface,tot_stab_mut_close,tot_stab_mut_distal,tot_stab_other_close,tot_stab_other_distal,tot_destab_mut_close,tot_destab_other_close,tot_destab_mut_distal,tot_destab_other_distal,int_destab_mut,int_destab_other,int_stab_mut,int_stab_other
7N4I,1,rpk,cons,-515.0539286790599,-456.6795730651816,58.37435561387832,-48.139042604812126,-48.03948054904009,0.09956205577203292,,339,,,,,371;373;405;498;501,372;374,,,,
7N4I,1,rpk,free,-538.192206390984,-524.2025310958443,13.989675295139705,-55.24405081975965,-51.005581802080755,4.238469017678895,,339,,342;368;374;436;511;513,,,371;373;375;376;405;484;498;501,372;455;499;515,,480,,
7N4I,1,af2,cons,-616.0197371186509,-495.3308320079598,120.68890511069111,-40.617776305239445,-22.090133402314535,18.52764290292491,,339,466;483;490,347;443;485;500;502,484,457;467;468;469;470;471;472;473;474;479;480;491;492,405;477;501,365;389;442;446;448;449;451;453;475;487;493;494;495;497;506,,467;468;469;471;481;482,,466;470;492
7N4I,1,af2,free,-653.8369397773738,-614.3727590951853,39.4641806821885,-46.15946759684048,-14.076566557134143,32.082901039706336,,339,490,338;347;358;367;369;374;382;390;436;483;485;489;499;500;502;527,,394;462;464;465;467;469;471;474;479;491;492;516,375;405;501,326;368;442;445;446;447;448;451;453;487;495;497;503;506;528,,458;462;463;464;465;466;467;469;471;481,,396;470
