pdb,antibody,method,constrained,wt_total,om_total,d_total,wt_interface,om_interface,d_interface,tot_stab_mut_close,tot_stab_mut_distal,tot_stab_other_close,tot_stab_other_distal,tot_destab_mut_close,tot_destab_other_close,tot_destab_mut_distal,tot_destab_other_distal,int_destab_mut,int_destab_other,int_stab_mut,int_stab_other
7NKT,1,rpk,cons,-527.939358560378,-483.42625021442313,44.513108345954834,-47.13636550538327,-44.38724993293674,2.7491155724465273,,339;505,,,371;373;375,370;372,501,,408,,375,
7NKT,1,rpk,free,-558.2918549638289,-515.078642917775,43.213212046053854,-48.29230694439649,-41.65748234102754,6.634824603368955,,339;505,,337,371;373;375;376,365;368;369;370;372;374;377;434,501,342,408,369;370,375,
7NKT,1,af2,cons,-616.5404396835984,-524.1599016871037,92.3805379964947,-35.04478800204692,-21.20304086418918,13.841747137857741,,339,366;369,367;483;490;496;500;502;518,371;375;405,370;372;374;506;508,493;501,346;351;365;442;446;449;451;453;454;455;456;457;461;469;471;473;475;479;487;491;492;494;495;497;520;522;541,405,370;372;374;503;508,,369
7NKT,1,af2,free,-666.0847210042746,-616.1311122983304,49.953608705944134,-42.70587079966719,-30.154154364726747,12.551716434940442,,339;478,434,320;354;367;390;443;458;474;483;490;499;500;502;518,371;376;405,369;370;508,493;501,365;391;442;445;446;448;449;451;453;454;465;479;480;491;492;495;497;506;519;520;525;526,405,370;372;503,375,374
