pdb,antibody,method,constrained,wt_total,om_total,d_total,wt_interface,om_interface,d_interface,tot_stab_mut_close,tot_stab_mut_distal,tot_stab_other_close,tot_stab_other_distal,tot_destab_mut_close,tot_destab_other_close,tot_destab_mut_distal,tot_destab_other_distal,int_destab_mut,int_destab_other,int_stab_mut,int_stab_other
7RXD,1,rpk,cons,-395.4370419699354,-369.07182501678676,26.36521695314866,-41.87773472233044,-40.96008788323347,0.9176468390969674,,339,,,484;501,496,371;373;375,369;372,484,,498,
7RXD,1,rpk,free,-444.7922451254086,-435.5128744062528,9.279370719155793,-60.762107396405554,-60.29903913596719,0.46306826043836224,,339;408,,366;367;432,405;501,418;496,371;375,336;337;364;379;392;420,484;498;505,,,489
7RXD,1,af2,cons,-604.4988435823038,-513.7698053626325,90.72903821967134,-39.873999776100355,-27.821740043633106,12.052259732467249,,339,481;485;502,443;518,405;452;493,346;446;448;449;453;455;456;471;487;488;491;492;494;495;497;499,371;373,365;372;442;451;454;457;459;461;465;473;479;506;520;522;538;541,452,449;453;470;483;490;494,484;501,492;495;503
7RXD,1,af2,free,-663.0222844631311,-617.8444265911718,45.177857871959304,-56.16726197508069,-44.905969005209016,11.261292969871675,,339;376;478,483;485;486;490;496;500;502,338;367;390;421;466;474;518;527,405;498,445;446;448;449;453;455;469;470;491;492;494;495;497;506,371,365;391;451;454;456;457;479;519;520;528,498;505,449;453;470;483;490,493;501,403;406;482;486;495;503
