pdb,antibody,method,constrained,wt_total,om_total,d_total,wt_interface,om_interface,d_interface,tot_stab_mut_close,tot_stab_mut_distal,tot_stab_other_close,tot_stab_other_distal,tot_destab_mut_close,tot_destab_other_close,tot_destab_mut_distal,tot_destab_other_distal,int_destab_mut,int_destab_other,int_stab_mut,int_stab_other
7E5S,8,rpk,cons,-379.8715243571604,-375.0225926972971,4.848931659863297,-37.06668533416741,-38.72687066747971,-1.660185333312299,,339,,500,,,371;375,434,,,,
7E5S,8,rpk,free,-498.6138830900327,-511.0867254905736,-12.472842400540912,-52.29330429520994,-53.80917614381777,-1.51587184860783,,339;373;408,472;487;495;496,361;374;406;439;443;500;508,452,446;451,371,342;368;407;415;436;502,,488,,487;493
7E5S,8,af2,cons,-614.8584952228156,-530.8899529366454,83.96854228617019,-34.393475726513124,-28.10363030012646,6.2898454263866626,,339,483;485;502,443,,351;446;449;455;456;469;475;480;487;488;490;491;492;493;494;495;497,405;477,365;442;448;451;453;457;467;474;479;506;538,484,449;481;483;489;490,498;501,485;495
7E5S,8,af2,free,-656.5359006812637,-606.5849076629961,49.95099301826758,-44.310532050259674,-45.217122617698095,-0.9065905674384211,,339,485;493;499;502,338;347;356;358;360;367;369;372;374;390;418;434;436;500,452;486;501,445;446;447;448;449;455;469;487;491;492;494;495;497,375;405,365;406;442;451;465;467;475;479;480;503;506;526,484,483;490;492,498,493;495
