pdb,antibody,method,constrained,wt_total,om_total,d_total,wt_interface,om_interface,d_interface,tot_stab_mut_close,tot_stab_mut_distal,tot_stab_other_close,tot_stab_other_distal,tot_destab_mut_close,tot_destab_other_close,tot_destab_mut_distal,tot_destab_other_distal,int_destab_mut,int_destab_other,int_stab_mut,int_stab_other
7JZN,1,rpk,cons,-626.4241193483679,-608.4590961387732,17.96502320959462,-54.15914797720956,-54.5083783729863,-0.3492303957767433,,339;446,403;497,,417;484;501,449;495,371;373;375,368,417,,493;498,403
7JZN,1,rpk,free,-642.1382264858119,-638.0082009619534,4.130025523858421,-64.87692692497757,-60.81617041175818,4.060756513219388,,339;446,403,,417;484;501,449,371;375,370;434;516,417,449;497,493;498;501,
7JZN,1,af2,cons,-616.9902898703084,-610.1466598917737,6.84362997853475,-51.50083376983702,-52.67713786281599,-1.1763040929789668,,339;371,403;485,367;369;372;483;518,417;496;498;501,449;494,375,365;368;374;434;435;499,417,,496,403;497
7JZN,1,af2,free,-654.5988038356779,-662.6746643696222,-8.075860533944251,-62.283415506300486,-65.47348129035115,-3.1900657840506597,,339;371,403;483;485,369;451;518;527,,449,,374;452,417,416;487,496;501,403;455;497
