pdb,antibody,method,constrained,wt_total,om_total,d_total,wt_interface,om_interface,d_interface,tot_stab_mut_close,tot_stab_mut_distal,tot_stab_other_close,tot_stab_other_distal,tot_destab_mut_close,tot_destab_other_close,tot_destab_mut_distal,tot_destab_other_distal,int_destab_mut,int_destab_other,int_stab_mut,int_stab_other
7EH5,1,rpk,cons,-359.8614401598694,-350.2279981284164,9.633442031453,-19.719949785017562,-21.44626054697732,-1.726310761959759,,339;496;505,,,477,,371;373;375;501,372,477,,,
7EH5,1,rpk,free,-484.15718733233757,-471.7409062399255,12.416281092412078,-31.333269927188347,-28.908044976416132,2.425224950772215,,339;484,,364;367;376;377;384;406,477;478;493,,371;373,334;347;348;362;387;389;391;403;499,478,486,,
7EH5,1,af2,cons,-609.8547929952177,-608.9251633676429,0.9296296275748546,-12.80153487018953,-15.77772137034771,-2.97618650015818,,339;371;484,485,367;372;406;451;483;518,477,455,375;446;496;501,365;368;420;434;435;494;528,,,,474
7EH5,1,af2,free,-658.5104903303936,-652.7186444540316,5.791845876362004,-27.65255669311428,-26.572092894661886,1.0804637984523957,,339;371,480,369;372;406;418;483;518;527,478,455;479,446,332;342;374;389;430;435;448;517;526;528,478,474;479,477,475;486;489
