pdb,antibody,method,constrained,wt_total,om_total,d_total,wt_interface,om_interface,d_interface,tot_stab_mut_close,tot_stab_mut_distal,tot_stab_other_close,tot_stab_other_distal,tot_destab_mut_close,tot_destab_other_close,tot_destab_mut_distal,tot_destab_other_distal,int_destab_mut,int_destab_other,int_stab_mut,int_stab_other
7CWU,1,af2,cons,-813.6677710373053,-798.0445874214163,15.623183615889047,-5.022978652470419,-10.59709224896379,-5.574113596493371,,67;95,147;148;247,18;19;21;22;75;76;77;97;111;124;138;213;nan;215;216;260;266,142;143,140;146;149;151;153;156;246;254;256;257,212,17;20;23;141;150;152;187;191;210;245;249;255;259;272,145,,,147;257
7CWU,1,af2,free,-898.7908337015465,-880.141174857848,18.64965884369849,-9.543901858283002,-23.920919709635072,-14.37701785135207,,67;95,156;247;248;252,19;54;68;76;77;81;84;94;96;121;124;186;203;213;nan;215;216;222;260,142;143;144,153;246;249;255;257,69;70;212,17;20;55;66;71;80;97;99;100;113;152;170;179;183;210;221;229;237;262;264;265,144,,,149;249;251;252;253;254
