pdb,antibody,method,constrained,wt_total,om_total,d_total,wt_interface,om_interface,d_interface,tot_stab_mut_close,tot_stab_mut_distal,tot_stab_other_close,tot_stab_other_distal,tot_destab_mut_close,tot_destab_other_close,tot_destab_mut_distal,tot_destab_other_distal,int_destab_mut,int_destab_other,int_stab_mut,int_stab_other
7K9I,1,rpk,cons,-482.0275768118722,-458.01349898832297,24.014077823549258,-38.27844541463462,-32.541512475665016,5.736932938969602,,339;408,,,452,,371;373;375;501,372,486,,,
7K9I,1,rpk,free,-536.5209391400624,-528.9661230997192,7.554816040343212,-50.82546037341223,-48.49516013928014,2.330300234132089,,339;408,,348;356;410;418,452,449;455;488;489,371;405;501,372;473;502,452;484;486,,478,
7K9I,1,af2,cons,-612.8778898680621,-533.8439985201385,79.0338913479236,-34.54461447735374,-13.908204757021167,20.636409720332573,,339,483;485;502,481,452,446;456;475;488;489;492;493;494;495;497,405;477,365;442;448;451;454;457;467;469;474;479;487;491;506,486,483;489;490;493;494,501,495
7K9I,1,af2,free,-658.9211720710773,-604.8513726551827,54.069799415894636,-41.1548931188032,-36.718331330955046,4.436561787848156,,339;478,485;490;499;502,320;338;354;369;372;390;436;481;500,452,446;447;449;453;456;489;491;492;494;495;497,405,326;365;386;430;435;442;445;448;451;454;457;465;473;503;506;526,484,449;483;490;493;494,501,475;487;489;495;499
