pdb,antibody,method,constrained,wt_total,om_total,d_total,wt_interface,om_interface,d_interface,tot_stab_mut_close,tot_stab_mut_distal,tot_stab_other_close,tot_stab_other_distal,tot_destab_mut_close,tot_destab_other_close,tot_destab_mut_distal,tot_destab_other_distal,int_destab_mut,int_destab_other,int_stab_mut,int_stab_other
7OR9,1,rpk,cons,-544.4731862465646,-540.4241429377478,4.049043308816863,-44.62531921718447,-41.488723438834654,3.1365957783498146,,339;373,,406,446,445,375;501,455,,445,,
7OR9,1,rpk,free,-568.737511026224,-572.2651489826742,-3.527637956450235,-47.94494848701944,-57.96140584875528,-10.016457361735839,,339;373,483,406;502;508,446,445,371;375;501,455;506,,,484,483
7OR9,1,af2,cons,-608.6631363476906,-613.5950130250687,-4.9318766773781135,-24.324797478415498,-32.68248836870397,-8.357690890288474,,339;371,346;444;483,367;372;406;485;518,446,499,375;501,365;368;374;420;434;435;455;528,,,,346;441
7OR9,1,af2,free,-656.1117044401251,-663.1412443609136,-7.029539920788466,-54.09229118240262,-57.37722742428474,-3.2849362418821215,,339;371,483,372;382;406;516;518;528,,,501,374;387;435;497;526,,449;450,446,444
