pdb,antibody,method,constrained,wt_total,om_total,d_total,wt_interface,om_interface,d_interface,tot_stab_mut_close,tot_stab_mut_distal,tot_stab_other_close,tot_stab_other_distal,tot_destab_mut_close,tot_destab_other_close,tot_destab_mut_distal,tot_destab_other_distal,int_destab_mut,int_destab_other,int_stab_mut,int_stab_other
7SOF,1,af2,cons,-591.6612318130443,-55.052771755516204,536.6084600575281,-0.866545919244496,200.8867129007014,201.7532588199459,,339,334;335;518,362;367;372;406,417;477;484;493,351;353;355;398;400;414;416;418;419;420;421;422;423;424;425;426;427;429;452;453;454;455;456;457;458;459;460;461;462;463;464;465;466;467;469;470;471;472;473;474;475;476;479;480;481;482;483;488;489;490;491;492;494;512,375;446;496;501,368;435;499,484;493,332;353;398;419;420;421;423;424;425;427;457;459;460;465;466;467;469;470;471;473;474;476;480;481;482;483;488;490;491,,334;355;412;413;456;461;462;463;468;487;489
7SOF,1,af2,free,-651.0493643804518,-624.7991521432575,26.25021223719432,-6.792252765630491,-18.703759760336016,-11.911506994705526,,371;484,357,372;390;406;436;480;481;483;518;541,,332;333;337,446,322;324;329;342;374;435;444;454;455;465;471;475;491;492;528;538,,333;334,,340;345;356;357
