pdb,antibody,method,constrained,wt_total,om_total,d_total,wt_interface,om_interface,d_interface,tot_stab_mut_close,tot_stab_mut_distal,tot_stab_other_close,tot_stab_other_distal,tot_destab_mut_close,tot_destab_other_close,tot_destab_mut_distal,tot_destab_other_distal,int_destab_mut,int_destab_other,int_stab_mut,int_stab_other
7L2D,1,af2,cons,-733.0627773141107,-715.9223756463762,17.140401667734523,3.4044773649428013,11.061356436118714,7.656879071175913,,,143;147;153;156;179;242;250;251,18;20;21;75;76;79;97;111;228;229,,144;145;244;246;248;249;252;253;254;255;257,19;24;25,233;258;259,,144;146;147;150;246;248;252;254;255,,148;149;151;249;250;251
7L2D,1,af2,free,-861.2642832312795,-870.5011102924856,-9.2368270612061,-41.084642320130015,-22.966528495150328,18.118113824979687,,,146;150;151;152;153;242;251;252,18;41;75;76;98;102;108;134;154;177;179;184;212;222;298,,181;244;245;249,19;25;69,15;29;48;77;120;182;183;210;216;221;254;258;259;261;300,,144;145;152;248,,251;252;253
