pdb,antibody,method,constrained,wt_total,om_total,d_total,wt_interface,om_interface,d_interface,tot_stab_mut_close,tot_stab_mut_distal,tot_stab_other_close,tot_stab_other_distal,tot_destab_mut_close,tot_destab_other_close,tot_destab_mut_distal,tot_destab_other_distal,int_destab_mut,int_destab_other,int_stab_mut,int_stab_other
7V89,1,rpk,cons,-424.53497861380237,-418.47582807814774,6.059150535654624,-33.54964222468557,-34.39686204939025,-0.8472198247046805,,339;408;505,,422;431;432,501,,371;376;405;440,433,,,,
7V89,1,rpk,free,-499.44174403429264,-489.7566669595433,9.685077074749358,-42.07858461432686,-41.78742684554359,0.2911577687832647,,339;408,451,372;404;422;432;455;456;469;527,484,476,371;452,348;364;366;374;387;399;433;439,501,,,
7V89,1,af2,cons,-618.1590195573235,-498.8208071838352,119.33821237348832,-38.2067721440687,-14.18176789052652,24.02500425354218,,339,490;496,437;483;485;518,417;478;501;505,446;449;456;473;474;475;479;486;487;488;489;492;494;495;497;506,371;373;375;405,346;351;365;372;442;451;454;457;459;461;467;471;480;491;520;522;528;538;541,417;477;478;501;505,456;475;489;500;502,,487;495;503
7V89,1,af2,free,-662.0076430509309,-613.0960149545803,48.91162809635068,-53.60925162206317,-25.52824035280296,28.08101126926021,,339,483;485;490;500;502,320;367;369;390;407;436;443;458;466;482;518;527,405;501,445;446;449;455;456;487;488;489;492;495;497;506,,368;374;391;418;435;451;457;465;469;491;519;520;528,417;501;505,446;449;456;489;494;500;502;506,498,503
