pdb,antibody,method,constrained,wt_total,om_total,d_total,wt_interface,om_interface,d_interface,tot_stab_mut_close,tot_stab_mut_distal,tot_stab_other_close,tot_stab_other_distal,tot_destab_mut_close,tot_destab_other_close,tot_destab_mut_distal,tot_destab_other_distal,int_destab_mut,int_destab_other,int_stab_mut,int_stab_other
6ZDG,2,rpk,cons,-453.58571615366355,-446.86610159439994,6.7196145592636185,-44.29531556817045,-44.508252172410536,-0.21293660424008465,,339;408;505,,,,,373;484;501,372;455,,,,
6ZDG,2,rpk,free,-514.8914494379928,-501.42266275708783,13.468786680904998,-45.709375328077606,-48.319489446420874,-2.610114118343269,,339;373;505,374;377,372,375,369,371;405;501,356;367;455,,,,377
6ZDG,2,af2,cons,-609.6781237988203,-537.9053883876055,71.77273541121474,-38.31922890532043,-42.05995792920099,-3.7407290238805615,,339,367;377;384;387,481;483;485;490;496;500;502,,381,405;477;501,351;442;445;446;448;449;451;453;454;455;456;457;467;469;474;475;479;480;487;488;491;492;493;494;495;497;506,,378,,369;377;386
6ZDG,2,af2,free,-657.7070546389513,-627.5377772059035,30.169277433047796,-46.63362369444067,-58.271202237988255,-11.637578543547583,,339;478,366;372;377;382;429,320;338;358;367;421;425;432;443;473;483;485;490;499;500;502,,370;383;434,405;486;501,351;424;442;445;446;447;448;451;453;456;465;466;480;487;491;492;493;495;497;506,,384;428,375,377;380;386;414;427;429
