pdb,antibody,method,constrained,wt_total,om_total,d_total,wt_interface,om_interface,d_interface,tot_stab_mut_close,tot_stab_mut_distal,tot_stab_other_close,tot_stab_other_distal,tot_destab_mut_close,tot_destab_other_close,tot_destab_mut_distal,tot_destab_other_distal,int_destab_mut,int_destab_other,int_stab_mut,int_stab_other
7CM4,1,rpk,cons,-541.7191665938168,-524.8316537810616,16.887512812755176,-54.96654106474859,-44.857501253256544,10.109039811492046,,339;408,,,452;484;486;501,,371;375,372,452;484;486,450,498,
7CM4,1,rpk,free,-565.5699369550694,-558.2244558467123,7.345481108357035,-55.57623694004002,-47.54824833844366,8.027988601596356,,339;408,,,452;484;501,,371;375,372,452;484;486,449;450,,403
7CM4,1,af2,cons,-613.967199156666,-529.6086583817854,84.35854077488057,-37.3442215547546,-15.816332300691096,21.527889254063503,,339,483;485;500;502,421;481,452;505,403;449;451;453;455;456;475;488;489;491;492;493;494;495;497,405;477,365;442;448;457;467;469;474;479;487;506;538,452;505,403;449;450;456;483;490;492;493;494,498;501,495
7CM4,1,af2,free,-661.722777924995,-609.5234241289329,52.19935379606204,-53.14900444435995,-38.31265586188568,14.836348582474272,,339,421;472;483;485;490;499;502,338;347;358;367;369;389;390;436;481;500,452,403;445;446;447;449;451;453;456;487;489;491;492;493;494;495;497,375;405,368;424;442;448;454;457;465;479;503;506;526,417;484;505,403;449;450;455;456;483;489;490;492;493,486;498;501,475;495
