pdb,antibody,method,constrained,wt_total,om_total,d_total,wt_interface,om_interface,d_interface,tot_stab_mut_close,tot_stab_mut_distal,tot_stab_other_close,tot_stab_other_distal,tot_destab_mut_close,tot_destab_other_close,tot_destab_mut_distal,tot_destab_other_distal,int_destab_mut,int_destab_other,int_stab_mut,int_stab_other
7E8C,4,rpk,cons,-451.4693324475769,-423.1935889444795,28.27574350309743,-37.080589832345915,-31.18472697888745,5.895862853458464,,339,,,446;484,,371;373;375;501,369,484,,,
7E8C,4,rpk,free,-505.9674622374681,-507.94284466517314,-1.9753824277050285,-40.94144388681701,-42.9271444140814,-1.9857005272643846,,339,,330;332;362;366;377;380;515,446;484,452,371;375;477;501,379;395;434;529,484,,478,444;486
7E8C,4,af2,cons,-614.1471320701053,-614.6162051030672,-0.4690730329618873,-28.567215928883027,-25.06671937787726,3.5004965510057673,,339;371,481;483;485,367;372;406;518,,444;448;449;452,375;501,365;368;374;420;434;435,484,,,481
7E8C,4,af2,free,-662.0231106239751,-657.8990749465011,4.124035677474012,-41.21758364902532,-36.82316354013809,4.394420108887232,,339;371,451;480;483;485,369;372;406;418;518;527,446;493,,501,374;430;435;455;499;526;528,484,450;481,,444
