pdb,antibody,method,constrained,wt_total,om_total,d_total,wt_interface,om_interface,d_interface,tot_stab_mut_close,tot_stab_mut_distal,tot_stab_other_close,tot_stab_other_distal,tot_destab_mut_close,tot_destab_other_close,tot_destab_mut_distal,tot_destab_other_distal,int_destab_mut,int_destab_other,int_stab_mut,int_stab_other
7L2F,3,af2,cons,-825.5925767867316,-795.4024030299183,30.190173756813238,-6.053666918967549,-9.313340248748597,-3.259673329781048,,67;95,19;138,18;21;22;75;76;77;111;124;213;nan;215;216;242;260,142;143;144,20;147;148;149;151;153;154;156;246;254;256,212,23;152;210;229;245;249;255;257;258;259,144,,,147;150
7L2F,3,af2,free,-888.1927339264719,-881.0675219940713,7.125211932400589,-10.601080358761383,-23.3711749337325,-12.770094574971118,,67;95,19;141;147;155;158,18;38;54;68;75;76;77;84;111;121;124;154;182;213;nan;215;216;222;242;248;260,142;143;144,20;146;152;153;246;249;253,69;212,21;23;37;53;72;97;98;101;179;180;183;187;221;245;257;262,144,246,145,147;154;156;158;254
