pdb,antibody,method,constrained,wt_total,om_total,d_total,wt_interface,om_interface,d_interface,tot_stab_mut_close,tot_stab_mut_distal,tot_stab_other_close,tot_stab_other_distal,tot_destab_mut_close,tot_destab_other_close,tot_destab_mut_distal,tot_destab_other_distal,int_destab_mut,int_destab_other,int_stab_mut,int_stab_other
7CDI,1,rpk,cons,-515.2840298267863,-489.26482330433174,26.019206522454567,-48.9381366168016,-44.477141091817394,4.460995524984206,,339,,,405;493;501,,371;373;375,,417;493;505,,501,
7CDI,1,rpk,free,-535.1594957885854,-517.8253844377504,17.334111350835087,-64.72390835084366,-60.0344719821113,4.689436368732359,,339,,367,405;493;505,,371;375,,417;505,,501,
7CDI,1,af2,cons,-614.046474723023,-454.73329725836857,159.31317746465447,-41.74221774340476,-1.2920041765508987,40.45021356685386,,339,481;490;500;502,482;483;485;518,405;477;478;493;498;501;505,449;453;454;455;456;457;459;473;474;475;476;479;480;487;488;494;495;497,371;373;375;452,346;351;365;372;446;451;465;467;469;491;492;506;520;538;541,477;478;493;505,455;473;474;475;476;489;502,417;498,421;457;495;503
7CDI,1,af2,free,-652.3183212438737,-608.1210244459572,44.197296797916465,-55.25983458859497,-9.430228885291386,45.829605703303585,,339,418;473;474;483;490;500;502,320;327;367;369;390;407;422;436;443;482;499;518;527,405;493;501,421;447;449;453;454;456;460;475;486;487;495,,325;326;368;374;377;391;430;435;445;446;448;451;465;469;492;497;506;519;520;533;540,493;505,403;415;420;421;455;456;460;473;486;489;502,478,
