pdb,antibody,method,constrained,wt_total,om_total,d_total,wt_interface,om_interface,d_interface,tot_stab_mut_close,tot_stab_mut_distal,tot_stab_other_close,tot_stab_other_distal,tot_destab_mut_close,tot_destab_other_close,tot_destab_mut_distal,tot_destab_other_distal,int_destab_mut,int_destab_other,int_stab_mut,int_stab_other
7CZW,2,rpk,cons,-456.28066124046705,-440.3918047735087,15.888856466958373,-29.30417109259084,-27.0991106275815,2.205060465009339,,339,,,484,,371;373;375;446,369;372,493,,,
7CZW,2,rpk,free,-530.8199393506636,-521.7245483912066,9.095390959457063,-43.994877172002866,-30.91924897363713,13.075628198365735,,339,488,,446;484;501,452;486;490,371;375,370,484;493;505,453;486;490,,489;494
7CZW,2,af2,cons,-612.074365064922,-616.0257069961006,-3.9513419311786038,-34.750003502277266,-29.214296419434056,5.53570708284321,,339;371,483;485,367;369;372;481;518,496;501,494,375,365;368;374;420;434;435;528,484;505,453;483,,
7CZW,2,af2,free,-656.9088040376189,-665.138955357399,-8.230151319780134,-40.84555059235899,-44.73397927921397,-3.8884286868549793,,339;371,406;485,356;369;372;518,446,455,,374;424;435;526,505,455;483,496;498;501,403;486;492
