pdb,antibody,method,constrained,wt_total,om_total,d_total,wt_interface,om_interface,d_interface,tot_stab_mut_close,tot_stab_mut_distal,tot_stab_other_close,tot_stab_other_distal,tot_destab_mut_close,tot_destab_other_close,tot_destab_mut_distal,tot_destab_other_distal,int_destab_mut,int_destab_other,int_stab_mut,int_stab_other
7R6W,1,rpk,cons,-542.6079141858974,-529.1636913001385,13.444222885758904,-47.94152065468805,-47.938580380214646,0.0029402744734028374,,,,374,,,371;373;375;405;501,372,,,,
7R6W,1,rpk,free,-573.1051216292827,-558.3893411967765,14.715780432506222,-57.89500702809653,-59.66608359108338,-1.771076562986849,,,,366,,,371;373;375;405;501,372;434;446,,,440,
7R6W,1,af2,cons,-619.4451980479649,-540.7809621848953,78.66423586306962,-46.957281360742584,-46.18218431527213,0.7750970454704529,,,346,443;483;490;496;502;508;518,371,442;446,373;405;493;501,351;365;372;448;449;451;453;454;455;456;457;461;469;471;473;475;479;487;491;492;494;495;497;506;520;522;538;541,,345,,
7R6W,1,af2,free,-670.93698496496,-622.2757352448634,48.66124972009652,-57.69028567921936,-58.98113855043517,-1.2908528712158116,,478,338;499,366;367;390;421;483;490;500;502;518,371,439;444;446;447;448,405;452;501,365;374;381;391;451;454;457;468;488;491;492;495;497;506;517;519;520,,345,440,
