pdb,antibody,method,constrained,wt_total,om_total,d_total,wt_interface,om_interface,d_interface,tot_stab_mut_close,tot_stab_mut_distal,tot_stab_other_close,tot_stab_other_distal,tot_destab_mut_close,tot_destab_other_close,tot_destab_mut_distal,tot_destab_other_distal,int_destab_mut,int_destab_other,int_stab_mut,int_stab_other
7KFW,3,rpk,cons,-490.2784674808602,-472.3403464407844,17.93812104007577,-54.69472226145341,-42.93065880575096,11.764063455702448,,339,,,417;484;501,496,371;375,,417;486;505,,501,
7KFW,3,rpk,free,-553.0113281371941,-540.122600464048,12.88872767314615,-69.92827971569079,-52.50158924989884,17.42669046579195,,339,,374;508,405,449;493;496;502,371;373,364;366;402;526,417;498;505,493;496;502;503,,456;489;490
7KFW,3,af2,cons,-608.503208428893,-483.56882486769723,124.93438356119577,-32.86365273959163,-11.697053087384408,21.16659965220722,,339,458;500;502,483;485,405;477;478;498,406;449;453;454;455;456;457;473;474;475;476;479;480;487;488;493;494;495;497;503,,365;442;446;448;451;467;468;469;491;492;506,417;478,455;475;476;493,501,
7KFW,3,af2,free,-659.7874884832625,-609.9914205529774,49.79606793028506,-52.405383092386344,-18.209344650043516,34.196038442342825,,339,476;500;502,320;338;358;367;369;390;436;443;472;483;485;490;499,405;501,446;447;449;453;454;456;460;473;487;489;495,375,351;368;391;394;442;451;467;480;491;492;497;506,486;505,403;420;449;453;455;456;460;473;475;487;489;493;502,405;477,415;503
