pdb,antibody,method,constrained,wt_total,om_total,d_total,wt_interface,om_interface,d_interface,tot_stab_mut_close,tot_stab_mut_distal,tot_stab_other_close,tot_stab_other_distal,tot_destab_mut_close,tot_destab_other_close,tot_destab_mut_distal,tot_destab_other_distal,int_destab_mut,int_destab_other,int_stab_mut,int_stab_other
7RW2,2,af2,cons,-828.4108576122293,-835.8568017456423,-7.445944133413036,-36.0016328866151,-42.94760762664322,-6.94597474002812,,,96;97;126;150;153;190;192,18;20;21;75;76;79;111;228;229;242;272,,147;182,19;24;25,140;141;160;197;244;245;249;257;258;259,,175;224,,126;173;225
7RW2,2,af2,free,-904.6036313714974,-884.2948520930254,20.308779278472002,-60.24183868599214,-53.78542333454341,6.456415351448733,,142,95;96;99;145;173;180;184;222;251,16;18;41;79;80;110;154;156;228;229;242;246;258;272,,98;149;175;179;183;202;221,19;25;69,29;55;73;134;140;143;216;244;245;249;259;262;271,,149;151;190,,
