pdb,antibody,method,constrained,wt_total,om_total,d_total,wt_interface,om_interface,d_interface,tot_stab_mut_close,tot_stab_mut_distal,tot_stab_other_close,tot_stab_other_distal,tot_destab_mut_close,tot_destab_other_close,tot_destab_mut_distal,tot_destab_other_distal,int_destab_mut,int_destab_other,int_stab_mut,int_stab_other
7L56,3,rpk,cons,-503.56427836372774,-496.6998881022873,6.864390261440462,-45.265177445526405,-41.89282000269595,3.372357442830456,,339,,,501,,371;375;405,372,484,,,
7L56,3,rpk,free,-571.906846529011,-573.9161795778882,-2.009333048877238,-47.58072674973552,-54.34278168102394,-6.762054931288425,,339;408,493,,,,371;375;405,491,484,,452;486,493
7L56,3,af2,cons,-601.6273182209165,-527.8707384521834,73.7565797687331,-35.10220931046286,-28.70351998082206,6.398689329640803,,339,482;483;485;489;490;496;499;500;502,383;481;508,501,403;446;448;449;450;456;475;487;492;493;494;495;497,405;477,351;365;442;451;454;457;467;469;474;479;491;506;538,484,444;449;456;483;487;490;493,501,494;495;499
7L56,3,af2,free,-655.6113631528817,-631.7799144501062,23.83144870277556,-35.57565852487068,-53.71013750576252,-18.134478980891835,,339,450;455;472;473;485;489;490;499;500;502,320;346;347;367;368;390;436;443;517,452,446;448;449;453;487;488;492;493;494;495;497;503,371;375;405,326;353;356;365;442;451;457;491;506;518,484,449;483;493,498;501,450;455;475;495;499
