pdb,antibody,method,constrained,wt_total,om_total,d_total,wt_interface,om_interface,d_interface,tot_stab_mut_close,tot_stab_mut_distal,tot_stab_other_close,tot_stab_other_distal,tot_destab_mut_close,tot_destab_other_close,tot_destab_mut_distal,tot_destab_other_distal,int_destab_mut,int_destab_other,int_stab_mut,int_stab_other
7CZX,3,rpk,cons,-377.5946748166224,-356.96623974480485,20.628435071817535,-50.12672161086188,-35.352608789411846,14.774112821450032,,339;505,,,484;486,,371;373;375,372,484;486,,,
7CZX,3,rpk,free,-506.3854985227107,-504.4160193308812,1.969479191829464,-63.01769466529172,-50.35624239528637,12.661452270005348,,339;408,450,,484;498,,371;375,537,484;486;498,448;487;492,,450;483
7CZX,3,af2,cons,-614.5799670471711,-530.0622666329772,84.51770041419388,-32.2634659165211,-18.85796470027791,13.405501216243188,,339,481;483;485;496;502,383,452,446;448;449;453;456;475;487;488;489;492;494;495;497,405;477,365;442;451;454;457;461;465;467;469;474;479;491;506,484,449;483;487;489;490;494,501,445;495;497
7CZX,3,af2,free,-661.3980869354889,-624.0854488744678,37.31263806102106,-51.992911855524454,-44.698225181754225,7.294686673770229,,478,472;485;490;496;499;500;502,320;338;346;347;358;366;367;372;374;390;423;443;458,452,446;448;449;451;456;487;489;491;492;495;497,371;405,377;391;420;442;467;473;506;526,484,446;449;450;483;490;493,486;498;501,455;495;499
