pdb,antibody,method,constrained,wt_total,om_total,d_total,wt_interface,om_interface,d_interface,tot_stab_mut_close,tot_stab_mut_distal,tot_stab_other_close,tot_stab_other_distal,tot_destab_mut_close,tot_destab_other_close,tot_destab_mut_distal,tot_destab_other_distal,int_destab_mut,int_destab_other,int_stab_mut,int_stab_other
7B17,1,rpk,cons,-550.5552206418241,-518.3748112935916,32.1804093482325,-47.23961468940563,-48.319375468540585,-1.0797607791349577,,339,,452,371;373;375,372,446,447;455,440,372,375,404
7B17,1,rpk,free,-582.8511518065093,-571.0392681213689,11.811883685140401,-55.31229995224548,-66.53265062703412,-11.220350674788634,,339,502;508,,371;373;501,372;374;376,446,434;447,440,,375,404;407;503;506
7B17,1,af2,cons,-621.9928318934974,-608.2141084016594,13.778723491838036,-37.59820450728252,-39.18314092145339,-1.5849364141708762,,339,369;372,367;406;483;485;518,371,368;374;376;435,501,420;434;455;499;528,371,376,,374;378;408
7B17,1,af2,free,-667.7086831035593,-669.7774142098353,-2.0687311062760045,-63.74289720149148,-59.050812737729146,4.692084463762335,,339,406,367;483;518;527,,374;376,446,365;434;453;526;528,,369;376;437;439;506,373,374;408
