pdb,antibody,method,constrained,wt_total,om_total,d_total,wt_interface,om_interface,d_interface,tot_stab_mut_close,tot_stab_mut_distal,tot_stab_other_close,tot_stab_other_distal,tot_destab_mut_close,tot_destab_other_close,tot_destab_mut_distal,tot_destab_other_distal,int_destab_mut,int_destab_other,int_stab_mut,int_stab_other
7EY5,1,rpk,cons,-418.2865430532354,-398.8509573426987,19.435585710536714,-31.025678684896622,-29.58076103001064,1.444917654885984,,339,,,446;501,447,371;373;375,372,498,,446,
7EY5,1,rpk,free,-489.85687183567524,-479.9221581588286,9.934713676846627,-35.583742699268406,-30.49027504453286,5.093467654735544,,339,,497,446;501,445;447;449,371;375,372;420,,445,,
7EY5,1,af2,cons,-618.6813508104984,-616.3197999464744,2.361550864024025,-32.10789782771013,-23.15498099974089,8.952916827969243,,339;371;484,,367;372;406;483;485;518,501,445;499,375,365;368;420;434;435;455;528,498,445;499,,
7EY5,1,af2,free,-663.58791391666,-663.8034770626264,-0.21556314596637094,-40.42483531362444,-30.100805878524785,10.324029435099657,,339;371,,369;372;393;406;483;485;518,,448,,332;342;365;374;434;435;455;489;517;526,498,445;500,,444
