pdb,antibody,method,constrained,wt_total,om_total,d_total,wt_interface,om_interface,d_interface,tot_stab_mut_close,tot_stab_mut_distal,tot_stab_other_close,tot_stab_other_distal,tot_destab_mut_close,tot_destab_other_close,tot_destab_mut_distal,tot_destab_other_distal,int_destab_mut,int_destab_other,int_stab_mut,int_stab_other
7ND5,1,rpk,cons,-592.7907895031192,-575.881751632362,16.909037870757174,-67.58557156063607,-52.102316736832826,15.483254823803243,,339,,406,417;498;501;505,,371;373,372,408;417;486;498;505,,,
7ND5,1,rpk,free,-618.9813083310837,-611.6422598072777,7.339048523806014,-80.46145333319926,-69.90343791352518,10.558015419674078,,339,403;406,,417;498,,371;452,372,417;486;498;505,403;495,501,453;503
7ND5,1,af2,cons,-617.0133109717997,-524.7107516991841,92.30255927261555,-57.50205040333755,-32.79312641773954,24.708923985598005,,339,458;500;502,347;483;485,405;477;478;498;501;505,454;456;474;475;476;479;480;487;492;493;494;495;497;503;506,,365;442;446;448;451;467;468;469;491,417;505,474;476;489;493;496;502,486,453;455;503
7ND5,1,af2,free,-660.7127735442764,-619.4005234991201,41.31225004515625,-72.97848061976048,-44.122802308905115,28.85567831085536,,339,490;502;503,338;347;358;367;369;390;422;436;443;472;483;485,486;501;505,403;446;448;460;475;487;493;495;497;506,375,326;351;368;395;442;445;451;466;491;492;526,417;486;501;505,420;455;456;460;473;475;487;489;493;495;496;502,405;477;478;498,421;453;503
