pdb,antibody,method,constrained,wt_total,om_total,d_total,wt_interface,om_interface,d_interface,tot_stab_mut_close,tot_stab_mut_distal,tot_stab_other_close,tot_stab_other_distal,tot_destab_mut_close,tot_destab_other_close,tot_destab_mut_distal,tot_destab_other_distal,int_destab_mut,int_destab_other,int_stab_mut,int_stab_other
7KGJ,1,rpk,cons,-548.8776281617315,-513.8643111987676,35.01331696296393,-64.63056856424352,-51.1731667434189,13.457401820824614,,339,,,484;501,,371;373;375,368;372,405;484;505,,,
7KGJ,1,rpk,free,-571.3038136769333,-560.9640950083128,10.339718668620435,-65.73294605439924,-68.21176211360586,-2.478816059206622,,339,,,484;501,446,371;375,,405;484;505,,501,449;471;481
7KGJ,1,af2,cons,-605.1164767707153,-519.0114376200847,86.10503915063055,-47.270463023608364,-23.510328324813088,23.760134698795277,,339,481;482;485;496;502,443;518,405;452;498;501,346;351;403;446;448;449;451;455;456;471;489;491;492;494;495;497;506,371;373,365;372;442;454;457;469;473;479;487;520;522;541,405;452;505,449;470;483;490;494,493,495
7KGJ,1,af2,free,-668.7697821016955,-613.7432304926291,55.02655160906636,-58.183153242510805,-48.04670366906706,10.136449573443748,,339;478,450;483;490;500,320;363;367;390;407;421;466;518;527,405,403;446;449;451;453;455;469;470;491;492;494;495;497;499,,365;368;374;377;381;388;391;420;442;456;457;487;506;509;519;520;528,484;505,449;453;470;490;494,405;501,351;445;492;495;497;499;503
