pdb,antibody,method,constrained,wt_total,om_total,d_total,wt_interface,om_interface,d_interface,tot_stab_mut_close,tot_stab_mut_distal,tot_stab_other_close,tot_stab_other_distal,tot_destab_mut_close,tot_destab_other_close,tot_destab_mut_distal,tot_destab_other_distal,int_destab_mut,int_destab_other,int_stab_mut,int_stab_other
7SO9,3,af2,cons,-824.1304259588018,-801.9744425336728,22.155983425128966,-33.534830167865074,-28.898543308270405,4.636286859594669,,67;95,21;272,18;19;22;29;75;76;77;97;124;138;154;213;nan;215;216;247;260,,23;109;113,142;143;144;145;212,20;146;148;151;152;153;156;187;245;246;249;254;255;256;257;259,,63;111;113,,
7SO9,3,af2,free,-901.9137458040852,-894.4224158475035,7.491329956581694,-42.704479340655126,-35.45893998828357,7.2455393523715586,,67;95;145,81;84;269,18;75;76;77;94;121;124;150;186;213;nan;215;216;222;242;248;258;260,,21;233;272,70;142;143;144;212,17;20;98;119;120;129;146;152;153;170;179;210;221;229;245;249;253;255;262,,28;113;271,,
