pdb,antibody,method,constrained,wt_total,om_total,d_total,wt_interface,om_interface,d_interface,tot_stab_mut_close,tot_stab_mut_distal,tot_stab_other_close,tot_stab_other_distal,tot_destab_mut_close,tot_destab_other_close,tot_destab_mut_distal,tot_destab_other_distal,int_destab_mut,int_destab_other,int_stab_mut,int_stab_other
7NXC,1,rpk,cons,-500.9038201419272,-479.6320431020997,21.271777039827498,-41.597788882848036,-37.14951584007526,4.448273042772776,,339,,,405;484,446;455;490,371;373;375,,486;505,,501,
7NXC,1,rpk,free,-532.8997729378491,-530.3218735300269,2.5778994078222013,-53.21400613550951,-45.655540115967646,7.558466019541861,,339,489;496,370;372;508,405,446;490,371,342,486,446,477;501,
7NXC,1,af2,cons,-622.5591700243988,-511.52676006736056,111.03240995703823,-50.08443551252345,-16.181975992351436,33.902459520172016,,339,485;490;496;500,443;481;483,405;417;477;478;486;498;501;505,446;449;455;456;474;475;476;479;480;487;488;491;492;493;494;495;497;503;506,,365;442;448;451;454;457;465;467;469,417;478;486;505,446;449;456;475;489;493;499;500;502,501,474;503
7NXC,1,af2,free,-660.5467544321284,-618.6894202632293,41.857334168899115,-54.759263530271284,-23.83364922166097,30.925614308610314,,339,473;485;490;500;502;503,338;347;358;367;369;374;390;392;421;436;443;483;527,405;417;486;501,445;446;448;455;474;475;487;491;492;494;495;497;506,375,353;357;368;394;420;425;442;451;460;461;471;479;528,417;486;501;505,446;449;453;455;456;487;489;495;502,478;498,503;506
