pdb,antibody,method,constrained,wt_total,om_total,d_total,wt_interface,om_interface,d_interface,tot_stab_mut_close,tot_stab_mut_distal,tot_stab_other_close,tot_stab_other_distal,tot_destab_mut_close,tot_destab_other_close,tot_destab_mut_distal,tot_destab_other_distal,int_destab_mut,int_destab_other,int_stab_mut,int_stab_other
7LQW,1,af2,cons,-768.4245014986705,-745.1735163638556,23.25098513481487,-19.55978698774974,-12.462814292706977,7.096972695042762,,67;95,19;22;76;77;158;242;246;253,29;64;68;74;97;111;124;154;213;nan;215;216;248;265,142;143;144;145,17;20;141;149;151;153;244;245;249;254;255;256;257;258;259,212,66;146;152;187;191;210;233;272,,16;17;140;254;255;256;258,145,19;246;253;257
7LQW,1,af2,free,-889.9337290903655,-867.0253391433663,22.90838994699925,-16.214163338148524,-40.6644418112018,-24.450278473053274,,67;95,248;253,23;78;80;97;104;111;121;124;141;154;186;213;nan;215;216;222;227;260;272,142;144,20;140;149;153;255;258,70;143;212,22;84;98;117;152;179;221;229;233;244;245;249;251;261;262,,,,16;17;18;147;154;156;158;256;257
