pdb,antibody,method,constrained,wt_total,om_total,d_total,wt_interface,om_interface,d_interface,tot_stab_mut_close,tot_stab_mut_distal,tot_stab_other_close,tot_stab_other_distal,tot_destab_mut_close,tot_destab_other_close,tot_destab_mut_distal,tot_destab_other_distal,int_destab_mut,int_destab_other,int_stab_mut,int_stab_other
7E8F,3,rpk,cons,-470.1459082762824,-443.1620827927959,26.9838254834865,-54.400441447596606,-51.66695766189574,2.7334837857008694,,339,,,501,,371;373;375;446,369;372,417;505,,478,
7E8F,3,rpk,free,-510.7343242509935,-501.32581330002085,9.40851095097264,-65.74342518470856,-57.91037138294095,7.833053801767605,,339,473,372;374;377;450;508,417;446;498,490,371;375,379,417;498;505,489,478;501,500
7E8F,3,af2,cons,-614.0911430286224,-611.0877574893773,3.0033855392450732,-42.66602635263133,-44.868977112118905,-2.202950759487578,,339;371,,367;372;406;483;485;518,498;501,449;486;494,375,365;368;374;434;435;499;528,498,,478;501,408
7E8F,3,af2,free,-662.1190812305498,-660.7334177010601,1.3856635294896478,-67.96669047634884,-52.94242994805306,15.024260528295784,,339;371;484,483,406;472;491;492;518,417;446;496;498;501,405;486;489;497,,374;448;452;471;479;517;528,417;498;505,486;489;502,478,408
