pdb,antibody,method,constrained,wt_total,om_total,d_total,wt_interface,om_interface,d_interface,tot_stab_mut_close,tot_stab_mut_distal,tot_stab_other_close,tot_stab_other_distal,tot_destab_mut_close,tot_destab_other_close,tot_destab_mut_distal,tot_destab_other_distal,int_destab_mut,int_destab_other,int_stab_mut,int_stab_other
6ZHD,1,rpk,cons,-567.2716250130773,-542.4952422289189,24.776382784158386,-42.418735094457574,-34.728478321545865,7.6902567729117095,,339,,377,446;484,447,371;373;375;501,372,484;493,,,
6ZHD,1,rpk,free,-606.7306489323221,-583.642563942851,23.0880849894711,-47.09821365291499,-41.60309971499462,5.495113937920372,,339,,434,446;484,452;472,371;373;498,372,484;493,,,
6ZHD,1,af2,cons,-614.4690710567909,-619.1746353584805,-4.705564301689606,-42.04410036648333,-34.42219319033916,7.62190717614417,,339;371,481;483;485,367;369;372;406;518,446,494,375;501,365;368;374;389;420;434;435,493,483,,
6ZHD,1,af2,free,-662.0674231635098,-663.1130645198934,-1.0456413563836122,-42.269251095536674,-40.361632558425434,1.9076185371112402,,339;371,481;483;485;495,369;406;516;518;528,446,448,501,374;424;497;499,,483,484,
