pdb,antibody,method,constrained,wt_total,om_total,d_total,wt_interface,om_interface,d_interface,tot_stab_mut_close,tot_stab_mut_distal,tot_stab_other_close,tot_stab_other_distal,tot_destab_mut_close,tot_destab_other_close,tot_destab_mut_distal,tot_destab_other_distal,int_destab_mut,int_destab_other,int_stab_mut,int_stab_other
7CZT,2,rpk,cons,-461.1947076085799,-441.5407256678038,19.653981940776077,-47.24273585847059,-38.79257193092077,8.450163927549816,,,,,446;484,,371;373;375,369;372,417;505,,501,
7CZT,2,rpk,free,-542.5275553645597,-526.3728321330761,16.15472323148356,-79.32326923621504,-64.98408364248513,14.339185593729908,,339,491,386,446;484;505,405;487,371;375,370;434;461,417;493;505,405;455;456,498;501,486;495
7CZT,2,af2,cons,-616.7708496705031,-612.2256642219218,4.545185448581378,-45.388380722463346,-42.401608792137615,2.9867719303257303,,339;371,483;485,367;369;372;518,,449;494;497,375,365;368;374;435;528,493;505,494;495,496;501,486
7CZT,2,af2,free,-667.3419286018986,-664.4241076094661,2.917820992432553,-60.50275644304778,-63.475937523487985,-2.973181080440206,,339;371,483,369;376;389;450;451;518;527,417;446;477,492,,374;448;499;526,477,473;487;500,498;501,421;456;486;490
