pdb,antibody,method,constrained,wt_total,om_total,d_total,wt_interface,om_interface,d_interface,tot_stab_mut_close,tot_stab_mut_distal,tot_stab_other_close,tot_stab_other_distal,tot_destab_mut_close,tot_destab_other_close,tot_destab_mut_distal,tot_destab_other_distal,int_destab_mut,int_destab_other,int_stab_mut,int_stab_other
7N62,1,af2,cons,-825.5230479983015,-761.9200288336395,63.60301916466199,-7.769810274455576,-14.870931202790079,-7.1011209283345025,,,144,20;21;41;75;76;78;79;111;228;229,,140;141;156;160;244;245;248;249;250;251;252,19;24;25,183;197;254;255;257;258;259,,144;156;158;251,,249;250;252;253
7N62,1,af2,free,-879.6465381645571,-876.7772164304956,2.8693217340614865,-16.451430658443037,-15.694600442207584,0.7568302162354534,,,146;151;153;154;246;251,18;41;75;79;80;81;96;97;108;110;139;180;186;212;222;237;243;256;291;298,,140;141;145;245;249,19;25;70,23;29;77;182;216;221;244;254;257;259,,144;153;155;156;161,,146;249;250;251;252
