pdb,antibody,method,constrained,wt_total,om_total,d_total,wt_interface,om_interface,d_interface,tot_stab_mut_close,tot_stab_mut_distal,tot_stab_other_close,tot_stab_other_distal,tot_destab_mut_close,tot_destab_other_close,tot_destab_mut_distal,tot_destab_other_distal,int_destab_mut,int_destab_other,int_stab_mut,int_stab_other
7SOB,4,af2,cons,-835.7532814184324,-819.0777642000256,16.675517218406753,-34.88654530070575,-32.30101036084666,2.5855349398590874,,,21;79;272,18;20;41;75;76;97;153;228;229;242,19;24;25;26,23;88,,140;141;146;160;182;197;244;245;248;249;257;258;259,25,88,,
7SOB,4,af2,free,-898.6095953077823,-882.8072267065113,15.802368601271041,-35.308555910669696,-37.70881050195033,-2.4002545912806355,,142,272,20;38;75;97;147;168;180;212;222;228;242;246;253,25;26,23;54;78,19,27;29;64;140;179;210;244;245;247;249;250;254;259,,63,,83
