pdb,antibody,method,constrained,wt_total,om_total,d_total,wt_interface,om_interface,d_interface,tot_stab_mut_close,tot_stab_mut_distal,tot_stab_other_close,tot_stab_other_distal,tot_destab_mut_close,tot_destab_other_close,tot_destab_mut_distal,tot_destab_other_distal,int_destab_mut,int_destab_other,int_stab_mut,int_stab_other
7E8M,1,rpk,cons,-528.2191666808753,-506.9391042391697,21.28006244170564,-58.139026428494084,-54.900524575701496,3.238501852792588,,339,,406,493,447,371;373;375;446,,493,,501,
7E8M,1,rpk,free,-547.7577840260894,-536.2593422347375,11.49844179135198,-67.61209832507741,-58.45006890459035,9.162029420487059,,339,406,367,498,,371;375;446,338;368,493;505,455;457,496;498;501,460
7E8M,1,af2,cons,-616.811338201547,-620.6612588531581,-3.8499206516111144,-44.31601749427976,-43.78405099935475,0.5319664949250154,,339;371,403;406,367;369;372;451;483;485;518,,,375;446,365;368;374;434;435,493;505,486,496;501,403
7E8M,1,af2,free,-652.8035207584544,-667.3574048476318,-14.553884089177359,-63.10126255078162,-65.18688220189438,-2.085619651112758,,339;371,403;406;409;418;483;491,369;390;450;451;480;485;488;518,446,449;489,,332;356;374;435;448;452,493,489,501,403;504
