pdb,antibody,method,constrained,wt_total,om_total,d_total,wt_interface,om_interface,d_interface,tot_stab_mut_close,tot_stab_mut_distal,tot_stab_other_close,tot_stab_other_distal,tot_destab_mut_close,tot_destab_other_close,tot_destab_mut_distal,tot_destab_other_distal,int_destab_mut,int_destab_other,int_stab_mut,int_stab_other
7SO9,4,rpk,cons,-604.9322194731938,-580.7924267132939,24.13979275989982,-39.22058050733512,-31.433953032393678,7.786627474941444,,339,,,446;484;501,,371;373;375,372;374,484;493,,,
7SO9,4,rpk,free,-630.9480540393841,-614.3791772586396,16.568876780744517,-45.23281276070161,-43.076748120829606,2.1560646398720067,,339,453,406;451;502;508,446;484;501,449,371;373;375,372;506,484,,496,452;494
7SO9,4,af2,cons,-614.3311204784859,-616.4175286993819,-2.0864082208960326,-31.90120385046391,-31.288324705346753,0.6128791451171587,,339;371,483;485,367;369;372;406;481;518,496;501,455,375,365;368;374;420;434;435;497;528,,483,,
7SO9,4,af2,free,-655.6695612883386,-661.6910978071704,-6.021536518831795,-40.362402521110766,-39.13126022396458,1.2311422971461852,,339;371,485;486;488,369;372;406;480;518,446;501,448;455;495,,374;430;435,484,483,,486
