pdb,antibody,method,constrained,wt_total,om_total,d_total,wt_interface,om_interface,d_interface,tot_stab_mut_close,tot_stab_mut_distal,tot_stab_other_close,tot_stab_other_distal,tot_destab_mut_close,tot_destab_other_close,tot_destab_mut_distal,tot_destab_other_distal,int_destab_mut,int_destab_other,int_stab_mut,int_stab_other
7V2A,3,rpk,cons,-171.4843482376815,-152.6568604261755,18.82748781150599,-41.15857865723832,-43.39769041583389,-2.2391117585955698,,,,,373;440,367;374,375,372,440,,339;371,
7V2A,3,rpk,free,-241.2927541183575,-233.86542883642736,7.427325281930138,-49.157182484264396,-37.8311564300478,11.326026054216598,,,368,407;418,373,367;372;374;399;443,,329,373,342;346;436,,
7V2A,3,af2,cons,-611.7991611590664,-606.141479795345,5.6576813637213945,-40.491945346940454,-44.58748026423902,-4.095534917298565,,,372,369;406;483;485;518,375;440;446,368;374;434,496;501,365;420;435;455;528,440,374,339;371;373,
7V2A,3,af2,free,-662.1952295779074,-665.8793004440746,-3.6840708661671897,-57.58279075265411,-55.10095860363971,2.4818321490144015,,,368;437;450,369;370;425;483;485;518;527,373;440;446,342;374;442,,435;452;519;528,373,342;343;345;374;443,339;371,437;441;444
