pdb,antibody,method,constrained,wt_total,om_total,d_total,wt_interface,om_interface,d_interface,tot_stab_mut_close,tot_stab_mut_distal,tot_stab_other_close,tot_stab_other_distal,tot_destab_mut_close,tot_destab_other_close,tot_destab_mut_distal,tot_destab_other_distal,int_destab_mut,int_destab_other,int_stab_mut,int_stab_other
7CZX,3,rpk,cons,-375.4242345198147,-354.04556777799723,21.378666741817483,-52.088901659139566,-50.19560028146629,1.893301377673275,,339,,,446;484;493,,371;373;375,369;372,484,,496,489
7CZX,3,rpk,free,-502.37709507254306,-498.1171563635985,4.25993870894456,-64.18078160321886,-54.57259834804052,9.60818325517834,,339,,362;374;406;476;482,446;484;498,445;492,371;375,,484,445;448,,450
7CZX,3,af2,cons,-614.5799670471711,-615.9229053493941,-1.3429383022230468,-32.263465916521106,-38.10979967463475,-5.846333758113644,,339;371,481;483;485;486,367;369;372;406;518,496,452,375;501,365;368;374;434;435;528,484,,446,486
7CZX,3,af2,free,-661.3980869354889,-667.2541006971558,-5.856013761666873,-51.992911855524454,-58.946065823583446,-6.9531539680589916,,339;371,451;483;485;486,369;380;382;406;425;516;518;527,493;496;501,492,,353;374;381;497;528,493;498,450;483,446,486
