pdb,antibody,method,constrained,wt_total,om_total,d_total,wt_interface,om_interface,d_interface,tot_stab_mut_close,tot_stab_mut_distal,tot_stab_other_close,tot_stab_other_distal,tot_destab_mut_close,tot_destab_other_close,tot_destab_mut_distal,tot_destab_other_distal,int_destab_mut,int_destab_other,int_stab_mut,int_stab_other
6WPS,1,rpk,cons,-505.385169832432,-486.4403139416245,18.944855890807503,-44.630651326754396,-44.312546307333385,0.31810501942101155,,505,,,,,371;373;375;405;501,372,,,,
6WPS,1,rpk,free,-520.1381891465488,-507.8610312227935,12.27715792375534,-45.840554484964045,-46.79697432116987,-0.9564198362058249,,408,,368;370;434,,,371;373;375;405;501,372;424,,,,
6WPS,1,af2,cons,-613.0352502316032,-534.7044571373143,78.33079309428888,-43.81368523166643,-41.882182610915656,1.931502620750777,,,340;441;443,483;490;502;508;518,371,444;446,373;405;493;501,351;365;372;448;449;451;453;454;455;456;457;461;471;473;475;479;487;491;492;494;495;497;506;520;522;541,,345,,446
6WPS,1,af2,free,-669.3567557619824,-632.9777917352728,36.37896402670958,-50.154158657232536,-55.51199514724502,-5.357836490012481,,478,338,320;366;367;380;390;399;401;443;466;473;474;483;490;499;500;502;518,,445;446;447;451,371;405;493;501,365;374;381;391;453;454;455;456;469;479;480;487;491;492;494;495;497;503;506;517;519;520,,345,,444;446
