pdb,antibody,method,constrained,wt_total,om_total,d_total,wt_interface,om_interface,d_interface,tot_stab_mut_close,tot_stab_mut_distal,tot_stab_other_close,tot_stab_other_distal,tot_destab_mut_close,tot_destab_other_close,tot_destab_mut_distal,tot_destab_other_distal,int_destab_mut,int_destab_other,int_stab_mut,int_stab_other
7E8C,9,af2,cons,-822.8234006612686,-764.3346034327888,58.488797228479825,-20.514068577595694,-13.356647679328864,7.15742089826683,,67;95,19;155,18;22;75;76;77;79;97;111;124;138;213;nan;215;216;260,142;143;144;145,17;140;147;149;150;151;152;153;154;156;157;246;249;255;256;257,212,20;23;102;179;191;210;233;245,144,146;148;154;157,,147;149;156;249;254
7E8C,9,af2,free,-890.005311140761,-901.9862960165835,-11.980984875822514,-26.215234938132888,-23.75199172346529,2.463243214667596,,67;95,19;147;154;155;158;248,18;68;76;77;94;97;111;182;186;213;nan;215;216;222;242;260;272,142;143;144,17;152;153;249,70;212,20;21;29;179;181;210;245;257;262;289,144,147;155,,15;154;158
