pdb,antibody,method,constrained,wt_total,om_total,d_total,wt_interface,om_interface,d_interface,tot_stab_mut_close,tot_stab_mut_distal,tot_stab_other_close,tot_stab_other_distal,tot_destab_mut_close,tot_destab_other_close,tot_destab_mut_distal,tot_destab_other_distal,int_destab_mut,int_destab_other,int_stab_mut,int_stab_other
7LOP,4,rpk,cons,-558.8919556772263,-539.5451611945059,19.346794482720384,-52.42798838604532,-44.80200030528663,7.625988080758688,,339,,,501,,371;373;405,372,484;493;498,,,
7LOP,4,rpk,free,-569.1401813572115,-559.3425232231152,9.79765813409631,-60.527691432919895,-64.0302715385569,-3.5025801056370085,,339,,434;508,452;501,450,371;373;405,356;372;377,484,470,501,447;483
7LOP,4,af2,cons,-493.0704152401215,-513.8128035702101,-20.742388330088602,-20.522336541242847,-12.987988476410509,7.534348064832338,,339;478,482;483;485;490;502,322;326;363;366;367;383;390;406;500;516;518;523;526;527;539,493,446;448;449;454;455;456;469;475;487;492;494;495;497,371;373;405,365;370;473;474;506;520,493,449;470;486;489;492;494,501,495;497
7LOP,4,af2,free,-658.4108002960638,-626.1643582822026,32.24644201386127,-53.03383898836312,-50.512289473352816,2.5215495150103067,,339;478,450;481;500;502,320;354;356;367;407;418;436;437;518,452;493,446;447;449;455;456;471;488;491;492;495;497,405,365;368;391;403;442;465;506;519;520;526,452;484;493,351;446;449;455;456;483;490;492,498;501,445;486;494;495
