pdb,antibody,method,constrained,wt_total,om_total,d_total,wt_interface,om_interface,d_interface,tot_stab_mut_close,tot_stab_mut_distal,tot_stab_other_close,tot_stab_other_distal,tot_destab_mut_close,tot_destab_other_close,tot_destab_mut_distal,tot_destab_other_distal,int_destab_mut,int_destab_other,int_stab_mut,int_stab_other
7CHH,2,rpk,cons,-213.69469656855597,-208.06785498745825,5.626841581097722,-6.395087563034242,-6.401915911924167,-0.006828348889925451,,339;408,,,,,371;375;376,372,,,,
7CHH,2,rpk,free,-270.4311008412133,-267.0698662515813,3.3612345896320335,-10.149243217887507,-13.385335066987306,-3.2360918490997985,,339,346;450,343;360;363;393;395,,445,371;373;405,358;372;374,,445,,346;450
7CHH,2,af2,cons,-611.2352117713463,-532.8091812058261,78.42603056552014,-17.63275219789444,-7.311391305796965,10.321360892097475,,339,483;485;502,347;443;500,452,446;448;449;479;492;493;494;495;497,405;477,365;387;389;442;451;453;455;456;457;467;469;474;475;480;487;488;489;491;506;538,484,449;450;490,,445;493
7CHH,2,af2,free,-654.0099339087253,-610.4441123832099,43.56582152551539,-34.84068233597165,-48.60009819441425,-13.759415858442601,,339,445;450;485;489;499;500;502,367;369;372;390;421;443;508,486,446;449;451;480;482;487;491;492;495;497,405,391;425;435;438;442;453;454;455;457;506,,449;470;471;472;481;482;483;490,452;486;501,445;493;494;495;499
