pdb,antibody,method,constrained,wt_total,om_total,d_total,wt_interface,om_interface,d_interface,tot_stab_mut_close,tot_stab_mut_distal,tot_stab_other_close,tot_stab_other_distal,tot_destab_mut_close,tot_destab_other_close,tot_destab_mut_distal,tot_destab_other_distal,int_destab_mut,int_destab_other,int_stab_mut,int_stab_other
7SO9,5,af2,cons,-826.5894949113971,-807.2347615846979,19.354733326699147,-36.18721552651043,-39.40915113945315,-3.2219356129427226,,,85;108;237;269;272,97;150;153;228;229,19;24;25;26,,,18;140;244;245;249;250;251;256;257;258;259,25,,,23
7SO9,5,af2,free,-894.5415969479508,-890.8652485629465,3.676348385004303,-37.02064423452569,-41.771333849026405,-4.750689614500715,,142,85;269;272,15;94;96;97;138;180;215;228;243;247;248;255,19;25;26,22;78;80;113,,17;18;70;141;157;191;245;249;250;259;301,,113;270,,23;88
