pdb,antibody,method,constrained,wt_total,om_total,d_total,wt_interface,om_interface,d_interface,tot_stab_mut_close,tot_stab_mut_distal,tot_stab_other_close,tot_stab_other_distal,tot_destab_mut_close,tot_destab_other_close,tot_destab_mut_distal,tot_destab_other_distal,int_destab_mut,int_destab_other,int_stab_mut,int_stab_other
7KKK,2,rpk,cons,-711.615249968286,-687.8935577798054,23.721692188480574,-47.21081731601638,-39.705312361933565,7.5055049540828165,,339,,,,,371;373;375;405,,486;498;505,,501,449;490
7KKK,2,rpk,free,-726.5603267711911,-718.6020199972089,7.9583067739821445,-51.830974292675016,-42.71808931312123,9.112884979553783,,339,,374,,,371;375;405,,486;498;505,489,501,490
7KKK,2,af2,cons,-613.1375545618665,-516.4504540781238,96.68710048374271,-35.628509735603146,-9.436569911261353,26.191939824341794,,339,483;496;500;502,481;485,452;498;501;505,447;448;449;450;453;456;475;489;491;492;493;494;495;497;506,405;477,365;442;451;454;457;465;467;469;474;479;487;488,498;501;505,449;483;489;490;493,,495;500;503
7KKK,2,af2,free,-655.3824345313192,-621.7181805047692,33.66425402655,-58.74750369361547,-46.50272840307269,12.244775290542783,,339,455;485;499;500;502,358;367;369;372;390;407;436;481;527,405;501;505,403;446;448;449;473;488;489;491;492;495;497;506,,357;368;377;394;442;451;465;467;480;528,484;498;505,403;449;483;489;490;493,478;486,455;456;487;495;503
