pdb,antibody,method,constrained,wt_total,om_total,d_total,wt_interface,om_interface,d_interface,tot_stab_mut_close,tot_stab_mut_distal,tot_stab_other_close,tot_stab_other_distal,tot_destab_mut_close,tot_destab_other_close,tot_destab_mut_distal,tot_destab_other_distal,int_destab_mut,int_destab_other,int_stab_mut,int_stab_other
7M6H,2,rpk,cons,-373.4313731029721,-331.4318141085079,41.99955899446417,-48.01935547949243,-48.947890164631836,-0.9285346851394038,,339,453,367,375;452;493;501;484,453;502;508,371;373,372,417,,,489
7M6H,2,rpk,free,-782.5267951828312,-795.4614964077364,-12.934701224905211,-78.92424434879945,-74.79656154994073,4.127682798858714,,339;405,378;379;449;475;508;406;445;447;453;456;495;496,372;442;338;347;387;392;396;402;410;421;425;432;461;464;467;497;510;513,376;452;484;493,377;445;383;385;386;412;490;504,371;373,491;320;372;400;423;431;436,452;376,444;490;369;377;378;383;384;385;414,484;498;375,453;503;508
7M6H,2,af2,cons,-1188.993233834281,-1004.8366739410038,184.15655989327718,-38.165079841475404,-27.699669203758177,10.465410637717227,,339,449;481;483;490;496;500;502;437,443;518,373;405;452;493;498;501;375,372;446;448;453;456;473;474;475;487;488;489;491;492;494;495;497;499;449,371,351;365;451;454;457;459;461;467;469;471;479;506;520;522;541;346;370,452;484,449;483;490;494,501;375,486;495
7M6H,2,af2,free,-1310.2890195836112,-1235.3370472334138,74.95197235019737,-90.13676501481379,-53.74246151640516,36.39430349840863,,339,407;421;427;483;490;499;500;502;455,320;338;367;390;436;437;474;518;332;354;363;401;443;458;533;541,405;452;493;498,374;377;446;448;453;455;486;489;491;492;495;497;415;445;480,,391;418;442;451;454;457;506;519;520;327;329;336;362;368;526;528,452;484;493;498;405,449;453;486;489;490;492;379;380;409;413;415;421;427,501;375;408,445;450;487;495;499;378
