pdb,antibody,method,constrained,wt_total,om_total,d_total,wt_interface,om_interface,d_interface,tot_stab_mut_close,tot_stab_mut_distal,tot_stab_other_close,tot_stab_other_distal,tot_destab_mut_close,tot_destab_other_close,tot_destab_mut_distal,tot_destab_other_distal,int_destab_mut,int_destab_other,int_stab_mut,int_stab_other
7D0B,1,rpk,cons,-466.2529356039187,-440.10101116907174,26.151924434846933,-21.085266431579463,-12.811024486455073,8.27424194512439,,339,,,417;484;493,,371;373;375,372,417;484,,,
7D0B,1,rpk,free,-532.6180516929745,-524.5408978194108,8.077153873563702,-33.52973791464784,-31.90444415301001,1.6252937616378276,,339;408,455;475;485;486;488,351;386,484;493,489;490,371;375;501,370;446,417;484;493,,,475;486;487
7D0B,1,af2,cons,-604.9950713227756,-520.9775760586813,84.01749526409435,-12.719554646620749,-12.123512765231064,0.5960418813896844,,339,483;485;486;490;502,383;443;496;508;518,405;417;493;501,456;473;475;487;494;495,371;373,346;351;365;372;387;446;449;451;453;454;457;459;461;465;467;469;474;479;491;492;497;506;520;522;541,417,483;489,,486;495
7D0B,1,af2,free,-649.2935558343322,-622.3098683983465,26.983687435985757,-40.04060949684469,-50.02382774205099,-9.983218245206302,,339,421;485;486;490;500;502,320;326;338;367;390;466;518,452;493,403;454;455;457;488;491;492;495;497,371;405,365;374;377;391;420;445;446;447;448;451;469;506;519;520;540,484;493,473;483;489;490,498,421;455;485;486;487;494;495
