pdb,antibody,method,constrained,wt_total,om_total,d_total,wt_interface,om_interface,d_interface,tot_stab_mut_close,tot_stab_mut_distal,tot_stab_other_close,tot_stab_other_distal,tot_destab_mut_close,tot_destab_other_close,tot_destab_mut_distal,tot_destab_other_distal,int_destab_mut,int_destab_other,int_stab_mut,int_stab_other
7EJ4,2,rpk,cons,-374.53441171283225,-362.01017228324116,12.524239429591091,-36.176764617151385,-32.950803360950914,3.2259612562004705,,339,403,,405;501,494;496,371;375;376,372,505,494,498,
7EJ4,2,rpk,free,-478.3480563891954,-470.08529402341946,8.262762365775927,-47.735051176155785,-42.51211707378458,5.222934102371205,,339;373,,330;332;340;368;369;377;435;437;471;508;525,417;493;501,449,371;375;452,333;372;415;434;492,408;505,403;449,,489
7EJ4,2,af2,cons,-604.8887759804516,-509.0841902454757,95.80458573497583,-25.367758712276718,-23.961004541612617,1.406754170664101,,339,483;490;499;502;503,518,405;498;501;505,446;449;455;456;475;487;489;494;495;497;506,371;373,346;351;365;372;448;451;454;457;458;459;461;467;469;473;474;479;491;492;520;522;541,498;505,449;495;500,501,486;499;502;503
7EJ4,2,af2,free,-655.5560024353126,-615.8185852858746,39.73741714943799,-36.96089951576215,-32.954186109412476,4.006713406349675,,339;478,450;483;486;490,320;340;367;369;390;407;418;436;437;466;474;518;527,405;493;501;505,445;446;447;449;455;494;495;506,,336;337;374;377;391;442;448;451;454;457;459;471;479;491;492;497;519;520;528,405;498;505,449;489;500,501,403;486;487;499;503
