pdb,antibody,method,constrained,wt_total,om_total,d_total,wt_interface,om_interface,d_interface,tot_stab_mut_close,tot_stab_mut_distal,tot_stab_other_close,tot_stab_other_distal,tot_destab_mut_close,tot_destab_other_close,tot_destab_mut_distal,tot_destab_other_distal,int_destab_mut,int_destab_other,int_stab_mut,int_stab_other
7M8J,1,af2,cons,-818.4789777435855,-795.5398748834089,22.939102860176604,-6.357083400926463,-6.85505099395575,-0.49796759302928706,,67;95,147,18;19;21;22;29;75;76;77;79;97;111;124;138;154;213;nan;215;216;247;260,142;143;144,146;149;151;246,212,17;20;23;141;152;153;179;187;210;245;249;254;255;256;257;259,,246,,147;150;154
7M8J,1,af2,free,-899.8645899732121,-883.3312224179951,16.533367555216955,-4.952009406363889,-11.014839803110704,-6.062830396746815,,67;95,147,18;44;75;76;77;81;84;94;104;111;121;124;150;182;184;186;190;213;nan;215;216;222;242;248,142;143;144,146;149;246,69;70;212,17;20;23;71;80;99;100;113;119;141;152;153;170;180;183;187;221;233;238;245;249;253;255;257;259;262;272,,246,,147;150;154
