pdb,antibody,method,constrained,wt_total,om_total,d_total,wt_interface,om_interface,d_interface,tot_stab_mut_close,tot_stab_mut_distal,tot_stab_other_close,tot_stab_other_distal,tot_destab_mut_close,tot_destab_other_close,tot_destab_mut_distal,tot_destab_other_distal,int_destab_mut,int_destab_other,int_stab_mut,int_stab_other
7M6D,1,rpk,cons,-514.2435752976605,-500.7225040478406,13.521071249819954,-44.56925687377915,-44.53329150750593,0.03596536627322422,,339;446;496,,,371;375,372,373;501,,,,,
7M6D,1,rpk,free,-550.2385805532288,-546.291316276451,3.947264276777787,-53.86776043639283,-54.72752179079194,-0.8597613543991116,,339;446,,502,371;375,372,373,,,,,
7M6D,1,af2,cons,-603.8290616315317,-600.7051539890747,3.1239076424569703,-44.64198019333273,-45.116319211865274,-0.4743390185325467,,339,372;516;517,367;393;406;483;485,,374;434,446;496;501,365;435;436;452,,377;385,373,372;408;517
7M6D,1,af2,free,-667.2955330595189,-665.4540109687348,1.8415220907841103,-72.06633914234146,-55.95988634398003,16.10645279836143,,339,321;372;386;518,393;406;451;483;527,,374;381;434;435;528,446,332;356;366;405;444;448;455,,370;374;377;378;381;385;386,373,372;408
