pdb,antibody,method,constrained,wt_total,om_total,d_total,wt_interface,om_interface,d_interface,tot_stab_mut_close,tot_stab_mut_distal,tot_stab_other_close,tot_stab_other_distal,tot_destab_mut_close,tot_destab_other_close,tot_destab_mut_distal,tot_destab_other_distal,int_destab_mut,int_destab_other,int_stab_mut,int_stab_other
7LXY,2,af2,cons,-807.8395480042223,-787.2355757987127,20.603972205509535,-31.712934952333867,-30.263534967094806,1.4493999852390616,,,144;153;246;248,97;111;180;215;228;229,19;142,16;18;77;140;141;156;244;249;250;251;257;258;259,24;25;26,23;80,19;142,16;18;156,,144;248;258
7LXY,2,af2,free,-890.3509451053928,-878.1150928421574,12.235852263235415,-50.27406832187829,-45.381375799084694,4.892692522793595,,27,141;144;153;158;242;248,41;66;97;128;138;151;180;222;228,19,17;140;156;245;249;250,25;26,23;55;64;68;70;78;100;120;159;257;260;261,19,15;17;140;156;258,,16;155;246;248;254;255
