pdb,antibody,method,constrained,wt_total,om_total,d_total,wt_interface,om_interface,d_interface,tot_stab_mut_close,tot_stab_mut_distal,tot_stab_other_close,tot_stab_other_distal,tot_destab_mut_close,tot_destab_other_close,tot_destab_mut_distal,tot_destab_other_distal,int_destab_mut,int_destab_other,int_stab_mut,int_stab_other
7LAB,1,af2,cons,-799.1798063419509,-806.9240302775165,-7.744223935565628,-33.12155377863847,-28.06718045361039,5.054373325028081,,,66;76;78;97;210;212;214;217;218,20;21;41;79;80;111;153;228;229;253,24;25;26,71;74;185;249;255;257;258;259,19,140;141;160;197;244;245,,66,,68;184
7LAB,1,af2,free,-897.6870439903244,-877.4668856291091,20.220158361215226,-67.61728214535336,-50.61006439676059,17.007217748592765,,142,76;180;184;214;217,20;41;95;147;153;154;157;170;189;222;227;228;237;272,24;25;70,71;179;181;218;249;262,19,91;98;140;143;146;221;245;247;257;266,24;70,68;78;97;183;218,,184;185;211
