pdb,antibody,method,constrained,wt_total,om_total,d_total,wt_interface,om_interface,d_interface,tot_stab_mut_close,tot_stab_mut_distal,tot_stab_other_close,tot_stab_other_distal,tot_destab_mut_close,tot_destab_other_close,tot_destab_mut_distal,tot_destab_other_distal,int_destab_mut,int_destab_other,int_stab_mut,int_stab_other
7K8S,1,rpk,cons,-327.7433701232576,-298.56580996653383,29.177560156723757,-28.726184796221865,-26.030695442518773,2.695489353703092,,339;408,453,,452;484;493;498;501,,371;373;375,372,484,,493,
7K8S,1,rpk,free,-448.78602001657333,-436.7688131643058,12.01720685226752,-55.218997689635984,-64.57723807785422,-9.358240388218235,,339;408,488,,417,492,371;375,345;369;372;441;508,417,456;485,493;501,453;492
7K8S,1,af2,cons,-616.1903919174058,-518.3625425879347,97.82784932947106,-31.74149999080202,-17.09504880626164,14.646451184540378,,339,483;485;490;500;502,518,493;498;501,351;446;448;449;451;453;455;456;471;486;487;491;492;494;495;497,371;373;405,346;365;372;454;457;469;473;475;479;506;520;522;538;541,452;484,470;486;490;492,498;501,495
7K8S,1,af2,free,-663.6400921405559,-625.7103040117354,37.92978812882052,-51.89356818364521,-58.8032392470279,-6.909671063382696,,339,450;483;500;502,338;354;358;367;390;436;466;518;527,452;484,446;448;449;451;455;456;472;487;491;492;495;497,375;405,368;374;377;391;430;454;457;469;506;519;520;528;540,452;484,446;449;456;470;481;489;490;492,493;498;501,403;445;450;483;486;494;495;503
