pdb,antibody,method,constrained,wt_total,om_total,d_total,wt_interface,om_interface,d_interface,tot_stab_mut_close,tot_stab_mut_distal,tot_stab_other_close,tot_stab_other_distal,tot_destab_mut_close,tot_destab_other_close,tot_destab_mut_distal,tot_destab_other_distal,int_destab_mut,int_destab_other,int_stab_mut,int_stab_other
7LDJ,3,rpk,cons,-527.9371441056917,-505.24920686663063,22.687937239061057,-71.38523601827599,-66.2390039013394,5.146232116936588,,339;408,,,501,446,371;373;375;405,372,417;486,,478,
7LDJ,3,rpk,free,-566.0858047972143,-546.5437694187742,19.54203537844012,-88.53278543918597,-69.49314469869047,19.0396407404955,,339;408,488,368;508,486;498,445;446,371;373;405,372;374,417;484;486;505,445;490,,
7LDJ,3,af2,cons,-624.7381801059757,-516.5877978891664,108.15038221680936,-63.14621113178753,-22.09576848212819,41.050442649659345,,339,449;485;496;502,481,452;501;505,403;446;450;455;456;475;487;488;490;491;492;493;494;495;499;500;503;504,405;477,346;365;442;451;454;457;465;467;469;474;479;480;506;538,417;486,403;446;449;483;489;490;493;494;499;500,,495;497
7LDJ,3,af2,free,-670.7553931795977,-615.4920566903878,55.263336489209905,-72.89560079946926,-55.8500313059815,17.04556949348776,,339,481;485;502,320;338;369;372;390;407;436,417,403;446;448;449;455;474;487;489;490;491;492;494;495;497,405,386;391;442;451;457;469;479;506,417,403;446;449;455;483;489;490;492;493;500,486;498;501,475;476;481;487;495;503
