pdb,antibody,method,constrained,wt_total,om_total,d_total,wt_interface,om_interface,d_interface,tot_stab_mut_close,tot_stab_mut_distal,tot_stab_other_close,tot_stab_other_distal,tot_destab_mut_close,tot_destab_other_close,tot_destab_mut_distal,tot_destab_other_distal,int_destab_mut,int_destab_other,int_stab_mut,int_stab_other
7KMK,1,rpk,cons,-649.0598786741357,-633.2398502187052,15.820028455430474,-58.42036132537889,-46.52201271649838,11.89834860888051,,339,,,484;493,,371;373;375;446;501,447,417;484;505,421,,
7KMK,1,rpk,free,-668.043940145297,-663.1926394602409,4.851300685056117,-58.18999064194246,-54.76383568089065,3.4261549610518074,,339;496,456,347;491,501,,371;375;446,377;447,417;484,,,489
7KMK,1,af2,cons,-610.4918909844264,-620.0034415224711,-9.51155053804473,-40.21706737832228,-44.292412888400825,-4.075345510078549,,339;371,403;406;483;485;486,367;369;372;518,,420,375;446;496;501,365;368;374;389;434;435;499,417;505,483,,403;485;486
7KMK,1,af2,free,-657.81784466213,-667.1254729961586,-9.30762833402855,-39.84367142477626,-48.257549776913066,-8.413878352136805,,339;371,403;406;483;485;489;490,369;451;480;481;518;527,417;501,,446,374;435;448;526,417,483,493,403;455;489;490
