pdb,antibody,method,constrained,wt_total,om_total,d_total,wt_interface,om_interface,d_interface,tot_stab_mut_close,tot_stab_mut_distal,tot_stab_other_close,tot_stab_other_distal,tot_destab_mut_close,tot_destab_other_close,tot_destab_mut_distal,tot_destab_other_distal,int_destab_mut,int_destab_other,int_stab_mut,int_stab_other
6XC4,1,rpk,cons,-548.278092600161,-539.8871497689248,8.390942831236202,-40.92907469715132,-37.90271472739575,3.0263599697555748,,339,,,,,371;373;375,372,,403,,
6XC4,1,rpk,free,-580.0431111455061,-565.6131584490569,14.429952696449277,-51.36915614003929,-46.276401196889836,5.092754943149451,,339,,365;380;384;388;406,477,403,371;375;484,363;382;383;515,417,403;421;460,501;505,502
6XC4,1,af2,cons,-598.4461526948508,-471.6753437675296,126.77080892732113,-27.39351737324303,4.247620288204041,31.64113766144707,,339,481;489;490;496;500;502,482;483;518,405;477;478;501,453;454;456;457;473;475;476;479;480;487;488;494;495,371;373;452,346;351;365;372;446;449;451;465;467;469;491;492;497;506;520;522;541,477;478;505,456;473;475;489,498,486;503
6XC4,1,af2,free,-656.5356480714045,-608.8554995315243,47.68014853988018,-60.739673035734874,-23.44498032729328,37.294692708441595,,339,458;474;490;500;502,320;338;356;367;390;443;518,405;493;501,420;424;447;453;455;456;457;475;486;487;495,371;452,351;365;377;391;442;445;446;448;451;465;492;497;506;519;520,417;484;493;505,403;420;455;456;457;460;473;475;486;489,477,503
