pdb,antibody,method,constrained,wt_total,om_total,d_total,wt_interface,om_interface,d_interface,tot_stab_mut_close,tot_stab_mut_distal,tot_stab_other_close,tot_stab_other_distal,tot_destab_mut_close,tot_destab_other_close,tot_destab_mut_distal,tot_destab_other_distal,int_destab_mut,int_destab_other,int_stab_mut,int_stab_other
7VND,2,rpk,cons,-268.0435879997933,-271.75426247676046,-3.7106744769671423,-21.5837396415446,-25.001399477281964,-3.417659835737364,,339;373;376;408,,378;453,,,371,446;504,,,452,
7VND,2,rpk,free,-456.0023454529571,-446.96561759342114,9.036727859535972,-44.02629491823702,-43.418284975583624,0.6080099426533963,,373,490,326;406;409;456;474;502;507;508,452,347;348;349;353;472,371;478;501,323;355;374;489;539,,346,,468
7VND,2,af2,cons,-610.9504499890298,-543.6966728813373,67.25377710769249,-27.00345518686774,-28.290839766150917,-1.2873845792831773,,339,481;483,443;485;502,452;501,446;448;453;469;491;492;494;495;497,405;477,365;387;389;442;451;454;457;467;474;475;479;487;489;506,,346;450;470,,351;354;492;493;497
7VND,2,af2,free,-663.4671153686386,-612.081272024461,51.3858433441776,-64.02420543045986,-52.56221036136165,11.461995069098208,,339;478,472;483;490;499,338;367;369;372;382;390;421;436;443;500;502;508,452;501,356;446;447;451;469;470;491;492;494;497,405,326;377;391;407;435;438;442;453;467;487;488;495;506;507,452;484,449;450;470;490;494,,351;445;492
