pdb,antibody,method,constrained,wt_total,om_total,d_total,wt_interface,om_interface,d_interface,tot_stab_mut_close,tot_stab_mut_distal,tot_stab_other_close,tot_stab_other_distal,tot_destab_mut_close,tot_destab_other_close,tot_destab_mut_distal,tot_destab_other_distal,int_destab_mut,int_destab_other,int_stab_mut,int_stab_other
7MZK,3,rpk,cons,-563.6105672811996,-543.0232240444694,20.587343236730135,-59.94041538234111,-61.503616422484185,-1.5632010401430776,,339,,,417;477;484,490,371;375;446;501,372,417;505,,477;493,403
7MZK,3,rpk,free,-574.7119612868405,-554.5394340384993,20.172527248341225,-57.61761228399967,-64.80019564519417,-7.182583361194496,,339,489,388;436,417;477;484,,373;446,372;374;449;472,505,,477;493,403;405;458;476
7MZK,3,af2,cons,-617.6599698956577,-616.7815779756515,0.8783919200061518,-43.3604395631187,-44.739555878151734,-1.3791163150330306,,339;371,403;485,367;369;372;481;483;518,417,420,375;446;496;501,365;368;374;434;435;499;528,,,477,403
7MZK,3,af2,free,-663.1874321138741,-660.0847795432578,3.1026525706163284,-66.23055502595777,-55.39858808718289,10.831966938774883,,339;371,406;421;483;485;502,358;369;372;516;518;527,477;484;493,479,446,374;430;435;448;506;519;528,417;484;505,485,,403
