pdb,antibody,method,constrained,wt_total,om_total,d_total,wt_interface,om_interface,d_interface,tot_stab_mut_close,tot_stab_mut_distal,tot_stab_other_close,tot_stab_other_distal,tot_destab_mut_close,tot_destab_other_close,tot_destab_mut_distal,tot_destab_other_distal,int_destab_mut,int_destab_other,int_stab_mut,int_stab_other
6ZER,1,rpk,cons,-521.8058702183587,-510.001345681122,11.80452453723666,-57.11441734447173,-56.88289220480688,0.23152513966485344,,339,,340,,372;374,371;452;484;501,,,,,
6ZER,1,rpk,free,-555.2500138902506,-543.5733304453597,11.676683444890841,-61.811544452701746,-61.07597783459849,0.7355666181032561,,339;408,,451;508,,372;374;434,405,436,,,,
6ZER,1,af2,cons,-610.1985892689004,-540.0461884583204,70.15240081057993,-49.321486210409894,-45.85530135055119,3.466184859858707,,339,377;387,481;483;485;490;496;502,,369,405;477;501,442;446;448;451;453;454;456;457;467;469;474;475;479;480;487;488;491;492;493;494;495;497;506,,378,,374;377
6ZER,1,af2,free,-658.5197929826606,-622.5679426322172,35.951850350443465,-63.539319299324575,-62.225470391166205,1.31384890815837,,339,382;383;389,320;347;367;372;423;455;472;483;490;499;500;502,,369;378,405;501,326;351;365;406;420;442;445;446;447;448;451;453;456;466;467;471;479;480;487;491;492;495;497;503;506,,385;386;413;427,375,369;377
