pdb,antibody,method,constrained,wt_total,om_total,d_total,wt_interface,om_interface,d_interface,tot_stab_mut_close,tot_stab_mut_distal,tot_stab_other_close,tot_stab_other_distal,tot_destab_mut_close,tot_destab_other_close,tot_destab_mut_distal,tot_destab_other_distal,int_destab_mut,int_destab_other,int_stab_mut,int_stab_other
7B17,1,rpk,cons,-550.8491514047269,-524.4170605847397,26.43209081998714,-47.47923342237202,-46.47313299983266,1.0061004225393617,,339,,,371;373;375;376;405,370;372,,455,376;440,,375,404
7B17,1,rpk,free,-582.2935716348439,-570.8788554618508,11.414716172993167,-63.22869323616599,-57.92065582609079,5.308037410075201,,339,502;503;508,495,371;376;405,369;374,,365;434;472,371;376;405;408;440,407,375,372;506
7B17,1,af2,cons,-621.9928318934974,-526.870432949957,95.12239894354036,-37.59820450728251,-21.876637251158645,15.721567256123866,,339,383;502;508,443;481;483;485;490;500,371;373;405,374;503;506,452;477;501,365;434;442;448;451;453;454;456;457;461;465;468;474;475;479;480;487;488;491;492;493;494;495;497,371;373;440,372;374;503;506,375,378
7B17,1,af2,free,-667.7086831035593,-634.1526798241389,33.55600327942045,-63.74289720149148,-35.86270698499783,27.880190216493652,,339;478,407;443;499;500;502,338;390;472;483;485;490,376;405;501,374;503;506,,403;442;446;447;449;451;453;454;456;457;465;467;469;480;487;491;492;495;497,376;405;408,369;372;374;407;437;503;506,375,
