pdb,antibody,method,constrained,wt_total,om_total,d_total,wt_interface,om_interface,d_interface,tot_stab_mut_close,tot_stab_mut_distal,tot_stab_other_close,tot_stab_other_distal,tot_destab_mut_close,tot_destab_other_close,tot_destab_mut_distal,tot_destab_other_distal,int_destab_mut,int_destab_other,int_stab_mut,int_stab_other
7OAY,3,rpk,cons,-559.9010556862347,-543.2379992813408,16.66305640489395,-51.64504363442723,-46.58343835286179,5.061605281565441,,339,,,371;373;375,372,501,,376;408,,,
7OAY,3,rpk,free,-589.845467728931,-566.3788159191744,23.466651809756627,-50.37512325766893,-46.4325650532741,3.9425582043948353,,339,,406,373;375,368;372,484;501,342;365;367;436,376,,,
7OAY,3,af2,cons,-618.8521378527075,-535.8803820033966,82.97175584931097,-34.77402336654767,-36.88011621329803,-2.1060928467503643,,339,,483;490;496;502;508;518,371;373,,405;493;501,346;351;365;446;448;449;451;453;454;455;456;457;461;467;469;471;473;475;479;487;491;492;494;495;497;506;520;522;538;541,371,,,377
7OAY,3,af2,free,-665.9953160411571,-620.2629966902755,45.73231935088165,-40.59170103042239,-36.039319095598835,4.552381934823558,,339,383,320;338;354;358;367;407;421;436;437;443;466;474;476;483;490;502;518;528,375,368;369;370;374,405;493;501,391;406;420;442;445;446;448;451;454;455;456;457;469;472;479;487;488;491;492;495;497;506;519;520;526,375,370;385,,377
