pdb,antibody,method,constrained,wt_total,om_total,d_total,wt_interface,om_interface,d_interface,tot_stab_mut_close,tot_stab_mut_distal,tot_stab_other_close,tot_stab_other_distal,tot_destab_mut_close,tot_destab_other_close,tot_destab_mut_distal,tot_destab_other_distal,int_destab_mut,int_destab_other,int_stab_mut,int_stab_other
7MZJ,3,rpk,cons,-555.4490587035064,-520.8465309427509,34.60252776075549,-65.25840044284016,-64.50267890255944,0.7557215402807174,,339,,,477;493,,371;373;375;446;484,369;372,493,,,453
7MZJ,3,rpk,free,-573.5595590710001,-565.1604828966593,8.399076174340735,-63.960852963570176,-65.43932114977149,-1.4784681862013116,,339,502,367;508;515,477;484;493,,371;446,342;368;434;506,417,,477,453;476
7MZJ,3,af2,cons,-615.652866526121,-614.1030443877207,1.549822138400259,-45.39240296489564,-48.33539171591417,-2.9429887510185324,,339;371,403;406;485,367;369;372;481;483;518,417;477;493,,375;446;501,365;368;374;434;435;499;528,493,,,453
7MZJ,3,af2,free,-664.2349990765098,-660.5500999198666,3.684899156643155,-68.88492069071441,-63.05601183081327,5.828908859901141,,339;371,480;485;488,369;451;518,477;484;493,,446,356;374;389;430;435;452,417;484;493;505,,477;478,403;405
