pdb,antibody,method,constrained,wt_total,om_total,d_total,wt_interface,om_interface,d_interface,tot_stab_mut_close,tot_stab_mut_distal,tot_stab_other_close,tot_stab_other_distal,tot_destab_mut_close,tot_destab_other_close,tot_destab_mut_distal,tot_destab_other_distal,int_destab_mut,int_destab_other,int_stab_mut,int_stab_other
7S0B,1,rpk,cons,-547.3049316594388,-522.4435395033686,24.861392156070224,-38.33377229328437,-38.37047713692717,-0.03670484364280213,,339;408,,,,,371;373;375,372;455,,,,
7S0B,1,rpk,free,-580.0699422647797,-568.1841024996827,11.88583976509699,-38.79432062970157,-38.79237308779017,0.0019475419114058923,,339;408;452,,502;508,,,371;373;405;484,364;449;506,,,,
7S0B,1,af2,cons,-615.8724057162294,-527.8115533280238,88.0608523882056,-31.365860616422253,-24.53165368131715,6.8342069351051045,,339,518,383;443;483;490;496;502,,351;454;457;466;468;469;491;492;497,371;373;405;493;501,365;372;446;448;449;451;455;456;473;474;475;479;487;494;495;506;520;522;538;541,,346;467,,
7S0B,1,af2,free,-658.7647926304606,-613.870566743932,44.8942258865286,-45.711673263486745,-39.768855270585135,5.94281799290161,,339;478;505,354;470;518,320;338;367;390;407;418;443;473;483;490;499;500;502;527,,351;352;353;355;451;454;466;468;491;492;519,371;405;493;501,365;370;374;381;391;403;434;442;445;446;447;448;449;453;455;480;487;495;497;503;506;520;528;533,,346;351;352;353;355;466;467,,354;357;465;470;492
