pdb,antibody,method,constrained,wt_total,om_total,d_total,wt_interface,om_interface,d_interface,tot_stab_mut_close,tot_stab_mut_distal,tot_stab_other_close,tot_stab_other_distal,tot_destab_mut_close,tot_destab_other_close,tot_destab_mut_distal,tot_destab_other_distal,int_destab_mut,int_destab_other,int_stab_mut,int_stab_other
7M7W,4,rpk,cons,-562.264565329587,-531.3225131652104,30.942052164376605,-64.55004944494087,-66.04058704914236,-1.4905376042014922,,339,,,371;373;501,372,446;498,367;447,,372,375,
7M7W,4,rpk,free,-578.7713044536425,-552.426710174261,26.344594279381568,-68.25179996586381,-68.3752451306387,-0.12344516477489265,,339,502,,371;373,372;434,446;498,447,,374,375,
7M7W,4,af2,cons,-619.3772973724092,-600.1556058246979,19.221691547711316,-45.91180388729654,-34.00758632701104,11.904217560285502,,339;484,372;406,367;483;485;518,373;375;501,369;374;435,496,420;434;455;489;499;528,373,369;377;408,,372
7M7W,4,af2,free,-665.8959629829675,-670.7354175317253,-4.839454548757772,-67.21654942513956,-61.96449885924236,5.2520505658972,,339;484,369;378;406;502;508,393;418;420;451;483;518,,374;384;435;506,446,326;427;434;444;449;455;517;528,,370;374;377;383,,378
