pdb,antibody,method,constrained,wt_total,om_total,d_total,wt_interface,om_interface,d_interface,tot_stab_mut_close,tot_stab_mut_distal,tot_stab_other_close,tot_stab_other_distal,tot_destab_mut_close,tot_destab_other_close,tot_destab_mut_distal,tot_destab_other_distal,int_destab_mut,int_destab_other,int_stab_mut,int_stab_other
7N4J,1,rpk,cons,-560.4952587368505,-549.4011934846294,11.094065252221071,-57.517885605613166,-56.58338391834601,0.9345016872671579,,339,,,405;452;484;501,455,371,367,505,,501,494
7N4J,1,rpk,free,-584.1596680829471,-577.3666383027893,6.793029780157781,-65.172770341998,-58.419353289969095,6.753417052028908,,339,,372;437,405;484;501,455;472;490,375,354;367;368,484;505,449;450,501,
7N4J,1,af2,cons,-606.3080294076033,-516.7367973301882,89.57123207741506,-40.88729333975132,-24.285025967163268,16.60226737258805,,339,481;482;483;485;500;502,,452;501;505,346;403;444;446;448;449;450;453;455;456;487;488;489;492;493;494;495;497,405;477,365;451;454;457;467;469;473;474;479;491;506,452;505,444;449;450;483;489;490;493;494,484;498;501,495;503
7N4J,1,af2,free,-659.1041608834377,-621.5452279239912,37.55893295944645,-57.93399112129942,-43.006592112533085,14.927399008766336,,339;376,472;475;481;490;500;502,320;338;356;358;367;369;390;392;436;443,452;501;505,444;446;448;449;450;451;456;487;489;492;495;497,405,355;420;442;465;467;469;471;473;491;506,452;484;505,444;449;483;489;490;492;493,501,456;475;487;495;499;502;503
