pdb,antibody,method,constrained,wt_total,om_total,d_total,wt_interface,om_interface,d_interface,tot_stab_mut_close,tot_stab_mut_distal,tot_stab_other_close,tot_stab_other_distal,tot_destab_mut_close,tot_destab_other_close,tot_destab_mut_distal,tot_destab_other_distal,int_destab_mut,int_destab_other,int_stab_mut,int_stab_other
7CZW,1,rpk,cons,-447.39106101502375,-428.06782921063586,19.323231804387888,-31.150757498056254,-23.1727876212431,7.977969876813155,,339,,,452;484,,371;373;375;405,372,486,,,
7CZW,1,rpk,free,-519.507419444572,-509.8530601319343,9.654359312637666,-50.474127132519286,-41.64168424914862,8.832442883370668,,339,,380;386;431;515,405;452;484,446;451,371;375,370;429,417;452;484;486,,501,489
7CZW,1,af2,cons,-613.8067477426039,-533.7780927571305,80.0286549854734,-33.11012197276463,-20.693224341454435,12.416897631310196,,339,473;483;485;496;500;502,421;481,498,446;449;453;455;456;475;488;489;492;493;494;495;497,405;477,365;442;445;448;451;454;457;467;469;472;474;479;480;491;506,484;486;505,449;453;490;493,501,487;495
7CZW,1,af2,free,-658.7324092126075,-620.2795227167799,38.45288649582767,-43.55274837840079,-39.48627546637852,4.06647291202227,,339;375,450;490;499;500;502,320;338;347;367;382;390;407;436;443;466,405;452;498;505,403;446;447;448;449;451;453;455;456;487;491;492;493;495;497,,353;356;368;391;442;469;471;506;526,484;505,449;483;489;490;492;493,498;501,445;450;475;487;495
