pdb,antibody,method,constrained,wt_total,om_total,d_total,wt_interface,om_interface,d_interface,tot_stab_mut_close,tot_stab_mut_distal,tot_stab_other_close,tot_stab_other_distal,tot_destab_mut_close,tot_destab_other_close,tot_destab_mut_distal,tot_destab_other_distal,int_destab_mut,int_destab_other,int_stab_mut,int_stab_other
7KL9,1,rpk,cons,-351.44154021305656,-332.19214770684516,19.249392506211393,-28.22249485232105,-27.03223146602528,1.1902633862957686,,339;408,,374,493;501,494,371;375;376;484,377,417;505,,493;501,
7KL9,1,rpk,free,-488.04699058069735,-471.4372057923963,16.609784788301056,-54.46067040301077,-47.59754971997487,6.863120683035895,,339,403;497,347;354;366;433;444;520;524,405;477;493,494;499;502,371;375;452;484,350;407;418;434;528,417;477;505,494;500,493;501,
7KL9,1,af2,cons,-606.4423395724291,-521.6654504369882,84.77688913544091,-22.272026671100136,-23.85169495462663,-1.5796682835264946,,339,490;500;502,383;483;485;518,405;501,449;453;456;473;476;487;494;495;506,371;373,346;351;365;372;446;451;454;457;461;471;479;491;492;497;520;522;541,417;505,,498,475;486;502
7KL9,1,af2,free,-653.1940568217374,-620.304188213016,32.88986860872137,-51.82842182409553,-43.10210823555447,8.72631358854106,,339,474;476;485;490;500;502;503;504,338;347;363;367;369;380;390;443;450;466;518;527,417;493;501;505,446;447;455;456;489;492;495;497;506,371;405,356;365;374;377;381;391;445;448;451;457;465;469;480;491;519;520;528,417;493;501;505,449;486;489;494,477;498,475;476;503
