pdb,antibody,method,constrained,wt_total,om_total,d_total,wt_interface,om_interface,d_interface,tot_stab_mut_close,tot_stab_mut_distal,tot_stab_other_close,tot_stab_other_distal,tot_destab_mut_close,tot_destab_other_close,tot_destab_mut_distal,tot_destab_other_distal,int_destab_mut,int_destab_other,int_stab_mut,int_stab_other
7CZS,1,rpk,cons,-445.2074830718716,-416.6217513808297,28.58573169104187,-38.59683293455102,-34.196855128843865,4.399977805707152,,,,,493;505,447,371;373;375;446,369;372,505,,493;496,421
7CZS,1,rpk,free,-519.2064148350474,-506.2580928778852,12.94832195716225,-51.1096057316661,-60.56794457192506,-9.45833884025896,,339,485;486,374;497,417;484,455;474;490,371;375;446,370;472;492,417;505,405;455;503,477;493,421;453;473;486;487;489
7CZS,1,af2,cons,-607.3993480775773,-602.33966250561,5.059685571967293,-33.91065330294663,-31.208355414407478,2.7022978885391495,,339;371;484,476,367;369;372;406;481;483;485;518,496;498;501,420;494,375,365;368;374;434;435;452;492;528,498;505,486,493,
7CZS,1,af2,free,-661.978887323012,-662.9903904705575,-1.0115031475454543,-67.82305542843574,-57.29808448139855,10.52497094703719,,339;371,475;483;485,360;369;372;389;393;412;451;472;480;518;527,417;446;493,449;453;486;497;502,,342;374;435;499;528,417;505,406;409;455;486,478;496;501,
