pdb,antibody,method,constrained,wt_total,om_total,d_total,wt_interface,om_interface,d_interface,tot_stab_mut_close,tot_stab_mut_distal,tot_stab_other_close,tot_stab_other_distal,tot_destab_mut_close,tot_destab_other_close,tot_destab_mut_distal,tot_destab_other_distal,int_destab_mut,int_destab_other,int_stab_mut,int_stab_other
7MJH,3,rpk,cons,-561.2300143527432,-546.2390039698323,14.991010382910872,-36.592763098567524,-28.905032682220117,7.6877304163474065,,339,,,484;501,,371;375;376,372,484,,,
7MJH,3,rpk,free,-601.0608432925171,-589.6403937359682,11.420449556548874,-42.02793768802325,-30.85965324358503,11.168284444438221,,339;408,,368;406;508,484;501,,371,372;378,484;498,403,,
7MJH,3,af2,cons,-607.2653951262291,-521.7185172831571,85.54687784307202,-17.76817510769319,-10.671024201059844,7.097150906633345,,339,483;490;500;502,383;518,493;501,403;446;449;487;488;492;494;495;497;503,371;373;405,351;365;372;448;451;454;456;457;461;471;473;479;491;506;520;522;541,,449;483;490,501,494;495
7MJH,3,af2,free,-656.1292678215198,-614.806945645681,41.322322175838735,-26.858322500929052,-20.557218519997463,6.30110398093159,,339,483;490;500;502,351;354;367;369;390;407;436;473;474;476;518,493;501,446;453;455;487;488;492;494;495;497,405,374;391;420;442;445;448;451;454;457;491;506;519;526,,449;483;486;488;489;490,501,485;495
