pdb,antibody,method,constrained,wt_total,om_total,d_total,wt_interface,om_interface,d_interface,tot_stab_mut_close,tot_stab_mut_distal,tot_stab_other_close,tot_stab_other_distal,tot_destab_mut_close,tot_destab_other_close,tot_destab_mut_distal,tot_destab_other_distal,int_destab_mut,int_destab_other,int_stab_mut,int_stab_other
7D6I,1,rpk,cons,-507.6286415270885,-493.68407613034867,13.944565396739847,-32.28785144592482,-29.765607634165296,2.5222438117595267,,339,,,373;375,,446;493;501,,,372,,
7D6I,1,rpk,free,-550.596232093168,-544.230882539938,6.365349553230089,-41.70498374739052,-42.11177465375201,-0.4067909063614863,,339;496,,502,375,376,446;478;493,452,,,,378
7D6I,1,af2,cons,-609.8578951471188,-606.7904521789583,3.067442968160549,-25.847306294965083,-24.020783522417425,1.8265227725476585,,339,367;383,406;451;483;485;518,375,365;368;387;434;435,496;501,389;452;489,,377;385,,374
7D6I,1,af2,free,-657.7108106653786,-659.6151323693205,-1.9043217039418323,-41.22965051230883,-42.264381187553056,-1.0347306752442265,,339;484,372;383;384;408;434,363;390;393;406;483;518;527,,374;377;381;388,446;496;501,332;365;430;431;432;436;448;455;528,371,369;370;377;385,373,378;379;408;414
