pdb,antibody,method,constrained,wt_total,om_total,d_total,wt_interface,om_interface,d_interface,tot_stab_mut_close,tot_stab_mut_distal,tot_stab_other_close,tot_stab_other_distal,tot_destab_mut_close,tot_destab_other_close,tot_destab_mut_distal,tot_destab_other_distal,int_destab_mut,int_destab_other,int_stab_mut,int_stab_other
7C01,2,rpk,cons,-486.79333587325885,-463.43400910039816,23.359326772860697,-51.261278657767335,-42.88145422672464,8.379824431042692,,339,,,417;493;501,455,371;373;375,370;372,417;493,,501,
7C01,2,rpk,free,-520.0594055324009,-515.2771438044581,4.782261727942796,-56.2728835158878,-49.18140802964086,7.091475486246935,,339,,367;372;374,417,455;495,371;375,368;370;446;527,417;493,455,,403;460
7C01,2,af2,cons,-604.5550420899208,-472.23250080561536,132.32254128430543,-38.49366781994148,-12.938635797848033,25.555032022093446,,339,486;490;496;500;502,482;483;518,405;417;477;478;493,403;449;453;455;456;471;473;475;476;479;487;488;489;492;494;495;497;506,371;373;484,346;351;365;372;446;451;454;467;469;491;520;522;538;541,417;477;478;493,455;475;476;487;489,,457;474;479;486;503
7C01,2,af2,free,-658.894690916379,-621.169795043094,37.724895873284936,-54.180940398555,-11.959066277982178,42.22187412057282,,339,458;483;486;490;502,320;322;326;367;369;390;407;436;443;471;499;500;518;527,405;417;493;501,420;446;447;449;456;460;475;489;491;492;495,452,356;374;377;391;435;445;448;451;453;454;506;519;520,417;493;505,415;420;421;449;455;456;457;460;473;475;489,478,486;487
