pdb,antibody,method,constrained,wt_total,om_total,d_total,wt_interface,om_interface,d_interface,tot_stab_mut_close,tot_stab_mut_distal,tot_stab_other_close,tot_stab_other_distal,tot_destab_mut_close,tot_destab_other_close,tot_destab_mut_distal,tot_destab_other_distal,int_destab_mut,int_destab_other,int_stab_mut,int_stab_other
7V2A,1,rpk,cons,-376.06633349932014,-358.18212403345007,17.88420946587007,-27.18939963292199,-34.02912695566073,-6.839727322738739,,496;505,,453;497,371;373;375;440,367;372;374,,403;406,440,,371,342;343
7V2A,1,rpk,free,-450.8479595813005,-441.07516898394863,9.772790597351843,-39.32494165409083,-33.94979808469756,5.375143569393266,,496,434,453;507,375;440;498,374;441;443;444,,372;403;406,440,343;367;441,371,436
7V2A,1,af2,cons,-615.1798962334689,-611.4856034897311,3.6942927437377193,-41.93424701142894,-41.85820918774411,0.07603782368482825,,,,369;372;406;483;485;518,375;440;446,368;374,501,389;420;434;435;455;489,440,346,339;373,
7V2A,1,af2,free,-655.399537249297,-658.4603659276751,-3.060828678378016,-49.82329170574309,-63.17748377389795,-13.354192068154859,,484,342;441,360;369;393;406;483;518;527,,374;442;444;451,446;496;501,332;435;455;497;526,373,374;444,339;371,342;438;441
