pdb,antibody,method,constrained,wt_total,om_total,d_total,wt_interface,om_interface,d_interface,tot_stab_mut_close,tot_stab_mut_distal,tot_stab_other_close,tot_stab_other_distal,tot_destab_mut_close,tot_destab_other_close,tot_destab_mut_distal,tot_destab_other_distal,int_destab_mut,int_destab_other,int_stab_mut,int_stab_other
7K8W,1,rpk,cons,-821.2360115417767,-769.2973548625764,51.938656679200335,-49.013380049963224,-47.612707529126666,1.400672520836558,,339,403,,405;484;498;501,502,371;373;375;376,370;372;454,,494,501,403
7K8W,1,rpk,free,-935.3666511735454,-945.1994100388922,-9.832758865346818,-95.20324931526918,-78.45171886546467,16.751530449804505,,339;477,502;403;406;500,342;361;366;374;402;442;443;486;507;510;365;370;377;436;528;529,405;484;498,349;445;489;490;380;414;424;503,371;375;376;373,369;330;364;372;431;434,452;505;405;408;417,445;483;504;414;416;503,501,446;500;502
7K8W,1,af2,cons,-1209.5192004623332,-1004.7151461796143,204.80405428271888,-37.20500778319189,-18.06485659282349,19.1401511903684,,339,483;490;496;500;502;503,437;518;369;443,405;484;493;501,346;444;445;446;449;451;453;455;491;492;494;495;497;506,371;373;375,351;365;372;456;457;459;461;467;469;471;473;474;475;479;487;488;489;520;522;538;541;370;383;385;386;387;442;454;465,484;505,444;445;446;447;449;490,,494;495;503
7K8W,1,af2,free,-1307.659213721536,-1243.8218229369215,63.8373907846144,-81.21984817933074,-61.80284775204941,19.41700042728133,,339;478,407;443;450;481;483;490;500;503;409;502,320;354;367;390;399;421;436;466;473;486;518;528;326;382;458;527,405;493;498,445;446;451;455;491;492;494;495;497;506;448;453;503,371,391;420;435;442;454;457;469;480;487;488;519;526;540;365;370;520,452;484;493;505,346;446;449;483;490;502;415;503,501;375,403;495;503;409
