pdb,antibody,method,constrained,wt_total,om_total,d_total,wt_interface,om_interface,d_interface,tot_stab_mut_close,tot_stab_mut_distal,tot_stab_other_close,tot_stab_other_distal,tot_destab_mut_close,tot_destab_other_close,tot_destab_mut_distal,tot_destab_other_distal,int_destab_mut,int_destab_other,int_stab_mut,int_stab_other
7MEJ,1,rpk,cons,-208.93489321226986,-185.8885462535851,23.04634695868475,-22.03622614353584,-18.805992294148158,3.2302338493876803,,408,,,493,,371;373;375;405,372,484,,,
7MEJ,1,rpk,free,-341.3961578232304,-335.0575257736783,6.338632049552075,-38.927720938009685,-36.09497496593642,2.832745972073262,,339,494;495,372;406;407;506;508,,497,371;405;498,418;439;442,452,351;486,478;493,449;487
7MEJ,1,af2,cons,-600.7656663565832,-524.2987890941425,76.46687726244068,-15.155071586066395,-15.815689385821836,-0.6606177997554408,,339,485;490;496;502,500;518,493;501,351;446;449;455;456;487;488;492;494;495;497,371;373;405,346;365;372;451;453;454;457;461;467;469;471;473;479;491;506;520;522;541,,449;483,484;498;501,486;495
7MEJ,1,af2,free,-654.6800372207736,-612.9984635377259,41.681573683047645,-35.69494192710096,-37.6633071973231,-1.9683652702221366,,339;478,483;490;502,322;326;338;367;380;389;390;443;518,493,446;447;448;455;488;489;492;495;497,371;405,342;365;374;377;381;391;442;445;451;465;469;491;506;517;519;520,493,449;455;483;489,484;498;501,486;495;497
