pdb,antibody,method,constrained,wt_total,om_total,d_total,wt_interface,om_interface,d_interface,tot_stab_mut_close,tot_stab_mut_distal,tot_stab_other_close,tot_stab_other_distal,tot_destab_mut_close,tot_destab_other_close,tot_destab_mut_distal,tot_destab_other_distal,int_destab_mut,int_destab_other,int_stab_mut,int_stab_other
7L0N,1,rpk,cons,-545.0349382090094,-517.0839988175042,27.950939391505244,-56.98955593836486,-55.67319469625633,1.3163612421085276,,,,,,,371;373;405;493;501,372,,,,
7L0N,1,rpk,free,-574.3372219132661,-547.851809872898,26.485412040368146,-66.64237208803321,-71.49646656685906,-4.854094478825843,,408;452,,447,373,358,371;376;498;501,372;377;446;490,,,440,346
7L0N,1,af2,cons,-616.5712302449735,-537.3056925608762,79.26553768409735,-51.33509662672559,-44.36865126996439,6.966445356761199,,,347,483;490;496;500;502;508;518,371,446,373;405;452;501,351;365;372;389;448;449;451;453;454;456;457;459;461;465;471;473;475;479;487;491;492;494;495;497;506;520;522;538;541,,343;345,,
7L0N,1,af2,free,-665.8828119517171,-617.9156234640438,47.9671884876733,-51.83003706767406,-58.6590552936599,-6.829018225985834,,477;478,338;340;346,367;390;399;474;483;490;500;502;518;528,371,446;447;448;451,405;452;493;501,365;374;377;391;453;456;465;469;472;479;489;491;492;494;495;497;503;506;517;519;520;526,,343,,340
