pdb,antibody,method,constrained,wt_total,om_total,d_total,wt_interface,om_interface,d_interface,tot_stab_mut_close,tot_stab_mut_distal,tot_stab_other_close,tot_stab_other_distal,tot_destab_mut_close,tot_destab_other_close,tot_destab_mut_distal,tot_destab_other_distal,int_destab_mut,int_destab_other,int_stab_mut,int_stab_other
7VNE,1,rpk,cons,-315.67278733619435,-316.52577248627927,-0.852985150084919,-36.17096269673876,-34.400789641005744,1.770173055733018,,339;373,,,452,,405,,,,,
7VNE,1,rpk,free,-472.37087046751515,-463.32745737989313,9.043413087622014,-50.79916226608319,-42.334162785255884,8.464999480827302,,339;373;408,347;351;356;494,377;378;432;502,,444;446;448,405;498;501,350;374;401;418;422;430;453;489;497;499;506,,351;444;449,,
7VNE,1,af2,cons,-610.8980159081498,-521.9275226288029,88.9704932793469,-20.07425786337061,-16.845005791698235,3.229252071672377,,339,483;490;496,502;518,452;501,351;446;448;449;451;453;470;471;491;492;494;495;497,371;373;405,365;372;391;454;456;457;461;473;475;479;487;506;520;541,,446;450;470;490,493,492;497
7VNE,1,af2,free,-658.9465470632879,-607.9640531559999,50.98249390728802,-57.31081094764257,-33.85363727574588,23.45717367189669,,339;408;478;505,354;471;490;499;500,320;338;367;369;390;407;436;458;502;508;518,501,349;351;447;451;468;469;470;472;480;491;492;494;497,405,368;374;377;391;435;438;442;456;457;479;495;506;517;519;520,484,346;348;351;444;449;450;468;469;470;471;490,452,345;354;445;446
