pdb,antibody,method,constrained,wt_total,om_total,d_total,wt_interface,om_interface,d_interface,tot_stab_mut_close,tot_stab_mut_distal,tot_stab_other_close,tot_stab_other_distal,tot_destab_mut_close,tot_destab_other_close,tot_destab_mut_distal,tot_destab_other_distal,int_destab_mut,int_destab_other,int_stab_mut,int_stab_other
7CWT,2,rpk,cons,-327.87629837819384,-316.02184084534326,11.854457532850574,-27.717812213007356,-24.654306951045136,3.06350526196222,,408;452,,,375;501,,371;376;493,,498;505,,,
7CWT,2,rpk,free,-453.1440995991984,-443.7473859972606,9.39671360193779,-43.61609269722435,-43.192115982860116,0.4239767143642368,,408,447,420;429,505,,371;375,338;369;448;450,,445;500,501,494
7CWT,2,af2,cons,-606.5484698777238,-516.1109380760296,90.43753180169426,-15.838166474829391,-6.729494654621119,9.108671820208272,,339,437;443;496;502,483;490;518,375;405;498;505,372;445;449;494;503;504;506,371;373;493,346;351;365;442;451;453;454;455;456;457;461;469;471;473;479;487;491;492;495;497;520;522;541,498;505,445;449;499;503,501,444;446;506
7CWT,2,af2,free,-657.8199107369586,-604.1106771954696,53.70923354148897,-34.70044717312888,-22.740786539670427,11.959660633458451,,339;477;478,502;503,320;338;354;367;389;390;421;474;483;490;518;527,375;405;498,445;446;449;453;494;495;497;500,371;493,342;353;365;377;381;391;420;451;454;456;457;461;472;479;491;492;517;519;520;525;528,505,445;447;449;496;499;500;502,405,503;506
