pdb,antibody,method,constrained,wt_total,om_total,d_total,wt_interface,om_interface,d_interface,tot_stab_mut_close,tot_stab_mut_distal,tot_stab_other_close,tot_stab_other_distal,tot_destab_mut_close,tot_destab_other_close,tot_destab_mut_distal,tot_destab_other_distal,int_destab_mut,int_destab_other,int_stab_mut,int_stab_other
7L2D,1,af2,cons,-733.0627773141107,-773.3283231207583,-40.26554580664765,3.4044773649428013,-2.9066794228591877,-6.311156787801989,,67;95,19;146;147;148;150;151;152;154;242;251,18;21;22;75;76;77;97;111;124;138;213;nan;215;216;260,142,141;153;180;245;246;247;249;254;256,212,20;23;187;210;233;255;257,144;145,148;155;246;248,,146;147;149;150;151
7L2D,1,af2,free,-861.2642832312795,-885.4290744031728,-24.164791171893285,-41.084642320130015,-29.855033385566443,11.229608934563572,,67;95,19;149;150;151;177;242;251;252,18;38;55;68;76;77;96;102;121;138;154;179;213;nan;215;216;222;260,143;144,20;152;153;180;181;245;246;249,69;212,17;21;23;97;156;183;210;221;255;258;261;262,144;145,147;152;248,,148;149;249;252;253;256
