pdb,antibody,method,constrained,wt_total,om_total,d_total,wt_interface,om_interface,d_interface,tot_stab_mut_close,tot_stab_mut_distal,tot_stab_other_close,tot_stab_other_distal,tot_destab_mut_close,tot_destab_other_close,tot_destab_mut_distal,tot_destab_other_distal,int_destab_mut,int_destab_other,int_stab_mut,int_stab_other
7LD1,2,rpk,cons,-273.43072468896236,-253.81330973612708,19.617414952835276,-43.72227368342453,-45.492442612873226,-1.770168929448694,,339;446,,453,371;373;375;501,372,484;493,,,,,
7LD1,2,rpk,free,-389.9030133766806,-373.04088141268784,16.862131963992738,-61.00624379942519,-63.48306192224076,-2.4768181228155655,,339;446,,,371;501,372;502,373;484,347;350;434;454;463;492;495,,,375;505,
7LD1,2,af2,cons,-603.3940959426643,-600.1801347464602,3.2139611962040817,-29.025801550813338,-23.130848449272,5.894953101541336,,339;484,372;380;406;436,367;483;485;518;541,373;375;501,368;374;377;378;435;499,446;496,455;494;528,,378;408,,372;374
7LD1,2,af2,free,-658.0185540367554,-659.7687895519249,-1.7502355151694928,-41.08930214506655,-54.8101979722948,-13.720895827228254,,339,369;377;406;408;414,389;451;483;516;518;527,501,374;378;413;420;435;436,446,342;434;455;528,501,378;379;413,373,372;374;377;405;408;414;415
