pdb,antibody,method,constrained,wt_total,om_total,d_total,wt_interface,om_interface,d_interface,tot_stab_mut_close,tot_stab_mut_distal,tot_stab_other_close,tot_stab_other_distal,tot_destab_mut_close,tot_destab_other_close,tot_destab_mut_distal,tot_destab_other_distal,int_destab_mut,int_destab_other,int_stab_mut,int_stab_other
7OAO,1,rpk,cons,-566.4397410614714,-546.607126402727,19.832614658744433,-47.615450666148476,-35.92477763587568,11.690673030272798,,339;408,,368;374,452;484;501,,371;373;375;405,372,484;501;505,,,
7OAO,1,rpk,free,-591.7100610114348,-578.8477091650766,12.862351846358251,-51.38548068883332,-43.31330443439832,8.072176254435,,339,502,368;508,405;452;484;501,446,371;375,372;506,452;484;505,,493,
7OAO,1,af2,cons,-611.4417527501546,-517.7145064953305,93.72724625482408,-26.840348066060084,-26.835430479338832,0.004917586721251865,,339;417,483;486;490;502,383;481;518,452;493;498;505,446;449;453;456;487;488;492;494;495;497;499,371;373;405,346;351;365;372;387;391;448;451;454;457;461;469;473;479;491;506;520;541,493;505,449;490,498;501,486;503
7OAO,1,af2,free,-659.1929604063841,-619.750855650125,39.44210475625914,-39.82017150358483,-52.94902575713474,-13.12885425354991,,478,486;499;500;502,338;354;367;380;390;399;443;473;481;518;528,452;493,446;447;449;453;455;487;491;492;494;497,371;405,342;356;365;377;381;391;420;442;451;457;465;467;506;517;519;520,493;505,449;483;487;489;490,498;501,486;495;499;502;503
