pdb,antibody,method,constrained,wt_total,om_total,d_total,wt_interface,om_interface,d_interface,tot_stab_mut_close,tot_stab_mut_distal,tot_stab_other_close,tot_stab_other_distal,tot_destab_mut_close,tot_destab_other_close,tot_destab_mut_distal,tot_destab_other_distal,int_destab_mut,int_destab_other,int_stab_mut,int_stab_other
7R8N,2,rpk,cons,-302.9802428700127,-285.1330534431441,17.847189426868624,-28.461744406037425,-25.886878121506065,2.5748662845313603,,339,,,405;501,,371;373;376,372;374,452;486,,484,
7R8N,2,rpk,free,-461.399316127893,-432.2343667493311,29.164949378561857,-38.433844445325285,-44.2235251075335,-5.789680662208212,,,491;494,330;332;340;347;354;356;380;430;431;464,405;417;452;484;498;501,444;451;497,375;477,351;365;372;377;379;418;432;442;461,417;452;486,455,,456;485;490;492;493
7R8N,2,af2,cons,-592.3360789356404,-499.41758342236403,92.91849551327641,-25.263543980965153,-25.664564815595163,-0.40102083463001037,,339,449;473;481;482;483;485;496;502,347;421;443,452;501,403;448;450;451;453;454;455;456;474;487;488;489;491;492;493;494;495;497;499;503,405;477,351;365;442;457;469;479;506;538,452,483;487;490;494;502,486;498;501,446;449;475;495
7R8N,2,af2,free,-662.2045995706646,-602.8961493210736,59.30845024959103,-48.95773467555191,-36.039637949894185,12.918096725657726,,339,450;472;475;485;499;500;502,320;338;347;354;367;369;372;382;390;443;508;528,484;486,446;447;448;449;451;453;455;483;487;489;491;492;493;495;497,405,353;356;386;391;435;442;454;457;467;469;474;479;506;507;526,484;486,444;446;449;483;490;493,498;501,445;450;475;494
