pdb,antibody,method,constrained,wt_total,om_total,d_total,wt_interface,om_interface,d_interface,tot_stab_mut_close,tot_stab_mut_distal,tot_stab_other_close,tot_stab_other_distal,tot_destab_mut_close,tot_destab_other_close,tot_destab_mut_distal,tot_destab_other_distal,int_destab_mut,int_destab_other,int_stab_mut,int_stab_other
7LOP,1,rpk,cons,-558.8269663649982,-543.2416817248213,15.585284640176837,-47.96153166945928,-48.202705785481285,-0.24117411602200178,,339,,,371;373;375,372,405;484,455,,,,
7LOP,1,rpk,free,-581.6566310956657,-566.2410123773943,15.41561871827139,-52.14268866871064,-57.04727904355025,-4.904590374839607,,339,370,340,371;375,368,405,446;490,,369,371,370;372
7LOP,1,af2,cons,-610.6876369119138,-530.637604867544,80.0500320443698,-46.912999189967174,-41.492701747374824,5.42029744259235,,339,,443;481;483;485;490;499;500;502,,321;384,405;452;477;501,351;357;365;394;442;446;448;451;453;454;456;457;465;467;469;474;475;479;480;487;488;491;492;493;494;495;497;506,,321;370;378,408,369;385
7LOP,1,af2,free,-665.636328336886,-621.0278343479862,44.608493988899795,-64.34641454395754,-40.87457964876351,23.47183489519403,,339;484,369;370;372;380;427,347;367;421;423;473;483;490;500;502,405,381;386;390;433;518,501,420;436;442;445;446;448;451;453;456;457;460;465;467;474;479;487;491;492;493;495;497;506,,321;379;380;381;382;390;428;430;517;518,,369;374;377
