pdb,antibody,method,constrained,wt_total,om_total,d_total,wt_interface,om_interface,d_interface,tot_stab_mut_close,tot_stab_mut_distal,tot_stab_other_close,tot_stab_other_distal,tot_destab_mut_close,tot_destab_other_close,tot_destab_mut_distal,tot_destab_other_distal,int_destab_mut,int_destab_other,int_stab_mut,int_stab_other
7KQE,2,rpk,cons,-536.3630485085021,-534.5886214435313,1.7744270649707232,-43.65342637139035,-42.79523870894655,0.8581876624438038,,339;478,,479,371;375,372,501,,371,,,
7KQE,2,rpk,free,-570.5553009724233,-565.2881438603791,5.267157112044174,-52.02389546783447,-49.48180878560247,2.5420866822320036,,339;478,,335;441;456;479,371;375;405,414,501,381;439;446,371;405;408,,,372
7KQE,2,af2,cons,-616.6588979526398,-524.6205753397398,92.03832261289995,-29.940388363261683,-21.25445102382368,8.685937339438002,,339,385,483;490;496;500;502;518,371;373;405,370;372;374,493;501,346;351;365;446;449;451;453;454;456;457;461;469;471;473;475;479;487;491;492;494;495;497;506;520;522;538;541,371,370;374,,377;385
7KQE,2,af2,free,-659.5213911086669,-623.8308570201839,35.69053408848299,-36.90850291228703,-32.77998301258642,4.128519899700606,,339;478,377;508,366;367;424;443;473;483;490;500;502;518,371;405,370;372,493;501,356;365;391;442;445;446;448;449;451;454;455;469;479;480;487;491;492;494;495;497;506;519;520;526,,370;372;414,373,378
