pdb,antibody,method,constrained,wt_total,om_total,d_total,wt_interface,om_interface,d_interface,tot_stab_mut_close,tot_stab_mut_distal,tot_stab_other_close,tot_stab_other_distal,tot_destab_mut_close,tot_destab_other_close,tot_destab_mut_distal,tot_destab_other_distal,int_destab_mut,int_destab_other,int_stab_mut,int_stab_other
7KZB,2,rpk,cons,-456.4238427158203,-448.10153365863556,8.322309057184725,-42.60377496085022,-42.44878970748785,0.15498525336236924,,339;446;496,,,371;373;375,372,501,,,,,
7KZB,2,rpk,free,-499.9238930902874,-491.62720988296246,8.296683207324918,-41.59918801351969,-41.87306325317567,-0.27387523965598604,,339;446;496,,,371;373;375,372,,434;452,371,,,372
7KZB,2,af2,cons,-611.4693780384347,-598.8234052586356,12.64597277979908,-32.48141643735218,-24.620019588942085,7.861396848410095,,339,367,406;483;485;518,373;375,368;374;377;434;435,496;501,365;420;489;499;528,,370;372;377;383,373,368;369
7KZB,2,af2,free,-658.6460767895967,-646.7387499139385,11.907326875658214,-44.05580166666839,-53.19612061778776,-9.140318951119376,,339,372;406,390;393;451;483;518;527,,374,446;496;501,332;342;365;389;391;392;435;448;455;517;519,,374;405,371;373;375,372
