pdb,antibody,method,constrained,wt_total,om_total,d_total,wt_interface,om_interface,d_interface,tot_stab_mut_close,tot_stab_mut_distal,tot_stab_other_close,tot_stab_other_distal,tot_destab_mut_close,tot_destab_other_close,tot_destab_mut_distal,tot_destab_other_distal,int_destab_mut,int_destab_other,int_stab_mut,int_stab_other
7KFV,3,rpk,cons,-579.3198929432901,-557.4185119543446,21.90138098894556,-64.31329611383285,-45.35962515260732,18.953670961225527,,339;408,494,,405;417;484;493;498;501,406,371;375,372,417;493;498;505,496,,494
7KFV,3,rpk,free,-607.9389570171926,-592.7524510139197,15.186506003272939,-68.75892394321033,-51.26339597115907,17.495527972051264,,339;408,494,368,405;484;493,489,371;373;375,372,417;484;493;505,489;496,,494
7KFV,3,af2,cons,-611.829722728675,-451.98195462354875,159.8477681051263,-56.2742344448668,-11.728914111545945,44.54532033332085,,339,421;500,483;490;518,405;477;478;493;498;501;505,420;446;447;448;449;454;456;457;459;473;474;475;476;479;480;487;494;495;497;504,371;373,346;351;365;372;451;461;469;471;488;491;492;506;520;541,417;493;498;501;505,456;475;476;496,477,421;453;457;503
7KFV,3,af2,free,-659.2703033321086,-600.0271054974316,59.24319783467695,-63.9463561112247,-25.28829272195075,38.65806338927395,,339,489;500;502,320;366;367;382;389;390;450;466;483;490;518;527,405;493;501;505,406;446;447;448;449;454;455;456;457;473;475;487;488;495;497,371,337;353;365;374;377;391;433;445;451;469;491;492;506;512;519;520;528,493;501;505,403;416;421;449;453;455;456;460;473;475;495;496;502,498,486;487;503
