pdb,antibody,method,constrained,wt_total,om_total,d_total,wt_interface,om_interface,d_interface,tot_stab_mut_close,tot_stab_mut_distal,tot_stab_other_close,tot_stab_other_distal,tot_destab_mut_close,tot_destab_other_close,tot_destab_mut_distal,tot_destab_other_distal,int_destab_mut,int_destab_other,int_stab_mut,int_stab_other
7A29,3,rpk,cons,-369.82778035216654,-355.5762930212611,14.251487330905434,-31.01731870074778,-32.061162650046526,-1.043843949298747,,339;408,,469,484,,371;373;375,,,470,,445;446
7A29,3,rpk,free,-478.8421344250842,-479.41875807720595,-0.5766236521217252,-30.187948601920503,-39.43918617671654,-9.251237574796036,,339;478;505,451,407;456;467;476;510,,,371;375;405;501,343;365;369;454;475,,,,446;450
7A29,3,af2,cons,-611.3411458510054,-543.765057155852,67.57608869515343,-32.070386021393695,-30.59799922900907,1.4723867923846257,,339,445;483;499;500;502,481;485,452,446;447;448;449;451;492;495;497,405;477,365;442;454;456;457;461;465;474;475;479;480;487;489;491;506,498,446;449;470;490,501,445;492;493;494
7A29,3,af2,free,-656.2902780027083,-624.7128607919958,31.577417210712497,-38.26229626205004,-43.70947126040016,-5.447174998350114,,339;478,445;490;493;494;499;500;502,320;326;338;358;367;369;390;407;421;436;483,452,446;447;448;449;451;470;492;495;497,405,368;391;420;453;456;465;467;469;473;487;491;506,452,346;446;449;450;490;500,498;501,445;492;494;499;503
