pdb,antibody,method,constrained,wt_total,om_total,d_total,wt_interface,om_interface,d_interface,tot_stab_mut_close,tot_stab_mut_distal,tot_stab_other_close,tot_stab_other_distal,tot_destab_mut_close,tot_destab_other_close,tot_destab_mut_distal,tot_destab_other_distal,int_destab_mut,int_destab_other,int_stab_mut,int_stab_other
7JZL,2,rpk,cons,-565.3504282013453,-543.4439854425982,21.906442758747062,-65.63556293727775,-54.34781351332089,11.287749423956868,,339,,,405;484;493,,371;373;375,372,417;477;493;505,,,
7JZL,2,rpk,free,-589.5582676033719,-568.5250215187934,21.033246084578423,-74.27735882375119,-66.04891464902045,8.22844417473074,,339,,370;436,405;493;498;505,,371;373;375,372;431,417;498;505,449;497,501,416
7JZL,2,af2,cons,-619.5108847796267,-531.4875276813741,88.02335709825263,-53.72954267873611,-37.964240585209026,15.765302093527083,,339,483;490;500;502,518,405;493;501;505,449;453;455;456;457;473;474;475;486;487;489;494;495;497,371;373,346;365;372;446;451;454;469;471;479;491;492;506;520;541,417;493;501;505,456;486;489;502,498,403;503
7JZL,2,af2,free,-667.6587602238651,-623.0476243186914,44.61113590517368,-71.35038608000885,-57.781644504635764,13.568741575373082,,339,473;474;475;476;483;485;490;500;502;503,320;367;390;436;443;466;518,405;493;501,403;406;420;446;449;455;456;457;486;487;489;494;495;496;497;506,375;452,357;368;374;377;391;442;445;448;451;454;471;480;492;519;526,417;484;493;505,403;455;456;486;489;490;495;496;497,478;498,416;474;475;503
