pdb,antibody,method,constrained,wt_total,om_total,d_total,wt_interface,om_interface,d_interface,tot_stab_mut_close,tot_stab_mut_distal,tot_stab_other_close,tot_stab_other_distal,tot_destab_mut_close,tot_destab_other_close,tot_destab_mut_distal,tot_destab_other_distal,int_destab_mut,int_destab_other,int_stab_mut,int_stab_other
7N9C,1,rpk,cons,-336.37716931264504,-334.11820039354325,2.2589689191017897,-45.83427732661807,-45.23717195954062,0.5971053670774538,,339;446;496,,,371;373;375;501,372,,,,,,
7N9C,1,rpk,free,-443.6568147136463,-449.456234332692,-5.799419619045693,-53.835108047621645,-52.49389903120755,1.3412090164140977,,339,372;374;406;408;434,340;347;353;421;436;442,375,,371;498,418;422;423;492;495,,407,,405
7N9C,1,af2,cons,-613.9668994534824,-615.023603862352,-1.0567044088696775,-32.14600398999565,-29.385035924813508,2.7609680651821407,,339,369;372;376;406,367;483;485;518,375;501,368;374;435,446,365;420;434;455;528,371;375,378;503,373,369;376
7N9C,1,af2,free,-658.7796787155938,-666.2144331742477,-7.434754458653856,-52.25840225446928,-57.07212984990414,-4.813727595434855,,339,369;372;380;406,450;451;483;518;527,,374,446,332;342;358;365;455;528,375,374,373,372;408;414
