pdb,antibody,method,constrained,wt_total,om_total,d_total,wt_interface,om_interface,d_interface,tot_stab_mut_close,tot_stab_mut_distal,tot_stab_other_close,tot_stab_other_distal,tot_destab_mut_close,tot_destab_other_close,tot_destab_mut_distal,tot_destab_other_distal,int_destab_mut,int_destab_other,int_stab_mut,int_stab_other
7S0D,3,af2,cons,-714.2557559327676,-715.1269890975638,-0.8712331647961946,-3.2497607644218243,-12.952610703048057,-9.702849938626233,,,68;71;75;76;77;78;97;181;214;215;247;248;252;253;260,18;19;21;22;32;111;124;138;154;nan;216;217;229;272,143;144,73;74;152;179;245;246;249;250;256;257,142,17;20;23;115;141;146;148;149;151;153;nan;233,70;211,73;147;184;213;214;249,69;212,71;75;180;181;182;nan;215;248;252;253
7S0D,3,af2,free,-883.2449066395639,-888.2229050680169,-4.97799842845302,-28.338586093850942,-50.26650736029128,-21.927921266440336,,67,74;97;180;181;184;210;213;247;248;258,18;77;79;94;111;114;150;154;155;201;nan;215;216;217;222;242;260;266;272,70;212,71;72;76;187;214;249;255,142;143;144,20;85;98;100;146;151;152;153;221;243;246;269,70,71;185;254,,24;68;73;97;214;nan;250;251
