pdb,antibody,method,constrained,wt_total,om_total,d_total,wt_interface,om_interface,d_interface,tot_stab_mut_close,tot_stab_mut_distal,tot_stab_other_close,tot_stab_other_distal,tot_destab_mut_close,tot_destab_other_close,tot_destab_mut_distal,tot_destab_other_distal,int_destab_mut,int_destab_other,int_stab_mut,int_stab_other
7DPM,1,rpk,cons,-532.167253749147,-498.9450594554553,33.2221942936917,-38.792426412706966,-33.67270229387149,5.119724118835478,,339,,366,371;373;375;376;405;501,369;372,484,,376,,,
7DPM,1,rpk,free,-567.5658431006456,-559.3926182584219,8.173224842223703,-45.03052451368855,-38.16759582148161,6.8629286922069355,,339,374;434,,371;375;405;501,,484,446;455,376;440,369;508,375,
7DPM,1,af2,cons,-617.754162339601,-522.6887902742739,95.0653720653271,-31.665680274623316,-23.28618726460374,8.379493010019576,,339,500;502,483;490;496;518,371;373;376;405;501,370;372;374;506,493,346;351;446;449;451;453;454;455;456;457;459;461;467;469;471;473;474;475;479;487;491;492;494;495;497;520;522;538;541,376,369;372;374;503,373;375,
7DPM,1,af2,free,-666.5495603061768,-609.7147113819028,56.834848924273956,-44.1742298969245,-44.01907730712636,0.15515258979814206,,339;478,380;499;502;508,320;354;367;390;443;466;473;483;490;518;528,371;405;501,369;372;383;434;436;503;506,493,342;365;386;391;402;442;445;446;447;448;451;454;455;457;469;472;479;480;487;488;491;492;495;497;517;519;520;526,376;440,369;372;383;503,373;375,380;407;437;439;506
