pdb,antibody,method,constrained,wt_total,om_total,d_total,wt_interface,om_interface,d_interface,tot_stab_mut_close,tot_stab_mut_distal,tot_stab_other_close,tot_stab_other_distal,tot_destab_mut_close,tot_destab_other_close,tot_destab_mut_distal,tot_destab_other_distal,int_destab_mut,int_destab_other,int_stab_mut,int_stab_other
7OAP,2,rpk,cons,-566.5207205987049,-556.1764266404746,10.34429395823031,-50.39897565235853,-53.27665790866003,-2.8776822563014974,,339,,,371;375,372,446,447;455,,,,369
7OAP,2,rpk,free,-587.2938770128785,-581.4905907693458,5.803286243532739,-52.53956332407646,-53.317073659958105,-0.7775103358816438,,339,,406,371;373;375,372,446,447;455,,,,
7OAP,2,af2,cons,-618.0304424413948,-620.4724942936743,-2.442051852279519,-41.61151584335704,-43.168897329295284,-1.5573814859382438,,339,372,367;406;483;485;518,375,368;374;435,501,365;420;434;455;528,375,374;383,373,378
7OAP,2,af2,free,-665.0345803890848,-659.6373346865191,5.3972457025656695,-44.735930508311434,-53.47492123107635,-8.738990722764918,,339;493,372,367;483;485;518;527,,368;374;435,446;501,365;420;448;526,375,,373,372;378;503
