pdb,antibody,method,constrained,wt_total,om_total,d_total,wt_interface,om_interface,d_interface,tot_stab_mut_close,tot_stab_mut_distal,tot_stab_other_close,tot_stab_other_distal,tot_destab_mut_close,tot_destab_other_close,tot_destab_mut_distal,tot_destab_other_distal,int_destab_mut,int_destab_other,int_stab_mut,int_stab_other
7L57,1,rpk,cons,-314.81038150795735,-309.4521551149446,5.358226393012728,-36.24846352526731,-28.190867205972694,8.057596319294618,,339;373;408,,,484,492,371;375,406,484,,,490
7L57,1,rpk,free,-419.4889264115378,-418.38865958662075,1.100266824917071,-43.1362519947026,-36.40676976226272,6.729482232439878,,339;373;408,472;486;490,340;353;372;382;436;442,484;498,489,371;375;405;417,338;374;398,484,450,,486
7L57,1,af2,cons,-657.7087080575548,-612.596382279201,45.11232577835381,-39.669016334211925,-30.78588927115327,8.883127063058655,,339;478,450;490;500;502,320;358;366;367;368;390;421;436;443;466;518;528,452;493;498;501,446;448;449;451;487;489;491;492;495;497,371;375;405,370;391;456;457;469;479;506;519;520;526,484,444;446;449;483;489;490,498,445;488;495
7L57,1,af2,free,-648.3740405262854,-617.1415591239243,31.232481402361145,-36.70927502178079,-37.65816829743706,-0.9488932756562676,,339;478,475;483;485;490;502,322;326;358;367;390;407;421;436;437;473;500;518;528,452;493;501,446;449;455;486;492;494;495;497,405,368;374;377;391;418;451;454;457;469;479;480;491;506;519;520;526,493,444;446;449;483;486;489;490,484;498;501,445;450;485;495;499
