pdb,antibody,method,constrained,wt_total,om_total,d_total,wt_interface,om_interface,d_interface,tot_stab_mut_close,tot_stab_mut_distal,tot_stab_other_close,tot_stab_other_distal,tot_destab_mut_close,tot_destab_other_close,tot_destab_mut_distal,tot_destab_other_distal,int_destab_mut,int_destab_other,int_stab_mut,int_stab_other
7E88,1,rpk,cons,-443.9613489207051,-421.5000918769099,22.46125704379523,-54.44313677716367,-46.03379055983663,8.409346217327041,,339,493,,501,,371;373;484,492,478;486;505,,,
7E88,1,rpk,free,-484.2355486180657,-467.0942383172497,17.14131030081603,-58.31451812149995,-56.26735555463004,2.0471625668699076,,339,,434,498,,371;375,341;369;446;490;499,417;486;505,,501,487;502
7E88,1,af2,cons,-616.573279513845,-468.531698911492,148.041580602353,-40.91945768780199,29.96649347064001,70.885951158442,,339,481;483;485;500;502,490,405;477;478;486;501;505,453;455;456;473;474;475;476;479;487;489;493;494;495;506,,365;442;445;446;448;449;451;454;467;469;491;492;497,477;478;486;505,420;455;456;474;475;476;479,498,403;415;457;471;480;503
7E88,1,af2,free,-659.5314753338777,-607.4945693035876,52.03690603029008,-58.55663868357676,-16.614547873828165,41.94209080974859,,,485;499;500;502,320;338;369;372;390;407;436;472;483;490,405;417;477;501,403;420;446;447;449;453;454;456;457;475;487;495;497;503,,391;425;442;445;448;451;465;467;491;492;506,417;477;486;505,403;420;421;455;456;457;460;475;476;489,478,487;495
