pdb,antibody,method,constrained,wt_total,om_total,d_total,wt_interface,om_interface,d_interface,tot_stab_mut_close,tot_stab_mut_distal,tot_stab_other_close,tot_stab_other_distal,tot_destab_mut_close,tot_destab_other_close,tot_destab_mut_distal,tot_destab_other_distal,int_destab_mut,int_destab_other,int_stab_mut,int_stab_other
7L7D,1,rpk,cons,-530.6881425490196,-526.6927593646892,3.9953831843304215,-45.59821333759455,-41.87279151913438,3.7254218184601697,,339;446;496,,,,,371;373;375,372,,,,
7L7D,1,rpk,free,-549.986461234075,-550.4278258385949,-0.44136460451989024,-46.171251968407006,-44.249405566179185,1.9218464022278212,,339;446;496,,,484,,371;375,372,484,,477,
7L7D,1,af2,cons,-609.34583513809,-621.6015063192589,-12.25567118116885,-32.72842553913689,-38.7131119357073,-5.98468639657041,,339;371,481;483;485;486,367;369;372;406;518,,,375;501,365;368;374;420;434;435;452;528,,,,486
7L7D,1,af2,free,-658.6650930198564,-667.9147343334209,-9.249641313564553,-44.549940938765126,-42.331498027179606,2.2184429115855195,,339;371,483;485,369;372;406;418;451;518;527,,455,446,374;492;528,417;478;484,,,485;486;489
