pdb,antibody,method,constrained,wt_total,om_total,d_total,wt_interface,om_interface,d_interface,tot_stab_mut_close,tot_stab_mut_distal,tot_stab_other_close,tot_stab_other_distal,tot_destab_mut_close,tot_destab_other_close,tot_destab_mut_distal,tot_destab_other_distal,int_destab_mut,int_destab_other,int_stab_mut,int_stab_other
7MZJ,2,rpk,cons,-541.6265850305574,-512.6725606321628,28.95402439839461,-55.64533886666392,-57.596417753879564,-1.951078887215644,,339;408;505,,,484,490,371;373;375,372;455,,,452,
7MZJ,2,rpk,free,-565.6555817463441,-560.9532761232692,4.702305623074835,-62.970096904598755,-64.60270272255504,-1.6326058179562821,,339;408,,367;368,484,490,371;375,,,,452,
7MZJ,2,af2,cons,-619.1555625528963,-519.3702343593773,99.78532819351904,-47.14453534142231,-20.23828911291834,26.90624622850397,,339,483,481;485;500;502,452;484;501,351;441;442;444;445;446;447;448;451;468;472;491;492;493;494;495;497,405;477,365;453;455;456;457;467;469;474;475;479;487;506,484,346;441;444;446;447;450;468;490;494,452,
7MZJ,2,af2,free,-674.0154147785904,-611.9135730615305,62.10184171705987,-69.10821035887349,-38.2059145526957,30.90229580617779,,339;478;505,483;502,367;372;390;436;473;500;508,,346;348;444;445;446;447;450;451;491;492;493;494;495;497,371;405,425;453;465;475;480;503;506;526,484,346;348;441;444;447;449;450;483;490;494,440;501,345;351
