pdb,antibody,method,constrained,wt_total,om_total,d_total,wt_interface,om_interface,d_interface,tot_stab_mut_close,tot_stab_mut_distal,tot_stab_other_close,tot_stab_other_distal,tot_destab_mut_close,tot_destab_other_close,tot_destab_mut_distal,tot_destab_other_distal,int_destab_mut,int_destab_other,int_stab_mut,int_stab_other
7L7D,1,rpk,cons,-530.2498322768072,-516.3969346907245,13.85289758608269,-44.74637174396796,-43.89278569796139,0.8535860460065692,,339;408,,368;449,493,,371;373;375;501,372,493,,,486
7L7D,1,rpk,free,-553.0510726305155,-541.5794408774402,11.471631753075258,-46.63031227029918,-44.00898222912434,2.6213300411748364,,339,,368;502;508,484,,371;373;375;376;405,372;449,484,,477,
7L7D,1,af2,cons,-609.3458351380901,-469.77337896726726,139.57245617082287,-32.72842553913689,15.698125684206522,48.42655122334342,,339,481;483;485,482;490;496;500;502;518,477;478;493,456;473;474;475;476;479;486;487;488;494;495;497,371;373;405;501,346;351;365;372;446;448;449;451;453;454;457;465;469;491;492;506;520;522;538;541,477;478;493,474;475;476;486;487;489,484,481;495
7L7D,1,af2,free,-658.6650930198564,-606.3192669939597,52.34582602589671,-44.54994093876513,-26.2958628015157,18.254078137249433,,339,473;483;485;499,367;390;443;458;466;467;490;500;502;518;527,501,455;475;486;487;495,371;375;405,342;365;377;391;442;445;446;447;448;451;454;457;465;469;472;480;491;492;497;506;517;519;520;528;533,417;477;478;484,456;475;476;489,498,487
