pdb,antibody,method,constrained,wt_total,om_total,d_total,wt_interface,om_interface,d_interface,tot_stab_mut_close,tot_stab_mut_distal,tot_stab_other_close,tot_stab_other_distal,tot_destab_mut_close,tot_destab_other_close,tot_destab_mut_distal,tot_destab_other_distal,int_destab_mut,int_destab_other,int_stab_mut,int_stab_other
7ND9,1,rpk,cons,-545.7277640365382,-533.9209166758183,11.806847360719985,-41.94382735709904,-43.653043049844264,-1.7092156927452251,,339;408,,406,,455,371;375;405;501,372,,,,
7ND9,1,rpk,free,-614.7832970066603,-605.7147253444027,9.068571662257568,-47.807974409878476,-47.037478254801485,0.7704961550769909,,339;408,491,369;406,484;493,490,371;375;405;501,372,484,,,
7ND9,1,af2,cons,-616.3755451322543,-507.8571223757077,108.51842275654656,-36.069332602166845,-15.845769860420898,20.223562741745948,,339,483;490,496;500;502;508;518,477,455;456;457;459;473;474;475;476;479;486;487;489;494;495,371;373;405;501,346;351;365;372;446;449;451;454;461;467;469;471;491;492;497;506;520;522;538;541,477,473;475;476;486;487;489,478,
7ND9,1,af2,free,-662.4548732576184,-622.9140350000813,39.540838257537075,-59.70509079497216,-40.202974837516805,19.502115957455352,,339,421;474;481;483;490;499,320;354;367;369;390;407;436;443;500;502;518;528,452;484;493;501,403;455;456;457;475;487;491;492;495;497,405,337;349;368;374;377;391;420;435;442;446;447;451;506;519;520;526,477;484,455;473;475;479;487;489,478;498,481;495
