pdb,antibody,method,constrained,wt_total,om_total,d_total,wt_interface,om_interface,d_interface,tot_stab_mut_close,tot_stab_mut_distal,tot_stab_other_close,tot_stab_other_distal,tot_destab_mut_close,tot_destab_other_close,tot_destab_mut_distal,tot_destab_other_distal,int_destab_mut,int_destab_other,int_stab_mut,int_stab_other
6ZXN,1,rpk,cons,-492.0960045809198,-473.52111556263134,18.574889018288445,-38.41429948119227,-39.22531668184066,-0.8110172006483864,,339;408,,,,,371;373;375;405;501,372,,,484,
6ZXN,1,rpk,free,-562.6521110109281,-539.3477695621659,23.304341448762216,-61.31254963554983,-66.06972858939912,-4.757178953849291,,339;408,,329;332;374,,349;446;455;456,371;373;375;405,365;372,,483,452;484,
6ZXN,1,af2,cons,-617.5232821422709,-509.0488151362655,108.4744670060054,-40.759234349105064,-21.6719096120151,19.087324737089965,,339,481;496;502,443;500;518,452;493,351;446;448;449;451;453;456;471;487;488;490;491;492;494;495;497;499,371;373;405,365;372;403;442;454;457;461;467;469;473;475;479;506;520;522;541,452;484,447;449;470;482;483;490;499,501,445;450;486;495
6ZXN,1,af2,free,-670.8283466507859,-612.9450224684094,57.88332418237644,-60.8435301679412,-43.44827225163388,17.395257916307322,,339;478,450;499;500,320;338;354;367;390;396;401;418;430;443;502;518;527,484;493,446;448;449;451;453;455;470;487;491;492;495;497,371;405,365;374;377;391;425;454;465;503;506;517;519;520;525;528,484,349;447;449;470;472;483;489;490,498;501,445;486;494;495;499
