pdb,antibody,method,constrained,wt_total,om_total,d_total,wt_interface,om_interface,d_interface,tot_stab_mut_close,tot_stab_mut_distal,tot_stab_other_close,tot_stab_other_distal,tot_destab_mut_close,tot_destab_other_close,tot_destab_mut_distal,tot_destab_other_distal,int_destab_mut,int_destab_other,int_stab_mut,int_stab_other
7DEU,1,rpk,cons,-518.3447973289858,-53.21457274724666,465.1302245817391,-35.36524937593195,-2.8058066791092955,32.55944269682266,,339,,,477;486,455,371;373;375;376;405;452;498;501,336;338;352;358;362;365;372;374;392;412;418;422;426;434;436;444;448;490;496;508;515;526,477;486,487,,
7DEU,1,rpk,free,-548.8572110562868,-536.4547437922674,12.402467264019378,-36.11323803399662,-29.33417286907314,6.779065164923484,,339;408,,508,477;486,,371;373;405;501,449,477;486,,,
7DEU,1,af2,cons,-616.1681234158912,-527.2052233678926,88.96290004799857,-23.584795965244105,-4.936926944461143,18.647869020782963,,339,,443;483;485;490;500;502;508,477;478,456;474;475;479;480;487;489,405;501,365;442;448;451;453;454;457;465;467;469;491;492;493;494;495;497;506;538,477;486,476;489,478,
7DEU,1,af2,free,-660.8185807984012,-629.7420360935723,31.076544704828848,-32.05107475009136,-30.456843989070652,1.5942307610207074,,339,481;483;485,347;358;367;369;372;390;407;418;422;436;490;500;502;527,477,456;475;487;489,405;501,332;377;442;445;446;448;451;453;471;491;492;495;497;503;506;525;528,477,476;489,478,479;481;483;487
