pdb,antibody,method,constrained,wt_total,om_total,d_total,wt_interface,om_interface,d_interface,tot_stab_mut_close,tot_stab_mut_distal,tot_stab_other_close,tot_stab_other_distal,tot_destab_mut_close,tot_destab_other_close,tot_destab_mut_distal,tot_destab_other_distal,int_destab_mut,int_destab_other,int_stab_mut,int_stab_other
7OAN,2,rpk,cons,-551.3626393425664,-527.5752489228505,23.787390419715848,-33.62484881914536,-34.856976532946824,-1.2321277138014608,,339;408,,,452;484;501,502,371;373;375;478,372,484;505,,498;501,
7OAN,2,rpk,free,-624.4299454303382,-600.2270709578894,24.202874472448798,-44.55705366018778,-42.74716306070808,1.8098905994797008,,339,,,405;452;484,,371;375;478,372;377;378;406,484;486;505,,,487;489
7OAN,2,af2,cons,-602.8120538464264,-514.7108516533029,88.10120219312341,-25.373027257610218,-20.31807457005687,5.0549526875533495,,339,450;483;485;496;499;500;502,383;481,405;452;498;501,446;449;453;455;475;487;488;492;494;495;497;506,477,350;351;365;442;448;451;454;457;461;465;467;469;474;479;491,505,449;490;493,498,483;502;503
7OAN,2,af2,free,-659.1437244223399,-629.4790482036618,29.664676218678096,-42.07275738067249,-53.330707929599754,-11.257950548927262,,339;478,472;485;496;500;502,320;338;347;358;367;369;374;390;401;421;436;443,452;505,445;446;449;453;455;456;487;492;494;495;497;506,375;405,368;406;424;430;442;451;454;465;469;471;491;528,452;484;505,446;449;483;490;493,486;498;501,453;487;489;495;497;499;500;502;503
