pdb,antibody,method,constrained,wt_total,om_total,d_total,wt_interface,om_interface,d_interface,tot_stab_mut_close,tot_stab_mut_distal,tot_stab_other_close,tot_stab_other_distal,tot_destab_mut_close,tot_destab_other_close,tot_destab_mut_distal,tot_destab_other_distal,int_destab_mut,int_destab_other,int_stab_mut,int_stab_other
7N5H,3,rpk,cons,-503.6343266060788,-484.24103637889436,19.393290227184423,-45.687364297969694,-43.83442464598065,1.8529396519890469,,339,,,371;373,372,484;493;501,490,408,,,
7N5H,3,rpk,free,-585.473850163238,-564.935281788223,20.53856837501496,-52.878765370125684,-52.55011405025643,0.3286513198692518,,339,372;374;414,366;491,371;405,,484;493,338;341;342;365;455;490,405,377,,378;414
7N5H,3,af2,cons,-611.1800943973833,-527.4952099575254,83.68488443985791,-37.75390896842026,-27.868742453888366,9.885166514531896,,339,502,443;483;490;496;500;518,371;373;405,370;372,493;501,346;351;365;442;446;449;451;453;454;455;456;457;459;471;473;475;479;487;491;492;494;495;497;506;520;522;541,408,369;427,,377
7N5H,3,af2,free,-661.0579702490472,-614.8043641336876,46.25360611535962,-57.389856855482805,-48.426998973397275,8.96285788208553,,339;478;498,369;382,367;390;418;422;436;443;483;490;500;502;508;518;527,405,377;425;460,375;501,391;438;442;445;446;447;448;451;457;459;465;467;480;487;491;492;495;497;503;506;507;509;517;519;520,408;505,369;381;385,,414
