pdb,antibody,method,constrained,wt_total,om_total,d_total,wt_interface,om_interface,d_interface,tot_stab_mut_close,tot_stab_mut_distal,tot_stab_other_close,tot_stab_other_distal,tot_destab_mut_close,tot_destab_other_close,tot_destab_mut_distal,tot_destab_other_distal,int_destab_mut,int_destab_other,int_stab_mut,int_stab_other
7KFY,1,rpk,cons,-595.5519828499453,-575.8992249667524,19.652757883192862,-59.11413349243588,-49.5150387386251,9.599094753810782,,339;452,496,,405;417;493;498,,371;373;375,372,417;493;505,,501,494
7KFY,1,rpk,free,-604.2111290306377,-599.3338553266051,4.877273704032632,-69.6405944454945,-51.69962783219238,17.940966613302123,,339;408,418;449;453,367,417;484;498,446;489,371;373;375,369;374;499,417;484;493;498;505,489;490;496,501,415;494
7KFY,1,af2,cons,-612.157953605428,-473.5270887132258,138.63086489220223,-43.83015198362834,-7.277445990256691,36.552705993371646,,339,490;499;500,483;518,405;417;477;478;493;498;501;505,447;453;454;455;456;457;473;474;475;476;479;480;487;492;494;495;497;504,371;373,346;351;365;372;446;451;467;469;491;506;520;541,417;501;505,455;456;475;476;487;494,477,457;495;499;503
7KFY,1,af2,free,-667.9636362610615,-617.5234140372451,50.44022222381648,-76.90707681053847,-19.01682857166426,57.89024823887421,,339,458;474;483;490;500;502,320;338;367;389;390;407;436;499;518;527,405;417;493;501,403;446;447;448;449;453;455;456;460;475;489;492;495;496;497,,356;365;368;374;391;445;451;480;491;506;509;519;520;525;528,417;493;501;505,420;449;453;455;456;460;473;489;490;494;496;502,478;498,486;503
