pdb,antibody,method,constrained,wt_total,om_total,d_total,wt_interface,om_interface,d_interface,tot_stab_mut_close,tot_stab_mut_distal,tot_stab_other_close,tot_stab_other_distal,tot_destab_mut_close,tot_destab_other_close,tot_destab_mut_distal,tot_destab_other_distal,int_destab_mut,int_destab_other,int_stab_mut,int_stab_other
7E7Y,2,rpk,cons,-507.70078788907625,-496.6496397345587,11.051148154517534,-46.355830707207055,-50.105826517303896,-3.7499958100968414,,339;373;408,,,477;478;484,,371;375;501,,,,478,
7E7Y,2,rpk,free,-532.9280095682277,-517.3513359591287,15.576673609098975,-48.037118207205225,-48.32829935851752,-0.29118115131229416,,373,,,477;478,,371;375;405;501,446,,487,478,
7E7Y,2,af2,cons,-612.6657479987831,-519.1871729905064,93.47857500827672,-21.80643523875417,-26.576384446986395,-4.769949208232227,,339,483;490;502,383;496;500;518,501,456;473;479;486;487;489;494;495,371;373;405,346;351;365;372;446;449;451;454;457;469;471;491;492;497;506;520;522;538;541,,,478,495
7E7Y,2,af2,free,-664.9394604878062,-621.4734222916123,43.466038196193836,-41.647468005280544,-45.29484477630999,-3.6473767710294496,,339,483;490;502,338;367;380;390;443;466;500;508;518;528,477;493,455;456;486;487;495;497,371;405,351;356;365;374;377;381;391;442;445;446;447;448;451;467;469;491;492;506;517;519;520,477,476;486,478;484;501,485;495
