pdb,antibody,method,constrained,wt_total,om_total,d_total,wt_interface,om_interface,d_interface,tot_stab_mut_close,tot_stab_mut_distal,tot_stab_other_close,tot_stab_other_distal,tot_destab_mut_close,tot_destab_other_close,tot_destab_mut_distal,tot_destab_other_distal,int_destab_mut,int_destab_other,int_stab_mut,int_stab_other
7NP1,2,rpk,cons,-362.5842138724961,-259.2918864929015,103.29232737959461,-46.28427034086103,-35.181634520911444,11.102635819949583,,,,,405;417;501,489,339;373;375,340;372;374,417;505,,,
7NP1,2,rpk,free,-411.26563063793225,-324.57338147917415,86.6922491587581,-50.815122447229925,-42.08491918986549,8.730203257364437,,371,,363;370,501,,339;373;376;484,340;372;374;434,417;505,476,,415
7NP1,2,af2,cons,-612.3114932644348,-463.1772161325512,149.1342771318836,-43.79032078350948,15.625766034531903,59.41608681804138,,339,490;496;502,443;481;482;483;508;518,405;417;477;478;493;501,403;453;455;456;457;473;474;475;476;479;487;488;495,371;373,346;351;365;372;442;446;448;449;451;454;461;465;467;469;491;492;494;497;506;520;522;541,417;477;478;493;505,455;456;473;475;476;489,498;501,415;421;457;495
7NP1,2,af2,free,-666.2356955918378,-612.6283521449124,53.60734344692548,-54.000593297570234,-43.07820622214699,10.922387075423245,,339,458;474;476;486;490;500;502;503,367;369;390;407;436;443;483;518;527,405;493;501;505,449;454;456;475;487;489;495,452,337;351;374;377;391;425;430;435;442;445;446;448;451;465;491;492;497;506;519;520;528,417;493;505,415;420;421;460;473;489,498,476;486;503
