pdb,antibody,method,constrained,wt_total,om_total,d_total,wt_interface,om_interface,d_interface,tot_stab_mut_close,tot_stab_mut_distal,tot_stab_other_close,tot_stab_other_distal,tot_destab_mut_close,tot_destab_other_close,tot_destab_mut_distal,tot_destab_other_distal,int_destab_mut,int_destab_other,int_stab_mut,int_stab_other
6YLA,1,rpk,cons,-532.9002466135996,-520.2517536456627,12.648492967936932,-74.00322004689109,-73.63903851825451,0.3641815286365784,,339;505,,,371;373;375,372,484;501,,,,,
6YLA,1,rpk,free,-563.0282266669578,-558.2508046937539,4.7774219732039,-79.27048385901098,-80.0920767718809,-0.8215929128699173,,339,,,375,368,501,,,369,,372
6YLA,1,af2,cons,-592.0883155630426,-604.316133197414,-12.22781763437149,-50.666120960743136,-61.77558780178075,-11.109466841037616,,339,321;372;517;518,367;393;406;483;485,375,369;374;384;528,446;501,365;420;435;455;489;494,,385,373,325;372;517
6YLA,1,af2,free,-657.6157895160543,-673.7331976531541,-16.1174081370998,-64.93099757573899,-69.59127162777213,-4.660274052033145,,339;484,321;372;379;383;393;428;516;518,406;425;483;527,,374;427;435;519,446,455;528,375,322;369;370;374;376;377;380;385;519;540,373,372;381;392;428;516
