pdb,antibody,method,constrained,wt_total,om_total,d_total,wt_interface,om_interface,d_interface,tot_stab_mut_close,tot_stab_mut_distal,tot_stab_other_close,tot_stab_other_distal,tot_destab_mut_close,tot_destab_other_close,tot_destab_mut_distal,tot_destab_other_distal,int_destab_mut,int_destab_other,int_stab_mut,int_stab_other
7N5H,1,rpk,cons,-501.2019161492025,-475.4925609010786,25.70935524812387,-44.8433592222683,-43.271265110456795,1.5720941118115022,,339,,,371,372,373;375;484;501,,408,,,
7N5H,1,rpk,free,-572.1980224819497,-558.7587404675622,13.439282014387459,-53.160670511370675,-44.39722796356623,8.763442547804445,,339,,392;508,371;373;405,,484,338;446;488;490;515,405;408;505,374;428,,381;460
7N5H,1,af2,cons,-611.3078583723282,-538.4950788415082,72.81277953081997,-34.29718085552698,-30.166304417220136,4.130876438306846,,339,502,481;483;485;490;500,405,369,452;477;501,365;442;445;446;448;449;451;453;454;457;461;465;467;469;474;475;479;480;487;491;492;494;495;497;506,408,369;370;427,,377
7N5H,1,af2,free,-657.1610488845374,-613.9073068327224,43.25374205181504,-48.05634372839471,-47.12484290457844,0.9315008238162648,,,372;414,326;347;366;367;389;418;472;483;490;500;502,371;375;405,379;425,501,351;365;442;445;446;447;451;453;456;466;467;480;487;491;492;493;495;497;503;506;526,,369;383;420;428,405,378;414
