pdb,antibody,method,constrained,wt_total,om_total,d_total,wt_interface,om_interface,d_interface,tot_stab_mut_close,tot_stab_mut_distal,tot_stab_other_close,tot_stab_other_distal,tot_destab_mut_close,tot_destab_other_close,tot_destab_mut_distal,tot_destab_other_distal,int_destab_mut,int_destab_other,int_stab_mut,int_stab_other
7CHF,1,rpk,cons,-507.68888008829146,-481.9724181348438,25.716461953447663,-34.16254800205602,-29.706902542622306,4.455645459433715,,339,,,446;484;493,,371;373;375;501,368;369;372,484,,,
7CHF,1,rpk,free,-539.105773409994,-524.6419532645195,14.463820145474415,-41.42008374174523,-35.57127718125705,5.848806560488178,,339,,454,446;484,,371;373;375;501,365;368;434;489,484,,,
7CHF,1,af2,cons,-618.7601611828566,-609.4949241478712,9.265237034985375,-31.183926056248566,-19.71353562712914,11.470390429119426,,339;371,483;485,367;369;372;406;518,446,452;482,375;501,365;368;420;434;435;455;499;528,484,481;482,,
7CHF,1,af2,free,-663.2007898830786,-659.7580506542287,3.442739228849973,-39.237154496684184,-41.14118211221836,-1.9040276155341758,,339;371,451;483;485,369;372;406;518;527,,,,332;374;435;455;528,484,450,,444;483;485;486
