pdb,antibody,method,constrained,wt_total,om_total,d_total,wt_interface,om_interface,d_interface,tot_stab_mut_close,tot_stab_mut_distal,tot_stab_other_close,tot_stab_other_distal,tot_destab_mut_close,tot_destab_other_close,tot_destab_mut_distal,tot_destab_other_distal,int_destab_mut,int_destab_other,int_stab_mut,int_stab_other
7NDC,3,af2,cons,-824.929105327448,-798.2866720197098,26.6424333077382,-0.5093311056185623,-4.760218613623863,-4.250887508005301,,67;95,,19;21;22;75;76;77;97;111;124;138;213;nan;215;216;247;260,142;145,149;151;152;246,143;144;212,17;20;23;102;140;146;153;179;210;245;249;254;255;256;257;259,,,,150
7NDC,3,af2,free,-900.4467720242887,-877.0472792817056,23.399492742583107,-5.096448960599836,-8.03297066709737,-2.936521706497534,,95;145,155,76;77;81;84;94;122;139;154;170;186;201;213;nan;215;216;222;227;242;248;250;260;272,,17;152;153,70;142;143;144;212,18;20;21;97;134;140;146;183;187;209;210;221;241;244;245;249;254;255;258;262;291,,,,15
