pdb,antibody,method,constrained,wt_total,om_total,d_total,wt_interface,om_interface,d_interface,tot_stab_mut_close,tot_stab_mut_distal,tot_stab_other_close,tot_stab_other_distal,tot_destab_mut_close,tot_destab_other_close,tot_destab_mut_distal,tot_destab_other_distal,int_destab_mut,int_destab_other,int_stab_mut,int_stab_other
7VNB,1,rpk,cons,-593.1488110590399,-584.98707144978,8.161739609259826,-58.93534384763986,-58.81587024363141,0.11947360400844786,,339,,497,446;484,,371;375,,,,,
7VNB,1,rpk,free,-617.44896772571,-609.9221196014339,7.526848124276057,-61.963532362635604,-59.427913825968545,2.5356185366670587,,339;373,,,446,,371;375,364;489,,351,,
7VNB,1,af2,cons,-619.0196218470234,-619.659025840761,-0.6394039937376874,-54.473887698880446,-50.89609520393139,3.5777924949490583,,339;371,483,367;369;372;406;485;518,446;496,444,375;501,365;368;374;420;434;435;455;489,,351;444,,
7VNB,1,af2,free,-665.9765286985252,-669.7828012415562,-3.806272543031014,-63.37722398190975,-67.78833838177819,-4.411114399868438,,339;371,483,369;372;406;518;527,446,354;452;468;490,501,332;342;374;430;435;499;526,484;493,490,,351;356;468;482;494
