pdb,antibody,method,constrained,wt_total,om_total,d_total,wt_interface,om_interface,d_interface,tot_stab_mut_close,tot_stab_mut_distal,tot_stab_other_close,tot_stab_other_distal,tot_destab_mut_close,tot_destab_other_close,tot_destab_mut_distal,tot_destab_other_distal,int_destab_mut,int_destab_other,int_stab_mut,int_stab_other
7N8H,1,rpk,cons,-613.9120872775895,-590.8928542444519,23.019233033137652,-40.9134382962184,-37.51814802652979,3.3952902696886085,,339;408,,,484;501,446;455,371;373;375,372,484,,452,
7N8H,1,rpk,free,-637.1605976233762,-624.785266647704,12.375330975672227,-48.30277924163639,-37.693204128172525,10.609575113463862,,339,495,502;508,484;501,446,371;373;375;405,372;434,484;486,,,
7N8H,1,af2,cons,-614.9138718369675,-520.8926538301633,94.02121800680413,-32.74778615471119,-18.176677838512937,14.571108316198256,,339,483;485;500;502,443;481,501,446;449;455;456;475;487;492;493;494;495;497,405;477,346;365;442;448;451;454;457;467;469;474;479;480;491;506,484,449;483;489;490;494,501,495;499
7N8H,1,af2,free,-656.9803720359939,-611.3288584909583,45.65151354503564,-37.51268066254599,-45.82166212712401,-8.308981464578018,,339,483;485;490;499;500;502,320;338;358;367;369;374;390;436;481;508,452,445;446;448;449;453;487;491;492;493;495;497,375;405,353;368;442;454;460;465;466;467;471;479;506,484,449;483;489;490;493,478;486;498;501,475;495;499
