pdb,antibody,method,constrained,wt_total,om_total,d_total,wt_interface,om_interface,d_interface,tot_stab_mut_close,tot_stab_mut_distal,tot_stab_other_close,tot_stab_other_distal,tot_destab_mut_close,tot_destab_other_close,tot_destab_mut_distal,tot_destab_other_distal,int_destab_mut,int_destab_other,int_stab_mut,int_stab_other
6ZER,2,rpk,cons,-529.5577202483264,-516.077342117369,13.480378130957433,-55.11626970790012,-55.25830989520317,-0.14204018730304568,,339,,340,,372;374,371;484;501,,,,,
6ZER,2,rpk,free,-562.5889128223153,-568.0427516834419,-5.4538388611266555,-62.907423472629425,-65.58599632350908,-2.678572850879654,,339;408,368,508,,434,371,,,,,
6ZER,2,af2,cons,-609.4126681334924,-528.905216238521,80.50745189497138,-50.07757909482629,-53.716333047833274,-3.638753953006983,,339,377;387;518,367;443;483;490;496;502;508,373,369,371;405;452;501,346;351;372;446;449;451;454;455;456;457;459;461;467;469;471;473;474;475;479;487;491;492;494;495;497;506;520;538;541,,,,369;374;377
6ZER,2,af2,free,-662.7015210953562,-629.0626858705582,33.63883522479796,-65.9058520544008,-58.22653578524513,7.679316269155663,,339;478,389;518,320;367;407;421;425;436;443;458;483;490;500;502,,370;428;434,405;493;501,365;420;435;442;445;446;447;448;451;453;456;488;491;492;495;497;506;519;520,,379;381;383;385;428,,374;377;378
