pdb,antibody,method,constrained,wt_total,om_total,d_total,wt_interface,om_interface,d_interface,tot_stab_mut_close,tot_stab_mut_distal,tot_stab_other_close,tot_stab_other_distal,tot_destab_mut_close,tot_destab_other_close,tot_destab_mut_distal,tot_destab_other_distal,int_destab_mut,int_destab_other,int_stab_mut,int_stab_other
6YZ7,1,rpk,cons,-508.6211501704269,-494.9999423510626,13.621207819364315,-67.96903941469824,-64.24604108781828,3.72299832687996,,339;446,,,373;375,372;378,501,,,378,,376
6YZ7,1,rpk,free,-549.9156512758618,-549.1393141904089,0.7763370854529512,-71.26787758307098,-68.99735324442065,2.2705243386503327,,339;446,,363;406;508,373,372;434,,,,,,
6YZ7,1,af2,cons,-596.0438194798443,-607.3317122072692,-11.287892727424946,-53.33465473082066,-56.2296480290597,-2.8949932982390436,,339,369;372;518,367;393;406;483;485,375,368;374;384;434;435,446;496;501,365;452;489;499,,370;378;381;519,373,369;372;385
6YZ7,1,af2,free,-651.5835202513383,-657.3684029174055,-5.784882666067233,-60.37668664168673,-94.9788186032232,-34.60213196153647,,339;484,325;369;372;381;385;386;428;430;515;516;518,393;406;451;483;527,,368;374;383;392;519;528,446;496;501,332;365;448;455;526,375,374;376;519,373,322;323;325;369;372;381;385;386;428;430;517
