pdb,antibody,method,constrained,wt_total,om_total,d_total,wt_interface,om_interface,d_interface,tot_stab_mut_close,tot_stab_mut_distal,tot_stab_other_close,tot_stab_other_distal,tot_destab_mut_close,tot_destab_other_close,tot_destab_mut_distal,tot_destab_other_distal,int_destab_mut,int_destab_other,int_stab_mut,int_stab_other
7JW0,3,rpk,cons,-584.0094500998015,-550.3811251713818,33.628324928419715,-32.14694204469615,-33.023186549857854,-0.8762445051617078,,339,,,375;376,,371;373;405;484;493;501,372;490,,,,
7JW0,3,rpk,free,-599.2289364758013,-577.9246398790065,21.30429659679487,-45.65834836243144,-42.06628234040033,3.592066022031112,,339,378,367;436,371;375;376,,373;405,372;434;490,,368;369;377,,378
7JW0,3,af2,cons,-614.701938731391,-529.248203027957,85.45373570343406,-33.21508871433375,-31.682187563617152,1.5329011507166008,,339,518,367;443;483;490;496;502;508,373,389,371;405;452;501,346;351;372;446;451;453;454;456;457;461;467;469;471;473;475;479;487;491;492;494;495;497;506;520;541,,,,
7JW0,3,af2,free,-658.3864517824791,-620.7550266030472,37.63142517943186,-47.80816805381486,-49.49515395817262,-1.686985904357762,,339;478,388,320;354;358;367;407;436;443;450;466;474;483;490;500;502,,369;370,405;501,356;357;364;365;434;442;445;446;448;451;455;456;457;459;469;480;491;492;494;495;497;506;519;520;526,,370;518,,374;381
