pdb,antibody,method,constrained,wt_total,om_total,d_total,wt_interface,om_interface,d_interface,tot_stab_mut_close,tot_stab_mut_distal,tot_stab_other_close,tot_stab_other_distal,tot_destab_mut_close,tot_destab_other_close,tot_destab_mut_distal,tot_destab_other_distal,int_destab_mut,int_destab_other,int_stab_mut,int_stab_other
7NX6,2,rpk,cons,-547.8856634600988,-537.0098813827589,10.875782077339977,-47.88960193881046,-39.20612799670718,8.683473942103276,,339,,508,,,371,372,417;505,,501,
7NX6,2,rpk,free,-563.7246043101427,-563.0731549699884,0.6514493401542722,-56.62764923268114,-48.55245624629178,8.075192986389354,,339,458;489;495,471;472,417;505,457,371;375,,417;486;505,457,501,421;460;489
7NX6,2,af2,cons,-612.3884381196991,-504.90268009874063,107.48575802095849,-40.34775471690803,-16.784072443524057,23.56368227338397,,339,420;458;499;500;502,483;485,405;477;478;501;505,453;454;455;456;473;474;475;476;479;480;487;494;495;497;503;506,452,365;442;445;446;448;451;469;488;491;492;538,478;505,455;475;476,,504
7NX6,2,af2,free,-656.8057810577914,-608.5832091462185,48.22257191157291,-58.678744097044856,-5.475470129990215,53.20327396705464,,339,500;502,320;338;346;347;368;369;372;390;443;483;485;490;499,405;486;501;505,421;447;455;456;473;475;487;495;497,375;452,356;365;386;391;442;445;446;448;469;480;491;492;506,417;486;501;505,403;420;421;455;456;460;473;475;495;502,477,
