pdb,antibody,method,constrained,wt_total,om_total,d_total,wt_interface,om_interface,d_interface,tot_stab_mut_close,tot_stab_mut_distal,tot_stab_other_close,tot_stab_other_distal,tot_destab_mut_close,tot_destab_other_close,tot_destab_mut_distal,tot_destab_other_distal,int_destab_mut,int_destab_other,int_stab_mut,int_stab_other
7CAC,1,rpk,cons,-810.4460715737055,-602.3202911436567,208.12578043004874,-58.28741458644534,-52.621513034977745,5.6659015514675914,,339,,442,371;373;375;405;478;484,370;372;374,501;493,,478,,375,
7CAC,1,rpk,free,-1022.1988399285862,-851.8947487519744,170.3040911766118,-71.69967314817922,-74.40160577144967,-2.7019326232704515,,417;493,436;487;508;369;377;378,364;367;442;502;335;336;365;428;454;495;513;530,371;373;375;405;484,369;370;372;374;489;506;368;414;488,501,490;518;519;323;367;390;524,478;376;405;408,372,477;375,487;374;414
7CAC,1,af2,cons,-1197.9582042418683,-1030.8286708485757,167.1295333932926,-44.13461257846535,-46.95843192103446,-2.8238193425691094,,339,481;483;485;502;369;372;436,490;496;500;518,371;373;375;405,365;372;474;475;479;487;506;374;387;389;434;503;504;508,452;501,346;351;442;446;449;451;453;454;455;456;457;459;461;467;469;471;473;491;492;494;495;497;520;522;538;541,478;375,479;485;486;370;504,,483;369;372;374;377;378
7CAC,1,af2,free,-1310.434523295904,-1223.6065969443198,86.82792635158421,-75.67216695298049,-80.74303264101735,-5.070865688036861,,,369;407;436;476;481;483;486;490;382,367;390;419;421;443;450;500;502;518;527;399;428;430;466,405,374;377;425;435;475;480;487;495;506;528;370;372;406;414;479;488;503,493;501;498,337;355;391;402;418;420;442;445;446;447;448;451;455;456;465;471;472;491;492;497;519;520;540;365;457;469;473,478;484;405,486;370;372;389;414,373;375,479;481;483;369;378;385;508
