pdb,antibody,method,constrained,wt_total,om_total,d_total,wt_interface,om_interface,d_interface,tot_stab_mut_close,tot_stab_mut_distal,tot_stab_other_close,tot_stab_other_distal,tot_destab_mut_close,tot_destab_other_close,tot_destab_mut_distal,tot_destab_other_distal,int_destab_mut,int_destab_other,int_stab_mut,int_stab_other
7E8F,1,af2,cons,-821.4139710048598,-778.4136740241411,43.00029698071876,-20.306263985806922,-16.21686766567727,4.0893963201296515,,67;95,19;147;247,18;22;75;76;77;97;111;124;138;213;nan;215;216;260,142;143;144,16;17;146;150;152;153;154;156;246;249;255;256;257,212,20;23;96;179;187;210;229;245;259;272,144,146;154,,254
7E8F,1,af2,free,-901.1047234477483,-890.0305694815007,11.074153966247536,-32.09029949791051,-20.273520927262375,11.816778570648133,,67;95,147;151;154;155;156;157;248,18;31;32;76;77;94;96;111;121;123;138;139;182;186;213;nan;215;216;222;228;242,142;143;144,17;152;153;158,69;70;212,20;23;71;80;85;99;100;180;183;221;245;249;253;255;259;262;269;270,144,146;148;157;246,,150;154;156
