pdb,antibody,method,constrained,wt_total,om_total,d_total,wt_interface,om_interface,d_interface,tot_stab_mut_close,tot_stab_mut_distal,tot_stab_other_close,tot_stab_other_distal,tot_destab_mut_close,tot_destab_other_close,tot_destab_mut_distal,tot_destab_other_distal,int_destab_mut,int_destab_other,int_stab_mut,int_stab_other
7E3L,2,rpk,cons,-527.740836771901,-498.4283564325163,29.31248033938465,-35.52134055049511,-35.95552171664531,-0.4341811661501964,,339,,,478,,371;373;375;405;501,372,,,493,
7E3L,2,rpk,free,-587.7972918837997,-572.166699199505,15.630592684294697,-51.86078379362029,-42.92306004952516,8.93772374409513,,339,,,,475;479,371;375;405;501,335;368;502,478,479;487,,
7E3L,2,af2,cons,-614.7538477102335,-478.34705433618865,136.4067933740448,-33.72072426048751,19.902368290710736,53.62309255119824,,339,483;485;490,383;443;496;500;502;518,477;478;484;493,453;455;456;473;474;475;476;479;480;486;487;495,371;373;405;501,346;351;365;372;387;391;446;449;451;454;457;459;461;471;491;492;494;497;506;520;541,477;478;484,474;475;476;479;487;489,,483
7E3L,2,af2,free,-655.6349675153015,-569.4497679607764,86.18519955452507,-49.391282541035025,-25.975945267787743,23.41533727324728,,339,458;481;483;485;489;499,320;338;366;367;380;389;390;418;443;500;502;518,477;478;493,453;474;475;476;479;480;495,371;405;501,342;353;356;365;377;391;425;442;445;446;447;448;449;451;491;492;497;506;517;519;520;526,477;478,474;475;476,498,458;481;483;487
