pdb,antibody,method,constrained,wt_total,om_total,d_total,wt_interface,om_interface,d_interface,tot_stab_mut_close,tot_stab_mut_distal,tot_stab_other_close,tot_stab_other_distal,tot_destab_mut_close,tot_destab_other_close,tot_destab_mut_distal,tot_destab_other_distal,int_destab_mut,int_destab_other,int_stab_mut,int_stab_other
7ME7,1,rpk,cons,-354.61747152172086,-346.148982550572,8.468488971148872,-41.4747533608501,-37.46837028616524,4.006383074684862,,373;408,,370;403,484;493,,375;478,502,452,,,
7ME7,1,rpk,free,-483.6733303094752,-467.775400248186,15.89793006128923,-50.27461303596708,-45.5365961316156,4.7380169043514755,,339;373;408,351;492,,493,466;488,371;375;405;478;498;501,401;455;474;489;497;502,,490;492,,
7ME7,1,af2,cons,-616.8302873074667,-529.1403717929942,87.68991551447255,-32.68544356476487,-20.01721678628261,12.668226778482257,,339,483;490;500,502;508;518,452;493,351;448;451;453;468;469;491;492;494;495;497,371;373;405;501,365;372;387;389;442;446;454;455;456;457;461;473;475;479;487;506;520;522;538;541,452;484,466;468;470;490;494,,497
7ME7,1,af2,free,-666.8149246889195,-631.8435925020674,34.97133218685212,-48.27698155682174,-51.1209501867372,-2.8439686299154587,,478,490,320;322;326;338;367;390;407;421;423;436;443;500;502;518;527,452;493,446;447;449;468;470;491;492;495;497,405;501,374;391;403;420;442;453;467;488;506;519;520;528,,468;470;472;482;483;490,493,351;356;445;450;466;494;497
