pdb,antibody,method,constrained,wt_total,om_total,d_total,wt_interface,om_interface,d_interface,tot_stab_mut_close,tot_stab_mut_distal,tot_stab_other_close,tot_stab_other_distal,tot_destab_mut_close,tot_destab_other_close,tot_destab_mut_distal,tot_destab_other_distal,int_destab_mut,int_destab_other,int_stab_mut,int_stab_other
7E8C,1,rpk,cons,-447.6466195647324,-417.87521104493203,29.77140851980039,-34.152005398180656,-27.01484731481495,7.137158083365705,,339,,,452;484;493,446,371;373;375;405;501,372,484,,,
7E8C,1,rpk,free,-528.3009046354695,-525.6339980101159,2.6669066253535902,-36.58311903437742,-34.28856120890713,2.294557825470285,,339;408,495,374;382;502;508,484,446,371;405;501,338;388;455;487;506,484,,,
7E8C,1,af2,cons,-613.4312420957323,-517.6011386764601,95.83010341927218,-28.203801008763264,-9.053874858733073,19.14992615003019,,339,483,383;502;518,484;493;501,351;447;448;449;451;471;479;490;491;492;494;495;497,371;373;405,365;372;453;454;455;456;457;469;473;487;506;520;522;541,484,346;449;450;482;490,,495;497
7E8C,1,af2,free,-662.6599315818355,-611.9657854365657,50.69414614526977,-39.08754824959974,-39.186865733076175,-0.09931748347643321,,339;477;478,483,320;367;389;390;407;436;466;500;502;518;527,,446;448;449;451;480;482;491;492;495;497,405,368;374;391;442;453;455;456;457;465;469;487;506;519;520;528,484,449;450;481;482;483;490,452;493;501,445;494
