pdb,antibody,method,constrained,wt_total,om_total,d_total,wt_interface,om_interface,d_interface,tot_stab_mut_close,tot_stab_mut_distal,tot_stab_other_close,tot_stab_other_distal,tot_destab_mut_close,tot_destab_other_close,tot_destab_mut_distal,tot_destab_other_distal,int_destab_mut,int_destab_other,int_stab_mut,int_stab_other
7LAB,2,af2,cons,-813.3716769286655,-793.4219116638147,19.949765264850726,-37.78881257880667,-39.78969938580505,-2.0008868069983805,,142,32;97;187;215;217;218,21;111;150;153;228;229;242,24;25;26;213,23;69;70;249;250;257;258;259,19,18;77;80;140;147;191;233;244;245;251;256;272,213,,,30;78
7LAB,2,af2,free,-891.3267366934924,-876.4760086237684,14.850728069724028,-58.167810539171455,-55.93839963883855,2.2294109003329083,,142,69;97;180;217,41;81;82;84;108;110;222;226;228;236;242;243;247;255,25;26,78;181;215;218;259;261,19,23;54;77;80;138;140;147;221;233;245;249;250;251;254,26,66;211;215;218,27,30;64;76;78;214
