pdb,antibody,method,constrained,wt_total,om_total,d_total,wt_interface,om_interface,d_interface,tot_stab_mut_close,tot_stab_mut_distal,tot_stab_other_close,tot_stab_other_distal,tot_destab_mut_close,tot_destab_other_close,tot_destab_mut_distal,tot_destab_other_distal,int_destab_mut,int_destab_other,int_stab_mut,int_stab_other
7OAN,1,rpk,cons,-551.1939221901694,-527.5650332347004,23.628888955468938,-35.02236642072814,-35.686418555332665,-0.6640521346045247,,339;408,,,452;484;501,502,371;373;375,372,484;505,,498;501,
7OAN,1,rpk,free,-613.8978690911927,-615.8376166750967,-1.9397475839040226,-50.956898524823124,-42.27933063377198,8.677567891051147,,339,446;456;489;491,328;508,405;452,,371;478,372;406,484;505,449,493,489;494
7OAN,1,af2,cons,-603.1111173043574,-515.940549812364,87.17056749199344,-24.888564199124815,-29.194987107574345,-4.30642290844953,,339,483;486;490;496;500;502,481;518,405;452;493,446;449;453;455;456;487;489;492;494;495;497;506,371;373,351;365;372;391;448;451;454;457;467;468;469;473;474;475;479;491;520;541,493;505,449;490,498,483;486;488;495;503
7OAN,1,af2,free,-654.6155766131815,-635.1841032876633,19.43147332551814,-34.72147643968393,-52.27810944692661,-17.556633007242674,,339;408;478,450;486;500;502;503,320;354;367;369;390;407;436;474;508;518,493,446;449;455;487;492;494;497;506,405,374;377;391;420;424;430;442;445;451;457;465;479;491;517;519;520;540,452;493;505,446;449;483;490,498;501,403;486;495;499;500;502;503
