pdb,antibody,method,constrained,wt_total,om_total,d_total,wt_interface,om_interface,d_interface,tot_stab_mut_close,tot_stab_mut_distal,tot_stab_other_close,tot_stab_other_distal,tot_destab_mut_close,tot_destab_other_close,tot_destab_mut_distal,tot_destab_other_distal,int_destab_mut,int_destab_other,int_stab_mut,int_stab_other
6XE1,1,rpk,cons,-565.0924528578548,-559.8266660938125,5.265786764042332,-44.56147363950724,-37.84248927844217,6.718984361065068,,339;373,,,405;417;501,,371,,417;486;505,,,
6XE1,1,rpk,free,-592.86582392589,-588.7618273262615,4.103996599628545,-63.511908182898416,-61.36318051270825,2.148727670190169,,339;373,,,405;417,,375,,417;505,420,477;501,
6XE1,1,af2,cons,-616.3735153170871,-511.31178364432367,105.06173167276347,-46.39419263695838,-20.454754826732092,25.939437810226288,,339,500;502,347;483;485,405;417;477;478;498;501;505,424;449;453;454;456;457;473;474;475;476;479;480;487;493;494;495,452,365;442;445;446;448;451;465;469;491;492;497;506,417;477;486;505,455;475;476;493,498,460;503
6XE1,1,af2,free,-658.7438907650642,-619.2466832061782,39.497207558885975,-60.71773409569648,-22.41555490863009,38.302179187066386,,339;376,490;499;500;502,320;338;358;367;369;390;436;443;483;485;528,405;417;486;501;505,403;447;455;456;460;487;493;495;497,,353;368;386;391;442;445;446;448;451;466;467;479;491;492;506;526,405;417;486;505,403;415;420;421;453;455;456;460;473;487;489;493;502,477;478;498,503
