pdb,antibody,method,constrained,wt_total,om_total,d_total,wt_interface,om_interface,d_interface,tot_stab_mut_close,tot_stab_mut_distal,tot_stab_other_close,tot_stab_other_distal,tot_destab_mut_close,tot_destab_other_close,tot_destab_mut_distal,tot_destab_other_distal,int_destab_mut,int_destab_other,int_stab_mut,int_stab_other
7L2C,2,af2,cons,-823.5663821021753,-791.9862696974683,31.58011240470705,-7.770541220973669,-16.277900990815326,-8.507359769841656,,,146;148;248,18;20;21;41;65;75;76;79;97;111;180;228;229,,140;141;147;149;156;245;247;249;250;251;253;254;257,19;24;25,29;66;80;160;197;258;259,,147;153;253;254,,148;150;248;249;250;251
7L2C,2,af2,free,-885.1186827601693,-887.2016184279352,-2.0829356677658097,-20.836853047606013,-34.083989283112906,-13.247136235506893,,,153;154;246;247;248;256,20;41;80;97;102;108;180;212;222;237;251;255;291,,144;148;149;156;244;245;249;258,19;24;25,23;77;179;181;210;221;254;259;272,,144;146;149;155;247,,147;156;246;248;249;250;251;252
