pdb,antibody,method,constrained,wt_total,om_total,d_total,wt_interface,om_interface,d_interface,tot_stab_mut_close,tot_stab_mut_distal,tot_stab_other_close,tot_stab_other_distal,tot_destab_mut_close,tot_destab_other_close,tot_destab_mut_distal,tot_destab_other_distal,int_destab_mut,int_destab_other,int_stab_mut,int_stab_other
7E3K,2,rpk,cons,-476.428541925486,-443.697831479831,32.730710445655006,-35.500684473605936,-29.514713534908037,5.9859709386979,,339;408,,,484,,371;373;376;405;501,372;502,477;486,,,
7E3K,2,rpk,free,-567.7144964976262,-554.2274559495627,13.487040548063533,-44.19502371615726,-44.00116448085043,0.19385923530683158,,339,458,364;367;496,477;486,480,371;405;501,338;368;502;506,477;486,473;493,,458;479;485;489
7E3K,2,af2,cons,-617.0697964436511,-527.1733843509681,89.89641209268291,-32.62632853410187,-9.592283360095207,23.034045174006664,,339,481;483;485,347;421;443;502,477;478;484;486,455;456;474;475;476;479;480;487;488;489;493;494;495,405;501,365;442;446;448;451;454;457;467;469;491;492;497;506,478;484;486,475;479;487;493,,
7E3K,2,af2,free,-656.788525149632,-615.7568845675839,41.03164058204811,-47.36461021684102,-32.62539940370231,14.739210813138712,,339,481;483;485;490,320;338;356;358;367;369;389;390;436;443;499;500;502;518;527,478,457;474;475;476;479;487;495,375;405;501,326;351;365;368;391;442;445;446;447;448;451;454;465;466;471;491;492;497;506;528,478;484;486,473;475;476;479;487,,481;489
