pdb,antibody,method,constrained,wt_total,om_total,d_total,wt_interface,om_interface,d_interface,tot_stab_mut_close,tot_stab_mut_distal,tot_stab_other_close,tot_stab_other_distal,tot_destab_mut_close,tot_destab_other_close,tot_destab_mut_distal,tot_destab_other_distal,int_destab_mut,int_destab_other,int_stab_mut,int_stab_other
7DK4,3,rpk,cons,-475.9566546233182,-442.27995767863547,33.6766969446827,-49.66765741149472,-46.35887270606924,3.308784705425481,,339;408,490,,405;498;501,,371;373;375,372,484;493;505,,,490;496
7DK4,3,rpk,free,-531.9178059213051,-512.7974587880706,19.12034713323453,-73.87142014696158,-65.686213803881,8.18520634308058,,339;408,480;490,338;436;525,493,472;491,371;375,365;434,417;484;493;505,403;444;488,478,453;458;490
7DK4,3,af2,cons,-601.0635117147921,-496.4180483888698,104.64546332592226,-38.52345787438822,-24.019605819618313,14.503852054769908,,339,481;485;486;490;496;500;502,518,405;493;501;505,446;449;453;456;457;473;474;475;479;480;487;489;491;492;494;495;497;503;504;506,371;373,346;351;365;372;442;451;454;459;469;471;520;522;538;541,417;493;505,456;483;487;489,478;498,449;476;485;486;488;495;502
7DK4,3,af2,free,-665.3298308473934,-618.9462087290551,46.38362211833828,-61.670979007934335,-62.26147055437828,-0.5904915464439426,,339,475;476;486;490;500;502,320;367;369;389;390;407;436;443;518;527,405;493;501,403;445;446;447;449;457;487;488;489;491;492;494;495;497;506,,337;368;374;391;442;451;454;459;519;520;528,493;505,403;449;456;473;483;489,452;478;498,475;476;486;487;495;503
