pdb,antibody,method,constrained,wt_total,om_total,d_total,wt_interface,om_interface,d_interface,tot_stab_mut_close,tot_stab_mut_distal,tot_stab_other_close,tot_stab_other_distal,tot_destab_mut_close,tot_destab_other_close,tot_destab_mut_distal,tot_destab_other_distal,int_destab_mut,int_destab_other,int_stab_mut,int_stab_other
7CWL,3,rpk,cons,-412.0655494256325,-392.94708176286156,19.118467662770968,-44.438135410436956,-41.98140779716108,2.4567276132758735,,,,500;506,452;478,,371;373;501,,484,,,
7CWL,3,rpk,free,-536.9625028126111,-517.1237434528762,19.838759359734922,-58.7829218185463,-57.312032839519745,1.4708889790265545,,373,455;487,340;342;372;436;473;508,478,490;491,371;405;501,369;406;409;418;419;422;526,478,485;490,,487;488
7CWL,3,af2,cons,-610.4591510916428,-531.1701281367622,79.28902295488058,-33.77665145223955,-20.721340893456677,13.055310558782871,,339,483;485;496,347;421;500;502,501,351;446;449;455;456;469;475;479;487;490;491;492;494;495;497,405;477,365;442;445;448;451;454;457;465;474;506,484,456;481;489;490,,493;495
7CWL,3,af2,free,-659.2695819622938,-618.9073358750396,40.36224608725422,-43.325021642899685,-54.30954126176753,-10.984519618867843,,339,472;485;490;499,320;347;367;369;382;389;390;436;443;458;500;502;527,452,351;446;447;449;455;456;470;487;491;492;495;497,375;405,326;368;420;442;445;453;454;465;475;506;516;518,,449;450;470;472;481;483,486;498;501,485;489;494;495
