pdb,antibody,method,constrained,wt_total,om_total,d_total,wt_interface,om_interface,d_interface,tot_stab_mut_close,tot_stab_mut_distal,tot_stab_other_close,tot_stab_other_distal,tot_destab_mut_close,tot_destab_other_close,tot_destab_mut_distal,tot_destab_other_distal,int_destab_mut,int_destab_other,int_stab_mut,int_stab_other
7L2E,1,af2,cons,-780.9060148084816,-725.4591568636163,55.446857944865314,-20.551275109250728,35.82361462241327,56.374889731664,,,20;138;143;154;158,21;41;75;76;78;79;111;228;229,19;142,16;17;140;141;155;156;245;248;249;250;251;252;253;254;255;257;259,24;25,160,19,16;17;144;156;158;246;248;249;250;252;254;255,,15;145;247;251;258
7L2E,1,af2,free,-903.976599891555,-870.5003330937475,33.47626679780751,-19.611525311462586,-52.419315349450784,-32.8077900379882,,,138;139;148;243;247;248,68;75;76;79;80;81;84;94;184;222;226;228;266;271,19,140;144;146;149;152;156;158;244;245;249;258,25;69,54;77;78;101;153;181;183;221;259;260;262;272,19,16;155;246;256,142,144;145;147;148;156;247;248;249;250;251;252;253;255
