pdb,antibody,method,constrained,wt_total,om_total,d_total,wt_interface,om_interface,d_interface,tot_stab_mut_close,tot_stab_mut_distal,tot_stab_other_close,tot_stab_other_distal,tot_destab_mut_close,tot_destab_other_close,tot_destab_mut_distal,tot_destab_other_distal,int_destab_mut,int_destab_other,int_stab_mut,int_stab_other
7OAY,5,rpk,cons,-574.8250077724266,-563.1993524999326,11.625655272493987,-47.43303402494909,-44.57122053704897,2.8618134879001147,,339,,,371;373;375,372,405;452;501,,376,,,
7OAY,5,rpk,free,-593.6797322830348,-575.8173085320846,17.862423750950256,-48.57196051679886,-46.65676643330312,1.9151940834957415,,339,,,373;375,368,405;484;501,365;450;490,376,,,372
7OAY,5,af2,cons,-600.5029242030828,-548.0822779665903,52.42064623649253,-27.277087901687842,-36.148035280260615,-8.870947378572772,,339,369;377;383;384;385,347;481;483;485;490;500;502,373,434,405;452;477;501,389;442;446;448;451;453;457;467;469;474;475;479;480;487;488;491;492;494;495;497;506,371,,,369;377;383;384;414
7OAY,5,af2,free,-658.9802175884993,-628.0676555736104,30.912562014888863,-50.43208117500722,-40.231973106192044,10.200108068815176,,339,365;374,320;367;390;418;422;450;472;483;485;490;499;500;502;508,,383;434,405;501,326;351;391;425;446;448;451;453;465;467;474;479;487;491;492;495;497;503;506,376,369;377;384;414,,374;381;427
