pdb,antibody,method,constrained,wt_total,om_total,d_total,wt_interface,om_interface,d_interface,tot_stab_mut_close,tot_stab_mut_distal,tot_stab_other_close,tot_stab_other_distal,tot_destab_mut_close,tot_destab_other_close,tot_destab_mut_distal,tot_destab_other_distal,int_destab_mut,int_destab_other,int_stab_mut,int_stab_other
7NXB,2,rpk,cons,-547.239230936893,-547.8250448180104,-0.5858138811173603,-54.303202807839995,-55.59632283375041,-1.2931200259104187,,339;373;446,,,375,,371,455;500,,,,
7NXB,2,rpk,free,-567.0968597958372,-575.45776326583,-8.360903469992763,-64.59492376405186,-61.17732664634804,3.4175971177038136,,339,370,367;406,375,,,449;500,,428,,
7NXB,2,af2,cons,-607.3056105066696,-611.3554699167128,-4.049859410043155,-36.489540351284326,-39.20198087128037,-2.7124405199960435,,339,366;367;370;372;518,393;406;483;485,375,368;387;528,446;501,420;434;435;455;489;499,,369,,366;370
7NXB,2,af2,free,-664.431470173698,-668.6400574624389,-4.208587288740887,-65.67230825263488,-67.0138341227798,-1.3415258701449204,,339,372;377;384;389;515;518,393;406;451;483;527,,374,,365;387;435;489;519,,429,,372
