pdb,antibody,method,constrained,wt_total,om_total,d_total,wt_interface,om_interface,d_interface,tot_stab_mut_close,tot_stab_mut_distal,tot_stab_other_close,tot_stab_other_distal,tot_destab_mut_close,tot_destab_other_close,tot_destab_mut_distal,tot_destab_other_distal,int_destab_mut,int_destab_other,int_stab_mut,int_stab_other
7NX7,1,rpk,cons,-554.562487111655,-549.6489606007578,4.9135265108971,-54.06431755221722,-53.89304799547006,0.1712695567471556,,339;373;408,,,375,,371,455;500,,,,
7NX7,1,rpk,free,-575.0555968002284,-569.5802463575504,5.47535044267795,-61.449431699324656,-59.83161871282447,1.6178129865001836,,339,370;428,,375,,371;405,500,375,414,,428
7NX7,1,af2,cons,-607.8444625606942,-540.7033064017759,67.1411561589183,-33.32947853650684,-45.258713392722505,-11.929234856215665,,339,370,347;481;483;485;490;500;502,,389,405;452;477;501,357;394;442;446;448;451;453;454;457;467;469;474;475;479;487;488;491;492;494;495;497;506,,,,369;374;377;385
7NX7,1,af2,free,-664.519226160486,-629.3754881229995,35.143738037486514,-51.823348609533625,-66.6524194628162,-14.829070853282573,,339;478,382;389,347;358;367;372;421;443;472;483;490;499;500;502,375,369;517,371;405;486;501,351;420;442;445;446;447;451;453;456;457;461;467;471;487;488;491;492;495;497;506,,,,369;377;378;382
