pdb,antibody,method,constrained,wt_total,om_total,d_total,wt_interface,om_interface,d_interface,tot_stab_mut_close,tot_stab_mut_distal,tot_stab_other_close,tot_stab_other_distal,tot_destab_mut_close,tot_destab_other_close,tot_destab_mut_distal,tot_destab_other_distal,int_destab_mut,int_destab_other,int_stab_mut,int_stab_other
6ZHD,3,rpk,cons,-584.7111363251782,-558.0956933072143,26.615443017963912,-44.96886511305134,-38.130781408046865,6.838083705004479,,339,,,484,,371;373;375;405;501,372,484;493,,,
6ZHD,3,rpk,free,-614.2911344053441,-603.3514591785323,10.9396752268118,-44.12714670193555,-39.04242024097222,5.084726460963331,,339;376;408;505,,369;508,484,446,371;373;498;501,368;453,484;493,,,
6ZHD,3,af2,cons,-616.0240509583539,-519.573004360499,96.45104659785488,-39.95764516896716,-9.826274038546927,30.131371130420234,,339,481;483;490;496;502,508;518,493,346;446;448;449;451;456;473;487;488;489;491;492;494;495;497,371;373;405,351;365;372;442;454;457;459;461;465;469;471;475;479;506;520;522;528;541,493,449;483;489;490;494;495;499,498;501,445
6ZHD,3,af2,free,-666.3062483216316,-621.1361112367689,45.170137084862745,-44.78647856324097,-37.53369361418155,7.252784949059418,,339;478,346;500;502,320;338;367;390;443;518,452;493,446;448;449;451;488;489;491;492;494;495;497,371;405,356;365;391;420;442;453;457;465;506;519;520,452;493,449;483;489;490,498;501,445;450;486;495
