pdb,antibody,method,constrained,wt_total,om_total,d_total,wt_interface,om_interface,d_interface,tot_stab_mut_close,tot_stab_mut_distal,tot_stab_other_close,tot_stab_other_distal,tot_destab_mut_close,tot_destab_other_close,tot_destab_mut_distal,tot_destab_other_distal,int_destab_mut,int_destab_other,int_stab_mut,int_stab_other
7NKT,1,rpk,cons,-527.7995943270048,-484.62659752527486,43.17299680172994,-47.157018159503195,-44.3830282071129,2.773989952390295,,339;505,,,371;373;375,370;372,501,455,408,,375,
7NKT,1,rpk,free,-558.6583870764907,-515.8534951554781,42.804891921012654,-48.14014245209099,-45.30355493029116,2.836587521799828,,339;505,,390,371;373;375;376;405,365;368;369;370;372;377;434,501,342;392;455;490,405;408,370;372,,374;384
7NKT,1,af2,cons,-616.5404396835984,-529.1442397965451,87.39619988705329,-35.04478800204692,-15.962835627899963,19.081952374146958,,339,,481;483;485;490;502,373;375;405,369;374;434;506;508,452;477;501,365;389;420;442;445;446;448;451;453;455;456;457;467;469;474;475;479;487;488;491;492;493;494;495;497,405,370;372;374;503;508,,
7NKT,1,af2,free,-666.0847210042746,-622.2541378937933,43.83058311048126,-42.70587079966719,-27.96278930189627,14.74308149777092,,339;478,,320;347;358;367;390;430;472;483;485;490;500;502,371;375;376;405,508,501,356;357;365;442;445;446;448;451;453;456;465;471;487;491;492;495;497;506;525,405,370;372;385;503;508,,374
