pdb,antibody,method,constrained,wt_total,om_total,d_total,wt_interface,om_interface,d_interface,tot_stab_mut_close,tot_stab_mut_distal,tot_stab_other_close,tot_stab_other_distal,tot_destab_mut_close,tot_destab_other_close,tot_destab_mut_distal,tot_destab_other_distal,int_destab_mut,int_destab_other,int_stab_mut,int_stab_other
7LQ7,2,rpk,cons,-526.6952141562855,-508.4072052152882,18.288008940997315,-44.44621464738807,-45.49208886716388,-1.0458742197758113,,339,,,371;373,370;372,446;501,,,,,
7LQ7,2,rpk,free,-550.6800207950178,-545.8691232231317,4.8108975718860165,-50.27909716979627,-55.215700104344194,-4.9366029345479205,,339,,452;502;508,371;373,372,446;493;501,449;491;506,,374;415,478,369;486
7LQ7,2,af2,cons,-609.9595440811945,-605.6737688699712,4.285775211223267,-31.43957970059588,-31.26272905171472,0.17685064888115676,,339,372,406;483;485;518,375,365;368;374;377;384,496;501,435;452;528,,374,,377
7LQ7,2,af2,free,-660.171317981301,-664.8989314581218,-4.727613476820807,-59.49482993358323,-62.267899085172175,-2.773069151588942,,339;371,379;382;390;406;415,483;485;518,,368;374;381;384;386;389,446,365;391;424;434;435;444;455;489,,370;381;386;408,478,412;413;414;415
