pdb,antibody,method,constrained,wt_total,om_total,d_total,wt_interface,om_interface,d_interface,tot_stab_mut_close,tot_stab_mut_distal,tot_stab_other_close,tot_stab_other_distal,tot_destab_mut_close,tot_destab_other_close,tot_destab_mut_distal,tot_destab_other_distal,int_destab_mut,int_destab_other,int_stab_mut,int_stab_other
7CDJ,1,rpk,cons,-314.3405301235466,-286.0884560171321,28.25207410641451,-43.08595550598366,-35.41990285135171,7.6660526546319545,,339;408,,,478;484;486;498;501,490,371;373;375;417,,478;484;486,,452,
7CDJ,1,rpk,free,-398.74815457395107,830.1675458611211,1228.9157004350723,-38.81236454031825,24.186525546922617,62.998890087240866,,339,,,452;478;484;486;498;501,445;454;456;473;475;480;483;488;489;490;492;493;494;495,371;373;375;405;417,336;337;338;341;342;344;347;348;349;350;351;353;354;355;358;362;363;364;365;366;368;369;370;372;374;377;379;380;381;382;383;384;386;387;388;390;391;392;394;395;396;397;398;399;400;401;402;403;406;407;409;410;411;412;413;418;419;421;422;423;424;425;426;427;429;430;431;432;433;434;435;436;437;438;448;450;451;453;457;458;460;463;464;466;467;471;491;497;499;503;506;507;508;509;510;511;512;513;514;515;516;517;518;520;522;526,478;484;486;501,449;454;456;480;483;489,452,
7CDJ,1,af2,cons,56.43150153363325,-7.888547025768631,-64.32004855940188,-17.947685930626754,-6.159012374780482,11.788673555846273,,339,473;475;476;482;483;485;487;502,329;356;358;361;380;394;395;396;397;398;400;401;402;403;404;406;407;425;426;429;430;431;432;433;470;471;472;474;480;488;506;507;508;509;510;511;513;515;524,452;498;501,445;446;448;451;455;489;492;494;495;499;503,405,338;342;346;347;350;351;352;353;354;355;360;365;368;386;387;388;389;390;391;392;412;418;420;422;423;436;442;454;457;459;461;467;469;491;512;516;517;518;519;520;521;525;541,486;498,449;483;489;490;494;496;499,484;501,485;495;502
7CDJ,1,af2,free,-275.1440712047556,-256.1985017026208,18.945569502134845,0.0,0.0,0.0,,339;408;505,,321;322;333;334;337;338;340;343;349;365;366;368;370;379;380;383;384;386;387;389;394;404;429;432;439;441;443;448;451;464;468;472;476;481;483;485;488;489;490;493;499;504;507;533;538;539;540,,,371;373;375;376;405;486;498,327;329;332;341;342;350;353;356;360;361;369;381;397;398;400;409;410;413;418;420;423;425;427;430;446;449;453;455;456;471;479;480;497;503;513;514;515;517;518;519;520;521;523;527;536,,,,
