pdb,antibody,method,constrained,wt_total,om_total,d_total,wt_interface,om_interface,d_interface,tot_stab_mut_close,tot_stab_mut_distal,tot_stab_other_close,tot_stab_other_distal,tot_destab_mut_close,tot_destab_other_close,tot_destab_mut_distal,tot_destab_other_distal,int_destab_mut,int_destab_other,int_stab_mut,int_stab_other
7LS9,1,rpk,cons,-528.4181686754544,-522.7487147399174,5.669453935536922,-47.06884742874869,-41.06666317662022,6.0021842521284725,,339;373;408,,436,452;484;498,,375,502,452;498,,,
7LS9,1,rpk,free,-585.3350730910453,-579.435994535897,5.899078555148321,-44.05076086142355,-41.00983800326348,3.040922858160066,,339;373;408,,342;365;369;420;436;487,452;484,490,371;405,343,452;484,,498,
7LS9,1,af2,cons,-615.6698058320012,-527.9871403750155,87.68266545698566,-33.23826803573783,-20.6798639623826,12.55840407335523,,339,450;483;496;499;500;502,383;421;481;485,452;501,445;446;448;449;451;470;491;492;493;494;495;497,405;477,365;403;442;454;455;456;457;467;469;474;475;479;487;489;506,452;498,444;449;470;490;493,,445;450;497;499;503
7LS9,1,af2,free,-662.8301912857638,-618.1376353624323,44.6925559233315,-43.51314242747626,-33.289786711355056,10.223355716121205,,339,483;496;500;502,320;338;358;367;369;382;390;418;422;436;443;481;485;527,452,445;446;449;450;451;455;470;487;491;492;495;497,405,368;442;453;457;465;467;474;479;488;506;518;522;528,452,444;446;448;449;470;483;490;492;493,486;501,495;502;503
