pdb,antibody,method,constrained,wt_total,om_total,d_total,wt_interface,om_interface,d_interface,tot_stab_mut_close,tot_stab_mut_distal,tot_stab_other_close,tot_stab_other_distal,tot_destab_mut_close,tot_destab_other_close,tot_destab_mut_distal,tot_destab_other_distal,int_destab_mut,int_destab_other,int_stab_mut,int_stab_other
7E8C,1,rpk,cons,-447.9720713025923,-414.88533089881537,33.08674040377696,-34.24259827331317,-24.65583928731596,9.58675898599721,,339,,,452;484,446,371;373;405;501,372,452;484,,,
7E8C,1,rpk,free,-528.1031054837488,-517.4970098474291,10.606095636319651,-45.57668387701165,-28.751569156515718,16.82511472049593,,339;408,,363;374;382;502;508,484,446,371;501,388;418;434;506,484;486,449;483,,
7E8C,1,af2,cons,-613.4312420957323,-520.7808994783393,92.650342617393,-28.203801008763264,-11.561765494735829,16.642035514027434,,339,483;485;499,347;500;502,452,351;446;448;449;451;479;491;492;493;494;495;497,405;477,365;442;453;454;457;467;469;474;475;487;506,452;484,346;449;450;482;483;490,,492
7E8C,1,af2,free,-662.6599315818355,-617.69345139338,44.966480188455535,-39.08754824959974,-19.895355003707074,19.192193245892668,,339;478,472;483;490,320;338;358;367;369;374;389;390;418;436;443;496;500;502,452,446;449;450;451;469;480;481;482;491;492;495;497,375;405;501,326;365;368;391;442;445;453;454;465;467;487;506;528,452;484,449;450;481;482;490,,351;492;494
