pdb,antibody,method,constrained,wt_total,om_total,d_total,wt_interface,om_interface,d_interface,tot_stab_mut_close,tot_stab_mut_distal,tot_stab_other_close,tot_stab_other_distal,tot_destab_mut_close,tot_destab_other_close,tot_destab_mut_distal,tot_destab_other_distal,int_destab_mut,int_destab_other,int_stab_mut,int_stab_other
7CYV,1,rpk,cons,-450.24408474863884,59.33683832601403,509.5809230746529,-29.3338322003591,-26.23026038752004,3.1035718128390606,,339,,,,464,371;373;375;446;493;496;498;501,347;372;374;377;391;392;395;400;410;418;433;434;436;445;447;452;474;480;490;495;503;508;515;525,,465,,
7CYV,1,rpk,free,-496.28366238576126,-498.61958482209945,-2.335922436338194,-31.391257719801686,-30.793808979699563,0.5974487401021236,,339;371,,367;377;436;492;500,,,375;446,338;369;486;489;490;499,,,,
7CYV,1,af2,cons,-614.240383550763,-615.9505247088041,-1.7101411580410968,-22.97619799712756,-23.383370792274718,-0.407172795147158,,339;371,,367;369;372;406;483;485;518,,,375;446;501,365;368;374;420;434;435;455;499;528,,,,354
7CYV,1,af2,free,-657.1832694043321,-666.5771166470996,-9.393847242767492,-27.602321017456504,-29.57028227702772,-1.967961259571215,,339;371;484,518,369;372;393;406;451;483;485,,,446,374;424;444;448;494;526,,,,519
