pdb,antibody,method,constrained,wt_total,om_total,d_total,wt_interface,om_interface,d_interface,tot_stab_mut_close,tot_stab_mut_distal,tot_stab_other_close,tot_stab_other_distal,tot_destab_mut_close,tot_destab_other_close,tot_destab_mut_distal,tot_destab_other_distal,int_destab_mut,int_destab_other,int_stab_mut,int_stab_other
6Z2M,2,rpk,cons,-516.0782816635083,-497.1668202165578,18.911461446950455,-38.11127984678322,-32.6748260837551,5.436453763028119,,339,,,452;484,455,371;373;375;405;501,372,452;484,,,
6Z2M,2,rpk,free,-555.5600707368461,-544.5694729294252,10.990597807420954,-43.12868044348035,-41.31842630794156,1.8102541355387913,,339,,,484,,371;375;501,368,484,,452,
6Z2M,2,af2,cons,-613.114933878034,-521.3791826698804,91.7357512081536,-34.97492588525294,-14.09185550250012,20.883070382752816,,339,450;481;483;485;500,443;502,452,346;446;448;449;455;456;487;488;489;490;491;492;493;494;495;497,405;477,351;365;403;420;442;451;454;457;467;469;474;475;479;480;506,,449;483;489;490;493;494;495,501,
6Z2M,2,af2,free,-665.0520501036423,-618.6640677346471,46.387982368995154,-39.078222587585344,-17.443941960411806,21.63428062717354,,339,499;500;502,320;338;367;369;372;390;407;436;443;485;527,,446;448;449;455;482;490;491;492;493;494;495;497,405;486,326;365;377;391;403;442;451;454;471;506;525;528,484,449;483;489;490;493,501,445;495
