pdb,antibody,method,constrained,wt_total,om_total,d_total,wt_interface,om_interface,d_interface,tot_stab_mut_close,tot_stab_mut_distal,tot_stab_other_close,tot_stab_other_distal,tot_destab_mut_close,tot_destab_other_close,tot_destab_mut_distal,tot_destab_other_distal,int_destab_mut,int_destab_other,int_stab_mut,int_stab_other
7A5R,1,rpk,cons,-347.7396075089796,-338.78767768006486,8.951929828914729,-36.57819738213795,-35.270944773128384,1.3072526090095664,,339;373,,500,,,371;498;501,,376;408,,,378
7A5R,1,rpk,free,-472.6136121122082,-476.7642607952737,-4.150648683065469,-54.4073055151637,-58.84138587929385,-4.434080364130153,,339;373;505,369;370;378;379,356;474,,,371;493;498;501,372;449;487,408,,,370;378
7A5R,1,af2,cons,-602.8811445198354,-525.3167971878528,77.56434733198262,-24.68100132681478,-27.78357997223048,-3.1025786454157007,,339,369;378;518,483;490;496;502;516,371;373,370;372,405;493;501,346;351;365;389;446;448;449;451;453;454;455;456;457;461;469;471;473;475;479;487;491;492;494;495;497;506;520;522;541,,321;370,,369;374;377;378;430
7A5R,1,af2,free,-660.2918703087196,-616.7244156666793,43.567454642040275,-59.07591581851747,-50.662617550474295,8.413298268043178,,478,383,320;326;347;358;366;443;458;466;473;474;483;490;499;500;502,371,374;381;391;427;517;519,405;493;501,365;442;445;446;447;448;449;451;454;455;457;469;479;480;491;492;494;495;497;506;511;520,376;408,380;517;519,,378;383;428
