pdb,antibody,method,constrained,wt_total,om_total,d_total,wt_interface,om_interface,d_interface,tot_stab_mut_close,tot_stab_mut_distal,tot_stab_other_close,tot_stab_other_distal,tot_destab_mut_close,tot_destab_other_close,tot_destab_mut_distal,tot_destab_other_distal,int_destab_mut,int_destab_other,int_stab_mut,int_stab_other
7LS9,3,rpk,cons,-522.7888863762264,-516.8903889087525,5.8984974674739306,-45.11786665919569,-39.96400168362054,5.1538649755751536,,339;373,,,446;484;501,447,375,502,446;498,,,
7LS9,3,rpk,free,-587.476034816227,-578.9858737307628,8.490161085464138,-45.544818728747316,-47.694067582149266,-2.14924885340195,,339;373,,372;374;406;507;525,446;484,447,417,368;434,484,,498,
7LS9,3,af2,cons,-613.4968888022578,-610.7339392441122,2.7629495581455785,-30.214635004775634,-27.79426959498173,2.4203654097939022,,339;371,483;485,367;369;372;406;518,493;496;501,444;448,375,365;368;374;420;434;435;455;528,,,,
7LS9,3,af2,free,-662.8861806455917,-654.2551601297907,8.63102051580097,-49.13226391230753,-41.90294658599827,7.229317326309257,,339,483,355;356;372;390;406;480;518;527,446;484;498,448;455,,365;374;424;526;528,484;498,483,446,346;470
