pdb,antibody,method,constrained,wt_total,om_total,d_total,wt_interface,om_interface,d_interface,tot_stab_mut_close,tot_stab_mut_distal,tot_stab_other_close,tot_stab_other_distal,tot_destab_mut_close,tot_destab_other_close,tot_destab_mut_distal,tot_destab_other_distal,int_destab_mut,int_destab_other,int_stab_mut,int_stab_other
7D4G,1,af2,cons,-817.790327055136,-781.3821152190063,36.40821183612968,-7.035337881677986,-8.877183808637062,-1.841845926959076,,,153;252,97;111;215;228;229;272,,141;147;155;156;244;249;250;256;257,19;24;25;26,18;23;80;140;233;254;258;259;270,,155,,148;252
7D4G,1,af2,free,-899.3329200117048,-870.2803780342103,29.052541977494457,-8.607100624236864,-39.75625665478482,-31.149156030547957,,27,144;150;243;246;248;252;254,41;65;84;110;117;128;138;184;212;215;216;222;228;229;242,,70;141;156;245;249;253,19;24;25;26,17;23;29;71;77;80;98;134;135;181;183;202;231;244;258;259;260;262,,,,144;147;148;246;248;251;252;254;256
