pdb,antibody,method,constrained,wt_total,om_total,d_total,wt_interface,om_interface,d_interface,tot_stab_mut_close,tot_stab_mut_distal,tot_stab_other_close,tot_stab_other_distal,tot_destab_mut_close,tot_destab_other_close,tot_destab_mut_distal,tot_destab_other_distal,int_destab_mut,int_destab_other,int_stab_mut,int_stab_other
7RW2,1,af2,cons,-839.4024244807922,-833.4005036119222,6.001920868870002,-63.346965549266,-64.62408352796467,-1.2771179786986693,,,97;153;180,20;21;75;76;78;79;111;138;228;229,,146,19;24;25,140;141;160;233;242;244;245;248;249;257;258;259,,,,
7RW2,1,af2,free,-923.2203802460174,-893.2862744601002,29.934105785917154,-98.58661504409335,-87.26501952820271,11.321595515890635,,,93;145;184;222,18;20;34;79;81;144;154;228;229;246;252;258;291,,98;100;141;150;152;178;183;203;206;221,19;24;25;69;70,54;66;84;140;143;181;202;244;245;249;259;260;262,,150;178;224,,170
