pdb,antibody,method,constrained,wt_total,om_total,d_total,wt_interface,om_interface,d_interface,tot_stab_mut_close,tot_stab_mut_distal,tot_stab_other_close,tot_stab_other_distal,tot_destab_mut_close,tot_destab_other_close,tot_destab_mut_distal,tot_destab_other_distal,int_destab_mut,int_destab_other,int_stab_mut,int_stab_other
7R8M,1,rpk,cons,-343.0527970310679,-317.57010644172453,25.48269058934335,-33.53236263039366,-36.86886594034683,-3.336503309953166,,408;498,,338,373,500,371;375;417;452,372,,,440,
7R8M,1,rpk,free,-467.20332091571635,-458.4708281287526,8.732492786963746,-37.992499853470015,-41.782747407413034,-3.7902475539430185,,375;408,,336;378;380;400;433;449;471;481;525,339,343;450;499,371;373;405;484,342;347;364;365;369;454,,,,345
7R8M,1,af2,cons,-607.3665394131892,-512.136065488852,95.23047392433728,-22.603662895790983,-17.953251756516355,4.6504111392746275,,,443;500,481;483;485;490;502,440,345;439;441;444;446;447;448;449;451;497;506,405;477;501,365;453;454;455;456;457;467;469;474;475;479;480;487;489;491;492;493;494;495,,345;444;447,,346;443;445
7R8M,1,af2,free,-661.1453373248783,-617.9507030884204,43.19463423645789,-34.275151552214034,-32.87873510928698,1.3964164429270554,,478;505,345;347;354;443;500,367;369;372;390;418;472;483;490;502;527,,442;444;445;446;451;497,375;405;486;501,351;365;381;391;424;453;456;457;469;487;491;492;495;506;528,440,442;444;445,,345;354;356;446
