pdb,antibody,method,constrained,wt_total,om_total,d_total,wt_interface,om_interface,d_interface,tot_stab_mut_close,tot_stab_mut_distal,tot_stab_other_close,tot_stab_other_distal,tot_destab_mut_close,tot_destab_other_close,tot_destab_mut_distal,tot_destab_other_distal,int_destab_mut,int_destab_other,int_stab_mut,int_stab_other
7NP1,3,rpk,cons,-493.29024015493684,-461.2673438118411,32.02289634309574,-40.650161153919555,-30.89684297587571,9.753318178043845,,339,,,501,,371;373,372,417;505,,,
7NP1,3,rpk,free,-529.8220577765478,-514.965051781162,14.857005995385862,-55.07313183672986,-45.41900295829243,9.654128878437426,,339,,369;451,417;493;501,446;449,373;375,372,417;505,449;500,,
7NP1,3,af2,cons,-610.4557209083739,-478.77160657946797,131.68411432890593,-34.25398910562985,10.711136059059166,44.96512516468901,,339,481;486;500;502,443;483;490;518,405;477;478;493;501;505,453;454;455;456;473;474;475;476;479;487;494;495,371;373;452,346;351;365;372;442;446;449;451;465;469;491;492;497;506;520;522;538;541,417;477;478;493;505,455;473;475;476;489,,457;486;503
7NP1,3,af2,free,-661.9843106906665,-607.4856284385726,54.498682252093886,-48.134705795187045,-12.111254074447508,36.02345172073954,,339,483;500;502;503,320;353;367;390;490;518;527,405;493;501;505,421;446;447;453;456;475;487;489;495,371;452,332;351;365;391;445;448;451;467;479;492;497;506;519;520;528,417;493;501;505,415;420;421;449;455;456;473;475;486;487;489;500,,403;502;503
