pdb,antibody,method,constrained,wt_total,om_total,d_total,wt_interface,om_interface,d_interface,tot_stab_mut_close,tot_stab_mut_distal,tot_stab_other_close,tot_stab_other_distal,tot_destab_mut_close,tot_destab_other_close,tot_destab_mut_distal,tot_destab_other_distal,int_destab_mut,int_destab_other,int_stab_mut,int_stab_other
7K8T,2,rpk,cons,-303.6823644085815,-280.75979860439986,22.92256580418166,-24.679005390951964,-19.305490491809984,5.3735148991419805,,339;477;478,483,,452;493;501,,371;373;375;376,372;476,452,,,
7K8T,2,rpk,free,-424.47606019999967,-427.9137147794838,-3.4376545794841604,-49.98754063939248,-37.10275540504273,12.88478523434975,,339,457;475;483;489;494,410;418;421;424;425;448,417;484,451;456;473;485,371;373;375;501,346;351;368;372;427;474,417;452;484;493,449;481;489,478,483;486
7K8T,2,af2,cons,-611.9811546442103,-524.5980499577579,87.38310468645238,-23.50076343945327,-22.27742188949151,1.2233415499617593,,339,483;490;496;500;502,508;518,452;484;493;501,351;446;449;453;455;456;471;487;492;495;497,371;373;405,346;365;372;442;448;451;454;457;469;473;479;488;491;506;520;522;541,484;493,470;490,498,494;495
7K8T,2,af2,free,-657.4028295704491,-630.9563014846176,26.44652808583146,-40.159401111997866,-47.11632362596079,-6.9569225139629225,,339;478,482;483;486;490;502,320;338;358;367;369;390;407;418;421;429;436;443;500;518,452,445;446;447;449;455;456;471;491;492;495;497,405,368;374;377;391;403;406;420;430;435;448;465;480;506;519;520;526,452;484,449;470;481;490,498;501,486;487;494;495
