pdb,antibody,method,constrained,wt_total,om_total,d_total,wt_interface,om_interface,d_interface,tot_stab_mut_close,tot_stab_mut_distal,tot_stab_other_close,tot_stab_other_distal,tot_destab_mut_close,tot_destab_other_close,tot_destab_mut_distal,tot_destab_other_distal,int_destab_mut,int_destab_other,int_stab_mut,int_stab_other
7CWU,1,af2,cons,-813.6677710373053,-780.1364162040146,33.53135483329072,-5.022978652470419,-9.74278721754475,-4.719808565074331,,,144;147;153;248,79;95;97;111;215;228;237,,141;143;156;245;249;256;257,19;24;25;26,17;18;23;29;80;140;233;244;254;258;259;260;270,,148,,248;249;250;251;252
7CWU,1,af2,free,-898.7908337015465,-882.4677280924707,16.32310560907581,-9.543901858283002,-25.068039159779993,-15.52413730149699,,,247;252;257,41;54;66;84;95;151;180;184;203;222;228;236;255,,147;148;245;249;250,19;25;26,18;29;71;80;140;181;183;201;221;226;260;262,,144;148,,147;248;249;251;252
