pdb,antibody,method,constrained,wt_total,om_total,d_total,wt_interface,om_interface,d_interface,tot_stab_mut_close,tot_stab_mut_distal,tot_stab_other_close,tot_stab_other_distal,tot_destab_mut_close,tot_destab_other_close,tot_destab_mut_distal,tot_destab_other_distal,int_destab_mut,int_destab_other,int_stab_mut,int_stab_other
7LQV,2,af2,cons,-800.1419003785502,-765.8659548965171,34.27594548203308,-8.066695758397135,5.057416330012945,13.12411208841008,,67;95,148;149,18;19;21;22;75;76;77;97;111;122;124;138;213;nan;215;216;260,142;143;144,140;141;150;151;152;153;154;156;245;249;254;255;256;257,212,20;23;179;210;272,144,150;151;153;154;155;156,,147;148;149
7LQV,2,af2,free,-884.2218569733557,-885.1247255451226,-0.9028685717669305,-29.809112760776692,-19.921609168836284,9.887503591940408,,67;95,147;148;150;154;157;248,18;76;77;81;84;97;110;122;138;186;213;nan;215;216;222;235;242;260;272,142;144,73;151;152;153;255;257,143;212,17;20;21;23;179;180;183;221;237;245;249;250;253;261;262;263,144,146;151;153;246;247;257,,150;154;158
