pdb,antibody,method,constrained,wt_total,om_total,d_total,wt_interface,om_interface,d_interface,tot_stab_mut_close,tot_stab_mut_distal,tot_stab_other_close,tot_stab_other_distal,tot_destab_mut_close,tot_destab_other_close,tot_destab_mut_distal,tot_destab_other_distal,int_destab_mut,int_destab_other,int_stab_mut,int_stab_other
7JVB,1,rpk,cons,-435.3287378017709,-425.5933643668284,9.735373434942517,-41.910209902510516,-37.536569673762955,4.373640228747561,,339,497,,417;484,490,371;373;375,372;374;502,417;484,,,
7JVB,1,rpk,free,-506.42102628100247,-501.5111565148152,4.909869766187285,-48.50682636938189,-47.143496844965775,1.363329524416116,,,486;491;497,340,417;484,483;490;492,371;373;375,336;372;467,417;484,483,,485;486;489
7JVB,1,af2,cons,-597.7072150855304,-611.3047453882891,-13.597530302758742,-38.59512614708487,-26.092419864291383,12.502706282793486,,339;371,485,367;369;372;406;518,417;496;501,494,375,365;368;420;434;435;448;499;528,417;493,482;483,,
7JVB,1,af2,free,-660.9569580280383,-662.5227959743904,-1.565837946352076,-49.42747009468853,-45.31822431925142,4.10924577543711,,339,483;485,369;372;390;393;406;480;518,417;446;501,444;489,,356;365;368;374;391;392;526,417,483,493,
