pdb,antibody,method,constrained,wt_total,om_total,d_total,wt_interface,om_interface,d_interface,tot_stab_mut_close,tot_stab_mut_distal,tot_stab_other_close,tot_stab_other_distal,tot_destab_mut_close,tot_destab_other_close,tot_destab_mut_distal,tot_destab_other_distal,int_destab_mut,int_destab_other,int_stab_mut,int_stab_other
7MJK,3,rpk,cons,-549.8705251025938,-539.8902555159768,9.980269586616942,-52.48082604028981,-44.28738436217807,8.193441678111746,,339,,374,405;493,,371;375,372,417;505,403,,
7MJK,3,rpk,free,-589.9921123267477,-584.3991835833526,5.592928743395078,-56.90239921160804,-59.73661433530475,-2.8342151236967084,,339,490;496,434,493,492,371;375;452,372;377,417;493;505,403,478,489;490
7MJK,3,af2,cons,-602.6506802127557,-489.42294970005264,113.22773051270303,-31.876669822674238,-1.4927384024307369,30.3839314202435,,339,486;490;500;502,483;518,405;477;478;501;505,453;456;473;474;475;479;487;492;494;495;497,371;373;375;452,346;351;365;372;446;449;451;465;467;469;491;506;520;522;541,417;477;478;505,453;456;474;475,498,486;495
7MJK,3,af2,free,-656.7908055810124,-618.0236945435748,38.76711103743753,-56.61678117516889,-27.54548431686282,29.07129685830607,,339,473;474;476;490;500;502,320;338;354;367;369;390;407;436;443;482;518;527,405;493;501,406;447;453;456;457;475;487;492;494;495;506,,351;368;374;377;391;435;445;446;451;467;469;480;497;517;519;520;525;528,417;493;505,403;420;453;455;456;457;489;490,498,476;503
