pdb,antibody,method,constrained,wt_total,om_total,d_total,wt_interface,om_interface,d_interface,tot_stab_mut_close,tot_stab_mut_distal,tot_stab_other_close,tot_stab_other_distal,tot_destab_mut_close,tot_destab_other_close,tot_destab_mut_distal,tot_destab_other_distal,int_destab_mut,int_destab_other,int_stab_mut,int_stab_other
7RKU,1,rpk,cons,-1084.9110133081826,-1045.1044279484152,39.806585359767496,-54.35572884172305,-56.24413092565033,-1.8884020839272821,,339,,389,371;375,372;374,373;446;501;484,447,,,,415
7RKU,1,rpk,free,-1151.633135941287,-1131.1145501955875,20.51858574569951,-62.41179323218739,-63.03812062442819,-0.6263273922407961,,339;496,372;374;380,389;492;502;508,371;373;375,372;370,446;484,386;447;489;445,,,,
7RKU,1,af2,cons,-902.3427466040632,-925.3038368162436,-22.961090212180352,-51.56848460832702,-53.81865809630514,-2.250173487978124,,339;496,372;483;369,322;323;324;325;367;406;485;518;529;530;532;535;537;538;539;540;353;403;437;439;448;453;495;499;500;502;506,,368;374;408;420;481,375;446;501;505,327;328;365;391;435;455;489;499;519;528;533;534;541;349;434;444;452;492;494;497;507,,481,,
7RKU,1,af2,free,-1304.8728702058006,-1285.6900222205281,19.182847985272474,-40.470486044567664,-23.265528284530593,17.204957760037072,,339;484;501;505,370;372;427;483;369,328;331;406;485;523;527;531;325;326;327;389;437;450;480;506;516;518;538;540,,374;379;380;384,446;496,324;342;365;436;448;455;518;528;538;435;444;449;452;453;467;495;497;499;502;508;537;541,,369;379;380;383;384;385;428;429,,372;427;481
