pdb,antibody,method,constrained,wt_total,om_total,d_total,wt_interface,om_interface,d_interface,tot_stab_mut_close,tot_stab_mut_distal,tot_stab_other_close,tot_stab_other_distal,tot_destab_mut_close,tot_destab_other_close,tot_destab_mut_distal,tot_destab_other_distal,int_destab_mut,int_destab_other,int_stab_mut,int_stab_other
7KMI,1,rpk,cons,-590.309193056054,-560.7180579500988,29.59113510595523,-51.10296016271205,-43.744890675447806,7.358069487264245,,339,,,405;498;501,,371;373;375,372,505,,,
7KMI,1,rpk,free,-605.7217770860566,-588.1591661973728,17.56261088868382,-56.251477963716226,-45.3518716895135,10.899606274202725,,339,,368;434,405;417,446,371;375,372;499,417;505,495;496,501,
7KMI,1,af2,cons,-615.1987801756877,-491.94541870589086,123.25336146979686,-42.249362580505945,-9.707920838831608,32.54144174167433,,339,485;500;502,383;483;490;518,405;477;501,447;453;454;455;456;457;473;474;475;476;487;488;489;494;495;497;503;504,371;373,346;351;365;372;446;451;461;468;479;480;491;492;506;520;541,505,456;474;475;476;502,477,486;503
7KMI,1,af2,free,-668.0985202107286,-609.095234515362,59.00328569536657,-58.337713210882654,-43.219720215003655,15.117992995879,,339,500;502;503,358;367;369;389;390;424;436;443;483;490;518,405;417;493;501,403;420;446;447;449;453;456;460;473;475;487;489;494;495;497;506,452,374;391;442;445;451;465;469;471;480;491;492;519;520;526,417;493;505,420;449;455;456;460;473;487;495;496,405;498,415;476;486;503
