pdb,antibody,method,constrained,wt_total,om_total,d_total,wt_interface,om_interface,d_interface,tot_stab_mut_close,tot_stab_mut_distal,tot_stab_other_close,tot_stab_other_distal,tot_destab_mut_close,tot_destab_other_close,tot_destab_mut_distal,tot_destab_other_distal,int_destab_mut,int_destab_other,int_stab_mut,int_stab_other
7DK6,1,rpk,cons,-507.0272936320996,-459.98483302128835,47.04246061081125,-62.736843744007615,-55.3457875509949,7.391056193012716,,339;408,,,484;486;498,487;502,371;373;375;376,372;499,417;484;505,,501,
7DK6,1,rpk,free,-554.2404233304853,-529.3069284723445,24.933494858140875,-72.34201333929339,-63.14102286939651,9.20099046989688,,339,,366;367;372,486,487;493;496;502,371,414,484;486;505,485;493;496,501,449
7DK6,1,af2,cons,-574.4382358961116,-462.02507009564624,112.41316580046532,-33.67384866120412,16.953148590301222,50.626997251505344,,339,443;458;472;473;481;482;483;485;502,383,405;477;478;501,445;446;449;456;457;474;475;476;479;480;487;488;491;492;493;494;495;497;503;506,,346;365;389;442;451;454;469,477;478;505,457;473;474;475;476;483;489;493,484;498,421;453;494;495;502
7DK6,1,af2,free,-662.0971588558314,-630.8616706099137,31.235488245917622,-54.97704851092755,-76.41057514149016,-21.433526630562604,,339,450;481;483;485;490;500;502;503,320;367;369;390;418;436,405;452;505,445;446;448;453;455;456;474;489;491;492;495;497,,368;391;442;451;465;467;479;506,484;505,456;473;483;489;490;493,478;486;498;501,421;485;487;494;495;503
