pdb,antibody,method,constrained,wt_total,om_total,d_total,wt_interface,om_interface,d_interface,tot_stab_mut_close,tot_stab_mut_distal,tot_stab_other_close,tot_stab_other_distal,tot_destab_mut_close,tot_destab_other_close,tot_destab_mut_distal,tot_destab_other_distal,int_destab_mut,int_destab_other,int_stab_mut,int_stab_other
7CAH,1,rpk,cons,-203.4378222850927,-184.69194985161593,18.745872433476762,-37.31673151346848,-36.94438342790789,0.3723480855605956,,339;496,,,373;375,,446;501,447,,,,
7CAH,1,rpk,free,-328.960615379439,-330.1794412951308,-1.2188259156918093,-51.92382408300823,-53.26981672084752,-1.345992637839295,,339;496,379,351;365;391;448;449;497;524,373;375,434,446,337;338;361;393;444;445;523,,,375,379
7CAH,1,af2,cons,-601.2961242711592,-579.8327265307305,21.463397740428718,-24.896294179316538,-34.35845512978493,-9.462160950468391,,339,369,367;406;483;485;518,371;373;375,368;370;374;435;528,446;496;501,434;452;489,375,,,369;374;377;378
7CAH,1,af2,free,-667.1880246957812,-666.491625332314,0.6963993634672079,-55.667638040632,-55.21149359037831,0.45614445025368866,,,406;412,390;436;450;451;480;483;518;527,,368;369;374;379;435;528,446,332;391;392;525,375,370;374;378;379;389,373,377;412
