pdb,antibody,method,constrained,wt_total,om_total,d_total,wt_interface,om_interface,d_interface,tot_stab_mut_close,tot_stab_mut_distal,tot_stab_other_close,tot_stab_other_distal,tot_destab_mut_close,tot_destab_other_close,tot_destab_mut_distal,tot_destab_other_distal,int_destab_mut,int_destab_other,int_stab_mut,int_stab_other
6ZXN,3,rpk,cons,-494.0585451350263,-475.03098300813383,19.027562126892462,-38.66251337317271,-37.51368232386979,1.1488310493029203,,339,,367,452,,371;373;375;376;405;501,,452,,484,
6ZXN,3,rpk,free,-561.5220129409084,-558.3391315935329,3.1828813473755417,-57.66464400205064,-53.15724146825458,4.507402533796061,,339;505,488;496,366;368;386;502;508,452,349,371;375;405;501,328;329,452;486,481,484,489
6ZXN,3,af2,cons,-621.3914697740217,-520.3347429400934,101.05672683392834,-46.61229340578877,-18.98942718356698,27.622866222221788,,339,481;485;502,421;500;508,452,351;446;447;448;449;451;487;488;489;490;491;492;493;494;495;497,405;477,365;403;442;454;455;456;457;467;469;474;475;479;506,452;484,449;470;482;483;490;499,501,445;495
6ZXN,3,af2,free,-667.7314019321846,-619.6978150461582,48.03358688602634,-63.865644494675145,-34.50836497227653,29.357279522398613,,339,472;485;489;499,320;338;358;367;369;374;390;418;434;436;443;500;502;527,501,446;447;449;451;453;455;470;487;491;492;493;494;495;497,375;405,326;357;368;394;442;454;465;474;479;506;528,452;484,447;449;470;482;483;490;492;493,486;501,445;485;487;489;495
