pdb,antibody,method,constrained,wt_total,om_total,d_total,wt_interface,om_interface,d_interface,tot_stab_mut_close,tot_stab_mut_distal,tot_stab_other_close,tot_stab_other_distal,tot_destab_mut_close,tot_destab_other_close,tot_destab_mut_distal,tot_destab_other_distal,int_destab_mut,int_destab_other,int_stab_mut,int_stab_other
7KFX,1,rpk,cons,-574.0670313101823,-544.0506893589977,30.016341951184586,-62.42784740635011,-45.43535149628036,16.99249591006975,,339,,,417;446;484;493;498,,371;373;375,369;370;372,417;493;496;498;505,,,
7KFX,1,rpk,free,-596.3318653668807,-574.0096112527208,22.322254114159932,-67.23091690830044,-51.34577824150554,15.885138666794901,,339,405;418,,417;446;484;493;498,489,371;373,372;377,417;493;496;498;505,,501,415
7KFX,1,af2,cons,-610.9776646813992,-610.8185792902522,0.1590853911470731,-42.12959584541578,-39.49803972415596,2.6315561212598197,,339;371,473;485;487,367;369;372;472;483;518,446;496;498;501,494,375,365;368;374;434;435;448;528,417;493,,,473
7KFX,1,af2,free,-664.853669229275,-658.5746457658165,6.279023463458543,-61.57650817648339,-48.97956605970036,12.596942116783026,,339;371,406;483,369;382;518;527,417;446;496,449;456;502,,374;434;444;526,417;493;505,502,,415
