pdb,antibody,method,constrained,wt_total,om_total,d_total,wt_interface,om_interface,d_interface,tot_stab_mut_close,tot_stab_mut_distal,tot_stab_other_close,tot_stab_other_distal,tot_destab_mut_close,tot_destab_other_close,tot_destab_mut_distal,tot_destab_other_distal,int_destab_mut,int_destab_other,int_stab_mut,int_stab_other
7KQE,3,rpk,cons,-535.1195325472319,-529.275806731423,5.8437258158088525,-42.04774698027653,-41.34172788904891,0.706019091227617,,339;478,,479,371;373;375,372,501,455,371,,,
7KQE,3,rpk,free,-572.8816106312628,-570.7164119454242,2.165198685838618,-51.21136292743046,-53.998819260666124,-2.787456333235667,,339;478,414,338;436;438;479,371,372;437,501,337;446;455;487;490,371,,375,378
7KQE,3,af2,cons,-615.7666397402306,-536.5628547830374,79.2037849571932,-29.407123063148767,-24.504430191812176,4.9026928713365905,,339,385,347;443;481;483;485;490;500;502,371;405,370;374,477;501,365;442;445;446;448;451;453;454;456;457;461;465;467;469;474;475;479;480;487;491;492;493;494;495;497;506,371,370;374,,377;378;385
7KQE,3,af2,free,-659.9414353765515,-623.5147375216713,36.4266978548801,-36.962178720742585,-29.468516545191175,7.49366217555141,,339,368;369;383;385;407,320;390;421;443;481;483;490;500;502;528,405,370;380;382;386,501,326;356;365;391;392;403;420;442;445;446;448;451;453;471;474;479;487;491;492;495;497;506;526,371,369;370;377;385,373,378;414
