pdb,antibody,method,constrained,wt_total,om_total,d_total,wt_interface,om_interface,d_interface,tot_stab_mut_close,tot_stab_mut_distal,tot_stab_other_close,tot_stab_other_distal,tot_destab_mut_close,tot_destab_other_close,tot_destab_mut_distal,tot_destab_other_distal,int_destab_mut,int_destab_other,int_stab_mut,int_stab_other
7ORB,4,rpk,cons,-514.7837036462834,-495.01262902837,19.77107461791337,-41.531804494673615,-40.92880540192887,0.6029990927447457,,339,,406,484;493,455;490,371;375;446;501,372;447,,,,
7ORB,4,rpk,free,-541.5730006762853,-526.4923563660346,15.080644310250705,-49.98069645938057,-42.519127321448565,7.461569137932003,,339,,492,484,490,375;446;501,372;374;447,478;484,,,
7ORB,4,af2,cons,-611.7267892357463,-611.4628331759561,0.2639560597901891,-24.78653126465214,-25.06573413724261,-0.2792028725904707,,339;371,485,367;369;372;406;481;483;518,496,455,375;446;501,365;368;374;389;434;435;452;499,,487,477,
7ORB,4,af2,free,-660.957713032494,-669.793046347105,-8.835333314611034,-53.4550183093274,-43.372820956812774,10.082197352514626,,339;371,483,369;406;472;518,478,,446,374;444;452;526,478;484,479;485,493,
