pdb,antibody,method,constrained,wt_total,om_total,d_total,wt_interface,om_interface,d_interface,tot_stab_mut_close,tot_stab_mut_distal,tot_stab_other_close,tot_stab_other_distal,tot_destab_mut_close,tot_destab_other_close,tot_destab_mut_distal,tot_destab_other_distal,int_destab_mut,int_destab_other,int_stab_mut,int_stab_other
7L2F,1,af2,cons,-825.1859115659774,-800.4211108202757,24.76480074570179,-11.99555480270985,-18.57137979283164,-6.575824990121788,,,144;248,21;97;111;180;228;229,19,249;250;251;256;257,24;25;26,18;23;29;77;80;140;182;233;244;258;259;270,,153,,248;254
7L2F,1,af2,free,-885.005891814259,-884.8562863085697,0.14960550568935105,-35.71446888328798,-38.83654247175692,-3.1220735884689432,,,154;246;247;248;252,22;41;66;68;70;84;184;222;228;229;242;255;257,,17;147;156;249,19;25;26,20;64;73;77;78;98;101;181;183;188;191;201;221;261;262,,146;153;246,,248;249;251;252;254
