pdb,antibody,method,constrained,wt_total,om_total,d_total,wt_interface,om_interface,d_interface,tot_stab_mut_close,tot_stab_mut_distal,tot_stab_other_close,tot_stab_other_distal,tot_destab_mut_close,tot_destab_other_close,tot_destab_mut_distal,tot_destab_other_distal,int_destab_mut,int_destab_other,int_stab_mut,int_stab_other
7BEP,4,rpk,cons,-523.1467453778606,-511.88009962578775,11.266645752072861,-51.46672103137664,-50.94116090402019,0.5255601273564565,,408,,,,,371;373;375;501,372,,,,
7BEP,4,rpk,free,-541.9731415995291,-533.5028296788325,8.470311920696531,-54.578748203648644,-55.204165532370396,-0.6254173287217526,,408;505,,,,,371;373;405,372,,,,
7BEP,4,af2,cons,-621.8390039654485,-546.6279434414201,75.21106052402831,-48.70954004373694,-46.08822237394558,2.6213176697913667,,,346;347,450;481;483;485;490;502,,442;446,405;452;477;501,365;448;451;453;454;456;457;461;465;467;469;474;475;479;480;487;488;491;492;494;495;497;506,,343;345,,445
7BEP,4,af2,free,-667.9589372961348,-630.2368054067914,37.72213188934336,-53.71810873666177,-54.79222497335487,-1.0741162366931007,,478,338;346;499,367;390;399;473;483;485;490;500;502;508,,442;446;447,375;405;501,326;365;377;381;391;406;420;448;451;453;456;465;475;480;487;491;492;495;497;503;506,440,343;345,,441;446
