pdb,antibody,method,constrained,wt_total,om_total,d_total,wt_interface,om_interface,d_interface,tot_stab_mut_close,tot_stab_mut_distal,tot_stab_other_close,tot_stab_other_distal,tot_destab_mut_close,tot_destab_other_close,tot_destab_mut_distal,tot_destab_other_distal,int_destab_mut,int_destab_other,int_stab_mut,int_stab_other
7RKU,1,rpk,cons,-1084.9051987065957,-1056.0696168648867,28.835581841708972,-55.16541891173149,-52.927172441765464,2.238246469966029,,339,,389,371;373;375;405,372,501;452;484,386,,,,
7RKU,1,rpk,free,-1153.6067327258024,-1126.2040530317622,27.402679694040216,-62.12117288214986,-61.94932662599111,0.17184625615874438,,339,377;369,406,371;375;405,369;372,501;452;484,337;338;386;434,408,374;482,,372;377;385
7RKU,1,af2,cons,-902.3427466040632,-876.9314251617,25.41132144236326,-51.56848460832702,-33.96925576909155,17.599228839235465,,339;498;501;505,481;483;490;493,322;324;325;326;327;421;485;500;502;529;531;535;536;537;538;539;540;399;437;439;448;450;453;495;496;497;499;506,405;477;484,427;457;469;474;479;491;492;493;471;472;473;481;488,501;452,328;329;330;331;365;389;391;442;445;446;448;451;453;454;455;456;467;475;487;489;494;495;497;506;528;533;346;347;406;443;449;500;504,,427;458;471;472;474;481;482,,413;469
7RKU,1,af2,free,-1304.8728702058006,-1185.311449955167,119.56142025063355,-40.470486044567664,-59.15935224832441,-18.688866203756746,,339,370;372;380;483;490;369;471;472,320;328;347;367;392;399;423;437;443;499;502;530;532;322;325;326;327;338;356;358;390;422;436;466;500;503;531;538,371;375;405,384;414;420;425;479;491;493;495;368;386;469,501;452;498;505,325;326;351;360;442;445;446;447;451;456;466;467;487;492;497;506;518;522;531;533;534;539;541;329;391;392;402;403;406;444;453;454;455;474;475;494;504;508;510;537,,414,,377;427;469;471;472;482
