pdb,antibody,method,constrained,wt_total,om_total,d_total,wt_interface,om_interface,d_interface,tot_stab_mut_close,tot_stab_mut_distal,tot_stab_other_close,tot_stab_other_distal,tot_destab_mut_close,tot_destab_other_close,tot_destab_mut_distal,tot_destab_other_distal,int_destab_mut,int_destab_other,int_stab_mut,int_stab_other
7CWL,2,rpk,cons,-417.2574456763034,-401.44900479208115,15.80844088422225,-45.12569888089658,-43.46211391379948,1.6635849670971012,,,,437,446,447;455;456,373,372,,,,
7CWL,2,rpk,free,-528.140657207465,-522.147661003796,5.9929962036690085,-51.973604873119484,-50.501890688916426,1.4717141842030586,,373,,350;367;368;382;400,446,447;456,371;501,365;369;388,446;484,450,478;493,
7CWL,2,af2,cons,-610.509966311518,-616.0059270640949,-5.495960752576821,-35.21323961072837,-34.79132301239212,0.42191659833625295,,339;371,483;485;486,367;369;372;406;518,493;496,494,375;501,365;368;374;389;434;435,484;493,481;492,,472;483;485
7CWL,2,af2,free,-658.0819790831526,-656.7824656722332,1.2995134109194169,-48.45184095632579,-48.07011338299316,0.3817275733326255,,339;371,472;480;482;485,356;369;406;518,493;496,444;448;455;470;490,501,374;430,,470;481;490,446,449;482;486
