pdb,antibody,method,constrained,wt_total,om_total,d_total,wt_interface,om_interface,d_interface,tot_stab_mut_close,tot_stab_mut_distal,tot_stab_other_close,tot_stab_other_distal,tot_destab_mut_close,tot_destab_other_close,tot_destab_mut_distal,tot_destab_other_distal,int_destab_mut,int_destab_other,int_stab_mut,int_stab_other
7N8H,5,af2,cons,-830.6720626671981,-801.7928407705581,28.879221896640047,-33.45300407364482,-29.37803394247068,4.07497013117414,,,63;108;272,97;153;215;229;248,19;25;26,17;80;233;270,24,18;140;244;245;249;250;251;256;257;258;259,26,83;113;237;270,,23
7N8H,5,af2,free,-915.7979234629541,-887.7146257289328,28.083297734021357,-30.88140030597854,-48.00130825914155,-17.11990795316301,,142,82;106;113;272,15;41;92;95;102;119;138;145;153;158;184;228;248;252,19;24;25;26,78;80;108;237;270,,17;29;77;98;118;135;141;156;179;181;183;221;244;245;249;261;262,,28;270,,23;83;88;111;113
