pdb,antibody,method,constrained,wt_total,om_total,d_total,wt_interface,om_interface,d_interface,tot_stab_mut_close,tot_stab_mut_distal,tot_stab_other_close,tot_stab_other_distal,tot_destab_mut_close,tot_destab_other_close,tot_destab_mut_distal,tot_destab_other_distal,int_destab_mut,int_destab_other,int_stab_mut,int_stab_other
7A29,3,rpk,cons,-369.3329380527756,-354.39563590506157,14.937302147714036,-30.963788828133183,-35.12956679028651,-4.165777962153328,,339;505,,,446;484,,371;373;375;501,369,,,446,
7A29,3,rpk,free,-472.7426903224947,-471.3066889245859,1.4360013979087967,-33.62412903315053,-39.49058262567775,-5.866453592527222,,339;505,482,343;363;365;387;436;473;495,446;484;498,445;489,371;375,381;457,,,446;498,
7A29,3,af2,cons,-611.3411458510054,-613.2505976198436,-1.909451768838153,-32.070386021393695,-32.444500976938876,-0.37411495554518126,,339;371,346;483,367;372;406;485;518,,452,375;501,365;368;374;420;434;435;528,,445,,346;494
7A29,3,af2,free,-656.2902780027084,-660.2978258938429,-4.007547891134436,-38.26229626205004,-36.27222110708195,1.9900751549680962,,339;371;484,451,369;372;390;393;425;483;485;518,446,444;447;452;490,,332;374;389;391;392;435,,445;500,498,
