pdb,antibody,method,constrained,wt_total,om_total,d_total,wt_interface,om_interface,d_interface,tot_stab_mut_close,tot_stab_mut_distal,tot_stab_other_close,tot_stab_other_distal,tot_destab_mut_close,tot_destab_other_close,tot_destab_mut_distal,tot_destab_other_distal,int_destab_mut,int_destab_other,int_stab_mut,int_stab_other
7A29,2,rpk,cons,-347.5799290075069,-333.4024678745699,14.177461132937026,-31.490247948619487,-35.82203940355698,-4.331791454937491,,339;408;505,446,,452;484,,371;373;375;405,,,,,446
7A29,2,rpk,free,-465.51135915012367,-456.884833209425,8.626525940698684,-50.214844846930035,-42.077703829764836,8.137141017165199,,339;408;505,492,350;434;436;497,,493,371;375;405;501,369;421;422;456,452,,,
7A29,2,af2,cons,-607.6182127403147,-531.9181207763763,75.70009196393835,-30.881495774745318,-19.9872515417673,10.894244232978018,,339,483;500;502,481;485,,445;446;448;449;451;491;492;494;495;497,405;477,365;442;453;455;456;457;467;469;474;475;479;480;487;506,452,446;449;470;490;492,501,445;493
7A29,2,af2,free,-662.5747794371578,-618.5003395045355,44.07443993262223,-50.92554535979999,-40.21119010932857,10.71435525047142,,339,443;445;455;472;483;490;502,320;338;367;369;390;421;436;485;527,452,351;442;446;448;449;450;451;468;470;491;492;495;497,375;405,326;353;377;391;420;425;435;456;461;467;471;474;479;487;506;528,452,444;446;449;450;470;490;493,498;501,445;492;494;499;503
