pdb,antibody,method,constrained,wt_total,om_total,d_total,wt_interface,om_interface,d_interface,tot_stab_mut_close,tot_stab_mut_distal,tot_stab_other_close,tot_stab_other_distal,tot_destab_mut_close,tot_destab_other_close,tot_destab_mut_distal,tot_destab_other_distal,int_destab_mut,int_destab_other,int_stab_mut,int_stab_other
7SO9,2,af2,cons,-826.9424597341241,-800.2676758193431,26.67478391478096,-33.45867720921944,-26.188484991285566,7.270192217933872,,67;95,21;108,18;19;22;29;75;76;77;97;124;138;154;213;nan;215;216;247;260,,23;109;113,142;143;144;145;212,20;146;149;151;152;153;156;179;187;210;214;245;246;249;254;255;256;257;259,,111;113,,
7SO9,2,af2,free,-903.3880530911938,-896.4367578916326,6.951295199561173,-39.36792327486416,-34.04033007129957,5.327593203564589,,67;95;145,81;84;111,19;76;77;90;123;124;147;155;162;186;201;202;213;nan;215;216;222;223;226;227;242;248,,21;80;113;237;272,69;70;142;143;144;212,20;53;66;97;98;140;151;152;153;179;180;181;183;187;221;229;235;245;246;249;257;262,,28;113;270;271,,83
