pdb,antibody,method,constrained,wt_total,om_total,d_total,wt_interface,om_interface,d_interface,tot_stab_mut_close,tot_stab_mut_distal,tot_stab_other_close,tot_stab_other_distal,tot_destab_mut_close,tot_destab_other_close,tot_destab_mut_distal,tot_destab_other_distal,int_destab_mut,int_destab_other,int_stab_mut,int_stab_other
7E8F,2,rpk,cons,-469.6374489743116,-439.3162050687049,30.321243905606707,-34.99567136484075,-28.41769979395141,6.577971570889343,,339,,,484,,371;373;375;376;405;501,369,484,,,
7E8F,2,rpk,free,-504.6476162670598,-489.0107556673489,15.636860599710872,-40.33782988104928,-35.94894467166021,4.388885209389073,,339;505,451,433,484;493,446;449,371;375;405;501,,484,,,
7E8F,2,af2,cons,-615.0611620198979,-515.3935682400456,99.66759377985227,-25.74395617152967,-4.737352754316635,21.006603417213036,,339,483;490,443;496;502;518,484;501,346;351;446;448;449;451;471;479;492;494;495;497,371;373;405,365;372;453;454;456;457;461;469;473;487;491;506;520;522;541,484,449;450;483;490,,
7E8F,2,af2,free,-663.7069858323032,-605.3321691733518,58.37481665895143,-38.371283105143846,-29.37890992395435,8.992373181189496,,339;477,346;483;499,320;367;369;389;390;407;436;437;443;500;502;518;527,493;501,446;447;449;451;471;480;488;491;492;495;497,405,368;374;391;403;420;430;442;448;453;455;456;465;473;479;506;519;520;528,484,449;450;472;481;482;483;490,493,346;445;486
