pdb,antibody,method,constrained,wt_total,om_total,d_total,wt_interface,om_interface,d_interface,tot_stab_mut_close,tot_stab_mut_distal,tot_stab_other_close,tot_stab_other_distal,tot_destab_mut_close,tot_destab_other_close,tot_destab_mut_distal,tot_destab_other_distal,int_destab_mut,int_destab_other,int_stab_mut,int_stab_other
7B18,3,rpk,cons,-472.6198126894227,-453.68830548560567,18.931507203817034,-54.10177705805731,-56.82921094801837,-2.7274338899610626,,,,479,371;373;375;376,403,484;501,502,376;408,,375,
7B18,3,rpk,free,-573.4845808615898,-568.063579590608,5.421001270981833,-69.44048456694037,-62.70236111875192,6.738123448188453,,339,506,364;366;468;474;497,371;376;405;501,502,477,457,371;405;408;440,369;508,375,372;503
7B18,3,af2,cons,-624.2993636991057,-530.2594123643602,94.03995133474552,-40.294206400510134,-28.592411499870146,11.701794900639989,,339,502,421;443;481;483;485;490;500,371;373;405,369;374;503;506,452;477;501,365;434;442;446;448;451;453;454;455;456;457;467;469;474;475;479;487;489;491;492;493;494;495;497,371;373;376,503,375,378
7B18,3,af2,free,-669.7657755670423,-625.9447011462651,43.82107442077722,-58.90600054951201,-38.738459168335126,20.167541381176882,,339;478,435;499;502;508,325;347;367;390;421;422;443;473;483;485;490;500,405;501,374;438;503;506,,391;392;420;425;442;446;447;448;451;453;465;469;480;487;491;492;493;495;497,376;405;408,369;374;407;503;506,375;440,377;378;414
