pdb,antibody,method,constrained,wt_total,om_total,d_total,wt_interface,om_interface,d_interface,tot_stab_mut_close,tot_stab_mut_distal,tot_stab_other_close,tot_stab_other_distal,tot_destab_mut_close,tot_destab_other_close,tot_destab_mut_distal,tot_destab_other_distal,int_destab_mut,int_destab_other,int_stab_mut,int_stab_other
7V2A,2,rpk,cons,-382.4680210706425,-362.2978231120687,20.170197958573794,-30.73687646873592,-34.59392898792862,-3.857052519192699,,496;505,,,373;440,374,375,372;456,440,,371,343
7V2A,2,rpk,free,-461.5995527272025,-447.81396216977816,13.785590557424314,-37.21565449913652,-32.14535776861902,5.070296730517498,,496,343,338;340;454;492,375,367;374;443;444,,351;468;469;489,440,367;437;441,371,343
7V2A,2,af2,cons,-610.7906277732397,-610.9716332251476,-0.18100545190782213,-37.49838537146801,-39.37773813015816,-1.8793527586901462,,,372;437,369;406;483;485;518,375;440;446,368;374,501,365;420;434;435;455;489;528,440,346;374,339,343;437
7V2A,2,af2,free,-660.5252651936432,-659.8763924542687,0.6488727393744966,-47.10204616569274,-49.762864169720935,-2.6608180040281937,,,343;437;450,372;383;390;406;480;483;518;527,440,345;374;436,446,365;379;435;526;528,373;440,346,339;371;375,342;437
