pdb,antibody,method,constrained,wt_total,om_total,d_total,wt_interface,om_interface,d_interface,tot_stab_mut_close,tot_stab_mut_distal,tot_stab_other_close,tot_stab_other_distal,tot_destab_mut_close,tot_destab_other_close,tot_destab_mut_distal,tot_destab_other_distal,int_destab_mut,int_destab_other,int_stab_mut,int_stab_other
6W41,1,rpk,cons,-461.8182373652496,-455.89722569918894,5.921011666060679,-62.112995288999635,-62.169952471970426,-0.05695718297079111,,339;446,,,371;375,372,373;501,,,,,
6W41,1,rpk,free,-508.81501578313333,-509.6267061871438,-0.8116904040104487,-70.14437187525068,-67.76931028612569,2.3750615891249964,,339;446;496,380;434,437,373;375,369,,433,,,,372
6W41,1,af2,cons,-600.3433482645078,-599.6539577660385,0.6893904984692654,-51.51425161072111,-41.73052524087756,9.78372636984355,,339,372;516;517,393;406;483;485,,369;374;381;434;519;528,501,342;365;420;435;436;455;494,,377;378;381,373,372;517
6W41,1,af2,free,-649.5661211751333,-662.428168475139,-12.86204730000577,-70.85433123586795,-60.27603777188293,10.578293463985013,,339;484,321;369;372;428;429;516;518,406;480;483;527,,374;376;380;382;434;435;519;528,446,391;489,,324;325;369;374;376;377;380;381;517;519,373,372;379;408;428
