pdb,antibody,method,constrained,wt_total,om_total,d_total,wt_interface,om_interface,d_interface,tot_stab_mut_close,tot_stab_mut_distal,tot_stab_other_close,tot_stab_other_distal,tot_destab_mut_close,tot_destab_other_close,tot_destab_mut_distal,tot_destab_other_distal,int_destab_mut,int_destab_other,int_stab_mut,int_stab_other
7MZJ,1,rpk,cons,-542.7001276500546,-505.67814634636164,37.02198130369294,-57.33969999065182,-58.34771068434819,-1.0080106936963702,,339,,,417;478;484,490,371;373;375;446,369;372,505,,477,403
7MZJ,1,rpk,free,-567.1719484946976,-552.5126268875704,14.659321607127254,-61.528208985653805,-63.79283694583837,-2.264627960184562,,339,,,417;477;484,490,371;375;446,370,417,,477;493,403;453;476
7MZJ,1,af2,cons,-612.4433750895846,-613.3371149085531,-0.89373981896847,-33.412134043779744,-32.76026590008081,0.651868143698934,,339;371,403;485;486,367;369;372;483;518,417;493,405;420,375;446;501,365;368;374;434;435;528,493,,478,403;475
7MZJ,1,af2,free,-663.1486718319272,-664.9927460626213,-1.8440742306941047,-64.2283219604212,-59.34140336295095,4.886918597470249,,339;371,406;480;485,356;358;451;518,477;484;493,,446;496;501,374;448;526,417;484;505,,477,403;405;453
