pdb,antibody,method,constrained,wt_total,om_total,d_total,wt_interface,om_interface,d_interface,tot_stab_mut_close,tot_stab_mut_distal,tot_stab_other_close,tot_stab_other_distal,tot_destab_mut_close,tot_destab_other_close,tot_destab_mut_distal,tot_destab_other_distal,int_destab_mut,int_destab_other,int_stab_mut,int_stab_other
7E5R,9,af2,cons,-822.5898345174317,-793.3563210145143,29.23351350291739,-8.242555594113371,-8.733667821550643,-0.4911122274372719,,67;95,,18;19;21;22;29;75;76;77;79;97;111;124;138;213;nan;215;216;260,142;143;144,140;146;149;151;153;156;246;254;256,212,20;23;141;152;179;187;191;210;245;249;255;257,,146;148,,147
7E5R,9,af2,free,-893.5199327745597,-890.0685635984669,3.4513691760928396,-11.340565303993777,-22.823977188310607,-11.48341188431683,,67;95,155;248;252,18;19;66;77;102;111;114;121;124;139;150;157;213;nan;215;216;222;242;260;272,142;143;144,147;149;153;243;246;249;255;258,69;70;212,17;20;21;22;29;72;98;152;183;210;245;257;262;266,,148;246,,150;251;252;253;257
