pdb,antibody,method,constrained,wt_total,om_total,d_total,wt_interface,om_interface,d_interface,tot_stab_mut_close,tot_stab_mut_distal,tot_stab_other_close,tot_stab_other_distal,tot_destab_mut_close,tot_destab_other_close,tot_destab_mut_distal,tot_destab_other_distal,int_destab_mut,int_destab_other,int_stab_mut,int_stab_other
7B14,1,rpk,cons,-355.5296816332258,-338.56882917228904,16.960852460936735,-32.29359124056547,-30.532666922952178,1.7609243176132914,,339,,,417;484;496;501,,371;373;375,372;502,417;484;498,,446;478,
7B14,1,rpk,free,-458.72202844555954,-454.9936056243896,3.728422821169943,-65.13825361940114,-56.5687631072683,8.569490512132838,,339,488;494,350;421;434;442;508,484,472;489;492,,347;372;402;432;506,417,448;455;489;492,493,
7B14,1,af2,cons,-614.9345827182813,-613.4791506900315,1.4554320282497883,-27.622133981862284,-30.848460684822953,-3.2263267029606695,,339;371,483;485,367;369;372;406;481;518,496;501,,375,365;368;374;420;434;435;528,417;498,483,478;493,494
7B14,1,af2,free,-660.0867451708534,-672.1310208926801,-12.044275721826693,-69.45572884087967,-46.77712552166334,22.67860331921633,,339;371,483;488,356;369;389;406;425;518;527,417;446;498,494,375,374;435;526,417;498,403;444;449;483;489,478,468;492
