pdb,antibody,method,constrained,wt_total,om_total,d_total,wt_interface,om_interface,d_interface,tot_stab_mut_close,tot_stab_mut_distal,tot_stab_other_close,tot_stab_other_distal,tot_destab_mut_close,tot_destab_other_close,tot_destab_mut_distal,tot_destab_other_distal,int_destab_mut,int_destab_other,int_stab_mut,int_stab_other
7LXZ,1,af2,cons,-824.8767212345199,-807.6438243102382,17.232896924281704,-13.36147000923657,-13.051658494192685,0.3098115150438847,,67;95,19,21;22;29;75;76;77;79;97;111;124;138;213;nan;215;216;242;260,142;143;145,17;20;140;151;153;156;249;255;256,212,23;96;149;152;179;187;210;229;245;259,144,17;247,,147;254
7LXZ,1,af2,free,-886.3299547678789,-888.8435904059987,-2.5136356381198084,-17.27170613785736,-25.441367254399907,-8.169661116542546,,67;95,18;19;147;156;248,68;76;77;97;111;121;148;182;186;213;nan;215;216;222;242;260;300,142;143;144,20;140;153;243;246;249;253;255;257;258,212,98;149;152;179;210;245;262;298,144,246;248,,16;17;147;249;254;255
