pdb,antibody,method,constrained,wt_total,om_total,d_total,wt_interface,om_interface,d_interface,tot_stab_mut_close,tot_stab_mut_distal,tot_stab_other_close,tot_stab_other_distal,tot_destab_mut_close,tot_destab_other_close,tot_destab_mut_distal,tot_destab_other_distal,int_destab_mut,int_destab_other,int_stab_mut,int_stab_other
6XDG,1,rpk,cons,-364.0925191791189,-333.96972363804434,30.122795541074538,-42.8095898008106,-31.317299006135755,11.492290794674844,,408,,,484;486;501,,371;373;375;405,372,417;484;486,,,
6XDG,1,rpk,free,-451.2023577229649,-437.21819619916994,13.984161523794967,-59.17791322588017,-51.382420547293286,7.795492678586882,,339,487,340;366;367;374;424;449,,455;473,371;375;405;498,433;482;483,417;486,,,
6XDG,1,af2,cons,-604.7415436052213,-522.5515591015574,82.18998450366394,-39.74640184431864,-23.544782993725,16.20161885059364,,339,481;483;485;489;490;500;502,383;443,478;484;498,453;474;475;476;479;487;488;494;495;497;503,405;452,365;420;442;446;448;451;454;457;467;469;480;491;492;506,417;484;486,453;476;487;493,501,455;495
6XDG,1,af2,free,-656.6629282227789,-617.539668212396,39.123260010382864,-39.73750427757731,-26.37939983112837,13.358104446448937,,339,473;474;485;499;502,320;326;347;358;367;369;389;390;436;472;500;508;517,417;486;501,453;456;487;488;489;493;495,375;405,351;353;368;442;445;446;447;448;451;480;491;492;497;503;506;526;540,417;477;484,483;489,478;498,495
