pdb,antibody,method,constrained,wt_total,om_total,d_total,wt_interface,om_interface,d_interface,tot_stab_mut_close,tot_stab_mut_distal,tot_stab_other_close,tot_stab_other_distal,tot_destab_mut_close,tot_destab_other_close,tot_destab_mut_distal,tot_destab_other_distal,int_destab_mut,int_destab_other,int_stab_mut,int_stab_other
7ORA,4,rpk,cons,-535.0227305862902,-517.4573959100859,17.565334676204316,-44.1780237784553,-43.984398338688955,0.19362543976634328,,339;408,,,484,490,371;373;375;405,372,478,,,
7ORA,4,rpk,free,-558.7148630692373,-543.4828937429869,15.23196932625035,-56.118539950615734,-49.64614890247114,6.472391048144594,,339;408,455,451;508,484;493,420;479;490,371;373;405;498,365;372;374;449,478,479;487,,
7ORA,4,af2,cons,-615.2534982121856,-473.4456717689925,141.8078264431931,-37.17799576588578,19.010254197813392,56.18824996369918,,339,483;485;490,443;496;502;508;518,477;478;501,455;456;457;459;473;474;475;476;479;480;486;487;488;495,371;373;405,346;351;365;372;442;446;449;451;454;461;467;471;491;492;494;497;506;520;522;541,477;478,473;474;475;476;486;489,498,483
7ORA,4,af2,free,-658.127391941702,-565.8621622265966,92.2652297151053,-49.00643476254935,-21.61138656940467,27.395048193144678,,339,483;490;499,320;326;338;354;366;367;390;430;443;471;500;502;518;528,477;478;493,420;456;457;473;474;475;476;479;486;487;492;495;497,371;375;405;501,351;357;365;377;391;433;442;445;446;447;448;449;451;454;465;469;491;506;519;520;526;540,477;484,473;474;475;476;485;486;489,498,455;495
