pdb,antibody,method,constrained,wt_total,om_total,d_total,wt_interface,om_interface,d_interface,tot_stab_mut_close,tot_stab_mut_distal,tot_stab_other_close,tot_stab_other_distal,tot_destab_mut_close,tot_destab_other_close,tot_destab_mut_distal,tot_destab_other_distal,int_destab_mut,int_destab_other,int_stab_mut,int_stab_other
7P77,3,rpk,cons,-282.18235699925987,-259.5830529332792,22.599304065980675,-25.80710635539091,-27.930814392639633,-2.123708037248722,,339,434,367,371;373;375,372,446;484;493;501,447,,,,
7P77,3,rpk,free,-456.08158266030955,-437.8017728113484,18.279809848961122,-32.1377609335389,-36.05991968302558,-3.922158749486684,,496;505,369;384,347;403;472;489;510,371;375,,446;477;493;501,409;420;442;449;474;487;511,,370,375,369
7P77,3,af2,cons,-615.7070207007337,-615.6673858581007,0.039634842632949585,-22.81437636156629,-24.378073392561948,-1.5636970309956588,,339,370;372,367;406;483;485;518,375,368;369;374,501,420;434;435;455;489;499;528,375,369,373,370;372
7P77,3,af2,free,-664.3720367536519,-664.0852832831004,0.2867534705515027,-44.78361401805442,-34.12049237113065,10.66312164692377,,339;484,372;383,390;406;483;518;527,,369;374;435,446,424;448;455;528,375,369;374;377;408;502;503,373,372;385
