pdb,antibody,method,constrained,wt_total,om_total,d_total,wt_interface,om_interface,d_interface,tot_stab_mut_close,tot_stab_mut_distal,tot_stab_other_close,tot_stab_other_distal,tot_destab_mut_close,tot_destab_other_close,tot_destab_mut_distal,tot_destab_other_distal,int_destab_mut,int_destab_other,int_stab_mut,int_stab_other
7V89,1,rpk,cons,-428.8839231343296,-423.9463362377338,4.937586896595803,-33.24410577204138,-34.626873224374705,-1.3827674523333258,,339;408;505,,422;431;432,501,,371;376;405;440,433,,,,
7V89,1,rpk,free,-496.2525479593139,-495.2583848424696,0.9941631168443337,-39.280214158823625,-39.77320943367383,-0.4929952748502018,,339,,330;402;422;423;431;432;455;456;469,484,476,371;376,344;374;399;433;449,501,,,503
7V89,1,af2,cons,-618.1590195573235,-530.4931409224681,87.6658786348554,-38.2067721440687,-13.884978607854224,24.32179353621448,,339,490;502,443;483;485,417;478;486;501,403;446;474;475;479;487;488;489;492;494;495;497;506,405,365;442;445;448;451;454;457;465;469;480;491;538,417;478;486;498;501;505,475;489;500;502,,474;487;495;503
7V89,1,af2,free,-662.0076430509309,-610.4938835154351,51.513759535495865,-53.60925162206317,-28.785707251978238,24.82354437008493,,339,483;485;490;500;502;503,338;347;358;367;369;390;436;443;472,405;486,403;445;446;456;473;474;479;487;489;492;495;497;506,375,326;351;368;389;442;448;451;457;465;467;469;480;491;528,417;486;505,446;449;456;475;487;489;494;506,478;498;501,495;503
