pdb,antibody,method,constrained,wt_total,om_total,d_total,wt_interface,om_interface,d_interface,tot_stab_mut_close,tot_stab_mut_distal,tot_stab_other_close,tot_stab_other_distal,tot_destab_mut_close,tot_destab_other_close,tot_destab_mut_distal,tot_destab_other_distal,int_destab_mut,int_destab_other,int_stab_mut,int_stab_other
6XCM,1,rpk,cons,-390.685294268457,-374.87666738275374,15.80862688570329,-34.999704235443545,-29.502061524214383,5.497642711229162,,339;376,403,,405;501,,371;373;375;452;484,370;372;446,408;505,,,500
6XCM,1,rpk,free,-550.1971338791658,-528.1274089312253,22.069724947940472,-63.03221221477809,-52.70200310096061,10.330209113817482,,339,421,330;372;377;491;520,405;417,489,371;375;452;484,331;342;365;368;434;480;490;510,408;417;486;505,456;475;489,501,421;455
6XCM,1,af2,cons,-610.1720997655553,-517.9030856219484,92.26901414360691,-39.67727432569684,-15.349542004108669,24.327732321588172,,339,500;502,443;483;485;490,405;417;477;478;501,456;457;473;475;476;479;487;494;495;506,452,346;365;442;446;448;451;454;465;467;469;480;491;492;497,408;417;501;505,456;475;476;487;489;502,,
6XCM,1,af2,free,-654.8432649897951,-613.383700468994,41.45956452080111,-67.71352355652621,-36.091142626796255,31.622380929729957,,339;484,421;500;502;503,320;367;369;390;436;483;485;490;508,405;417;501,403;446;460;474;487;489;495;506,,326;346;351;368;391;425;445;448;451;461;467;479;491;492;497;526,405;417;486;501;505,403;415;455;456;460;473;489;504,477;478,421;453;503
