pdb,antibody,method,constrained,wt_total,om_total,d_total,wt_interface,om_interface,d_interface,tot_stab_mut_close,tot_stab_mut_distal,tot_stab_other_close,tot_stab_other_distal,tot_destab_mut_close,tot_destab_other_close,tot_destab_mut_distal,tot_destab_other_distal,int_destab_mut,int_destab_other,int_stab_mut,int_stab_other
6ZXN,2,rpk,cons,-433.70862361161016,-412.8804472315692,20.828176380040986,-32.43611589809695,-30.21351849487727,2.2225974032196802,,339;408,,,,,371;373;375,370;372,452,,,
6ZXN,2,rpk,free,-503.351350734075,-506.16937122605526,-2.818020491980235,-53.256785126754245,-62.58758352203028,-9.330798395276034,,339;408,488;491,510,452,455;472,371;375;405,511,,,484,487;488;489
6ZXN,2,af2,cons,-617.2009385807921,-504.2155155039393,112.98542307685284,-36.82092019692257,-21.618468106267535,15.202452090655036,,339,481;502,443;518,452;493;501,446;447;449;451;487;488;490;492;494;495;497,371;373;405,346;365;372;454;456;457;461;465;471;473;475;479;491;506;520;541,484,444;447;449;470;482;483;490,493;501,445;495
6ZXN,2,af2,free,-670.2133559951417,-620.2019292158087,50.011426779332965,-67.76250412741179,-40.48893419092355,27.273569936488236,,478,354;500;502,320;340;367;389;390;407;421;436;443;473;508;527;541,452;484;493,446;449;450;451;455;470;483;487;488;489;491;492;495;497,405,337;374;391;403;454;467;506;519;520;525;526,452;484,444;449;470;472;482;483;487;488;489;490;492,501,445;486;494;495
