pdb,antibody,method,constrained,wt_total,om_total,d_total,wt_interface,om_interface,d_interface,tot_stab_mut_close,tot_stab_mut_distal,tot_stab_other_close,tot_stab_other_distal,tot_destab_mut_close,tot_destab_other_close,tot_destab_mut_distal,tot_destab_other_distal,int_destab_mut,int_destab_other,int_stab_mut,int_stab_other
7VNB,1,rpk,cons,-595.3899302796456,-583.6214390686232,11.768491211022365,-58.33552886896514,-56.1363104048891,2.19921846407604,,339,,,484,,371;375;405;501,,452,,,494
7VNB,1,rpk,free,-620.2650528578927,-608.9178288121882,11.347224045704479,-60.23223659076308,-56.21865253456946,4.013584056193622,,339;373;408,,,,446,371;375;501,364;489,452,,,
7VNB,1,af2,cons,-619.0196218470235,-505.6914954753056,113.32812637171787,-54.473887698880446,-21.73765291708573,32.73623478179472,,339,483,383;502;518,452;493;501,351;446;447;448;449;450;451;453;492;494;495;497,371;373;405,365;372;387;442;454;455;456;457;461;473;475;479;487;491;506;520;522;538;541,452,346;351;446;449;450;468;490;494,493,492;497
7VNB,1,af2,free,-665.9765286985252,-617.5348256007478,48.44170309777735,-63.37722398190976,-45.14795528312746,18.2292686987823,,339;478,443;483,320;367;369;390;407;436;437;458;500;502;518;527,452;493;501,351;446;447;449;451;470;480;491;492;494;497,405,374;377;391;435;454;455;457;487;495;506;519;520;528,452;484,346;444;449;450;470;490,,356;445;482;492;497
