pdb,antibody,method,constrained,wt_total,om_total,d_total,wt_interface,om_interface,d_interface,tot_stab_mut_close,tot_stab_mut_distal,tot_stab_other_close,tot_stab_other_distal,tot_destab_mut_close,tot_destab_other_close,tot_destab_mut_distal,tot_destab_other_distal,int_destab_mut,int_destab_other,int_stab_mut,int_stab_other
7RW2,1,af2,cons,-839.4024244807922,-817.7433940214182,21.65903045937398,-63.346965549266,-63.633596751441985,-0.2866312021759825,,,153,16;97;111;228;229;248,,,19;24;25;26,17;18;23;29;80;140;141;233;244;245;249;250;251;256;257;258;259;272,,,,
7RW2,1,af2,free,-923.2203802460174,-895.4008359722152,27.819544273802194,-98.58661504409335,-89.56831865206024,9.018296392033108,,,119;184;222,41;79;81;95;144;201;214;228;229;230;246;247;269,,98;147;150;152;182;203;221,24;25;26,18;22;29;54;70;71;135;138;140;181;183;194;244;245;249;250,,150;153;182;224,,170
