pdb,antibody,method,constrained,wt_total,om_total,d_total,wt_interface,om_interface,d_interface,tot_stab_mut_close,tot_stab_mut_distal,tot_stab_other_close,tot_stab_other_distal,tot_destab_mut_close,tot_destab_other_close,tot_destab_mut_distal,tot_destab_other_distal,int_destab_mut,int_destab_other,int_stab_mut,int_stab_other
7LQ7,6,rpk,cons,-529.9712792123692,-506.2047528606139,23.76652635175526,-38.43686964442043,-40.64227588222064,-2.2054062378002044,,339,,,478;484,,371;373;446;501,372,478,,493,489
7LQ7,6,rpk,free,-562.6969991395435,-543.4943508669278,19.20264827261576,-44.718015031573536,-41.40893888560353,3.3090761459700033,,339,,406;434;451,478,449;492,371;373;375;446;501,368;372;445;452,477;478,,493,486
7LQ7,6,af2,cons,-614.3896040962768,-610.101721962672,4.287882133604853,-39.41154333748533,-29.296262723296078,10.115280614189249,,339;371,483;485,367;369;372;406;518,478,449;455;486;489,375;501,365;368;374;420;434;435;528,478,486;489,477,
7LQ7,6,af2,free,-657.9585131381655,-656.3019527996236,1.656560338541908,-48.38966812465393,-33.65926212366615,14.730406000987777,,339;371,483;485;488,369;372;406;425;451;472;516;518,478,455;486,446,326;342;374;435;452,478;484,481;486,,
