pdb,antibody,method,constrained,wt_total,om_total,d_total,wt_interface,om_interface,d_interface,tot_stab_mut_close,tot_stab_mut_distal,tot_stab_other_close,tot_stab_other_distal,tot_destab_mut_close,tot_destab_other_close,tot_destab_mut_distal,tot_destab_other_distal,int_destab_mut,int_destab_other,int_stab_mut,int_stab_other
7BEK,1,rpk,cons,-550.0847041123812,-517.950728265958,32.133975846423255,-58.54033376979622,-44.78449340269031,13.755840367105911,,339,,,405;498;501,496,371;373;375,372,417;498;501;505,,,
7BEK,1,rpk,free,-580.7455117217843,-556.9229519952721,23.822559726512168,-62.823239473149215,-52.68262403079791,10.140615442351304,,339,,374,405;498;501;505,473,371;375,365;368;471;499,417;498;505,415;455;460;496,,420;486;489
7BEK,1,af2,cons,-617.4114741263422,-467.2045665555753,150.20690757076693,-49.36044095172241,16.82285914019479,66.1833000919172,,339,481;499;502,482;483;490;518,405;417;477;478;493;501;505,453;454;455;456;457;459;473;474;475;476;479;487;494;495;497,371;373,346;351;365;372;391;442;446;451;461;467;469;491;492;506;520;538;541,417;477;478;493;505,456;473;474;475;476;489;495;500;502,405,487;499;503
7BEK,1,af2,free,-667.7575441701314,-619.6966812470936,48.0608629230378,-66.17004356515965,-18.9127953604295,47.257248204730146,,339;478,407;500;502;503,320;367;390;436;443;482;483;485;490;515;518;527,405;417;501;505,406;421;446;447;448;456;460;475;487;495;497;506,452,351;374;377;391;430;442;445;451;467;492;517;519;520;528,405;417;501;505,403;409;420;449;455;456;460;473;475;486;489;496;502,498,503
