pdb,antibody,method,constrained,wt_total,om_total,d_total,wt_interface,om_interface,d_interface,tot_stab_mut_close,tot_stab_mut_distal,tot_stab_other_close,tot_stab_other_distal,tot_destab_mut_close,tot_destab_other_close,tot_destab_mut_distal,tot_destab_other_distal,int_destab_mut,int_destab_other,int_stab_mut,int_stab_other
7JZN,3,rpk,cons,-615.6681895556745,-589.7368171478424,25.9313724078321,-59.39258181313109,-56.270401919457136,3.1221798936739518,,339;408;452,403,,417;501;505,492,371;373;375,372,417;505,,498,453
7JZN,3,rpk,free,-635.4284986569888,-626.7776318584928,8.650866798496054,-61.10910931536556,-56.40617447426437,4.7029348411011895,,339;452,403,508,405;417;501,,371;373,372,417;505,,498,403
7JZN,3,af2,cons,-615.1356869130921,-519.4970787481833,95.63860816490876,-54.79091268635348,-43.250397941709785,11.540514744643694,,339,403;421;483;485;490;496;500,518,405;417;493;498;501;505,446;447;453;455;456;457;473;474;475;487;488;489;492;494;495;497;503;506,371;373;452,346;351;365;372;451;454;467;469;479;491;520;522;538;541,417;493;501;505,453;476;489;502,478;498,486;495;500;504
7JZN,3,af2,free,-653.4901918526408,-622.734006479769,30.756185372871755,-50.844548161154776,-44.77439937849546,6.070148782659317,,339;408,403;421;483;485;486;490;500;502,320;338;367;369;390;407;436;450;458;482;508;518;527,405;417;493;498;501;505,446;449;453;456;475;489;494;495;497;506,,365;370;374;391;442;445;448;451;454;457;469;479;491;492;511;519;528,417;493;505,449;489;497,,403;406;455;486;503
