pdb,antibody,method,constrained,wt_total,om_total,d_total,wt_interface,om_interface,d_interface,tot_stab_mut_close,tot_stab_mut_distal,tot_stab_other_close,tot_stab_other_distal,tot_destab_mut_close,tot_destab_other_close,tot_destab_mut_distal,tot_destab_other_distal,int_destab_mut,int_destab_other,int_stab_mut,int_stab_other
7BEP,2,rpk,cons,-533.0517544260523,-517.4179706586485,15.63378376740377,-41.50746682258818,-34.814740211964654,6.692726610623524,,339;408,,,484,,371;373,372,484,490,,
7BEP,2,rpk,free,-555.5836235645182,-550.1509939371329,5.432629627385381,-51.08003175205752,-48.52093392701094,2.5590978250465852,,339;505,456,450;508,484,449;455;472,371;405,372,484;493,481;489,452;478,456
7BEP,2,af2,cons,-612.8634109185055,-521.391429091582,91.47198182692341,-27.160263004526627,-9.876189566418816,17.28407343810781,,339,483;485;490,496;500;502;518,452;493;501,446;449;455;456;479;487;488;489;491;492;494;495;497,371;373;375;405,346;351;365;372;403;442;451;454;457;461;469;473;506;520;522;541,484,481;483;486;488;489;490,,495
7BEP,2,af2,free,-662.3103119326829,-619.9283919521788,42.38191998050411,-45.824795831344,-28.388883549572242,17.435912281771756,,339;478,450;474;483;487;490,320;367;390;407;436;437;443;500;502;518;527,484;493,445;446;453;454;455;480;481;492;495;497,405;501,351;365;391;403;420;434;442;448;451;467;469;479;491;506;519;520;528,484,445;446;449;455;456;481;482;486,498,487;495
