pdb,antibody,method,constrained,wt_total,om_total,d_total,wt_interface,om_interface,d_interface,tot_stab_mut_close,tot_stab_mut_distal,tot_stab_other_close,tot_stab_other_distal,tot_destab_mut_close,tot_destab_other_close,tot_destab_mut_distal,tot_destab_other_distal,int_destab_mut,int_destab_other,int_stab_mut,int_stab_other
7NEH,1,rpk,cons,-549.622506840685,-518.7825365188039,30.839970321881083,-54.61425956265273,-44.32479524173515,10.289464320917574,,339,,,405;498;501,,371;373;375;484,372,417;498;505,,,
7NEH,1,rpk,free,-576.146194167537,-563.0265498062199,13.119644361317114,-64.66865702255038,-58.321250823892505,6.347406198657872,,339,403;474,366;385;508,405;417;498,446,371;375;484,342;369;434;436,417;498;505,495;496,501,474;503
7NEH,1,af2,cons,-615.1955221552654,-465.00671519977936,150.18880695548603,-51.530651010903,-22.230935481947824,29.299715528955176,,339,485;500,383;483;490;518,405;477;478;493;501;505,449;454;455;456;459;473;474;475;476;479;487;494;495;497;504,371;373,346;351;365;372;387;446;448;451;461;465;488;491;492;506;520;522;541,417;501;505,475;476;495;502,498,403;421;457;458;503
7NEH,1,af2,free,-663.3629061711147,-605.830636043147,57.53227012796765,-64.63836132731312,-32.47287995811346,32.16548136919966,,339,403;486;500;502,320;338;367;390;450;466;483;485;490;518,405;493;505,446;448;449;453;455;456;475;487;495;497;499,371,342;351;356;365;374;377;381;391;442;445;451;469;471;480;491;492;506;517;519;520,417;505,415;420;421;455;456;473;474;475;487;495;496;502,477;501,503
