pdb,antibody,method,constrained,wt_total,om_total,d_total,wt_interface,om_interface,d_interface,tot_stab_mut_close,tot_stab_mut_distal,tot_stab_other_close,tot_stab_other_distal,tot_destab_mut_close,tot_destab_other_close,tot_destab_mut_distal,tot_destab_other_distal,int_destab_mut,int_destab_other,int_stab_mut,int_stab_other
7L2E,1,af2,cons,-780.9060148084816,-755.9199099376976,24.986104870783947,-20.551275109250728,-21.242060181048988,-0.6907850717982598,,,144;147;151;158;242;246;247,97;111;180;223;228;229;237;272,19,17;18;140;148;245;249;250;253;256;257;258;259,24;25;26,23;29;80;193;233;270,19,16;17;158;248;253,,246;247;251;254
7L2E,1,af2,free,-903.976599891555,-866.4831224811932,37.493477410361834,-19.611525311462586,-57.54699340700593,-37.93546809554334,,,15;137;144;154;243;248;252,68;84;95;138;184;186;222;223;226;227,19,17;20;156;244;245;249;253;257;258,25;26,29;69;71;77;78;80;97;98;101;159;183;221;259;260;261;262,19,16,142,15;146;147;246;248;251;252;254;256;258
