pdb,antibody,method,constrained,wt_total,om_total,d_total,wt_interface,om_interface,d_interface,tot_stab_mut_close,tot_stab_mut_distal,tot_stab_other_close,tot_stab_other_distal,tot_destab_mut_close,tot_destab_other_close,tot_destab_mut_distal,tot_destab_other_distal,int_destab_mut,int_destab_other,int_stab_mut,int_stab_other
7R8M,2,rpk,cons,-252.42259354675167,-242.59252121453756,9.830072332214115,-24.052789572396378,-26.680854190331466,-2.628064617935088,,408,,,,,371;375;405,,,437,440,
7R8M,2,rpk,free,-403.056883557354,-391.5281940183487,11.528689539005313,-34.64777349709571,-38.03016679933264,-3.3823933022369275,,408,451,335;351;366;370;383;404;425;429;453,498,,405,365;369;409;418;422;434;454;460;461;494;504,,,440,
7R8M,2,af2,cons,-592.3925129536422,-480.346619171164,112.04589378247817,-25.366073855693063,-12.767038336549678,12.599035519143385,,,344;346;347;443;499;500;509,483;490;502;518,371;373,345;442;444;445;446;447;448;449;451;497;506,405;493;501,351;365;453;454;455;456;457;461;471;473;475;479;487;491;492;494;495;520;522;541,,346;442;444;447,440,443
7R8M,2,af2,free,-661.2775487108256,-622.1900135913722,39.08753511945338,-46.92341282869421,-28.478147932038905,18.445264896655306,,478,343;372;500,320;326;338;367;382;390;421;423;473;483;490;496;502;518;527,371,345;346;444;445;446;448;451;497,405;493,365;374;391;402;403;420;453;454;455;456;459;460;465;480;488;491;492;495;506;519;520;528,,345;346;441;442;444;445;448,440,343;372;446
