pdb,antibody,method,constrained,wt_total,om_total,d_total,wt_interface,om_interface,d_interface,tot_stab_mut_close,tot_stab_mut_distal,tot_stab_other_close,tot_stab_other_distal,tot_destab_mut_close,tot_destab_other_close,tot_destab_mut_distal,tot_destab_other_distal,int_destab_mut,int_destab_other,int_stab_mut,int_stab_other
6YZ7,3,rpk,cons,-500.26299792337437,-487.2151221036494,13.047875819724993,-36.26527834809173,-27.36196470273282,8.903313645358907,,339,,,484;493,,373;501,372,484;493,,,
6YZ7,3,rpk,free,-542.3624543580997,-551.6925809849606,-9.330126626860874,-40.03593672514438,-32.389604671897295,7.646332053247086,,339;371,,368;406;436;508,493,,,358;372;374,484;493,,,
6YZ7,3,af2,cons,-611.2170979855082,-620.9186665032986,-9.701568517790406,-29.77278967024359,-27.393888794851836,2.3789008753917535,,339;371,472;481;483;485,367;369;372;406;518;527,,494,375;501,365;368;420;434;435;499;528,493,483,484,
6YZ7,3,af2,free,-666.1876961488985,-661.5550198131243,4.632676335774136,-40.95505138612716,-33.34667433001292,7.608377056114243,,339;371,485,369;372;406;418;425;481;518,446;496,455,501,332;342;374;421;435;497,484,450;483,,489
