pdb,antibody,method,constrained,wt_total,om_total,d_total,wt_interface,om_interface,d_interface,tot_stab_mut_close,tot_stab_mut_distal,tot_stab_other_close,tot_stab_other_distal,tot_destab_mut_close,tot_destab_other_close,tot_destab_mut_distal,tot_destab_other_distal,int_destab_mut,int_destab_other,int_stab_mut,int_stab_other
7P78,1,rpk,cons,-269.9201360843638,-250.38869297726137,19.531443107102405,-30.690478558336665,-26.618277816299887,4.072200742036777,,339,,508,446;484;493;498;501,,371;373,372,493;498,,501,
7P78,1,rpk,free,-428.21781990769466,-427.5037104531302,0.7141094545644364,-41.62614419250255,-46.46937854086664,-4.843234348364092,,339,416;420;453;488,346;347;350;368;372;419;436;450;454;508;541,446;484,406;487;489;504,371;477,376;410;423;434;435;438;472;474,493;498,403;449,417;501,421;460;486
7P78,1,af2,cons,-603.9197670916541,-596.9756018721569,6.944165219497222,-26.96663096885048,-21.826904021466746,5.1397269473837355,,339;371,406;483,367;369;372;485;518,496;498;501,494;495,375,365;368;374;434;435;528,446;493;498,,417;496,
7P78,1,af2,free,-657.0920590479599,-665.3221044190042,-8.230045371044298,-43.16530416560988,-36.217655201150116,6.947648964459766,,339;371;484,405;406;506,369;372;393;480;483;518;528,446,502;504,,374;435;448;526,446;493;498,445;500;502;504,417;496,449;486;487;489
