pdb,antibody,method,constrained,wt_total,om_total,d_total,wt_interface,om_interface,d_interface,tot_stab_mut_close,tot_stab_mut_distal,tot_stab_other_close,tot_stab_other_distal,tot_destab_mut_close,tot_destab_other_close,tot_destab_mut_distal,tot_destab_other_distal,int_destab_mut,int_destab_other,int_stab_mut,int_stab_other
7E5S,4,rpk,cons,-353.4877338832982,-349.61723448259966,3.8704994006985203,-39.86870049458076,-39.12205584859178,0.7466446459889795,,339,,497,446,447,373;375;501,,,,493,
7E5S,4,rpk,free,-477.2153458621228,-459.4330430059497,17.78230285617309,-66.40098715181327,-59.144277766028715,7.2567093857845535,,339;373,480;487,372;374;377;497;508;515,446,472;488;491,498,338;365;367;368;369;385;418;437;467;518,493,471,,450
7E5S,4,af2,cons,-617.0397295912526,-617.0099760540709,0.029753537181704814,-32.08997064047085,-37.73136358534569,-5.641392944874838,,339;371,472;483;485;486,367;369;372;406;518,493;496;501,455,375,365;368;374;420;434;435;499;528,,481,,485;486
7E5S,4,af2,free,-666.681037421349,-667.7700283022134,-1.0889908808644577,-55.911183222341016,-48.70915932786345,7.202023894477563,,339;371,451;472;482;483;485,369;372;390;418;518;527,446;496,444;449;452,501,332;356;374;389;435,484,449;450;483;490,,482;485;486
