pdb,antibody,method,constrained,wt_total,om_total,d_total,wt_interface,om_interface,d_interface,tot_stab_mut_close,tot_stab_mut_distal,tot_stab_other_close,tot_stab_other_distal,tot_destab_mut_close,tot_destab_other_close,tot_destab_mut_distal,tot_destab_other_distal,int_destab_mut,int_destab_other,int_stab_mut,int_stab_other
7CZQ,2,rpk,cons,-444.48723230997405,-411.8717955779797,32.61543673199435,-43.16341976970152,-31.640291951051,11.523127818650519,,339,,,417;493;498;501,447,371;373;375;446;484,369;372,417;493;498;505,486,,
7CZQ,2,rpk,free,-514.3993649338115,-496.6078671799967,17.791497753814838,-58.019254609258056,-45.07519441487019,12.944060194387866,,339,,437,417;493;505,421;490;503,371;375;446;484,370;442;472;491,417;505,421;457;494;503,501,486
7CZQ,2,af2,cons,-609.227169646927,-607.1172800003683,2.109889646558713,-40.68772215405406,-40.49084310699739,0.1968790470566688,,339;371,406,367;369;372;481;483;485;518,493;496,403;494,375,365;368;374;434;435;528,417;493;505,,501,
7CZQ,2,af2,free,-660.2915324536013,-649.6621840233411,10.62934843026028,-67.25909439161103,-54.65450661635403,12.604587775257002,,339;371;484,,363;372;390;480;483;518;527,417,452;494,446,374;391;392;433;435;444;448,417;493;505,504,501,420;503
