pdb,antibody,method,constrained,wt_total,om_total,d_total,wt_interface,om_interface,d_interface,tot_stab_mut_close,tot_stab_mut_distal,tot_stab_other_close,tot_stab_other_distal,tot_destab_mut_close,tot_destab_other_close,tot_destab_mut_distal,tot_destab_other_distal,int_destab_mut,int_destab_other,int_stab_mut,int_stab_other
7CYP,2,rpk,cons,-353.7267754458859,-338.3106603719061,15.416115073979768,-29.098728169760886,-24.09967835310588,4.999049816655006,,339;408,,367;451,375;498;501,496,371;373,372,498;505,,452;501,
7CYP,2,rpk,free,-484.0853163290039,-468.45294241738463,15.632373911619254,-33.487341732176766,-44.028937309800455,-10.541595577623688,,339,445;450;497;506,337;349;354;363;399;422;436;509;524,375;405;452;501,494;495,371;417;484,346;355;365;366;388;396;402;464;488;510,498;501,494,,443;445;446;500;502;506
7CYP,2,af2,cons,-608.1511964676498,-531.141472211769,77.00972425588077,-23.5805783498769,-7.132031432734302,16.4485469171426,,339,443;502,421;481;483;485;490,405;501,445;449;494;506,477,365;442;448;451;453;454;455;456;457;467;469;474;475;479;487;488;489;491;492;493;495;497,498;501;505,449;499;500,,506
7CYP,2,af2,free,-661.8657937993406,-619.3196552679283,42.54613853141234,-37.873485372893875,-28.49214812612413,9.381337246769746,,,443;450;496;500;502;503,338;367;369;372;390;401;427;436;481;483;485;490;527,375;405;501;505,445;446;449;453;495;497;506,371,351;391;392;430;442;451;454;467;469;473;474;479;487;491;492,498;501;505,445;447;449;500,405;452,450;503;506;508
