pdb,antibody,method,constrained,wt_total,om_total,d_total,wt_interface,om_interface,d_interface,tot_stab_mut_close,tot_stab_mut_distal,tot_stab_other_close,tot_stab_other_distal,tot_destab_mut_close,tot_destab_other_close,tot_destab_mut_distal,tot_destab_other_distal,int_destab_mut,int_destab_other,int_stab_mut,int_stab_other
7JZL,1,rpk,cons,-622.9503591198292,-598.1467091443822,24.803649975447,-68.8373461219929,-59.45115926450421,9.386186857488681,,339,,,405;484;498;501,,371;373;375;376;452,372;499,417;486;498;505,,501,
7JZL,1,rpk,free,-644.549496502666,-631.35522484388,13.194271658785965,-73.62341219667613,-65.76910797810092,7.8543042185752086,,339;408,,363;367;437,498,490,371;375,370,417;477;486;498;505,,501,
7JZL,1,af2,cons,-623.6397056557182,-543.2205691003671,80.41913655535109,-65.06461126075293,-52.85275258887212,12.211858671880805,,339,483;485;490;503,383;481,405;477;498;501;505,447;449;453;456;457;474;489;491;492;493;494;495;497;506,452,365;442;448;450;451;454;467;469;479,417;486;501;505,453;456;489;493;502,478,475;487;500;503;504
7JZL,1,af2,free,-667.5284535296225,-630.5630733864859,36.9653801431366,-77.31507197828363,-71.10519595329254,6.20987602499109,,339,403;421;475;483;485;490;500;502;503,320;338;347;358;367;369;390;436,405;417;501;505,446;448;451;453;456;474;489;491;493;495;497;506,452,326;357;368;394;442;465;479;492;528,417;484;505,456;489;490;493;497,478,403;475;487;495;500;503;504
