pdb,antibody,method,constrained,wt_total,om_total,d_total,wt_interface,om_interface,d_interface,tot_stab_mut_close,tot_stab_mut_distal,tot_stab_other_close,tot_stab_other_distal,tot_destab_mut_close,tot_destab_other_close,tot_destab_mut_distal,tot_destab_other_distal,int_destab_mut,int_destab_other,int_stab_mut,int_stab_other
7CZY,2,rpk,cons,-448.96262779339503,-429.9074549931321,19.055172800262937,-23.767536662310246,-21.933409172010826,1.8341274902994193,,339,487,,477;484,,371;373;375;405,372,486,,,
7CZY,2,rpk,free,-528.431037034602,-520.2008015483026,8.23023548629942,-41.11148367085355,-39.170756261195024,1.9407274096585283,,339;408,476;487;489,,477,495,371;375,347,477;486;505,,498,475;487;489
7CZY,2,af2,cons,-608.8177037265768,-535.0172099689642,73.80049375761268,-23.968550368459237,-25.15256613911251,-1.1840157706532715,,339,481;483;485;500;502,,477;478,453;455;457;474;476;479;487;488;495,405;452,365;442;445;446;448;451;454;467;469;491;492;497;506,484;486,473;476;489,498;501,475;487;495
7CZY,2,af2,free,-654.9115892218931,-614.1292860147894,40.78230320710372,-64.46989847006266,-29.68945878312011,34.78043968694255,,339,482;485;490;500;502,320;367;369;374;390;436;443;481;517,452,447;453;455;475;487;489;492;493;494;495;497,375;405,368;424;442;445;446;448;451;465;469;480;491;506;518,477;484,421;473;476;483;487;489;493,498;501,495
