pdb,antibody,method,constrained,wt_total,om_total,d_total,wt_interface,om_interface,d_interface,tot_stab_mut_close,tot_stab_mut_distal,tot_stab_other_close,tot_stab_other_distal,tot_destab_mut_close,tot_destab_other_close,tot_destab_mut_distal,tot_destab_other_distal,int_destab_mut,int_destab_other,int_stab_mut,int_stab_other
7VNE,2,rpk,cons,-296.8077708461848,-290.9392072028436,5.86856364334119,-22.873742944802412,-20.23275725767124,2.640985687131174,,339,,497,446,,371;501,445;504,,494,,
7VNE,2,rpk,free,-450.8607961483205,-463.52213409116865,-12.66133794284815,-44.107847076743795,-49.41736061424028,-5.3095135374964855,,339;373,,392;403;406;408;409;436;513,446,,375,382;509,,,,444;482
7VNE,2,af2,cons,-607.6895628038246,-610.7536941301821,-3.064131326357483,-18.3025665183569,-17.16447246030473,1.1380940580521717,,339;371,483,367;369;372;406;485;518,446,,375;501,365;368;434;435;489;499,,,,
7VNE,2,af2,free,-663.4706253921388,-669.6924757197523,-6.221850327613538,-52.62187363378123,-58.92737494527362,-6.305501311492392,,339;371,469;480;483,369;372;406;418;485;516;518;527,446,449,,374;435;455;489;528,,346;449,,452;470;482;492
