pdb,antibody,method,constrained,wt_total,om_total,d_total,wt_interface,om_interface,d_interface,tot_stab_mut_close,tot_stab_mut_distal,tot_stab_other_close,tot_stab_other_distal,tot_destab_mut_close,tot_destab_other_close,tot_destab_mut_distal,tot_destab_other_distal,int_destab_mut,int_destab_other,int_stab_mut,int_stab_other
7A25,1,rpk,cons,-416.25955099990733,-396.6372718242103,19.62227917569703,-36.25183707895214,-36.05412786313763,0.19770921581451262,,339;505,,,446;484,,371;373;375,,,,498,
7A25,1,rpk,free,-481.4908552844493,-489.3110181873203,-7.8201629028710045,-62.43154440947565,-49.41712425293914,13.01442015653651,,339,449;469;490,342;374;473,484,447;468;483,371;375,366,484;498,471;483,,452;490;500
7A25,1,af2,cons,-604.8896723054668,-617.4293036172987,-12.539631311831954,-42.3796049445915,-41.679118766891015,0.7004861777004834,,339;371,452;483,367;369;372;406;481;485;518,501,445,375,365;368;374;434;435;455;528,,445,,494
7A25,1,af2,free,-659.7416941685808,-666.6198540897849,-6.878159921204087,-47.17516033969959,-44.728900190242015,2.446260149457572,,339;371,346;483,369;372;480;516;518;528,446,,,342;374;435;455;526,484,490,498,346
