pdb,antibody,method,constrained,wt_total,om_total,d_total,wt_interface,om_interface,d_interface,tot_stab_mut_close,tot_stab_mut_distal,tot_stab_other_close,tot_stab_other_distal,tot_destab_mut_close,tot_destab_other_close,tot_destab_mut_distal,tot_destab_other_distal,int_destab_mut,int_destab_other,int_stab_mut,int_stab_other
7KFW,2,rpk,cons,-564.1710343253866,-535.8572770518083,28.31375727357829,-59.81431365009738,-48.241854568343726,11.572459081753657,,339,,,405;484;501,,371;373;375,372,417;486;498,,,
7KFW,2,rpk,free,-594.2441802399417,-580.2724918353442,13.971688404597444,-66.12888357491671,-58.28358328563135,7.845300289285362,,339;373,488,366;372;377,405;484;498,446;493,371,342;369;436;499,417;484,493;496;502,501,415;490
7KFW,2,af2,cons,-606.5152546959278,-509.35654375461843,97.15871094130932,-38.83221772249617,-17.11645115320062,21.715766569295546,,339,421;500;502,483;485,405;477;478,453;454;455;457;460;473;474;475;476;479;480;487;489;492;493;494;495;497;503;506,452,365;442;445;446;448;451;467;468;469;491;538,417;505,455;474;475;476;489;493,,421;473;495
7KFW,2,af2,free,-668.2946189568406,-591.6833405349828,76.61127842185783,-66.28107127933833,-16.847975581610974,49.43309569772736,,339,483;490;500;502,320;347;367;369;372;390;436;443;508,405;417;501,421;446;447;448;453;454;455;456;460;475;479;487;489;492;495;497,,326;391;392;407;410;425;434;435;442;451;465;469;491;506,417;501;505,403;420;421;453;455;456;460;473;475;487;489;490;493;496;502,477;478,415;503
