pdb,antibody,method,constrained,wt_total,om_total,d_total,wt_interface,om_interface,d_interface,tot_stab_mut_close,tot_stab_mut_distal,tot_stab_other_close,tot_stab_other_distal,tot_destab_mut_close,tot_destab_other_close,tot_destab_mut_distal,tot_destab_other_distal,int_destab_mut,int_destab_other,int_stab_mut,int_stab_other
7KGK,1,rpk,cons,-537.2385278174237,-500.2722147834002,36.96631303402347,-52.013190222002834,-36.855898548088675,15.157291673914159,,339,,,446;484;496;498,449;500,371;373;375,369;372,484;493;496;505,449;453,501,
7KGK,1,rpk,free,-573.2846655825002,-559.033091305975,14.251574276525275,-57.16783445965905,-42.373861954428456,14.793972505230592,,339,,367;369;434;506,446;484,455;500;502,371;375,366;368;457;467,484;493;505,405,501,490
7KGK,1,af2,cons,-612.969239717715,-611.760497723936,1.2087419937789718,-41.49074516168594,-36.288252959397575,5.202492202288369,,339;371,406;483;485,367;369;372;481;518,,494;497,375,365;368;374;434;435;528,496,403;483,,
7KGK,1,af2,free,-661.526358920638,-658.8692104336731,2.6571484869649566,-60.9601268611675,-38.603257231510455,22.356869629657048,,339,406;418;485,358;369;372;390;481;518;527,446,449;455;494;495,,353;365;368;374;519;528,493;498,403;445;449;453;483,,
