pdb,antibody,method,constrained,wt_total,om_total,d_total,wt_interface,om_interface,d_interface,tot_stab_mut_close,tot_stab_mut_distal,tot_stab_other_close,tot_stab_other_distal,tot_destab_mut_close,tot_destab_other_close,tot_destab_mut_distal,tot_destab_other_distal,int_destab_mut,int_destab_other,int_stab_mut,int_stab_other
7DK7,2,rpk,cons,-461.95350804962857,-422.377459183117,39.57604886651154,-62.63942224357237,-59.447205741137026,3.1922165024353433,,339,,,405;486;498;501,487;502,371;373;375,374,505,,501,
7DK7,2,rpk,free,-523.9238025636567,-488.57876789647,35.345034667186724,-79.70270598630853,-83.11109180541334,-3.408385819104808,,339,474;488,434;508,405;486;498,482;483;487;489;502;504,371;375,377;402;407;418,498,482;487,501,473;489
7DK7,2,af2,cons,-601.6243231037743,-538.99016342511,62.63415967866422,-44.42522720232258,-55.767654346689454,-11.342427144366873,,339,475;481;483;485;496;500;502,383,405;452;501;505,403;446;448;449;456;457;473;476;488;489;491;492;494;495;497;506,,365;442;451;454;465;467;469;479;538,484;505,449;455;483;488;489;490;492,478;486;498,403;474;475;487;494;495;502
7DK7,2,af2,free,-665.2070675093173,-627.4630870714782,37.74398043783913,-72.64861848288713,-68.16021605011338,4.4884024327737535,,339;478,485;490;500;503,347;358;367;372;390;418;422;443;481;527,405;501;505,406;446;448;449;455;456;489;492;493;495;497;506,375,381;442;451;465;467;469;479;480,484;505,449;455;456;473;483;489;490;493;496,452;486;498;501,457;475;485;487;494;495;497;503
