pdb,antibody,method,constrained,wt_total,om_total,d_total,wt_interface,om_interface,d_interface,tot_stab_mut_close,tot_stab_mut_distal,tot_stab_other_close,tot_stab_other_distal,tot_destab_mut_close,tot_destab_other_close,tot_destab_mut_distal,tot_destab_other_distal,int_destab_mut,int_destab_other,int_stab_mut,int_stab_other
7KXJ,2,rpk,cons,-540.1741033898635,-520.728371844412,19.44573154545151,-54.69280405126291,-53.47943041957295,1.2133736316899615,,,,,501,,375;446,447,505,,417,
7KXJ,2,rpk,free,-564.277664575847,-551.3279738048946,12.94969077095243,-57.436685517515215,-58.13910928283353,-0.702423765318315,,,,377,501,,371;375;446,,505,,417;496,
7KXJ,2,af2,cons,-602.046234836657,-614.0621507746473,-12.015915937990258,-33.30617377553068,-32.28708440159431,1.0190893739363673,,339;371,403;406;456;483;485;490,367;372;451;518,417;501,420,375;446,365;368;434;435;499,417;505,415,,403
7KXJ,2,af2,free,-657.3907475149638,-662.864321803575,-5.473574288611189,-49.22037275224427,-43.644133468579966,5.576239283664307,,339,403;406;483;485,358;367;372;390;451;472;480;518,417;501,415;420;455;494,446,332;365;374;526,417;505,415;420;455;483,493,403;489;490
