pdb,antibody,method,constrained,wt_total,om_total,d_total,wt_interface,om_interface,d_interface,tot_stab_mut_close,tot_stab_mut_distal,tot_stab_other_close,tot_stab_other_distal,tot_destab_mut_close,tot_destab_other_close,tot_destab_mut_distal,tot_destab_other_distal,int_destab_mut,int_destab_other,int_stab_mut,int_stab_other
7OAY,1,rpk,cons,-571.7826678431998,-560.1399648659133,11.64270297728649,-54.29511875965291,-49.0427364057767,5.252382353876207,,339,,,371;373;375,372,501,,376;408,,,
7OAY,1,rpk,free,-589.3985006495064,-586.0937137081089,3.3047869413975377,-53.58773405207381,-43.92927627446467,9.658457777609144,,339,,406,375,412;414,,,376;408,,,
7OAY,1,af2,cons,-611.2081755823342,-534.1805761144809,77.02759946785329,-25.21312347277035,-37.083081270676814,-11.869957797906466,,339,369;377;383,366;483;490;496;500;502;518,371;373,372,405;493;501,346;351;365;442;446;449;451;453;454;455;456;457;467;469;471;473;474;475;479;487;491;492;494;495;497;506;520;522;541,,,,369;377
7OAY,1,af2,free,-668.3594571845749,-622.5440419159454,45.81541526862952,-38.41236061133475,-37.08342568401228,1.3289349273224644,,339,369,320;358;367;390;407;421;450;474;476;483;490;496;500;502;518;528,375,368,405;501,357;391;402;418;420;435;442;445;446;448;451;453;457;461;480;487;488;491;492;495;497;506;519;520;526,,370,,
