pdb,antibody,method,constrained,wt_total,om_total,d_total,wt_interface,om_interface,d_interface,tot_stab_mut_close,tot_stab_mut_distal,tot_stab_other_close,tot_stab_other_distal,tot_destab_mut_close,tot_destab_other_close,tot_destab_mut_distal,tot_destab_other_distal,int_destab_mut,int_destab_other,int_stab_mut,int_stab_other
7JV4,3,rpk,cons,-499.5527667428273,-482.86191039860887,16.690856344218446,-41.293711226510865,-36.73059855327669,4.563112673234173,,339,,,484;501,,371;373;375,372,484,,498,
7JV4,3,rpk,free,-522.997581983579,-508.433806923432,14.563775060147066,-42.774877638566,-38.732056767824346,4.04282087074165,,339,482,369,484;501,,371;373;375,372;380,484,,498,482
7JV4,3,af2,cons,-602.6139355452008,-605.1977626605636,-2.583827115362851,-18.403859018938103,-31.353193449792762,-12.949334430854659,,339;371,485;486,367;369;372;406;518,501,483;489,375,365;368;374;420;434;435;528,,445,446;478;484,485
7JV4,3,af2,free,-654.8701945528779,-661.9417222149675,-7.071527662089579,-33.77049396050475,-39.290297223536065,-5.519803263031314,,339;371,483;485;486,369;372;406;516;518;527,446,444;445;448;489;490,,374;435;455,,445;481,478;498,483
