pdb,antibody,method,constrained,wt_total,om_total,d_total,wt_interface,om_interface,d_interface,tot_stab_mut_close,tot_stab_mut_distal,tot_stab_other_close,tot_stab_other_distal,tot_destab_mut_close,tot_destab_other_close,tot_destab_mut_distal,tot_destab_other_distal,int_destab_mut,int_destab_other,int_stab_mut,int_stab_other
7E5R,7,rpk,cons,-362.1247507429821,-318.948917749505,43.175832993477115,-38.386595330262864,-36.50070737058795,1.8858879596749105,,339,,,373;375,377,446;498;501,439;447;499,,369;377,375,
7E5R,7,rpk,free,-479.5399873875791,-487.1496290200362,-7.6096416324570555,-55.115935376133855,-48.198190399971836,6.9177449761620196,,,369;372;374;377;412,321;330;331;333;334;338;364,375,379;437;504,446;478;484;501,439;447;452;499;515,373,376;377;378;503;504,375,384;385;412
7E5R,7,af2,cons,-603.9729068720865,-592.5603689251445,11.412537946941939,-20.211209632558145,-22.20666467263974,-1.9954550400815947,,339,,367;406;483;485;518,373;375,374;435,501,389;420;434;455;499,373;375,372,,374;405;408
7E5R,7,af2,free,-663.0654280951102,-670.5727017570973,-7.507273661987142,-57.979008995211956,-69.89052296549775,-11.911513970285796,,339;484,403;408;502;508,367;390;450;480;483;518,,374;385;435;506,446;501,365;391;420;449;453,,385;405;427,373,369;374;376;377;389;412;508
