pdb,antibody,method,constrained,wt_total,om_total,d_total,wt_interface,om_interface,d_interface,tot_stab_mut_close,tot_stab_mut_distal,tot_stab_other_close,tot_stab_other_distal,tot_destab_mut_close,tot_destab_other_close,tot_destab_mut_distal,tot_destab_other_distal,int_destab_mut,int_destab_other,int_stab_mut,int_stab_other
7EY4,1,rpk,cons,-376.73292486723346,-359.37895234428447,17.353972522948993,-35.11448188948671,-34.90600177204138,0.20848011744533324,,339,,403;406,484,,371;373;375;446;498,372,,,,
7EY4,1,rpk,free,-446.61307142156085,-440.33822895834476,6.274842463216089,-38.05556052563824,-39.56795552064355,-1.5123949950053088,,505,,403;405;406,493,490,371;373;375;446,372;387;388,,,,
7EY4,1,af2,cons,-612.818026061553,-616.6597819599099,-3.841755898356837,-29.14768577521582,-34.730209035761085,-5.5825232605452655,,339;371,450;483,367;369;372;406;485;518,,449;452,375;446;496;501,365;368;434;435,,,,450;471
7EY4,1,af2,free,-661.8354345835595,-667.5984902428445,-5.763055659284987,-46.528448340268014,-52.17983924190281,-5.651390901634798,,339;371,394;451;483,360;369;372;390;406;518;527,,452;466;490,446,374;435;455;528,,452;490,,449;483
