pdb,antibody,method,constrained,wt_total,om_total,d_total,wt_interface,om_interface,d_interface,tot_stab_mut_close,tot_stab_mut_distal,tot_stab_other_close,tot_stab_other_distal,tot_destab_mut_close,tot_destab_other_close,tot_destab_mut_distal,tot_destab_other_distal,int_destab_mut,int_destab_other,int_stab_mut,int_stab_other
6ZDG,1,rpk,cons,-453.14745410419664,-442.38534078284465,10.76211332135199,-45.98412807313374,-45.588781304185666,0.3953467689480732,,339;408;452,,,,,484;501,372;455,,,,
6ZDG,1,rpk,free,-510.399124322725,-506.4934037023421,3.9057206203829082,-65.99719535867992,-53.51012998049633,12.487065378183587,,339,374,351;451;508,,369,371;501,495,408,369;427,,
6ZDG,1,af2,cons,-612.2822261119993,-532.0797935481073,80.20243256389199,-42.78298941021558,-36.582939664985666,6.2000497452299115,,339,369;518,367;443;483;490;502;508,373,378;391,371;405;493;501,346;351;372;442;446;449;451;453;454;455;456;457;461;471;473;475;479;487;491;492;494;495;497;506;520;538;541,,377;378,,385
6ZDG,1,af2,free,-659.0898791167348,-627.1925324640974,31.89734665263734,-69.37879383750521,-56.1267788054454,13.252015032059816,,339;478,378;382;389;430,320;354;367;407;421;425;436;443;474;483;490;500;502,,383;386;391;427;428;517,405;493;501,387;403;406;424;435;442;445;446;447;448;449;451;457;467;469;479;491;492;495;497;506;519;520;526,375,379;385;386;427;428;517,,369;374;382;414
