pdb,antibody,method,constrained,wt_total,om_total,d_total,wt_interface,om_interface,d_interface,tot_stab_mut_close,tot_stab_mut_distal,tot_stab_other_close,tot_stab_other_distal,tot_destab_mut_close,tot_destab_other_close,tot_destab_mut_distal,tot_destab_other_distal,int_destab_mut,int_destab_other,int_stab_mut,int_stab_other
7N8H,4,rpk,cons,-611.983612821489,-583.1335491487639,28.850063672725128,-43.01964362004799,-35.02836050597283,7.991283114075159,,339,,,446;484;501,449,371;373;375,372,484;493,,,
7N8H,4,rpk,free,-635.3432511164169,-619.5296465974425,15.813604518974444,-49.121314523238034,-44.27000463878595,4.851309884452085,,339,444;495,368;502;508,446;484;501,445;449,371;373;375,372;506,484;493,,496,494
7N8H,4,af2,cons,-614.6886336960131,-614.8525457258627,-0.16391202984959818,-32.14078473948249,-32.79718068853297,-0.6563959490504772,,339;371,483;485,367;369;372;406;451;481;518,446;496;501,455,375,365;368;374;420;434;435;528,,483,493,486
7N8H,4,af2,free,-657.0293657664013,-664.3956909433831,-7.366325176981832,-42.8258211216448,-40.22981252205675,2.5960085995880533,,339;371,485;488,369;372;383;385;406;451;518;527,446,448;449;455,,374;430;435;528,,483,496,494
