pdb,antibody,method,constrained,wt_total,om_total,d_total,wt_interface,om_interface,d_interface,tot_stab_mut_close,tot_stab_mut_distal,tot_stab_other_close,tot_stab_other_distal,tot_destab_mut_close,tot_destab_other_close,tot_destab_mut_distal,tot_destab_other_distal,int_destab_mut,int_destab_other,int_stab_mut,int_stab_other
7K8W,1,rpk,cons,-820.9507615224029,-770.0104783118918,50.9402832105111,-48.81218808917424,-46.953136721203805,1.8590513679704372,,339,403,406,405;452;484;498;501,502,371;373;375;376,370;372,,494,501,403
7K8W,1,rpk,free,-944.1415869959815,-920.3751201391206,23.766466856860916,-91.0801287802061,-72.51208659910861,18.568042181097482,,339,502;508;418,366;480;365;370,405;484;498;452,490;495;403;502,371;375,369;402;474;487;372,484;498;505;405,504;414;503,501,502;415
7K8W,1,af2,cons,-1209.5192004623332,-1055.190057374895,154.32914308743807,-37.20500778319189,-18.65102741041746,18.55398037277443,,339,483;502;490;500,443;481;485,405;484;501;452,346;445;446;450;451;453;455;491;492;493;494;495;497;506;448,477,365;442;454;456;457;467;469;474;476;479;480;487;488;389;475,484;505;405,444;445;446;447;449;490,501,495;503
7K8W,1,af2,free,-1307.659213721536,-1239.4109422299966,68.2482714915393,-81.21984817933074,-58.32714283234375,22.892705346986986,,339,346;407;443;483;490;496;500;502;503;421;508,320;326;338;358;367;369;390;436;454;474;527;342;347;372;374;382;383,405;452;477;498;501,351;445;446;451;453;491;492;493;495;506;404;414;418;448,371;375,353;357;368;391;394;442;457;461;466;467;480;487;497;540;369;370;377;469,452;484;505,446;449;483;490;493;494;502;414,501;417,403;503;415;475
