pdb,antibody,method,constrained,wt_total,om_total,d_total,wt_interface,om_interface,d_interface,tot_stab_mut_close,tot_stab_mut_distal,tot_stab_other_close,tot_stab_other_distal,tot_destab_mut_close,tot_destab_other_close,tot_destab_mut_distal,tot_destab_other_distal,int_destab_mut,int_destab_other,int_stab_mut,int_stab_other
7OAY,6,rpk,cons,-567.4425198679234,-546.3614451755832,21.081074692340167,-49.49375456008059,-47.533985631251774,1.9597689288288151,,339,,,371;373;375,372,405;484;501,,376,,,
7OAY,6,rpk,free,-586.7812222596754,-567.9802383840008,18.800983875674547,-50.59892834568072,-47.69863595464332,2.9002923910373966,,339,,,373;375,372,501,365;436;455,376,,,
7OAY,6,af2,cons,-601.7508947495704,-540.5712149272149,61.179679822355524,-32.47007375791523,-32.229318895423944,0.2407548624912863,,339,369;383;384;432,347;481;483;485;490;500;502,373,374,405;477;501,389;442;446;448;449;451;453;455;456;457;467;469;474;475;479;480;487;488;491;492;493;494;495;497;506,371,374;414,,369;384;427
7OAY,6,af2,free,-659.1516881675836,-626.5875128662444,32.56417530133922,-53.97523071332342,-46.312417876905876,7.662812836417544,,339;478,370,320;363;390;407;483;490;500;502,,374;383;384;386;388,405;501,326;442;445;446;448;451;453;456;467;473;480;487;491;492;495;497;506,376;408,374;384,,377;385
