pdb,antibody,method,constrained,wt_total,om_total,d_total,wt_interface,om_interface,d_interface,tot_stab_mut_close,tot_stab_mut_distal,tot_stab_other_close,tot_stab_other_distal,tot_destab_mut_close,tot_destab_other_close,tot_destab_mut_distal,tot_destab_other_distal,int_destab_mut,int_destab_other,int_stab_mut,int_stab_other
7LOP,3,rpk,cons,-564.0328540799687,-542.1397776441078,21.893076435860962,-53.030815304978326,-52.31985767512816,0.7109576298501636,,339,,,371;373;375,372,405;484;501,455,,,,
7LOP,3,rpk,free,-575.5545626403255,-570.0620627303654,5.492499909960088,-53.09314721988947,-58.57741128858744,-5.484264068697975,,339;505,434,,371;373,368,405;484;501,,,369,,372;386
7LOP,3,af2,cons,-611.6314602058158,-533.7503638232547,77.88109638256105,-44.493383603922126,-41.79580846898427,2.697575134937857,,339,,347;443;481;483;485;490;500;502,,321,405;477;501,357;434;442;446;448;451;453;455;456;457;467;469;474;475;479;480;487;488;491;492;493;494;495;497;506,,321;370;378;385,,369;383
7LOP,3,af2,free,-666.3863458077951,-613.5218522402756,52.8644935675195,-60.1092293671643,-53.2404812048595,6.868748162304804,,339,369;383;386;392,358;367;421;436;443;481;483;485;490;499;500;502;541,375;405,430,501,351;418;425;442;445;446;447;451;453;454;455;456;465;487;488;491;492;495;497;506,408,370;378;379;380;428;518,,374;377;383;385;386
