pdb,antibody,method,constrained,wt_total,om_total,d_total,wt_interface,om_interface,d_interface,tot_stab_mut_close,tot_stab_mut_distal,tot_stab_other_close,tot_stab_other_distal,tot_destab_mut_close,tot_destab_other_close,tot_destab_mut_distal,tot_destab_other_distal,int_destab_mut,int_destab_other,int_stab_mut,int_stab_other
7CWN,4,rpk,cons,-405.6846555639687,-385.6861944536871,19.998461110281596,-39.278941427536665,-39.793528979768986,-0.5145875522323209,,,,,371;373;375;376,372;414,478;501,,376,,375,
7CWN,4,rpk,free,-513.7110743993867,-505.8364958097012,7.874578589685484,-60.562778966876785,-58.18110970897346,2.381669257903326,,505,366;388,367,371;375;405,503,452;478;501,449,376;408,,375,377
7CWN,4,af2,cons,-607.0040973403925,-525.7822646263702,81.2218327140223,-29.50166615250211,-31.53368968341192,-2.032023530909811,,339,372;502,481;483;485;490;496;500,371;373;375;405,374;503;506;508,452;477;501,365;389;442;446;448;451;453;454;456;457;467;469;472;474;475;479;480;487;488;491;492;494;495;497,373,,,369;377
7CWN,4,af2,free,-662.4571109346709,-629.0672330107152,33.38987792395574,-55.25915252162834,-59.91132647408064,-4.652173952452301,,339;478;484,369;429,320;358;390;421;473;483;490;500;502,405,389;503,501,326;365;391;403;420;424;442;445;446;448;451;453;456;465;475;480;487;491;492;493;495;497;506,376;408,370;372,373;375;405,369;384
