pdb,antibody,method,constrained,wt_total,om_total,d_total,wt_interface,om_interface,d_interface,tot_stab_mut_close,tot_stab_mut_distal,tot_stab_other_close,tot_stab_other_distal,tot_destab_mut_close,tot_destab_other_close,tot_destab_mut_distal,tot_destab_other_distal,int_destab_mut,int_destab_other,int_stab_mut,int_stab_other
7JWB,1,rpk,cons,-617.0831256446781,-585.8250140644263,31.258111580251807,-50.62103171031631,-38.68822935967177,11.932802350644536,,339;408,,,405;452;484;498;501,446;490,371;373;375;376,372,486;498;501;505,,,
7JWB,1,rpk,free,-624.8119170675584,-608.123896858008,16.68802020955036,-46.75059949451724,-48.36393694970042,-1.6133374551831778,,339;408,403;406;487,409,405;452;484;498;501,453;490,371;375,368;446,486;498;501,,,403;406;487
7JWB,1,af2,cons,-601.2597749345275,-522.2798947007205,78.97988023380697,-34.56065275195462,-22.590432063367146,11.970220688587474,,339,403;485;490;500;502,383;481,405;452;498;501;505,447;451;453;455;456;457;473;474;475;487;489;492;494;495;497;503;506,,365;442;446;448;454;467;469;479;491,484;486;501;505,456;483;489;493,,403;450;495;500
7JWB,1,af2,free,-653.533616524169,-625.0503438184047,28.483272705764307,-54.71550896409487,-38.94008935920371,15.775419604891162,,339,403;421;472;490;500;502,320;346;347;367;369;372;390;407;423;436;443,405;498,456;482;487;492;493;495;497,,326;391;442;446;448;451;457;460;465;468;471;506,484;486;501;505,449;456;483;489;493,,450;475;495;499;500;503
