pdb,antibody,method,constrained,wt_total,om_total,d_total,wt_interface,om_interface,d_interface,tot_stab_mut_close,tot_stab_mut_distal,tot_stab_other_close,tot_stab_other_distal,tot_destab_mut_close,tot_destab_other_close,tot_destab_mut_distal,tot_destab_other_distal,int_destab_mut,int_destab_other,int_stab_mut,int_stab_other
7N9B,1,rpk,cons,-869.8159508081569,-834.693183977595,35.122766830561886,-38.50634054196185,-31.73225308728549,6.7740874546763585,,339;505,,370,375;493;501;376;484,,371;373,372;434,408;484,,493,
7N9B,1,rpk,free,-1069.826262762023,-1024.5227837576076,45.303479004415294,-65.73444282486935,-37.41956710923557,28.314875715633775,,339;417,382;412;491;506;483;508,418;507,375;405;498;484;493,372;374;377;502;503;455;486;504,371;373;477,336;361;370;366,375;376;405;408;505;484,439;502;503;351;449;489;494,,380;483;485
7N9B,1,af2,cons,-1211.7921762249102,-1034.1168981597848,177.67527806512544,-24.622755659820513,-33.61240500958229,-8.989649349761777,,339,483;490;496;502;485;500,443;518;434,493;501,351;446;449;455;456;471;487;491;492;494;495;497;403;448;486;489,371;373;405,346;365;370;372;442;451;453;454;457;467;469;473;474;475;479;506;520;522;541;459;461,,482;483;490,498;501,486;494;495
7N9B,1,af2,free,-1319.8639734357828,-1236.9613387386626,82.90263469712022,-53.15554369943563,-73.16107620354575,-20.005532504110114,,339;477;478,369;378;407;415;483;490;499;502;450;500,320;354;367;390;421;443;518;527;338;358;418;422;436;437,405;493;501,374;445;446;448;451;453;456;489;491;492;494;495;497;503;506;447;449;487,371,365;370;391;402;403;412;442;454;457;459;473;479;480;519;520;528;421;430;467;469,375;408;484,502;503;449;483;489;490,498;501,378;415;351;445;455;486;487;494;495;499
