pdb,antibody,method,constrained,wt_total,om_total,d_total,wt_interface,om_interface,d_interface,tot_stab_mut_close,tot_stab_mut_distal,tot_stab_other_close,tot_stab_other_distal,tot_destab_mut_close,tot_destab_other_close,tot_destab_mut_distal,tot_destab_other_distal,int_destab_mut,int_destab_other,int_stab_mut,int_stab_other
6WPT,2,rpk,cons,-515.3264669138882,-506.6578285715402,8.668638342348004,-47.39262158248858,-45.7056003390241,1.6870212434644785,,,,,,,371;373;375,372,,,,
6WPT,2,rpk,free,-536.9586055387203,-526.2346794843589,10.723926054361414,-48.3509479163862,-48.28687663027742,0.06407128610877777,,,,,,,371;373;375,372,,,,
6WPT,2,af2,cons,-620.396482729623,-623.4504606333758,-3.0539779037527524,-50.923516925811924,-45.7523087785114,5.171208147300526,,371,335,367;369;372;406;451;483;485;518,,346,375;446;501,365;368;374;434;435;452;499;528,,343;346,,335
6WPT,2,af2,free,-669.5621256864273,-669.040641515335,0.521484171092311,-50.95107358870254,-53.76672802623075,-2.8156544375282095,,371,,369;372;390;406;483;518,,,446,332;374;435;455;528,,346,440,335;441
