pdb,antibody,method,constrained,wt_total,om_total,d_total,wt_interface,om_interface,d_interface,tot_stab_mut_close,tot_stab_mut_distal,tot_stab_other_close,tot_stab_other_distal,tot_destab_mut_close,tot_destab_other_close,tot_destab_mut_distal,tot_destab_other_distal,int_destab_mut,int_destab_other,int_stab_mut,int_stab_other
7K8U,1,rpk,cons,-819.859614458586,-800.1624167537299,19.69719770485608,-28.158232133070186,-19.01288417336152,9.145347959708666,,339,490;493,,375;376;484;452,502,371;501,372;455,452;484;405,,,
7K8U,1,rpk,free,-1014.896722002582,-995.627680719658,19.269041282924036,-46.3003787457216,-54.960258610884736,-8.659879865163134,,339,446,342;347;436;437;438;528;335;363;367;384;386;390,375;405;484,502;503,371;373,372;433;336;343;374;379;382;392;400;402;410;510;515,484;405,450;503,,444;445;446;449;487;415;504
7K8U,1,af2,cons,-1209.8556825327928,-1067.1084391230906,142.74724340970215,-20.23973917724254,-17.175119036507557,3.0646201407349842,,339,481;483;485;490;502,496,405;452;501;375,446;448;451;453;487;491;492;494;495;497;506;445;493;504,477,365;442;454;456;457;467;469;474;475;479;480;488;455;538,484;408,490;504,452,493;497
7K8U,1,af2,free,-1297.0937513182575,-1235.2846337663827,61.809117551874806,-34.762471267627234,-46.01986001095802,-11.257388743330786,,339;478,346;472;499;502;374;483;485;490,320;338;347;358;367;369;382;390;436;443;500;527;326;385;392;421,375;405;452;486;501,446;451;470;487;488;492;495;497;506;445;453;491;503;504,498,368;377;394;420;425;442;448;457;461;516;387;456;467;469;526,408,470;481;490;503;504,484;486;375,445;485;493;495;497;506
