pdb,antibody,method,constrained,wt_total,om_total,d_total,wt_interface,om_interface,d_interface,tot_stab_mut_close,tot_stab_mut_distal,tot_stab_other_close,tot_stab_other_distal,tot_destab_mut_close,tot_destab_other_close,tot_destab_mut_distal,tot_destab_other_distal,int_destab_mut,int_destab_other,int_stab_mut,int_stab_other
7CHO,2,rpk,cons,-508.9218522995171,-486.61041958610804,22.31143271340909,-49.593062584195515,-46.612981778028505,2.9800808061670097,,339,403,,405;501,,371;373;375,372,405;417;486,,478,
7CHO,2,rpk,free,-543.0964930971384,-516.9944919272779,26.1020011698605,-56.479354192600084,-59.72296185793155,-3.243607665331467,,339,403;457,436,405,,371;373;375,333;363;372,417;486;505,,478,457
7CHO,2,af2,cons,-611.319682438897,-506.94569895721554,104.37398348168142,-42.8632171171505,-20.7642044175544,22.0990126995961,,339,458;485;490;500;502,483,405;417;477;478;501,453;454;456;457;473;474;475;476;479;480;487;488;489;493;494;495,375,365;442;445;446;448;449;451;467;469;491;492;497;506;538,486;505,455;456;473;474;475;476;489;493,498,487
7CHO,2,af2,free,-660.588211671102,-619.3891469316085,41.199064739493565,-55.38584116466964,-17.903406022583205,37.48243514208644,,339;484,458;490;500;502,320;367;369;372;390;436;443;472;483;508,405;501;505,421;453;454;455;456;460;475;487;492;495,452,326;351;370;391;406;442;445;446;448;451;465;491;497;506,505,415;420;421;455;456;457;460;473;476;489;493;502,477,474
