pdb,antibody,method,constrained,wt_total,om_total,d_total,wt_interface,om_interface,d_interface,tot_stab_mut_close,tot_stab_mut_distal,tot_stab_other_close,tot_stab_other_distal,tot_destab_mut_close,tot_destab_other_close,tot_destab_mut_distal,tot_destab_other_distal,int_destab_mut,int_destab_other,int_stab_mut,int_stab_other
6ZH9,2,rpk,cons,-540.3853115780873,-518.8887897011762,21.496521876911174,-43.650515631790064,-35.933387498492486,7.717128133297578,,339,,,446;484,447;494,371;373;375;498;501,372,484;493,,,
6ZH9,2,rpk,free,-569.43146288709,-555.1529597261581,14.278503160931905,-46.45689903424756,-37.46302466875232,8.993874365495245,,339,,,446;484,447;489,371;373;375;498;501,372,484;493,,,
6ZH9,2,af2,cons,-616.4974468127937,-622.0167300660632,-5.5192832532695775,-34.70114366084807,-34.909789383108226,-0.2086457222601581,,339;371,472;481;483;485,367;369;372;406;518,446,455,375;501,365;368;420;434;435;499;528,,483,484,494
6ZH9,2,af2,free,-666.6700444316756,-671.3387481605059,-4.668703728830337,-45.619473116942196,-44.28168915724847,1.3377839596937235,,339;371,449;485;490,369;406;518;528,446,448,501,374;497;499;526,484,483,,489;490
