pdb,antibody,method,constrained,wt_total,om_total,d_total,wt_interface,om_interface,d_interface,tot_stab_mut_close,tot_stab_mut_distal,tot_stab_other_close,tot_stab_other_distal,tot_destab_mut_close,tot_destab_other_close,tot_destab_mut_distal,tot_destab_other_distal,int_destab_mut,int_destab_other,int_stab_mut,int_stab_other
7DCX,3,rpk,cons,-186.8582555352617,-170.12262681809386,16.735628717167828,-40.69710921930991,-43.92387370028123,-3.226764480971319,,339,,,373;405,369;372,371,,408,,375;405;417,
7DCX,3,rpk,free,-264.67322937311025,-258.34229508751287,6.33093428559738,-55.11066140062719,-56.814636779434565,-1.7039753788073781,,339,436;437,,371,435,,356,408,,375,416
7DCX,3,af2,cons,-599.9723173636467,-521.4105102226572,78.56180714098946,-38.16623417361749,-26.635576127350337,11.530658046267153,,339,502;508,390;443;483;490;518,371;373;405,372;420;453;456;457;473;475;506,493;501,346;351;365;446;449;451;454;471;479;487;491;492;494;495;497;520;522;528;541,408;417,413,375,
7DCX,3,af2,free,-664.302467643841,-612.4636086803564,51.838858963484654,-57.234356015776385,-52.70126484378904,4.533091171987344,,339;478,379;385;421;436;437;458;502,320;354;367;443;483;490;500;518;528,405,374;377;403;412;415;418;420;456;495;503,452;493;501,336;337;355;358;365;391;442;445;446;447;451;467;469;480;488;491;492;497;506;519;520;526,405;408;505,372;383;406;409;415,375;417;477,378;379;414;421
