pdb,antibody,method,constrained,wt_total,om_total,d_total,wt_interface,om_interface,d_interface,tot_stab_mut_close,tot_stab_mut_distal,tot_stab_other_close,tot_stab_other_distal,tot_destab_mut_close,tot_destab_other_close,tot_destab_mut_distal,tot_destab_other_distal,int_destab_mut,int_destab_other,int_stab_mut,int_stab_other
7JVC,3,rpk,cons,-603.4488560578286,-578.8295280707031,24.61932798712553,-45.175199900109746,-41.71556620136713,3.459633698742614,,339;505,,,371;373;375,372,405;484;501,455;499,371;375,,,
7JVC,3,rpk,free,-615.2302169198344,-599.4205362338284,15.809680686006004,-48.762641477842685,-43.942597137658296,4.820044340184388,,339;505,,515,371;373;375;405,372;374,,,371,372,,
7JVC,3,af2,cons,-618.1073239105099,-530.6736926786109,87.43363123189897,-38.42024287159503,-25.660757935163005,12.759484936432024,,339,,483;490;502;518,371;373,370;372;374,405;493;501,346;351;365;446;449;451;453;454;455;456;457;471;473;475;479;487;491;492;494;495;497;506;520;522;538;541,371;376,370;372;374;385,375,377
7JVC,3,af2,free,-657.2963500887851,-614.3729916603722,42.923358428412826,-41.72051271056284,-36.40907263933187,5.311440071230976,,339;478,,320;367;443;474;483;490;499;500;502;518;528,371,370;385,405;493;501,365;391;420;442;445;446;448;449;451;453;465;479;487;491;492;495;497;506;519;520;526,371,370;385,373,
