pdb,antibody,method,constrained,wt_total,om_total,d_total,wt_interface,om_interface,d_interface,tot_stab_mut_close,tot_stab_mut_distal,tot_stab_other_close,tot_stab_other_distal,tot_destab_mut_close,tot_destab_other_close,tot_destab_mut_distal,tot_destab_other_distal,int_destab_mut,int_destab_other,int_stab_mut,int_stab_other
7P78,3,rpk,cons,-282.4998425291669,-276.5922733706758,5.907569158491128,-27.456343646120953,-19.50630280117296,7.950040844947992,,339;376,406,442,405;484;498;501,,371;373;375,,498,421,,
7P78,3,rpk,free,-453.6664277578305,-428.3668118395977,25.299615918232803,-49.61380431000298,-49.013519010664936,0.6002852993380472,,339,,347;353;366,405;484;498,406;456;493;504,371,365;369;388;394;437;509;522,484;486;498;505,,405;501,421;473;487
7P78,3,af2,cons,-602.2074397552716,-509.69213409351096,92.51530566176064,-21.250751903373644,-20.39750515887711,0.8532467444965341,,339,483;502,443;481;485;490,452;498;501;505,445;446;453;455;456;475;493;494;495;503;506,477,351;357;365;394;442;448;451;454;457;467;469;474;479;480;487;488;491;492;497;507,498;505,445;446;493;503,405;452,453;502;504
7P78,3,af2,free,-658.6654319599991,-614.7927043624654,43.87272759753364,-40.486144913981455,-8.976172196107322,31.509972717874135,,339,,346;347;367;369;390;407;436;450;472;483;485;490,405;417;501,420;445;446;449;453;456;457;487;495;504;506,452,391;392;430;442;448;451;465;467;479;480;491;492;497;516,498;501;505,445;446;449;453;455;500;502;504,,475;503
