pdb,antibody,method,constrained,wt_total,om_total,d_total,wt_interface,om_interface,d_interface,tot_stab_mut_close,tot_stab_mut_distal,tot_stab_other_close,tot_stab_other_distal,tot_destab_mut_close,tot_destab_other_close,tot_destab_mut_distal,tot_destab_other_distal,int_destab_mut,int_destab_other,int_stab_mut,int_stab_other
7R6W,1,rpk,cons,-542.5323186596461,-528.5713598159116,13.960958843734488,-48.008339724673,-47.790808783702424,0.21753094097057613,,496,,,,,371;373;375;446;501,372;447,,,,
7R6W,1,rpk,free,-570.0262883473365,-560.277722777194,9.748565570142546,-57.40102700063332,-60.14684311468207,-2.7458161140487505,,,335,366,,,371;373;446;501,372,,,440,
7R6W,1,af2,cons,-619.4451980479648,-620.2002024415488,-0.7550043935839312,-46.957281360742584,-45.626845646639346,1.3304357141032384,,371,,367;369;372;406;451;483;485;518,,,375;446;496;501,365;368;374;420;434;435;455;489;494;499;528,,343,,
7R6W,1,af2,free,-670.93698496496,-663.8217053158132,7.115279649146714,-57.69028567921935,-59.11938735505928,-1.4291016758399309,,371;375;484,,390;483;485;518,,,446;496;501,332;365;374;391;392;435;452;528,,,440,
