pdb,antibody,method,constrained,wt_total,om_total,d_total,wt_interface,om_interface,d_interface,tot_stab_mut_close,tot_stab_mut_distal,tot_stab_other_close,tot_stab_other_distal,tot_destab_mut_close,tot_destab_other_close,tot_destab_mut_distal,tot_destab_other_distal,int_destab_mut,int_destab_other,int_stab_mut,int_stab_other
7V2A,2,rpk,cons,-385.0292264139953,-355.3325388153371,29.696687598658173,-32.631247438181205,-33.300642279447416,-0.669394841266211,,,,495,371;373;440,372,405,,440,,,342
7V2A,2,rpk,free,-453.0271701887888,-454.89618626926483,-1.869016080476058,-35.00818767229378,-35.29986539811862,-0.2916777258248402,,,,338;340;450;453;467;468;469;493;508,440,374;443;444,405,451;466;471;510,,367;374;441,371,
7V2A,2,af2,cons,-610.7906277732399,-524.1742917006341,86.6163360726058,-37.49838537146801,-28.460571801271648,9.037813570196363,,,500,481;483;485;490;502,440,374;442;444;445;446;448;451;506,405;477;501,365;449;453;454;456;457;467;469;474;475;479;480;487;488;491;492;493;494;495;497;538,440,346;367;374;445,371,345;437
7V2A,2,af2,free,-660.5252651936432,-608.2151232216132,52.31014197203001,-47.10204616569274,-37.29717670886346,9.80486945682928,,478,347;499;500,320;390;421;434;472;483;485;490;502,440,374;442;446;447;448;506,405;486;501,326;381;391;395;403;420;425;451;456;457;465;467;469;487;491;492;495;497,373;440,343;367;436,371,441;444
