pdb,antibody,method,constrained,wt_total,om_total,d_total,wt_interface,om_interface,d_interface,tot_stab_mut_close,tot_stab_mut_distal,tot_stab_other_close,tot_stab_other_distal,tot_destab_mut_close,tot_destab_other_close,tot_destab_mut_distal,tot_destab_other_distal,int_destab_mut,int_destab_other,int_stab_mut,int_stab_other
7KZB,1,rpk,cons,-458.14136747332043,-449.1153923510916,9.025975122228829,-39.80560422762688,-39.026629640627505,0.7789745869993752,,339,,,,455,371;373;375;501,372,,,,
7KZB,1,rpk,free,-503.68101495852915,-496.9481357704564,6.7328791880727294,-45.61076570810848,-45.97087448170795,-0.360108773599471,,339,,420,405,504,371;373,372;499,,486,,
7KZB,1,af2,cons,-607.557775758677,-487.4350047828459,120.12277097583114,-22.534286332714405,-11.318794923717956,11.21549140899645,,339,483;486;490;502,383;500;518,405;477;478;484;501,455;456;473;474;475;476;479;480;487;488;489;494;495,371;373;452,346;351;365;372;446;449;451;454;457;459;461;465;467;471;491;492;497;506;520;522;541,417;478;484,456;474;475;476;483;489,477;498,486;495
7KZB,1,af2,free,-668.3952449505548,-622.3701810392665,46.02506391128827,-53.86999662720318,-32.71501591578894,21.15498071141424,,339,458;474;486;490,320;354;367;390;407;436;466;468;471;499;500;502;518,405;477;484;493,447;453;455;456;457;475;480;487;488;489;494;495,501,365;374;377;391;442;446;448;449;451;454;469;491;492;497;503;506;519;520;526,405;417;477;484;505,455;456;473;475;476;488;489,478,474;479;486;495
