pdb,antibody,method,constrained,wt_total,om_total,d_total,wt_interface,om_interface,d_interface,tot_stab_mut_close,tot_stab_mut_distal,tot_stab_other_close,tot_stab_other_distal,tot_destab_mut_close,tot_destab_other_close,tot_destab_mut_distal,tot_destab_other_distal,int_destab_mut,int_destab_other,int_stab_mut,int_stab_other
7CHO,2,rpk,cons,-509.8968477129795,-492.34625908844833,17.550588624531144,-49.40060169774324,-49.96336411973396,-0.562762421990719,,339;446,403,,501,,371;373;375,372;374,417,,478;493,
7CHO,2,rpk,free,-537.4190295398553,-544.6663616214256,-7.247332081570335,-55.20430898372258,-37.699833301799345,17.50447568192324,,446,403,360;366;372;374;406,,456,371,365;370;434,505,420;421;455;456;457;476;486,477;501,
7CHO,2,af2,cons,-611.319682438897,-614.2047996253655,-2.8851171864685057,-42.86321711715049,-48.850433390586254,-5.987216273435763,,339;371,,367;369;372;406;481;483;485;518,496;501,,375,365;368;374;389;434;435,505,,478,460
7CHO,2,af2,free,-660.588211671102,-662.6334133887435,-2.0452017176414756,-55.38584116466964,-64.94353939212662,-9.557698227456981,,339;371;484,403;405,390;406;451;472;480;481;483;518;527,496;505,489,446,374;391;392;430;448;497;499;528,505,455,417;501,405;408;486
