pdb,antibody,method,constrained,wt_total,om_total,d_total,wt_interface,om_interface,d_interface,tot_stab_mut_close,tot_stab_mut_distal,tot_stab_other_close,tot_stab_other_distal,tot_destab_mut_close,tot_destab_other_close,tot_destab_mut_distal,tot_destab_other_distal,int_destab_mut,int_destab_other,int_stab_mut,int_stab_other
7E8C,3,rpk,cons,-452.62377096044753,-411.8117399920459,40.81203096840164,-42.506229759010075,-38.19961015029852,4.306619608711557,,339,,,405;477;498;501,403;446,371;373;375,369;372;406,486;501;505,,478,
7E8C,3,rpk,free,-537.1180982900723,-528.8957790334734,8.222319256598894,-52.72390902318292,-55.73899178285347,-3.0150827596705483,,339;373,493,418;451,405;498,403;494;495,371,347;413;427,486;498;505,489,478;501,500
7E8C,3,af2,cons,-613.4470135984765,-523.8670824855882,89.57993111288829,-47.080106854274526,-20.87587917333976,26.204227680934764,,339,458;500;502,443;483;485,405;477;478;501;505,453;454;456;473;474;475;476;479;487;489;494;495;497;503,452,365;442;446;448;451;467;469;480;488;491;492;506,408;478;501;505,420;421;456;473;476;489;502,,415;474
7E8C,3,af2,free,-655.7476518377747,-613.3988241964087,42.34882764136603,-57.111014471903914,-25.92025295666396,31.190761515239956,,,485;490;496;500;502,320;328;338;347;358;367;369;390;434;436;443;499;541,405;417;501,403;420;446;447;455;456;474;475;493;495,,324;325;326;327;351;391;442;445;448;451;461;466;471;488;491;492;497;506;538;540,408;417;505,403;420;421;455;456;475;489,478;486;498,503
