pdb,antibody,method,constrained,wt_total,om_total,d_total,wt_interface,om_interface,d_interface,tot_stab_mut_close,tot_stab_mut_distal,tot_stab_other_close,tot_stab_other_distal,tot_destab_mut_close,tot_destab_other_close,tot_destab_mut_distal,tot_destab_other_distal,int_destab_mut,int_destab_other,int_stab_mut,int_stab_other
7SOD,1,af2,cons,-834.589279419378,-824.5402866305267,10.048992788851365,-34.13010809568205,-31.740915260635933,2.3891928350461136,,,21;78;79;272,20;41;75;76;138;153;228;229;253,19;24;25;26,,,140;141;160;242;244;245;248;249;257;258;259,25,,,
7SOD,1,af2,free,-903.744290768676,-892.1444285029014,11.599862265774618,-50.571363853790984,-36.42464885749298,14.146714996298002,,142,84;108;110;272,20;38;75;95;153;180;186;201;212;222;246;248;256,24;25;26,28;83;269;271,19,55;98;140;179;182;183;214;221;245;249;259;261;262,,28;83;237,,
