pdb,antibody,method,constrained,wt_total,om_total,d_total,wt_interface,om_interface,d_interface,tot_stab_mut_close,tot_stab_mut_distal,tot_stab_other_close,tot_stab_other_distal,tot_destab_mut_close,tot_destab_other_close,tot_destab_mut_distal,tot_destab_other_distal,int_destab_mut,int_destab_other,int_stab_mut,int_stab_other
7E5S,4,rpk,cons,-353.3037497086825,-341.27746505366736,12.02628465501516,-40.1368957971634,-41.150689970971506,-1.0137941738081082,,339;408,,,,,371;373;375;376;501,,,,493,
7E5S,4,rpk,free,-464.6394474794399,-462.6054289319291,2.0340185475108115,-67.40404895063752,-62.652223744738116,4.751825205899401,,339;373;408,455;468;472;480,410;467;508,,454;473;491,477;501,338;365;368;369;385;414;499,484,351;450;471,452;493,472
7E5S,4,af2,cons,-617.0397295912527,-509.2272763404484,107.81245325080431,-32.08997064047085,-27.634355665340507,4.455614975130345,,339,483;485;486;502,383;443;500;518,452;484;493;501,346;351;446;447;449;451;455;456;469;471;487;488;489;491;492;494;495;497,371;373;405,365;372;387;453;454;457;465;473;474;475;479;506;520;522;541,484,449;472;481;483;487;489;490,498;501,470;495
7E5S,4,af2,free,-666.681037421349,-610.7206619175213,55.96037550382766,-55.911183222341016,-53.53394526026229,2.3772379620787234,,339;477;505,483;485;486;502,320;338;367;390;407;436;443;500;518,452;484;493,351;446;447;449;451;454;455;456;469;480;487;490;491;492;495;497,405,365;374;377;381;391;442;506;517;519;520;526,484,449;450;472;481;483;490,493;498;501,485;486;494;495;496;497
