pdb,antibody,method,constrained,wt_total,om_total,d_total,wt_interface,om_interface,d_interface,tot_stab_mut_close,tot_stab_mut_distal,tot_stab_other_close,tot_stab_other_distal,tot_destab_mut_close,tot_destab_other_close,tot_destab_mut_distal,tot_destab_other_distal,int_destab_mut,int_destab_other,int_stab_mut,int_stab_other
7LM8,1,rpk,cons,-583.9753784384177,-565.4240267788996,18.551351659518104,-49.07335223336395,-46.124491144826145,2.9488610885378037,,339,,,371;373,372,375;376;498;501,,408,,,
7LM8,1,rpk,free,-598.765291449042,-585.04510421788,13.720187231162072,-53.08801712598016,-49.19740995391519,3.8906071720649678,,339,,,371;373,,375;501,446,408,,,
7LM8,1,af2,cons,-611.9926206768606,-534.7288097253324,77.26381095152817,-40.26661865377308,-35.87170686686602,4.394911786907059,,339,,443;481;483;485;490;500;502,405,374,452;477;501,365;424;442;448;451;453;456;457;467;469;474;475;479;487;488;491;492;494;495;497;506,408,374,,369
7LM8,1,af2,free,-663.409347626973,-615.2251394084717,48.18420821850134,-57.99790989938804,-44.73174671224159,13.266163187146454,,339,369;377;382,338;367;389;436;455;472;483;490;500;502,375;405;477;486,420;424;487,501,351;391;406;434;442;445;446;448;451;453;456;466;471;479;491;492;495;497;503;506,371;408;477;486,476,,369
