pdb,antibody,method,constrained,wt_total,om_total,d_total,wt_interface,om_interface,d_interface,tot_stab_mut_close,tot_stab_mut_distal,tot_stab_other_close,tot_stab_other_distal,tot_destab_mut_close,tot_destab_other_close,tot_destab_mut_distal,tot_destab_other_distal,int_destab_mut,int_destab_other,int_stab_mut,int_stab_other
7CWS,2,rpk,cons,-80.95010268373306,-3.0011175325879407,77.94898515114512,-22.589423726502833,-27.459315704557426,-4.869891978054593,,339,,,371;373,372,,,,,375,
7CWS,2,rpk,free,-204.79196079750093,-194.49831169492955,10.29364910257138,-51.39759332415416,-49.564654558846975,1.8329387653071834,,,374;434;435,349,371;375,368;369;370;372,,403,,369;376,371,365
7CWS,2,af2,cons,-599.7228820711207,-593.1724072708593,6.550474800261441,-19.655524923119703,-25.658410938845748,-6.002886015726045,,339,,367;406;483;485;518,373,368;372;434;435,496;501,365;420;455,375,372,,369;374
7CWS,2,af2,free,-652.6714675204164,-669.5666780009622,-16.895210480545757,-38.1369650110779,-64.44350962277434,-26.306544611696445,,339,369;370;378;379;380;406,356;425;436;451;483;518;527,,374;413,446;496;501,365;435;506;526;528,375,405;408,373,369;374;376;378;380;383;385;386;414;427
