pdb,antibody,method,constrained,wt_total,om_total,d_total,wt_interface,om_interface,d_interface,tot_stab_mut_close,tot_stab_mut_distal,tot_stab_other_close,tot_stab_other_distal,tot_destab_mut_close,tot_destab_other_close,tot_destab_mut_distal,tot_destab_other_distal,int_destab_mut,int_destab_other,int_stab_mut,int_stab_other
7L7E,2,rpk,cons,-533.9783387794851,-528.9902673408548,4.9880714386303,-46.00056828983163,-40.12119696565547,5.879371324176155,,339;373;408,,,,,371;375;501,,486,,,
7L7E,2,rpk,free,-554.0939278296605,-542.2646862319361,11.829241597724376,-47.77183501595735,-45.153625873950205,2.618209142007146,,373;408,480,372;502;508,,,375;405,365;366;369;377;378;433;446;506,477;486,,484,
7L7E,2,af2,cons,-610.3651068479422,-523.4523205813229,86.91278626661938,-29.279718025200168,-16.893024920144896,12.386693105055272,,339,481;483;485;490,443;502,477;478,456;474;475;476;479;480;487;488;494;495,405;452;501,365;442;445;446;448;451;454;457;467;469;491;492;497;506,477;478;486,475;476;489;493,484,474;481;495
7L7E,2,af2,free,-662.3838983374744,-621.1849943724781,41.19890396499636,-47.29258063436812,-49.8600861093347,-2.5675054749665804,,339,472;483;485;499,320;338;358;367;369;374;390;392;422;434;436;490;500;502,,453;456;475;479;487;489;495;497;503,375;405,357;368;394;395;424;442;445;446;447;448;451;465;467;491;492;506,417;477;478;484;486,456;476;493,498,455;474;483;495
