pdb,antibody,method,constrained,wt_total,om_total,d_total,wt_interface,om_interface,d_interface,tot_stab_mut_close,tot_stab_mut_distal,tot_stab_other_close,tot_stab_other_distal,tot_destab_mut_close,tot_destab_other_close,tot_destab_mut_distal,tot_destab_other_distal,int_destab_mut,int_destab_other,int_stab_mut,int_stab_other
7BEO,4,rpk,cons,-484.69926883370346,-467.07797744817856,17.6212913855249,-42.5317015045628,-35.14648861848603,7.385212886076765,,339,,,478;486,455,371;375;405;501,372,486,,,
7BEO,4,rpk,free,-528.6112357515154,-518.9332097094266,9.678026042088845,-47.388728911216674,-43.7838346017513,3.6048943094653723,,339,,,478;484,490;493,371;375;405,372,478;484;486,,,
7BEO,4,af2,cons,-615.222941829489,-485.8939248865389,129.32901694295003,-36.95269697515385,27.42289965153033,64.37559662668417,,339,481;483;485;490,502;508,477;478;486;501,453;456;457;473;474;475;476;479;480;487;488;489;494;495,405;452,365;442;446;448;451;454;467;469;491;492;497;506,477;478;486,473;474;475;476;487;489,498,
7BEO,4,af2,free,-664.3376224233629,-624.8649032378778,39.47271918548506,-44.88165737792102,-33.84534329614828,11.036314081772744,,339,472;483;485;490,320;338;358;367;369;374;389;390;436;443;499;500;502;527,486,456;457;460;475;480;487;495,375;405;501,326;368;430;442;445;446;447;448;451;454;468;471;491;492;497;506;516;528,477;484;486,473;475;487;493,478;498,474;483;495
