pdb,antibody,method,constrained,wt_total,om_total,d_total,wt_interface,om_interface,d_interface,tot_stab_mut_close,tot_stab_mut_distal,tot_stab_other_close,tot_stab_other_distal,tot_destab_mut_close,tot_destab_other_close,tot_destab_mut_distal,tot_destab_other_distal,int_destab_mut,int_destab_other,int_stab_mut,int_stab_other
7KN3,2,rpk,cons,20.25701541330676,-329.1518640137567,-349.4088794270635,-13.376884092749421,-32.14501112801121,-18.76812703526179,,339,452;453;456;473;486;487;488;489;490;492;495;497,338;341;346;350;353;354;355;357;358;361;365;368;379;380;381;382;395;396;397;398;399;400;401;402;410;418;423;426;429;431;434;435;436;442;464;480;503;508;509;510;511;512;513;514;515;521;524,446,449,371;373;375,372,493,449,484;505,485;486;489
7KN3,2,rpk,free,-463.6523350161633,-466.04967170977875,-2.3973366936154434,-52.12048953095837,-41.429806462946004,10.690683068012369,,339,450;495,349;351;357;394;399;400;407;425;451;508;510;513,446;477;484,447;449,375,338;347;353;358;359;361;365;372;380;412;424;434,484;493,449,,
7KN3,2,af2,cons,-609.160137959376,-613.2638020327381,-4.103664073362097,-37.30240295642092,-28.195699950243018,9.106703006177902,,339;371,481;483;485,367;372;518,446;493;496;501,449;452;489;494,375,365;368;420;434;435;528,493;496;501,482;483,484,
7KN3,2,af2,free,-655.1206578080296,-669.3626073719363,-14.2419495639067,-47.20005369006955,-47.68277869486295,-0.4827250047933944,,339;371,483;485,369;372;406;423;451;491;518;528,446,,,374;424;430;435;526,417;493,482;483;488,477;484,489
