pdb,antibody,method,constrained,wt_total,om_total,d_total,wt_interface,om_interface,d_interface,tot_stab_mut_close,tot_stab_mut_distal,tot_stab_other_close,tot_stab_other_distal,tot_destab_mut_close,tot_destab_other_close,tot_destab_mut_distal,tot_destab_other_distal,int_destab_mut,int_destab_other,int_stab_mut,int_stab_other
7E5S,8,rpk,cons,-380.1361571169348,-377.6085179797007,2.5276391372340754,-37.09272491115181,-36.83259787544828,0.26012703570353324,,339,,497,446;493,447,375,,,,,
7E5S,8,rpk,free,-502.4069606173272,-494.2581912914615,8.148769325865658,-55.38343202114882,-54.1117418261256,1.2716901950232185,,339;373,485,374;406;500,446,488,375;501,407;416;418,484,470;486;488,493,487
7E5S,8,af2,cons,-614.8584952228156,-620.2647663071276,-5.4062710843120385,-34.39347572651312,-35.64386718563027,-1.2503914591171537,,339;371,472;483;485;486,367;369;372;406;518,493,449;455,375;501,365;368;374;420;434;435;528,484,481,,485
7E5S,8,af2,free,-656.5359006812637,-663.6940466770866,-7.158145995822906,-44.310532050259674,-47.052098246028805,-2.7415661957691313,,339;371,481;483;485,360;369;372;393;406;418;451;518,446,444;455;490;492,,342;374;413;435;526,484;493,492,,449;472;485;489
