pdb,antibody,method,constrained,wt_total,om_total,d_total,wt_interface,om_interface,d_interface,tot_stab_mut_close,tot_stab_mut_distal,tot_stab_other_close,tot_stab_other_distal,tot_destab_mut_close,tot_destab_other_close,tot_destab_mut_distal,tot_destab_other_distal,int_destab_mut,int_destab_other,int_stab_mut,int_stab_other
7E86,1,rpk,cons,-483.88331671555045,-445.1839953902993,38.69932132525116,-68.02901462599382,-47.434370147024104,20.59464447896972,,339,,,484;493;498;501,490;506,371;373;375,370;372;499,484;493;496;498;501,489;490,,
7E86,1,rpk,free,-514.2530738374878,-507.07915043281434,7.173923404673474,-79.85368437463966,-63.544735855128856,16.3089485195108,,339,409,436,493;498;501,,371;375,382;385;392;434;499,484;493;498;501;505,420;486,,
7E86,1,af2,cons,-600.6004579082256,-609.7760141440092,-9.175556235783574,-45.68580102529863,-49.92907076755322,-4.24326974225459,,339;371,473;476;483;485;487,367;369;372;481;518,496;498;501,489,375,365;368;374;434;435,505,456;486;494,,455;473;476;487;490
7E86,1,af2,free,-660.1619771619758,-660.2418142184858,-0.07983705651008677,-64.52206688066497,-70.37673434831373,-5.854667467648767,,339;371,455;474;485,369;516;518,446;493,403;453;454,,332;356;374;448;471;526,484;501;505,483;486,496,421;457;489;490;494
