pdb,antibody,method,constrained,wt_total,om_total,d_total,wt_interface,om_interface,d_interface,tot_stab_mut_close,tot_stab_mut_distal,tot_stab_other_close,tot_stab_other_distal,tot_destab_mut_close,tot_destab_other_close,tot_destab_mut_distal,tot_destab_other_distal,int_destab_mut,int_destab_other,int_stab_mut,int_stab_other
7LDJ,2,rpk,cons,-502.06936454608007,-479.26209809256864,22.80726645351143,-74.80754541636193,-61.09114076544412,13.71640465091781,,339,,,417;486;498;501,,371;373;405,372,417;486;505,,478,490
7LDJ,2,rpk,free,-531.5782067499331,-523.2659166125767,8.312290137356399,-77.09076427470497,-74.0379544594472,3.05280981525776,,339,488;502,434;508,417;501;505,,371;405,372,417;478;505,,484,487;490
7LDJ,2,af2,cons,-626.3282733601892,-503.793042619438,122.53523074075122,-60.30535450471989,-28.018066691886393,32.2872878128335,,339,483;485;496;500,383;421;481,452;498;501;505,351;403;446;448;449;450;453;455;456;487;490;491;492;493;494;495;503;504,405;477,365;442;451;454;457;467;469;474;479;480;506;538,505,446;449;483;490;493;494;499;500;502,501,495;497
7LDJ,2,af2,free,-669.4582232607213,-616.6070493483812,52.85117391234007,-85.56992457588977,-45.77095571559706,39.79896886029271,,339,483;485;496;500,320;367;372;383;407;436;527,417;452;501;505,403;445;446;448;449;470;490;491;492;493;494;495;497,405,358;365;377;420;442;451;467;506;528,417;486;505,403;446;449;455;483;489;490;492;493;500;502,501,450;487;495;503
