pdb,antibody,method,constrained,wt_total,om_total,d_total,wt_interface,om_interface,d_interface,tot_stab_mut_close,tot_stab_mut_distal,tot_stab_other_close,tot_stab_other_distal,tot_destab_mut_close,tot_destab_other_close,tot_destab_mut_distal,tot_destab_other_distal,int_destab_mut,int_destab_other,int_stab_mut,int_stab_other
7KM5,2,rpk,cons,-501.518833341279,-482.4121837631838,19.106649578095187,-56.37673472007948,-49.68907939809651,6.687655321982973,,339,,,452;484,455;490,371;373;375;405,502,452;484,,,
7KM5,2,rpk,free,-545.797442170976,-529.1448467197683,16.652595451207617,-65.04251480318133,-65.54545329747235,-0.5029384942910156,,339;408,,374,452;484,489;490,371;375;501,369;506,452,,,
7KM5,2,af2,cons,-621.1111176417996,-530.2676935560092,90.84342408579039,-51.401528783534715,-29.32511677179152,22.076412011743194,,339,346;450;481;483;485;499;502,443,452;501,403;446;447;448;449;451;453;456;467;468;469;470;472;490;491;492;493;494;495;497,405;477,365;420;442;457;474;475;479;487;506,452,447;449;468;470;483;490;494,498;501,346;351;445;495;499
7KM5,2,af2,free,-666.2412058609907,-622.1570675515588,44.084138309431864,-68.346802153627,-36.477692454741614,31.86910969888538,,339;478,,338;358;367;369;374;389;390;436;443;471;500;502;527,452,446;447;449;451;455;468;470;487;490;492;494;495;497,375;405,368;430;442;453;454;465;480;491;506;528,452;484,346;447;449;450;468;470;483;490;493;494,498;501,445;492;495
