pdb,antibody,method,constrained,wt_total,om_total,d_total,wt_interface,om_interface,d_interface,tot_stab_mut_close,tot_stab_mut_distal,tot_stab_other_close,tot_stab_other_distal,tot_destab_mut_close,tot_destab_other_close,tot_destab_mut_distal,tot_destab_other_distal,int_destab_mut,int_destab_other,int_stab_mut,int_stab_other
7ORB,2,rpk,cons,-508.27175757252417,-495.26419609622246,13.007561476301703,-39.01093700436779,-39.032129625044604,-0.021192620676814045,,408,,,,444;446,371;375;405;501,372,,444,,445;449
7ORB,2,rpk,free,-535.4039107798424,-522.2393608138917,13.164549965950641,-42.49339105749339,-40.254907404084605,2.2384836534087853,,339;408,,369,,446;450,371;375;405,372,440;452,,498,
7ORB,2,af2,cons,-613.7731215937245,-506.8308644632371,106.94225713048735,-36.8245456514358,-4.955880999244875,31.868664652190922,,339,483;499;502,481;485,501,442;444;445;446;448;449;450;451;492;493;494;495;497,405;477,365;454;456;457;469;474;475;479;480;487;491;506,,444;445;446;449;490;493;494,501,495;499
7ORB,2,af2,free,-664.7125453219994,-614.3149513143765,50.397594007622956,-48.17870120318386,-17.07797973941648,31.100721463767382,,339;478,483;490;499;500,338;358;367;369;374;390;421;436;473;485;502,452,442;444;445;446;447;450;451;455;492;493;495,375;405,353;368;430;467;480;487;491;506;528;541,440;452,444;445;446;449;490;493,501,499
