pdb,antibody,method,constrained,wt_total,om_total,d_total,wt_interface,om_interface,d_interface,tot_stab_mut_close,tot_stab_mut_distal,tot_stab_other_close,tot_stab_other_distal,tot_destab_mut_close,tot_destab_other_close,tot_destab_mut_distal,tot_destab_other_distal,int_destab_mut,int_destab_other,int_stab_mut,int_stab_other
7E88,4,rpk,cons,-785.0964176794268,-761.2938740921068,23.802543587320088,-86.77497188555273,-89.60389765037144,-2.828925764818706,,339,,,,,371;373;375;446;484;501,,,,478,
7E88,4,rpk,free,-833.2571516704306,-824.7524540077371,8.504697662693502,-90.37795555833017,-96.10375315372066,-5.725797595390489,,339;496,,30;90;366,,92;474,371;375;446,2;434,,,477;478,
7E88,4,af2,cons,-610.4590330016092,-613.8321250334104,-3.3730920318012068,-28.861857630016704,-34.33816431031874,-5.476306680302034,,339;371;484,485,367;369;372;406;472;483;518,,,375;446;501,365;368;374;434;435;528,,,478,
7E88,4,af2,free,-656.1962948325163,-658.2088453847276,-2.012550552211337,-49.85618965314212,-42.17563222630934,7.680557426832777,,339;371,485,369;372;406;409;425;472;480;516;518,,476;486,446,374;430;435;444,,486;487;488,,421
