pdb,antibody,method,constrained,wt_total,om_total,d_total,wt_interface,om_interface,d_interface,tot_stab_mut_close,tot_stab_mut_distal,tot_stab_other_close,tot_stab_other_distal,tot_destab_mut_close,tot_destab_other_close,tot_destab_mut_distal,tot_destab_other_distal,int_destab_mut,int_destab_other,int_stab_mut,int_stab_other
7K8Y,1,rpk,cons,-876.5799906264307,-848.8798340074804,27.700156618950246,-34.016951142686786,-26.90616442099332,7.110786721693465,,339,,,375;405;452;484;501,,371;376;373,372;374,486,,,
7K8Y,1,rpk,free,-1055.1922419713774,-1033.6446821118507,21.5475598595267,-63.43139087541495,-53.1796452474093,10.25174562800565,,373;339,490;493;427,340;342;365;436;502;356;367;379;385;442,376;452;405;477,378;413;414;449;455;487,375;371,350;372;434;435;366;390;433;439,405;408,449;487;380,,483;490;493;494;427
7K8Y,1,af2,cons,-1208.8713273263725,-1061.8513308324932,147.01999649387926,-33.12744737360193,-20.986986428655698,12.140460944946234,,339,483;485;502;490,481;383;421;443,405;452;501,446;448;449;456;474;489;492;494;495;497;503;506;445;453;455;475;487,477,346;365;387;389;420;451;454;457;467;469;479;488;491;442;538,484;486;408,444;449;489;494;415,501,445;450
7K8Y,1,af2,free,-1305.9887614323875,-1226.2624695667114,79.7262918656761,-69.29546914551193,-67.38856749742578,1.9069016480861478,,339,450;485;490;500;502;472;483;499,320;338;358;367;369;390;423;427;429;436;443;347;363;372;508;527,405;452;501,403;444;446;448;449;456;487;492;495;497;503;404;407;424;447;455;475,,368;391;442;451;479;480;506;351;377;410;425;457;465;467;469;491,484;486,444;449;483;487;489;490;493,486;498;501,450;455;494;495;497;499;420
