pdb,antibody,method,constrained,wt_total,om_total,d_total,wt_interface,om_interface,d_interface,tot_stab_mut_close,tot_stab_mut_distal,tot_stab_other_close,tot_stab_other_distal,tot_destab_mut_close,tot_destab_other_close,tot_destab_mut_distal,tot_destab_other_distal,int_destab_mut,int_destab_other,int_stab_mut,int_stab_other
7BEP,2,rpk,cons,-533.4119106082751,-517.4300066170574,15.981903991217678,-41.4536844118183,-34.9194849561389,6.534199455679399,,339;408,,,484,490,371;373,372,484,490,,
7BEP,2,rpk,free,-557.3047649427313,-553.011133937101,4.293631005630232,-55.69631409995716,-49.8871080720239,5.809206027933264,,339;408;505,,,484,472;490,371;405;498,372,484,490;493,478,
7BEP,2,af2,cons,-612.8634109185055,-532.9196473115077,79.94376360699778,-27.160263004526627,-13.86408582129114,13.296177183235487,,339,483;485,383;443;500;502,452;501,445;446;449;455;456;475;479;487;488;491;492;493;494;495;497,405;477,346;365;420;442;448;451;453;454;457;467;469;474;506,486,481;483;488;489;490,484,493;495
7BEP,2,af2,free,-662.3103119326829,-626.9698133959375,35.34049853674537,-45.824795831344,-43.6576459368127,2.167149894531299,,339,472;483;490,320;347;356;358;367;369;374;390;436;500;502,452,445;446;449;453;480;481;489;492;495;497,375;405;501,326;368;420;442;448;451;466;467;479;491;503;506;526,484,445;446;449;481;489,486;498,475;483;492;493;495
