pdb,antibody,method,constrained,wt_total,om_total,d_total,wt_interface,om_interface,d_interface,tot_stab_mut_close,tot_stab_mut_distal,tot_stab_other_close,tot_stab_other_distal,tot_destab_mut_close,tot_destab_other_close,tot_destab_mut_distal,tot_destab_other_distal,int_destab_mut,int_destab_other,int_stab_mut,int_stab_other
7SO9,5,af2,cons,-826.5894949113971,-825.7371257840238,0.852369127373322,-36.18721552651043,-33.11455096111694,3.072664565393488,,,21;78;79;108;237;272,18;20;41;75;76;153;228;229;253,19;24;25;26,23,,140;141;160;197;244;245;248;249;257;258;259,25,63,,
7SO9,5,af2,free,-894.5415969479508,-885.8659727016045,8.675624246346274,-37.02064423452569,-40.85511727406875,-3.834473039543063,,142,85;110;272,20;75;97;138;154;156;180;212;222;227;228;243;246,25;26,77;84;271,19;70,55;136;140;146;214;221;244;245;247;249;259,,,,83;88
