pdb,antibody,method,constrained,wt_total,om_total,d_total,wt_interface,om_interface,d_interface,tot_stab_mut_close,tot_stab_mut_distal,tot_stab_other_close,tot_stab_other_distal,tot_destab_mut_close,tot_destab_other_close,tot_destab_mut_distal,tot_destab_other_distal,int_destab_mut,int_destab_other,int_stab_mut,int_stab_other
7CZT,2,rpk,cons,-461.87697889499987,-441.4844925713173,20.39248632368259,-47.18561472109323,-37.21403701114631,9.97157770994692,,,,,484,,371;373;375,372,417;505,,,
7CZT,2,rpk,free,-542.7813885800367,-524.1000634741735,18.681325105863266,-72.92469142541702,-66.09234017634824,6.832351249068779,,339,,351;386,405;477;484;505,446;473;487,371;375,370;461,405;417;477;505,455;456;473,478;498;501,486;495;500
7CZT,2,af2,cons,-616.7708496705031,-513.6041287620426,103.16672090846055,-45.38838072246335,-39.00661749758711,6.381763224876245,,339,483;490;496;500;502,518,405;493;505,446;447;449;451;455;456;457;473;474;475;476;487;489;492;494;495;497;506,371;373;452,346;351;365;372;442;454;459;461;467;469;471;479;491;520;522;538;541,417;493;505,449;456;476;489;494,478;498;501,486;499;503
7CZT,2,af2,free,-667.3419286018985,-626.9055077500315,40.43642085186707,-60.50275644304778,-80.87217393418291,-20.36941749113513,,339,421;474;483;486;490;502;503,338;367;380;389;390;443;466;508;518;527,405;477;493,406;445;446;449;451;453;454;455;457;487;488;492;494;495;497;506,371,342;355;365;374;377;391;442;465;469;480;491;517;519;520;528,477;493;505,473;476;489;494;496,478;498;501,421;486;487;495;499;503
