pdb,antibody,method,constrained,wt_total,om_total,d_total,wt_interface,om_interface,d_interface,tot_stab_mut_close,tot_stab_mut_distal,tot_stab_other_close,tot_stab_other_distal,tot_destab_mut_close,tot_destab_other_close,tot_destab_mut_distal,tot_destab_other_distal,int_destab_mut,int_destab_other,int_stab_mut,int_stab_other
7KN4,1,rpk,cons,-507.406684433755,-474.3744722011321,33.032212232622896,-46.62579741433916,-35.289481643244685,11.336315771094476,,339,,,446;484;498;501,490,371;373;375,372;499,496;501,,,
7KN4,1,rpk,free,-533.4737059382974,-508.5106470709824,24.963058867315,-56.49385239022793,-40.91490131729261,15.578951072935318,,339,452;479;489,368;377,446;477;478;484;498;501,490,373;375,372;374;434;506,417;477;478;501;505,490,,
7KN4,1,af2,cons,-616.8942694507658,-613.308811544128,3.585457906637771,-37.67160629826145,-37.81703228249059,-0.145425984229135,,339;371,483;485,367;372;518,446;493;498;501,490;494,375,365;368;420;434;435;528,484;498;501,,496,449;487;489
7KN4,1,af2,free,-663.6294894326975,-665.7500040657872,-2.1205146330896696,-60.9854710724507,-47.69243107415657,13.293039998294127,,339;371,456;483;485,369;372;390;406;451;518;527,446;493;496,452;490,,374;420;430;435;517;528,478;484;493;496;498,488;490,501,486
