pdb,antibody,method,constrained,wt_total,om_total,d_total,wt_interface,om_interface,d_interface,tot_stab_mut_close,tot_stab_mut_distal,tot_stab_other_close,tot_stab_other_distal,tot_destab_mut_close,tot_destab_other_close,tot_destab_mut_distal,tot_destab_other_distal,int_destab_mut,int_destab_other,int_stab_mut,int_stab_other
7EKC,1,rpk,cons,-494.51756855403016,-467.7994418262624,26.718126727767753,-47.19670885284324,-37.263226316690506,9.93348253615273,,339;408,,,405;417;484,446;490,371;373;375,372,417;486,,501,
7EKC,1,rpk,free,-521.9975476761751,-517.4740918909113,4.523455785263877,-52.4189405960121,-50.62213207567298,1.7968085203391198,,339;408,406;449,508,405;484;486,446;490,371,,417;486,496,477;501,449
7EKC,1,af2,cons,-623.5916154904005,-496.54956638885875,127.04204910154175,-49.78417481239316,-14.977532299251546,34.80664251314161,,339,485;500;502,421;483,405;417;477;478;486;498;501;505,449;453;454;455;456;473;474;475;479;487;488;492;494;495;497;503;504;506,452,365;406;420;442;448;451;457;467;469;480;491,417;478;486;505,449;456;475;496;499;500,,474;495;503
7EKC,1,af2,free,-660.5361269397167,-615.1725363193316,45.36359062038514,-55.47466715401927,-29.40075487823265,26.073912275786622,,339,473;483;485;490;502;503,320;367;369;372;390;401;407;436;443,405;486;501,445;446;455;456;474;487;489;491;492;493;495;497;506,,326;351;353;368;391;402;442;448;451;466;471;479;480,417;486;505,446;453;455;456;475;487;489;493;500,498,503
