pdb,antibody,method,constrained,wt_total,om_total,d_total,wt_interface,om_interface,d_interface,tot_stab_mut_close,tot_stab_mut_distal,tot_stab_other_close,tot_stab_other_distal,tot_destab_mut_close,tot_destab_other_close,tot_destab_mut_distal,tot_destab_other_distal,int_destab_mut,int_destab_other,int_stab_mut,int_stab_other
7MFU,4,rpk,cons,-566.5002143785835,-544.7216955849129,21.778518793670514,-33.079237774432286,-34.86132506727792,-1.782087292845631,,339,,,371;373;405,372,501,455,,,375,
7MFU,4,rpk,free,-587.5879176313839,-577.6046459809089,9.98327165047499,-46.34731183087287,-45.529526779464405,0.8177850514084639,,339,368;434;502,365;367,371;373;501,369;370,,455,408,369,375,
7MFU,4,af2,cons,-619.25895625363,-526.1798327541288,93.07912349950118,-25.856917995825118,-19.616962195356884,6.239955800468234,,339,383,437;443;483;490;502;518,371;373;375;405,370;372,493;501,346;351;365;387;442;446;449;451;453;454;455;456;457;471;473;475;479;487;491;492;494;495;497;506;520;522;538;541,375,370;372,,378
7MFU,4,af2,free,-667.5838501575297,-613.5577174937675,54.026132663762155,-44.04809697019655,-35.33626251844176,8.711834451754797,,339;478,366;367;368;502,390;443;466;473;483;490;500;518,371;375;376;405,372;377;383;384;503;506,493;501,342;391;430;442;445;446;448;451;453;454;455;459;469;472;480;488;491;492;495;497;519;520;526,375;408,372;502;503,373,368
