pdb,antibody,method,constrained,wt_total,om_total,d_total,wt_interface,om_interface,d_interface,tot_stab_mut_close,tot_stab_mut_distal,tot_stab_other_close,tot_stab_other_distal,tot_destab_mut_close,tot_destab_other_close,tot_destab_mut_distal,tot_destab_other_distal,int_destab_mut,int_destab_other,int_stab_mut,int_stab_other
7V2A,1,rpk,cons,-373.52780659556777,-361.287997807329,12.239808788238747,-27.23617438304686,-32.317315708704065,-5.081141325657207,,452;505,,403;406;453,371;373;440,372;374,405,,440,,,342;343
7V2A,1,rpk,free,-455.5643662738481,-436.01564026924694,19.54872600460118,-39.85985137918431,-36.040349274623665,3.819502104560648,,408;452,347,449;453;488,375,374;436;444;451,405,372;377;433;454;489;492;497,440,343,371,345;441
7V2A,1,af2,cons,-615.179896233469,-522.1135410076171,93.06635522585191,-41.93424701142894,-29.566021470889407,12.36822554053953,,,,481;483;485;490;502,371;440,343;369;374;442;444;445;446;448;451;506,405;477;501,351;365;453;454;456;457;467;469;474;475;479;480;487;491;492;493;494;495;497;538,440,343;346;437;444;445,339;371;373,345;370
7V2A,1,af2,free,-655.3995372492969,-596.4808434370213,58.91869381227559,-49.82329170574309,-32.949852995520054,16.873438710223034,,,338;437;443;499;500,360;366;382;390;421;430;483;490;502,373;375;440,442;444;446;447;449;451;506,405;501,351;357;386;391;394;395;453;454;456;479;480;487;491;492;495;497;503;540,373;440,343;345;367;374;441;499,371,370;437;445
