pdb,antibody,method,constrained,wt_total,om_total,d_total,wt_interface,om_interface,d_interface,tot_stab_mut_close,tot_stab_mut_distal,tot_stab_other_close,tot_stab_other_distal,tot_destab_mut_close,tot_destab_other_close,tot_destab_mut_distal,tot_destab_other_distal,int_destab_mut,int_destab_other,int_stab_mut,int_stab_other
7CWN,2,rpk,cons,-413.60602426590714,-393.2409293960352,20.36509486987194,-37.16094206742359,-37.414960742317156,-0.25401867489356533,,,,,371;373;375,372,478;501,,376,,375,
7CWN,2,rpk,free,-538.1854537562872,-528.3626642864251,9.822789469862073,-56.97933869178335,-55.64425313965591,1.3350855521274383,,505,366;404;436;506,327;367;406,371;375,365;502;508,501,363;527,376;408,,375,369
7CWN,2,af2,cons,-608.3129360605151,-519.4193316671204,88.89360439339464,-32.91789218107328,-28.39503088664564,4.5228612944276385,,339,,443;483;490;502;518,371;375;405,370;374;506,493;501,346;351;365;387;389;446;449;451;453;454;455;456;457;469;471;473;475;479;487;491;492;494;495;497;520;522;541,408,372,,369;377
7CWN,2,af2,free,-662.5997083400837,-611.6906712157069,50.90903712437682,-53.07352000756811,-52.98490014983022,0.08861985773789627,,339;477,366;369;437;502,367;390;421;436;443;483;490;500;518,371;373;405,414;503;506,501,351;365;391;434;442;445;446;448;451;453;454;456;457;472;473;479;480;488;491;492;494;495;497;519;520;526,376;408,370;372;386;389;503,375,369;377;384
