pdb,antibody,method,constrained,wt_total,om_total,d_total,wt_interface,om_interface,d_interface,tot_stab_mut_close,tot_stab_mut_distal,tot_stab_other_close,tot_stab_other_distal,tot_destab_mut_close,tot_destab_other_close,tot_destab_mut_distal,tot_destab_other_distal,int_destab_mut,int_destab_other,int_stab_mut,int_stab_other
7DD8,1,rpk,cons,-618.7289609899187,-578.2603942071989,40.46856678271979,-24.513952976712556,-23.752149552263717,0.7618034244488392,,339,,,371;373;375;505;405;501,372;502;500;506,493,490,408;505,,405,
7DD8,1,rpk,free,-946.3125453552384,-936.664124226395,9.648421128843438,-33.40865886470651,-35.41917473654148,-2.0105158718349685,,339,374;378;407;414;506;510;410;436;474;508,356;437;455;491;494;524;527;529;367;492;495,375;501;405;417;477,381;383;436;369;479;486;502,371;493;440,342;368;390;434;439;490;492;507;525;360;364;437;455;523,408,369;407;486,477;478,379;502
7DD8,1,af2,cons,-1199.9497181434351,-1032.5791347535855,167.37058338984957,-11.408114636727584,-13.679280671139953,-2.271166034412369,,339,369;437;483;500;502,490;496;518;421,371;373;375;405;501,370;372;374;479;487;504;506,493,346;351;365;420;446;449;451;453;454;455;456;457;461;471;473;475;491;492;494;495;497;520;522;541;442;467;469;474;480;538,,370;374;378;502,376;478,369;377;503
7DD8,1,af2,free,-1300.2284827628498,-1217.1994867164085,83.0289960464413,-27.253752089930828,-30.603830532662126,-3.3500784427312986,,339,369;474;483;499;500;502;380;481;508,320;354;367;390;421;430;490;518;528;326;338;399;427;443;466;473,371;405;501,370;374;377;479;506;403;486,493,391;424;445;446;447;448;449;451;453;455;457;465;468;487;488;491;492;495;497;519;520;526;342;365;402;425;442;454;469;480,505;477;478,378;500;486,373;375,369;503;506;483
