pdb,antibody,method,constrained,wt_total,om_total,d_total,wt_interface,om_interface,d_interface,tot_stab_mut_close,tot_stab_mut_distal,tot_stab_other_close,tot_stab_other_distal,tot_destab_mut_close,tot_destab_other_close,tot_destab_mut_distal,tot_destab_other_distal,int_destab_mut,int_destab_other,int_stab_mut,int_stab_other
7N5H,1,rpk,cons,-500.8328078123055,-468.42988171397093,32.40292609833455,-44.616812712690916,-44.87309531689295,-0.25628260420203475,,339,,,371,372,373;375;446;484;493;501,490,,,,
7N5H,1,rpk,free,-577.617914271441,-553.288205410098,24.329708861342965,-51.454047248891186,-51.665590111080384,-0.21154286218919793,,339,,515,371;373,,446;484,387;392;447;449;490;513,505,374;405,,415;420;428
7N5H,1,af2,cons,-611.3078583723282,-616.1885422356902,-4.880683863362037,-34.29718085552699,-34.668590585843276,-0.3714097303162873,,339,372,406;451;483;485;518,,368;374;408,375;446;496;501,365;434;435;452;499;528,,,,369
7N5H,1,af2,free,-657.1610488845374,-661.0550284096405,-3.8939795251030773,-48.05634372839471,-51.118031236029566,-3.0616875076348578,,339,369;372;405,326;389;406;483;516;518;527,,374,446,365;391;392;435;444;455;517;519;528,,383,373,372;378;405
