pdb,antibody,method,constrained,wt_total,om_total,d_total,wt_interface,om_interface,d_interface,tot_stab_mut_close,tot_stab_mut_distal,tot_stab_other_close,tot_stab_other_distal,tot_destab_mut_close,tot_destab_other_close,tot_destab_mut_distal,tot_destab_other_distal,int_destab_mut,int_destab_other,int_stab_mut,int_stab_other
7CWS,4,af2,cons,-815.1076974338837,-797.546057594029,17.561639839854706,-6.003651589870369,-11.209557278381213,-5.205905688510844,,67;95,147;148,18;19;21;22;75;76;77;97;111;124;138;186;213;nan;215;216;233;260,142;143;144,140;146;149;150;151;153;156;246;254;256;257,212,17;20;23;102;141;152;179;187;210;245;249;255;258;259,144,146;155,,147;148;257
7CWS,4,af2,free,-882.5522726099514,-869.9418833961222,12.610389213829194,-14.910991016333158,-18.098922653602816,-3.1879316372696582,,67;95,155,77;84;97;111;114;121;138;170;186;201;213;nan;215;216;222;227;242;247;248;260,142;143;144,146;151;153;246;255,212,17;20;21;98;102;152;179;183;221;245;249;258;262,144,146;155,,149;150;246;254;257
