pdb,antibody,method,constrained,wt_total,om_total,d_total,wt_interface,om_interface,d_interface,tot_stab_mut_close,tot_stab_mut_distal,tot_stab_other_close,tot_stab_other_distal,tot_destab_mut_close,tot_destab_other_close,tot_destab_mut_distal,tot_destab_other_distal,int_destab_mut,int_destab_other,int_stab_mut,int_stab_other
7K8W,2,rpk,cons,-412.0550322528105,-378.73188848165626,33.323143771154264,-40.06087040729612,-39.30098970232059,0.7598807049755294,,339;408,,,405;452;484;498,,371;373;375,370;372,484;498,,501,
7K8W,2,rpk,free,-522.640870278659,-512.0421329333858,10.598737345273207,-67.50555824301128,-61.941451514343626,5.564106728667653,,339,403;451;493,366;391;441,405;452;498;505,495,371;375,369;442;455;509,452;505,504,501,493
7K8W,2,af2,cons,-610.7555268341202,-528.4804292758611,82.27509755825918,-37.04340302874372,-17.07967711436515,19.963725914378568,,339,450;483;500;502,481;485,405;501,444;445;446;448;449;451;453;455;456;492;493;494;495;497;506,477,365;442;454;457;461;465;467;469;474;475;479;480;487;491,498,444;445;446;449;493;494,,450;495;503
7K8W,2,af2,free,-665.9213585844375,-618.5754943479731,47.34586423646442,-67.64740275997477,-51.27992571407377,16.367477045900998,,339,346;450;472;485;490;500;502,338;356;368;369;372;390;434;436;508,405;452;498;501,351;406;445;446;448;449;451;453;456;491;492;495;497;506,375,343;386;391;404;442;465;474;479;487,484;501;505,445;449;481;482;483;490;492;493;494;502,,450;495;499;503
