pdb,antibody,method,constrained,wt_total,om_total,d_total,wt_interface,om_interface,d_interface,tot_stab_mut_close,tot_stab_mut_distal,tot_stab_other_close,tot_stab_other_distal,tot_destab_mut_close,tot_destab_other_close,tot_destab_mut_distal,tot_destab_other_distal,int_destab_mut,int_destab_other,int_stab_mut,int_stab_other
7LXZ,3,af2,cons,-824.3602468560541,-796.9057041880585,27.45454266799561,-13.244364105098978,-15.05838657651458,-1.814022471415603,,,16;153;246;248,41;97;111;143;150;180;215;228;229,19,17;18;245;249;250;251;257;258,24;25;26,23;77;80;140;182;259,,17;144;247,,248;256;258
7LXZ,3,af2,free,-896.9376482245967,-894.5834358616894,2.354212362907333,-19.027770806326778,-25.34744890763642,-6.319678101309641,,,16;255,22;41;63;66;68;70;71;84;97;145;153;180;222;228;242;272,19,18;73;141;144;245;249;250,24;25;26,55;78;170;179;181;183;191;200;233;271,,144;246;247,,248;254;258
