pdb,antibody,method,constrained,wt_total,om_total,d_total,wt_interface,om_interface,d_interface,tot_stab_mut_close,tot_stab_mut_distal,tot_stab_other_close,tot_stab_other_distal,tot_destab_mut_close,tot_destab_other_close,tot_destab_mut_distal,tot_destab_other_distal,int_destab_mut,int_destab_other,int_stab_mut,int_stab_other
7RKU,1,rpk,cons,-1084.582066756899,-1055.7187803072534,28.863286449645557,-54.47252784917034,-53.45416226116379,1.018365588006553,,339,,389,371;373;375;405,372,501;484,,,,,
7RKU,1,rpk,free,-1150.0232815308107,-1135.5009279279197,14.522353602890917,-55.81041617419169,-62.10035334474253,-6.289937170550843,,339,377;378,,371;375;373;405,369;372,501;484;498,386;446,408,,,377;427
7RKU,1,af2,cons,-902.3427466040632,-831.4471687219291,70.89557788213415,-51.56848460832702,-40.780560953229255,10.787923655097764,,339;498;501;505,483;490,323;324;325;327;443;496;502;516;518;529;530;535;536;537;538;539;390;403;421;437;439;448;450;453;495;497;499,371;373;405;493,372;427;457;469;471;473;474;479;491;492;470;472,501;452,nan;326;328;329;331;346;351;365;389;391;442;446;449;451;453;454;455;456;459;461;475;487;494;495;497;506;519;520;522;527;531;533;534;541;347;349;401;443;445;467;488;504,,427;458;471;474;481,493,413;470
7RKU,1,af2,free,-1304.8728702058006,-1169.1233733010558,135.74949690474477,-40.470486044567664,-67.59370285232256,-27.1232168077549,,339;477,367;380;383;474;483;490;472;480;481,320;328;358;366;399;421;443;466;500;502;530;534;322;325;326;327;338;390;422;437;518;531;538;540,371;405;375,379;414;420;431;457;459;480;491;492;517;468;469,501;498,323;324;326;329;342;365;389;391;442;445;446;447;448;451;455;456;461;487;489;495;497;503;506;518;520;522;525;526;528;533;536;537;538;541;401;403;406;449;453;467;475;494;508;510;519,,413;414,493,368;377;381;415;427;471;472;479;480;481
