pdb,antibody,method,constrained,wt_total,om_total,d_total,wt_interface,om_interface,d_interface,tot_stab_mut_close,tot_stab_mut_distal,tot_stab_other_close,tot_stab_other_distal,tot_destab_mut_close,tot_destab_other_close,tot_destab_mut_distal,tot_destab_other_distal,int_destab_mut,int_destab_other,int_stab_mut,int_stab_other
7DPM,2,rpk,cons,-546.1865713981612,-517.6918708530832,28.49470054507799,-36.73899816500988,-35.617568682551834,1.1214294824580477,,339;496,,,371;373,369;370;372,446;484,455,,,,
7DPM,2,rpk,free,-572.940529327374,-567.6675475817506,5.272981745623383,-44.0544671885134,-39.414938835969444,4.639528352543955,,339;496,368,367,371;440;501,369,446;484;498,338;358;455,440,369;437;508,375,
7DPM,2,af2,cons,-619.1684261544946,-609.2275063695959,9.94091978489871,-33.22705805620802,-26.896180422517553,6.33087763369047,,339,372;437,367;406;483;485;518,375;501,368;374;377;435,496,420;448;452;528,,369,,374;437
7DPM,2,af2,free,-664.7498515256514,-666.5046762976754,-1.7548247720239942,-40.30628924994222,-38.12091978621372,2.185369463728499,,339,436,389;406;450;451;483;485;518;528,375,369;374;405;435,446,448;455;526,375;440,369;376,373,374;383;408
