pdb,antibody,method,constrained,wt_total,om_total,d_total,wt_interface,om_interface,d_interface,tot_stab_mut_close,tot_stab_mut_distal,tot_stab_other_close,tot_stab_other_distal,tot_destab_mut_close,tot_destab_other_close,tot_destab_mut_distal,tot_destab_other_distal,int_destab_mut,int_destab_other,int_stab_mut,int_stab_other
7LOP,4,rpk,cons,-558.9148924766558,-539.9259396662985,18.98895281035732,-52.32832578821454,-46.610728449269104,5.717597338945438,,339,,,452;501,,371;373;405,372,484;498,,,
7LOP,4,rpk,free,-568.23867827704,-558.2179183506082,10.020759926431765,-60.88865790151943,-57.73468124187295,3.1539766596464816,,339,,,452;501,,371;373;375;405,,452;484,,486,
7LOP,4,af2,cons,-493.0704152401215,-483.92197559968,9.148439640441495,-20.522336541242847,-8.602319482537958,11.92001705870489,,339,481;482;483;485;490;502,363;366;382;390;396;421;429;500;508;523;526;527;539,452,445;446;448;449;456;469;475;487;489;492;493;494;495;497,373;405,357;451;457;461;467;474;479;506,452;486,449;470;489;492;493,501,450;495;497
7LOP,4,af2,free,-658.4108002960638,-614.7955614301552,43.61523886590862,-53.03383898836312,-43.775286604090645,9.258552384272477,,339,481;502,320;347;358;367;369;374;418;434;436;443;500,452,351;446;447;449;451;487;489;491;492;495;497,375;405,365;368;403;442;465;473;506;518;526,452;484,446;449;483;490;492;493,498;501,494;495;503
