pdb,antibody,method,constrained,wt_total,om_total,d_total,wt_interface,om_interface,d_interface,tot_stab_mut_close,tot_stab_mut_distal,tot_stab_other_close,tot_stab_other_distal,tot_destab_mut_close,tot_destab_other_close,tot_destab_mut_distal,tot_destab_other_distal,int_destab_mut,int_destab_other,int_stab_mut,int_stab_other
7CZX,2,rpk,cons,-351.26988306363467,-332.23708364867014,19.03279941496453,-51.18296663528926,-42.76010604828318,8.422860587006085,,339;505,,,452;484,492,371;373;375,372,484;498,492,,
7CZX,2,rpk,free,-470.03889702716486,-461.1539824750704,8.884914552094472,-67.92791575848914,-57.482506722217494,10.445409036271641,,339;408,450;451;483,347;476,452;484;493,448;456,371,436,484;498,448;456;494,,489
7CZX,2,af2,cons,-609.2895711175305,-521.8524446743926,87.43712644313791,-31.780135972107427,-11.25409647073757,20.52603950136986,,339,450;481;483;490;502,383;508;518,493,446;448;449;453;456;487;488;492;494;495;497,371;373;405,351;365;372;442;451;454;457;461;471;473;479;491;506;520;522;541,493,449;487;489;490;494,501,445;495
7CZX,2,af2,free,-652.4985299645498,-621.9935911923681,30.50493877218173,-51.17589328739001,-51.99389669899811,-0.8180034116080961,,339;477,485;490;499;500;502,320;338;356;360;367;380;390;443;458;518;528,452;493,446;448;449;450;451;453;456;472;487;489;491;492;495;497,371;405,342;365;377;381;391;420;465;506;511;517;519;520;526,452;493,449;450;483;486;487;489;490,498;501,455;485;494;495;499;503
