pdb,antibody,method,constrained,wt_total,om_total,d_total,wt_interface,om_interface,d_interface,tot_stab_mut_close,tot_stab_mut_distal,tot_stab_other_close,tot_stab_other_distal,tot_destab_mut_close,tot_destab_other_close,tot_destab_mut_distal,tot_destab_other_distal,int_destab_mut,int_destab_other,int_stab_mut,int_stab_other
7L0N,1,rpk,cons,-545.1265465311701,-518.6606097241597,26.465936807010394,-57.15583278083632,-55.52391675915052,1.6319160216858037,,,,,,,371;373;405;452;501,372,,,,
7L0N,1,rpk,free,-573.5970233956893,-546.6958312680608,26.90119212762852,-68.4515971612653,-67.03196016005144,1.4196370012138573,,408,451,,373,,371;376;484;501,372;435;479;490,,,440,
7L0N,1,af2,cons,-616.5712302449735,-544.5424742482005,72.02875599677304,-51.33509662672559,-45.376018587400345,5.959078039325242,,,346;347,481;483;485;490;500;502,,442;446,405;452;477;501,365;448;449;451;453;454;456;457;467;469;474;475;479;480;487;488;491;492;494;495;497;506;538,,343;345,,
7L0N,1,af2,free,-665.8828119517171,-626.459201721255,39.423610230462145,-51.83003706767406,-51.494633318620515,0.33540374905354753,,,338;340;346;436;443,367;390;399;481;483;485;490;499;500;502;508,,442;446;447;448;451,375;405;501,353;365;377;386;391;453;456;467;469;474;487;488;491;492;495;497;503;506,440,343;345,,340;446
