pdb,antibody,method,constrained,wt_total,om_total,d_total,wt_interface,om_interface,d_interface,tot_stab_mut_close,tot_stab_mut_distal,tot_stab_other_close,tot_stab_other_distal,tot_destab_mut_close,tot_destab_other_close,tot_destab_mut_distal,tot_destab_other_distal,int_destab_mut,int_destab_other,int_stab_mut,int_stab_other
7E8C,2,af2,cons,-821.0648510471292,-790.7524307664135,30.31242028071574,-21.65293122441584,-21.404256964856277,0.24867425955956435,,,15;144;248,79;97;111;180;215;228;229;272,19;142,17;141;156;249;250;252;253;256;257;258,24;25;26,18;23;80;140;259;270,,157;252;253,,15;147;248
7E8C,2,af2,free,-890.7254810487377,-892.5114059044612,-1.785924855723465,-34.08259119300576,-24.947526972038602,9.135064220967159,,,16;139;143;150;153;256,41;66;84;97;108;180;222;228;291,19,144;149;156;245;249;250,25;26,18;73;78;140;170;181;221;254,,144;147;155;246,,15;158;252
