pdb,antibody,method,constrained,wt_total,om_total,d_total,wt_interface,om_interface,d_interface,tot_stab_mut_close,tot_stab_mut_distal,tot_stab_other_close,tot_stab_other_distal,tot_destab_mut_close,tot_destab_other_close,tot_destab_mut_distal,tot_destab_other_distal,int_destab_mut,int_destab_other,int_stab_mut,int_stab_other
7EJ5,1,rpk,cons,-346.22984157588434,-334.11589676056985,12.113944815314483,-27.610630530401934,-21.752218955880178,5.858411574521757,,339;408,,449;490,477,,371;373;375,372;492,486,,,
7EJ5,1,rpk,free,-460.260944861408,-437.23886172170694,23.022083139701067,-35.683550875715326,-30.601855773763837,5.081695101951489,,339;408,479,332;363;391;400;422;437;442;471,478;486,,371;501,368;372;402;435;491;492;499;510,478;486,474,477,475
7EJ5,1,af2,cons,-611.5942677535681,-536.5432013319851,75.05106642158307,-19.557048506544334,-18.51713314084342,1.0399153657009137,,339,483;485,421;443;502,478;486,455;456;474;479;480;487;488,405;501,365;442;445;446;448;451;453;454;467;469;491;492;493;494;495;497;506,486,489,477;478,
7EJ5,1,af2,free,-663.5164000733555,-617.1064071253008,46.40999294805465,-47.667779630838254,-23.33666100336252,24.331118627475735,,339,472;483;485,320;338;347;358;360;368;369;372;390;443;490;499;500;502;528,478;486,456;474;475;480;487,375;405;501,326;351;386;391;442;445;446;447;448;451;453;467;469;491;492;495;497;503;506;526,477;478;486,474;475;476;481;487,,479
