pdb,antibody,method,constrained,wt_total,om_total,d_total,wt_interface,om_interface,d_interface,tot_stab_mut_close,tot_stab_mut_distal,tot_stab_other_close,tot_stab_other_distal,tot_destab_mut_close,tot_destab_other_close,tot_destab_mut_distal,tot_destab_other_distal,int_destab_mut,int_destab_other,int_stab_mut,int_stab_other
7ME7,1,rpk,cons,-355.9184375073662,-348.0615238972106,7.85691361015563,-41.84300788164755,-38.08699484933598,3.7560130323115715,,373;408,,370;403,452;484,,375;478,502,452,,,
7ME7,1,rpk,free,-479.9832948829975,-467.7059114862599,12.277383396737605,-47.843241295919725,-55.84548322326647,-8.002241927346745,,339;373,447;450;490,368;402;406;441,,354;356;488,371;375;405;478;501,410;455;474;489;497,,492,,449;450;494
7ME7,1,af2,cons,-616.8302873074667,-535.43045976093,81.3998275465367,-32.68544356476487,-20.73140364212124,11.954039922643627,,339,347;481;483;500,485;502,452,351;448;451;453;468;469;491;492;494;495;497,405;477;501,365;442;446;454;456;457;467;474;475;479;480;487;488;506;538,452;484,450;466;468;470;490,,497
7ME7,1,af2,free,-666.8149246889195,-636.7413890013775,30.073535687542062,-48.27698155682174,-49.00239860143962,-0.7254170446178847,,339;505,346;347;485;490;494;499,320;326;338;358;367;369;390;407;436;443;500;502;527,452,448;469;470;491;492;495;497,405;501,368;403;420;430;442;445;446;447;451;453;456;459;465;467;487;506;528,,468;470;472;482;483;490,,351;352;493;494;495;497
