pdb,antibody,method,constrained,wt_total,om_total,d_total,wt_interface,om_interface,d_interface,tot_stab_mut_close,tot_stab_mut_distal,tot_stab_other_close,tot_stab_other_distal,tot_destab_mut_close,tot_destab_other_close,tot_destab_mut_distal,tot_destab_other_distal,int_destab_mut,int_destab_other,int_stab_mut,int_stab_other
7M7W,4,rpk,cons,-562.128546880558,-534.3763889705765,27.75215790998152,-64.50652173742529,-60.585134383438294,3.9213873539869937,,339,,,371;373;501,372,,,408,372,375,
7M7W,4,rpk,free,-577.9505625752638,-553.7437241378818,24.206838437381975,-68.2568066751538,-62.504612458648296,5.752194216505501,,339,502,,371;373;375;501,372,498,,408,,375,
7M7W,4,af2,cons,-619.3772973724093,-538.6816865053496,80.69561086705971,-45.91180388729654,-34.649452014677,11.26235187261954,,339,369;502,367;481;483;485;490;500,375;405;501,372;374;503;506,452;477,365;442;446;448;451;453;455;456;457;467;469;474;475;479;480;487;488;491;492;493;494;495;497;538,408,502;503,,369
7M7W,4,af2,free,-665.8959629829675,-631.2600498601081,34.63591312285939,-67.21654942513956,-59.95817748958756,7.258371935551999,,339,369;378;409;437;502,320;347;363;367;390;418;443;472;483;490;499;500;518,371;376;405;501,389;503;504;506,,351;353;391;434;442;445;446;451;453;456;466;471;479;480;487;491;492;495;497,408,370;372;502;503;504,375,369;377;385;437
