pdb,antibody,method,constrained,wt_total,om_total,d_total,wt_interface,om_interface,d_interface,tot_stab_mut_close,tot_stab_mut_distal,tot_stab_other_close,tot_stab_other_distal,tot_destab_mut_close,tot_destab_other_close,tot_destab_mut_distal,tot_destab_other_distal,int_destab_mut,int_destab_other,int_stab_mut,int_stab_other
7ND3,1,rpk,cons,-536.1827893183508,-514.7785806897604,21.40420862859048,-55.45186014041572,-46.91298479564908,8.538875344766637,,339;408,403,340;364;366,405;498;501,,371;373;376,372,417;501;505,421;496,493;498,
7ND3,1,rpk,free,-604.0093503252256,-580.8733844748213,23.135965850404318,-63.3149430254183,-59.62884244411256,3.6861005813057446,,339,,,405;417;501,495;496,371;373;375,368,417;505,473;475;496;500,493;501,453;455
7ND3,1,af2,cons,-591.8916215353854,-487.2377495597849,104.65387197560051,-47.04777961832429,-19.360418103405276,27.687361514919015,,339,458;485;502,322;483;490;518,405;417;477;478;493;505,420;446;449;454;456;457;459;473;474;475;476;479;488;494;495;497;504;506,371;373,346;351;365;372;445;451;461;469;480;491;492;520;522,417;477;493;505,455;456;476;489;495;500,498,457;473;486;487;503
7ND3,1,af2,free,11.827759450442501,-604.5005730058949,-616.3283324563374,16.33013370573617,-16.044034949113392,-32.37416865484956,,339;371;373;376;452,403;406;409;418;421;424;449;454;455;456;457;458;473;476;486;487;488;489;494;496;497;500;502;503;504,320;322;324;326;329;330;332;334;336;338;341;342;347;348;350;351;353;355;356;358;361;362;363;365;366;367;368;369;374;377;379;380;382;383;384;385;387;388;389;390;395;396;397;398;399;400;402;404;407;410;411;412;413;414;419;422;423;425;426;427;429;430;431;432;433;434;435;436;437;443;448;463;464;472;482;483;485;490;491;499;508;509;510;511;512;513;515;518;523;524;525;526;527;528;534;538;539;541,405,420;446;495;506,,451;469;471,417;505,420;495;500;502,478;501,406;421;455;456;473;476;486;487
