pdb,antibody,method,constrained,wt_total,om_total,d_total,wt_interface,om_interface,d_interface,tot_stab_mut_close,tot_stab_mut_distal,tot_stab_other_close,tot_stab_other_distal,tot_destab_mut_close,tot_destab_other_close,tot_destab_mut_distal,tot_destab_other_distal,int_destab_mut,int_destab_other,int_stab_mut,int_stab_other
7EAM,1,rpk,cons,-540.2910468034282,-528.3460137189337,11.945033084494526,-44.78255081604772,-44.8988364196424,-0.1162856035946831,,339;446,,,,,371;373;375;493,372;490,,,,
7EAM,1,rpk,free,-557.4663383624492,-561.4341017024933,-3.9677633400441437,-50.53902782346246,-48.3399142635901,2.199113559872359,,339;446,,,,452;462,371;375,369,,462,,471
7EAM,1,af2,cons,-611.8899343822093,-615.2169293693667,-3.326994987157377,-35.787769439705336,-38.63545816205979,-2.847688722354455,,339;371,353;466;518,367;369;372;406;483;485,,,375;496;501,365;368;420;434;435;528,,346,,466;518
7EAM,1,af2,free,-660.4185889888186,-656.7776244683495,3.6409645204690833,-46.98216780580931,-45.32197993714113,1.6601878686681815,,339;371,518,369;372;389;406;450;451;483;527,,353;466;519,446;496;501,374;430;435;448;455;517;528,,466;471,,518
