pdb,antibody,method,constrained,wt_total,om_total,d_total,wt_interface,om_interface,d_interface,tot_stab_mut_close,tot_stab_mut_distal,tot_stab_other_close,tot_stab_other_distal,tot_destab_mut_close,tot_destab_other_close,tot_destab_mut_distal,tot_destab_other_distal,int_destab_mut,int_destab_other,int_stab_mut,int_stab_other
7CWS,4,af2,cons,-815.1076974338837,-785.8680018258352,29.239695608048464,-6.003651589870369,-13.491649874242889,-7.4879982843725195,,,138,18;20;21;22;41;75;76;78;79;97;111;153;228;229;233,,140;141;147;149;151;156;244;245;249;250;253;256;257,19;24;25,160;191;197;254;255;258;259,,146;155;254;255,,145;148;249;250;251
7CWS,4,af2,free,-882.5522726099513,-871.6539643569145,10.898308253036816,-14.910991016333158,-16.283390220661705,-1.3723992043285467,,142,145;153;246;248;251,20;41;65;75;95;108;111;139;154;180;186;201;212;222;227;228;237;252,,143;245;249;250,19;24;25,23;27;29;54;64;98;140;179;221;258;261;262;266,,144;146;148;155,,251;252;254
