pdb,antibody,method,constrained,wt_total,om_total,d_total,wt_interface,om_interface,d_interface,tot_stab_mut_close,tot_stab_mut_distal,tot_stab_other_close,tot_stab_other_distal,tot_destab_mut_close,tot_destab_other_close,tot_destab_mut_distal,tot_destab_other_distal,int_destab_mut,int_destab_other,int_stab_mut,int_stab_other
7OAP,1,rpk,cons,-571.7985770185437,-557.8826597388736,13.915917279670111,-49.66421938586842,-41.17675367348878,8.487465712379638,,339,,,484,447,371;375;446,372,484;493,,,
7OAP,1,rpk,free,-594.1822785266907,-579.6238338926315,14.558444634059128,-49.029322676980385,-41.7977982092671,7.231524467713285,,339,,453,484,447;455,371;373;375;446,372;434,484;493,,,
7OAP,1,af2,cons,-602.891031037886,-604.4940783595189,-1.6030473216328573,-33.77974014222341,-29.459447085364104,4.320293056859306,,339;371,480;483;485,367;369;372;406;518,496,494,375;501,365;368;374;434;435;499;528,493,483,,482
7OAP,1,af2,free,-663.5746199423413,-666.4942203149647,-2.9196003726233357,-46.9855127207898,-40.6700341232893,6.315478597500501,,339;371,481,369;372;406;418;453;518;527,,455;472;494,446,332;342;374;435;444;526;528,493,470;483,,
