pdb,antibody,method,constrained,wt_total,om_total,d_total,wt_interface,om_interface,d_interface,tot_stab_mut_close,tot_stab_mut_distal,tot_stab_other_close,tot_stab_other_distal,tot_destab_mut_close,tot_destab_other_close,tot_destab_mut_distal,tot_destab_other_distal,int_destab_mut,int_destab_other,int_stab_mut,int_stab_other
7N4L,1,rpk,cons,-431.72622619274614,-416.44802405051234,15.278202142233795,-36.131675345887345,-26.921728347506956,9.209946998380389,,339;408,,403,417;477;486,,371;373;375;376;501,372;495,417;486,,,
7N4L,1,rpk,free,-513.4032097110156,-494.4259055868043,18.977304124211344,-42.01742566363721,-32.89067204890527,9.126753614731939,,339;408;498,487,351;370;467,405;417;477;486,,371;373;375;501,349;366;368;372;402;406;410;502,417;486,,,
7N4L,1,af2,cons,-605.2463278023936,-523.6926595793137,81.55366822307985,-25.341204898816297,-14.918725138519909,10.422479760296389,,339,421;483;485;496,481;490;502;508,417;501,449;453;456;474;475;487;489;493;494;495,405,365;389;442;445;446;448;451;454;457;467;469;479;488;491;492;497;506,417;486,489;493,477;478,
7N4L,1,af2,free,-648.6304506666941,-619.3498537009486,29.280596965745417,-42.86120932642523,-35.05688191225393,7.804327414171304,,339,474;485;488;490,320;347;367;369;382;390;422;436;500;502;517;527,405;417,420;456;475;480;487;491;492;495;497,375;501,326;365;368;433;442;445;446;448;451;465;467;503;506;516;518,417;486;505,456;473;483;487;489,477;498,474;475;495
