pdb,antibody,method,constrained,wt_total,om_total,d_total,wt_interface,om_interface,d_interface,tot_stab_mut_close,tot_stab_mut_distal,tot_stab_other_close,tot_stab_other_distal,tot_destab_mut_close,tot_destab_other_close,tot_destab_mut_distal,tot_destab_other_distal,int_destab_mut,int_destab_other,int_stab_mut,int_stab_other
6YZ7,1,rpk,cons,-506.41797631754025,-488.6688576436536,17.74911867388664,-64.40932118731125,-60.68251201507381,3.726809172237438,,339,,,371;373;375;376,372,501,,376;408,,,
6YZ7,1,rpk,free,-551.3611680401834,-544.286232108697,7.07493593148638,-70.16488522385912,-68.2122809658759,1.9526042579832108,,339;505,,,371;373,372,,450,376,,,
6YZ7,1,af2,cons,-596.0438194798444,-502.7774598464367,93.26635963340766,-53.33465473082066,-50.09869254489039,3.235962185930269,,339,321;369;377;518,367;443;483;490;496;502;508,371;373,370;381;385;389;519,405;452;501,346;351;365;446;449;451;453;454;455;456;457;459;461;467;469;471;473;474;475;479;487;491;492;494;495;497;506;520;541,408,370;381;519;540,,369;385;386
6YZ7,1,af2,free,-651.5835202513384,-630.6655918523659,20.91792839897255,-60.37668664168673,-61.203442258055134,-0.826755616368402,,339;478,320;377;381;385;389;407;517;518,354;358;367;436;443;458;483;490;499;500;502;508,,370;374;383;435;519,405;493;501,391;442;445;446;447;448;449;451;453;467;469;480;487;491;492;495;497;506;526,375;408,369;370;378;386;428;519,,380;381;383;385;430;517;518
