pdb,antibody,method,constrained,wt_total,om_total,d_total,wt_interface,om_interface,d_interface,tot_stab_mut_close,tot_stab_mut_distal,tot_stab_other_close,tot_stab_other_distal,tot_destab_mut_close,tot_destab_other_close,tot_destab_mut_distal,tot_destab_other_distal,int_destab_mut,int_destab_other,int_stab_mut,int_stab_other
7B17,2,rpk,cons,-553.4066047838489,-521.3728041363283,32.03380064752059,-57.901399528043555,-54.63378550822311,3.267614019820442,,339,,,446;484,,371;373;375,369;372;420,417;484,,478;493,
7B17,2,rpk,free,-580.3286483526149,-558.0263150832286,22.30233326938628,-62.347536834414505,-63.766744277978184,-1.4192074435636783,,,,,446;484;498;501,472,371;373;375,369;372;377,417;484;498,449;492,478;493,
7B17,2,af2,cons,-622.0978588743529,-615.3630197362324,6.734839138120492,-43.791134659689526,-37.916794135883194,5.874340523806332,,339;371,483;485,367;369;372;406;481;518,496;498;501,449,375,365;368;434;435;528,417;446;498,449,478;493,
7B17,2,af2,free,-664.2411523380456,-668.0581664158392,-3.8170140777936012,-61.772891757532854,-56.25218736944997,5.520704388082883,,339;371,483;485,369;390;393;406;480;481;518;527,417;446,486,,332;365;374;377;391;392;528,417;498,403;483,478,
