pdb,antibody,method,constrained,wt_total,om_total,d_total,wt_interface,om_interface,d_interface,tot_stab_mut_close,tot_stab_mut_distal,tot_stab_other_close,tot_stab_other_distal,tot_destab_mut_close,tot_destab_other_close,tot_destab_mut_distal,tot_destab_other_distal,int_destab_mut,int_destab_other,int_stab_mut,int_stab_other
7BEP,1,rpk,cons,-529.9099282774691,-518.6518503172717,11.258077960197397,-48.65208202501097,-49.00809771286843,-0.3560156878574574,,408,,,,,371;373;375,372;455,,,,
7BEP,1,rpk,free,-551.9757451068806,-539.7924327818794,12.183312325001225,-54.0070207378072,-52.59517031821446,1.4118504195927457,,505,,,373,,371;375;405;498,372;490,440,,,
7BEP,1,af2,cons,-620.5939660222937,-545.4494879686321,75.1444780536616,-49.40557347674411,-45.88127972865621,3.5242937480878993,,,346;347;443,481;483;485;490;500;502,,442;446,405;477;501,365;389;420;448;449;451;453;454;456;457;461;467;469;474;475;479;480;487;488;491;492;493;494;495;497;506,,343;345,,446
7BEP,1,af2,free,-670.583620850678,-627.3733635334793,43.21025731719874,-55.63992669863903,-55.29576219959208,0.344164499046947,,,340;358;499,367;369;372;390;399;483;490;500;502,,335;442;446;447,375;405;501,326;353;365;381;389;391;433;451;453;454;468;471;479;487;488;491;492;495;497;503;506;526,440,345,,446
