pdb,antibody,method,constrained,wt_total,om_total,d_total,wt_interface,om_interface,d_interface,tot_stab_mut_close,tot_stab_mut_distal,tot_stab_other_close,tot_stab_other_distal,tot_destab_mut_close,tot_destab_other_close,tot_destab_mut_distal,tot_destab_other_distal,int_destab_mut,int_destab_other,int_stab_mut,int_stab_other
7P78,2,rpk,cons,-381.6149771474767,-378.4573995047057,3.1575776427710025,-28.438655474577452,-35.74122177144532,-7.302566296867866,,339,,,498;501;505,449,371;373;375,372,493;505,403,405;417;501,455
7P78,2,rpk,free,-471.0319276890499,-472.2749667749704,-1.2430390859204863,-43.635063409172794,-47.67044372573588,-4.035380316563085,,339,495;504,377;407;433;434;514;516;518,498;501,449;492;494;499,371;373,365;366;374;378;384;430,493;505,403;500,405;417;501,
7P78,2,af2,cons,-597.182508303119,-494.39234009252164,102.79016821059736,-20.780930315083765,-33.9313157643504,-13.150385449266636,,339,483;496;500;502,437;443;490;518,405;452;493;501;505,420;446;449;451;453;456;475;494;495;497;503;504;506,371;373;375,346;365;372;391;448;457;459;461;467;469;471;473;474;479;480;487;491;492;520;541,493;505,421;445;446,405;417;501,403;444;500;502;503
7P78,2,af2,free,-657.7461977568023,-616.9445309354124,40.80166682138986,-43.085033523564185,-35.46543745705709,7.619596066507093,,339;478,409;418;483;486;490;502,320;329;338;367;390;407;443;458;518,405;493;501;505,403;420;445;446;447;449;453;455;495;497,371;452,365;391;442;448;451;465;467;480;491;492;506;517;519;520,405;493;505,403;446;449;455;456;500,501,485;486;487;495;503
