pdb,antibody,method,constrained,wt_total,om_total,d_total,wt_interface,om_interface,d_interface,tot_stab_mut_close,tot_stab_mut_distal,tot_stab_other_close,tot_stab_other_distal,tot_destab_mut_close,tot_destab_other_close,tot_destab_mut_distal,tot_destab_other_distal,int_destab_mut,int_destab_other,int_stab_mut,int_stab_other
7D00,1,rpk,cons,-444.9388358254706,-421.1624529719245,23.776382853546124,-37.83978562153631,-29.426668620584394,8.413117000951914,,339,,,417;501,,371;373;375,372,417;505,,,
7D00,1,rpk,free,-510.3968390093396,-498.55508950722384,11.84174950211576,-40.219090716817824,-46.556532072695944,-6.33744135587812,,,487;493;496,336;340;342;361;386;472;508,405;484,490;495,371;375,362;370;480;492;506;541,486;505,,501,415;487;496
7D00,1,af2,cons,-604.7445757433926,-506.9566232326316,97.78795251076099,-31.882120364341894,-14.175765571905881,17.706354792436013,,339,476;481;490;502,347;443;483;485,405;477;478;501;505,453;454;457;473;474;475;479;480;487;488;489;494;495;497;503;504;506,452,365;442;446;448;451;467;469;491;492,478;486;505,474;475;489;503,477,
7D00,1,af2,free,-663.0509553033376,-623.5827301609704,39.468225142367146,-70.87417308335554,-22.256770707114356,48.61740237624119,,339;484,474;475;485;490;500,320;347;367;369;389;390;436;443;472,405;486;501,403;415;446;449;453;456;487;495;503,375,365;368;430;442;445;448;451;465;467;491;492;497;506;518,417;478;486;505,406;409;415;421;449;455;456;460;473;489,405;477,
