pdb,antibody,method,constrained,wt_total,om_total,d_total,wt_interface,om_interface,d_interface,tot_stab_mut_close,tot_stab_mut_distal,tot_stab_other_close,tot_stab_other_distal,tot_destab_mut_close,tot_destab_other_close,tot_destab_mut_distal,tot_destab_other_distal,int_destab_mut,int_destab_other,int_stab_mut,int_stab_other
7KZB,2,rpk,cons,-456.81058415052064,-433.62204368005564,23.188540470465,-42.932182410553125,-37.18611041932287,5.746071991230252,,339,,,371;373;375;376,372,452;501,,376;408,,,
7KZB,2,rpk,free,-497.9903643936658,-482.6164748893196,15.37388950434621,-40.79891991110249,-34.09802973794227,6.700890173160218,,339,,451;515,371;373;375;376,372;377,,492;499,371;376;408,,,
7KZB,2,af2,cons,-611.4693780384347,-538.0302964665306,73.43908157190413,-32.48141643735217,-33.432784359471455,-0.9513679221192817,,339,374,347;367;481;483;485;490;500;502,371;375;376;405,,452;477;501,365;442;446;448;451;453;455;456;457;467;469;474;475;479;480;487;488;491;492;493;494;495;497;506,376,370,,369;374
7KZB,2,af2,free,-658.6460767895967,-623.832799643362,34.81327714623467,-44.05580166666839,-42.82577697586686,1.2300246908015282,,339,370;380,347;367;390;421;434;472;483;490;499;500;502,375;376;405,378;433;503,501,351;391;442;445;446;447;448;451;453;454;465;473;480;491;492;495;497;506,376;408,369;372,,374;377
