pdb,antibody,method,constrained,wt_total,om_total,d_total,wt_interface,om_interface,d_interface,tot_stab_mut_close,tot_stab_mut_distal,tot_stab_other_close,tot_stab_other_distal,tot_destab_mut_close,tot_destab_other_close,tot_destab_mut_distal,tot_destab_other_distal,int_destab_mut,int_destab_other,int_stab_mut,int_stab_other
7BEH,1,rpk,cons,-521.2452206864308,-505.0658337499673,16.179386936463516,-38.68066799214217,-31.083567838777547,7.597100153364622,,339;408;505,,340;374,484;501,,371;373;375;405,372,484;486,,,487
7BEH,1,rpk,free,-546.8906848525799,-530.6819305616323,16.20875429094758,-45.38858793956467,-40.024080909553604,5.364507030011069,,339;408,489,340;434,484;498,,371;373;375;376;405,372;377;499,484;486,,501,489;494
7BEH,1,af2,cons,-601.850076106173,-524.7279189582789,77.12215714789409,-31.802071304382522,-17.28445724236731,14.517614062015213,,339,483;485;502,421;481,,449;453;455;456;475;487;488;492;493;494;495;497,405;477,351;365;434;442;448;451;454;457;467;469;474;479;491;506,486,449;456;483;489;490;493;494,484;501,
7BEH,1,af2,free,-652.1869726876204,-618.9013989292491,33.28557375837124,-36.29967970671313,-37.245503427440944,-0.945823720727816,,339;478,483;485;489;490;499;502,320;347;358;369;372;382;390;407;421;443;517,,445;446;449;456;487;492;493;494;495;497,405,326;365;420;430;442;448;451;457;479;480;491;506;518,484,449;483;492;493,486;498;501,450;495;499
