pdb,antibody,method,constrained,wt_total,om_total,d_total,wt_interface,om_interface,d_interface,tot_stab_mut_close,tot_stab_mut_distal,tot_stab_other_close,tot_stab_other_distal,tot_destab_mut_close,tot_destab_other_close,tot_destab_mut_distal,tot_destab_other_distal,int_destab_mut,int_destab_other,int_stab_mut,int_stab_other
7KXK,1,rpk,cons,-611.7868834877825,-590.6587598169413,21.128123670841205,-43.85697965847483,-39.57841219004818,4.278567468426651,,339,,,405;484;501,492,371;375,,505,492,,489;490
7KXK,1,rpk,free,-630.982450158175,-623.3947409428511,7.587709215323912,-49.97780373538873,-43.18107705966268,6.796726675726056,,339,,,405;477;484;501,,371;375;376,,417;505,421,,403;490
7KXK,1,af2,cons,-603.8030173029532,-508.5784017687504,95.22461553420283,-33.20117369228073,-25.393757229775915,7.807416462504818,,339,483;485;486;490;496;502,434;443;500;518,405;477;484;493;501,420;449;453;456;457;473;474;476;487;492;494;495;497,371;373,346;351;365;372;389;446;451;454;461;467;469;471;479;491;506;520;522;541,417;484;493;505,456;476;483;487,498,486;495;497
7KXK,1,af2,free,-648.2680853116134,-614.3433424988718,33.924742812741556,-42.85914339272127,-57.493243365564176,-14.634099972842904,,339;477;478,485;486;490;500;502,367;369;390;407;436;443;466;518;527,405;452;493,446;447;449;456;473;475;487;492;495;497;506,,374;377;391;420;435;442;445;448;451;467;469;480;519;520,493;505,449;473;475;483;487,498;501,403;453;455;485;486;495;503
