pdb,antibody,method,constrained,wt_total,om_total,d_total,wt_interface,om_interface,d_interface,tot_stab_mut_close,tot_stab_mut_distal,tot_stab_other_close,tot_stab_other_distal,tot_destab_mut_close,tot_destab_other_close,tot_destab_mut_distal,tot_destab_other_distal,int_destab_mut,int_destab_other,int_stab_mut,int_stab_other
7N9B,1,rpk,cons,-870.2127976591299,-835.5501162826481,34.66268137648183,-37.72671780583765,-34.29299617510276,3.433721630734894,,339,,370,375;446;501;484;493,447,371;373,372;442;502,484,,493,
7N9B,1,rpk,free,-1059.5221696072372,-1029.8533616359227,29.668807971314436,-52.8252429875338,-51.47095942471077,1.3542835628230279,,339;417,503;508;480,342;453;511;497,446;375;484;498,349;372;490;447;455;472;475;489,501;371;477,365;366;385;476,484,486;489,375;493,405;408;414;502;503;485
7N9B,1,af2,cons,-1211.7921762249107,-1220.8449949621804,-9.052818737269718,-24.62275565982051,-26.229654147135058,-1.6068984873145489,,339;371,369;372;483;485;472,367;406;518,375;501;493,455;489,,365;368;374;389;420;435;499;528,493,483,484,449;490
7N9B,1,af2,free,-1319.8639734357828,-1315.6884286642558,4.175544771527029,-53.15554369943563,-50.89882388293866,2.2567198164969753,,339,372;483;369;472;485,356;389;393;406;518;527;390;418;480,446;501,374;408;448;455;444;452;489,477,332;366;370;435;528;389;391;392,375,414;449;452;489;490,373,374;377;482;486
