pdb,antibody,method,constrained,wt_total,om_total,d_total,wt_interface,om_interface,d_interface,tot_stab_mut_close,tot_stab_mut_distal,tot_stab_other_close,tot_stab_other_distal,tot_destab_mut_close,tot_destab_other_close,tot_destab_mut_distal,tot_destab_other_distal,int_destab_mut,int_destab_other,int_stab_mut,int_stab_other
7NDB,1,rpk,cons,-551.488439294969,-533.7332150793934,17.755224215575595,-22.37572501258997,-21.639645343701652,0.7360796688883191,,339,,,484,,371;375;446;501,372,,,,
7NDB,1,rpk,free,-615.4977431831452,-595.8305415566554,19.667201626489828,-51.79752442968697,-42.02964696319842,9.767877466488557,,339,,387;392,484,490,371;375;446;501,372;385;386,478;484,473;479,,
7NDB,1,af2,cons,-609.1926250772091,-609.661771188165,-0.4691461109558759,-14.612831306746239,-12.346867491536031,2.265963815210208,,339;371,485,367;369;372;406;483;518,,,375;446;501,365;368;374;434;435;452;499;528,,,,
7NDB,1,af2,free,-661.6609205259206,-661.8439382325132,-0.1830177065926364,-46.11722643190567,-44.09290638832402,2.0243200435816533,,339;371,483;485,369;372;406;425;516;518,477,455,446,374;389;435;448;526,477;478;484,455;485,,489
