pdb,antibody,method,constrained,wt_total,om_total,d_total,wt_interface,om_interface,d_interface,tot_stab_mut_close,tot_stab_mut_distal,tot_stab_other_close,tot_stab_other_distal,tot_destab_mut_close,tot_destab_other_close,tot_destab_mut_distal,tot_destab_other_distal,int_destab_mut,int_destab_other,int_stab_mut,int_stab_other
7E5S,6,af2,cons,-821.0486696533917,-797.3547457542402,23.693923899151514,-10.410462049882177,-12.987839398732717,-2.57737734885054,,67;95,147;148;247,18;19;21;22;29;75;76;77;79;97;111;124;138;213;nan;215;216;260,142;143;144,140;149;151;152;153;156;246;254;256;257,212,20;23;141;179;210;229;245;249;255;258;259,,146;155,,147;257
7E5S,6,af2,free,-899.551922531502,-867.0668383925837,32.485084138918296,-18.72274476841429,-23.689827182422544,-4.967082414008253,,67;95,247;248;251;252,19;68;76;77;78;81;121;124;138;186;201;213;nan;215;216;222;242;260;272,142;143;144,147;151;152;153;245;246;249;253;255;257,70;212,18;20;21;80;98;100;115;140;179;180;183;191;238;258;262;271,144,146;246;248,,150;249;251;252;254;256;257
