pdb,antibody,method,constrained,wt_total,om_total,d_total,wt_interface,om_interface,d_interface,tot_stab_mut_close,tot_stab_mut_distal,tot_stab_other_close,tot_stab_other_distal,tot_destab_mut_close,tot_destab_other_close,tot_destab_mut_distal,tot_destab_other_distal,int_destab_mut,int_destab_other,int_stab_mut,int_stab_other
7JX3,3,rpk,cons,-549.946111638915,-532.994089363652,16.952022275262948,-45.4534226547494,-44.56116819050346,0.8922544642459442,,339,,,371;375,,446;484;501,372;447;455,,,,
7JX3,3,rpk,free,-578.0398770115501,-576.6646676879346,1.3752093236154224,-49.79935670100634,-48.41032385580672,1.3890328451996155,,339;373;496,,436,375,,446;484;501,372,,,,
7JX3,3,af2,cons,-613.2195925268005,-616.779304193163,-3.559711666362432,-35.04765912142368,-37.27783174092602,-2.2301726195023406,,339;371,366;369;518,367;393;406;483;485,375,387;517;528,446;501,420;434;435;455;499,,,,
7JX3,3,af2,free,-662.6713496376753,-665.0839337134744,-2.412584075799032,-52.12036923560559,-47.17810407422847,4.942265161377115,,339,369;372;377;378;516;518;527,406;483;485,,374;391;429;517;528,446,434;435;455,,383;391;428;429;517;518,373,372;378;427
