pdb,antibody,method,constrained,wt_total,om_total,d_total,wt_interface,om_interface,d_interface,tot_stab_mut_close,tot_stab_mut_distal,tot_stab_other_close,tot_stab_other_distal,tot_destab_mut_close,tot_destab_other_close,tot_destab_mut_distal,tot_destab_other_distal,int_destab_mut,int_destab_other,int_stab_mut,int_stab_other
7K8T,3,rpk,cons,-376.3756086575536,-358.1955351428978,18.18007351465576,-54.643846556948475,-44.69153096016259,9.952315596785887,,339;408,492,500,452;484;501,,371;373;375;405;477,372,417;484,,,
7K8T,3,rpk,free,-458.28445301157205,-439.4818549185003,18.802598093071765,-63.04350160883345,-59.28800316284047,3.755498445992984,,339;408,455,367;387;497,452;484,403;473;475;482,371;373;375,372;435,417;484,403,501,
7K8T,3,af2,cons,-615.0362030805854,-531.0178644617354,84.01833861885007,-30.02561190404186,-23.682030611327885,6.343581292713974,,339,483;485;502,500,417;452;484;501,445;446;448;449;451;453;456;475;487;490;491;492;494;495;497,405;477,365;420;442;454;457;467;469;474;479;480;506,417;484,449;470;490,498,493;495
7K8T,3,af2,free,-659.08864611035,-625.6047338929839,33.483912217366196,-48.03200231808226,-40.38171152189499,7.650290796187271,,339,472;483;499,320;338;346;347;358;367;369;372;374;389;390;436;500;502,417;452;486;501,445;446;447;448;449;451;453;487;488;489;491;492;493;495;496;497,375;405,326;368;386;391;442;454;480;503;506;526,417;486,449;470;481;487,498,494;495
