pdb,antibody,method,constrained,wt_total,om_total,d_total,wt_interface,om_interface,d_interface,tot_stab_mut_close,tot_stab_mut_distal,tot_stab_other_close,tot_stab_other_distal,tot_destab_mut_close,tot_destab_other_close,tot_destab_mut_distal,tot_destab_other_distal,int_destab_mut,int_destab_other,int_stab_mut,int_stab_other
7LXZ,2,rpk,cons,-634.5549585035374,-611.926039137401,22.628919366136415,-47.09960495542283,-37.85115187692324,9.248453078499594,,339,,,501,446,371;373;375;405,372,484;493,,,
7LXZ,2,rpk,free,-651.0552210123681,-640.0814803132855,10.973740699082555,-50.43908744864418,-46.0438087553226,4.395278693321579,,339,,406;502;508;541,501,446,371;373;405,342;372;374;434;506,484;493,,,494
7LXZ,2,af2,cons,-613.6669581496767,-499.60077115079287,114.06618699888384,-35.91590315515098,-23.479320704184307,12.436582450966672,,339,490;500;502,481;508;518,452;493;498;501,446;448;449;453;456;473;475;487;491;492;494;495;497,371;373;405,346;365;372;451;454;457;459;461;465;479;506;520;522;541,493,449;483;489;490;494,498;501,486
7LXZ,2,af2,free,-658.7978805815397,-613.2749706725474,45.52290990899235,-40.114847724331426,-43.48682555941808,-3.3719778350866534,,339,486;490;499;500;502,320;356;367;368;389;390;407;474;518;527,493;501,403;446;448;449;456;472;492;495;497,371;405,365;374;381;391;442;451;457;465;479;491;506;517;519;520;528,493,449;456;483;490,498;501,485;486;487;488;495;499
