pdb,antibody,method,constrained,wt_total,om_total,d_total,wt_interface,om_interface,d_interface,tot_stab_mut_close,tot_stab_mut_distal,tot_stab_other_close,tot_stab_other_distal,tot_destab_mut_close,tot_destab_other_close,tot_destab_mut_distal,tot_destab_other_distal,int_destab_mut,int_destab_other,int_stab_mut,int_stab_other
7KGK,1,rpk,cons,-536.4685933249439,-505.67463492509285,30.79395839985102,-48.50163625421533,-39.9297052600165,8.57193099419883,,339,,,452;484;498,500,371;373;375,372,452;484;493;498;505,,501,449
7KGK,1,rpk,free,-574.0216082182876,-558.628851898336,15.392756319951559,-53.89736748806883,-39.855687736756735,14.041679751312095,,339,,367;506,405;452;484,455;500;502,371;375,451;457;467,417;484;493;505,,501,
7KGK,1,af2,cons,-612.969239717715,-517.903289194021,95.06595052369403,-41.49074516168594,-36.91268873954415,4.578056422141792,,339,443;483;490;496;502;503,383;518,405;452;501;505,403;446;448;449;453;455;456;475;487;492;494;495;497;499,371;373,351;365;372;387;391;451;454;457;459;461;467;469;471;473;474;479;491;506;520;538;541,505,403;446;449;456;483;489;494,498;501,453;486;487;497;502;503
7KGK,1,af2,free,-661.5263589206381,-614.9206217168983,46.605737203739864,-60.9601268611675,-52.52959775225561,8.430529108911891,,339;478,418;486;490;500;502;503,320;367;390;407;436;437;466;481;518;527,452;493,403;445;446;449;451;455;456;488;489;492;495;497,405,365;374;377;391;454;457;465;469;479;480;491;506;519;525;528,417;493;498;505,445;446;449;456;483;489,501,450;486;487;494;502;503
