pdb,antibody,method,constrained,wt_total,om_total,d_total,wt_interface,om_interface,d_interface,tot_stab_mut_close,tot_stab_mut_distal,tot_stab_other_close,tot_stab_other_distal,tot_destab_mut_close,tot_destab_other_close,tot_destab_mut_distal,tot_destab_other_distal,int_destab_mut,int_destab_other,int_stab_mut,int_stab_other
7CZS,3,rpk,cons,-435.553929139708,-410.7832196038126,24.770709535895378,-36.664437840475664,-32.632027248746965,4.0324105917286985,,339,,,493;498;501;505,447,371;373;375;446,369;372,505,,493;496,
7CZS,3,rpk,free,-516.0886414941489,-500.7532093677587,15.335432126390174,-60.07026165713068,-48.529680037438176,11.540581619692503,,339,497,451,417;446;484;498,449;495,371;375,370;480,417;505,449;500;503,478;493;498,
7CZS,3,af2,cons,-605.9403851062257,-605.463347390489,0.47703771573662834,-30.72219872056328,-31.85769708518075,-1.1354983646174688,,339;371;484,476,367;369;372;481;483;485;518,498;501,420;494,375,365;368;374;434;435;452;492;528,498;505,,493,
7CZS,3,af2,free,-661.5748288385316,-667.0628654655225,-5.488036626990834,-72.20538713949927,-53.828150647157514,18.37723649234175,,339;371,475;483,369;372;450;451;480;485;518;527,417;477,449;455;486;490,446,374;435;448;452;517;519;526;528,417;477,406;449;455;476;486;489,478;501,405
