pdb,antibody,method,constrained,wt_total,om_total,d_total,wt_interface,om_interface,d_interface,tot_stab_mut_close,tot_stab_mut_distal,tot_stab_other_close,tot_stab_other_distal,tot_destab_mut_close,tot_destab_other_close,tot_destab_mut_distal,tot_destab_other_distal,int_destab_mut,int_destab_other,int_stab_mut,int_stab_other
7D0C,1,rpk,cons,-250.2880750732665,-235.43498580378142,14.853089269485082,-32.6177852169719,-28.335001851750185,4.282783365221718,,339,,406;490,501,,371;373;375,,493;505,,498,
7D0C,1,rpk,free,-401.6257946524504,-410.91816910949285,-9.292374457042456,-45.70844196504969,-57.99747288448316,-12.289030919433472,,,419;453;496,338;344;364;366;367;369;372;374;407;413;492,405,475;504,371,342;350;365;381;382;388;418;430;434,405;493,,478;501;505,416;453;473;496
7D0C,1,af2,cons,-602.7646496048843,-501.6556797193457,101.10896988553861,-20.645147133554303,-14.198393361657786,6.4467537718965175,,339,486;500;502,483;490;518,405;417;477;478;493;501;505,449;453;456;457;473;474;475;476;479;487;488;494;495,371;373,346;351;365;372;446;451;454;469;471;480;491;492;497;506;520;522;538;541,417;493;505,421;475;476;487,498,486;489
7D0C,1,af2,free,-649.0124082009293,-604.2389306048715,44.773477596057774,-45.13896592641105,-23.84111291477565,21.297853011635404,,339,419;458;473;474;476;500;502,320;380;390;443;472;483;490;518,405;493;498;501,420;447;456;457;487;495,371;452,351;365;374;381;386;391;425;445;446;451;491;492;497;506;517;519;520,417;477;493;505,420;421;455;460;489,498,476;503
