pdb,antibody,method,constrained,wt_total,om_total,d_total,wt_interface,om_interface,d_interface,tot_stab_mut_close,tot_stab_mut_distal,tot_stab_other_close,tot_stab_other_distal,tot_destab_mut_close,tot_destab_other_close,tot_destab_mut_distal,tot_destab_other_distal,int_destab_mut,int_destab_other,int_stab_mut,int_stab_other
7OAN,2,rpk,cons,-551.3460277576041,-532.5440079468509,18.802019810753222,-33.66414607052519,-36.273004922073845,-2.6088588515486535,,339,,,446;484;496,449;502,371;373;375;477,372;476,484,449,493;498;501,
7OAN,2,rpk,free,-620.4469154737819,-602.5785908833966,17.868324590385328,-51.745806654714464,-43.13989801204247,8.605908642671992,,339,,366,446;484,447;449,,372;377;434,446;484;498;505,449;486,493;501,489
7OAN,2,af2,cons,-602.8120538464264,-614.6691555967581,-11.857101750331708,-25.37302725761022,-36.72798402962499,-11.35495677201477,,339;371,483;485,367;369;372;481;518,501,452,375,365;368;374;434;435;499,505,452;492,484;493;496,483;486;490;494
7OAN,2,af2,free,-659.14372442234,-664.0459263508226,-4.902201928482555,-42.07275738067249,-39.8061104133297,2.266646967342794,,339;371,483;485;494,369;372;425;480;518;527,446;501,452;489,,374;435;526,446;484;501;505,483,493;496,486;494
