pdb,antibody,method,constrained,wt_total,om_total,d_total,wt_interface,om_interface,d_interface,tot_stab_mut_close,tot_stab_mut_distal,tot_stab_other_close,tot_stab_other_distal,tot_destab_mut_close,tot_destab_other_close,tot_destab_mut_distal,tot_destab_other_distal,int_destab_mut,int_destab_other,int_stab_mut,int_stab_other
6XC4,1,rpk,cons,-548.1036697408884,-539.905726815829,8.197942925059465,-40.72381624748434,-38.54715960583958,2.1766566416447617,,339,,,,,371;373;375,372,,403,,
6XC4,1,rpk,free,-574.9367926690504,-566.7184861840615,8.218306484988943,-45.56999167734879,-43.04067142549276,2.529320251856028,,339,,365;388;406;434;508,477,490,371;375;484,363;382;383;472,,403,505,
6XC4,1,af2,cons,-598.4461526948508,-449.77262303522286,148.6735296596279,-27.39351737324303,57.83874391293726,85.23226128618029,,339,490;500;502,383;483;485,405;477;478,453;454;455;456;473;474;475;476;479;487;488;489;494;495,452,365;387;389;406;442;446;448;451;469;491;492;497;506,477;478;505,455;456;474;475;476;479;489,486;498,473;503
6XC4,1,af2,free,-656.5356480714045,-621.5945596881329,34.94108838327156,-60.739673035734874,-3.6146388720285008,57.125034163706374,,339,458;474;485;490;500;502,320;367;369;372;390;423;436;443;471;472;499;527,405;486;501,420;447;455;456;457;460;475;487;495,452,326;377;391;442;445;446;448;451;468;480;491;492;497;506,417;484;486;505,403;420;421;455;456;457;460;473;475;489;493,478,
