pdb,antibody,method,constrained,wt_total,om_total,d_total,wt_interface,om_interface,d_interface,tot_stab_mut_close,tot_stab_mut_distal,tot_stab_other_close,tot_stab_other_distal,tot_destab_mut_close,tot_destab_other_close,tot_destab_mut_distal,tot_destab_other_distal,int_destab_mut,int_destab_other,int_stab_mut,int_stab_other
7JX3,3,rpk,cons,-548.7305744120831,-538.0428120561266,10.687762355956465,-44.962660934804,-45.47421411812852,-0.5115531833245228,,339,,374,371;375,,405;484;501,372;455,,,,
7JX3,3,rpk,free,-585.8775360631182,-572.5780615921224,13.299474470995847,-50.731134591055834,-54.6140781687915,-3.8829435777356665,,339,374,,371;375,,405;484;501,372;446,,,,428
7JX3,3,af2,cons,-613.2195925268006,-534.1544936395985,79.06509888720211,-35.04765912142368,-36.52237878099238,-1.4747196595687058,,339,366;369;518,483;490;496;500;502,,517,371;373;405;493;501,346;351;372;442;446;449;451;453;454;455;456;457;461;469;473;475;479;487;491;492;494;495;497;506;520;522;538;541,,,,369
7JX3,3,af2,free,-662.6713496376753,-624.5588012914086,38.11254834626675,-52.12036923560558,-47.35364257498398,4.7667266606216,,339;478,518,320;354;367;407;436;437;443;483;490;499;500;502;527,,369;391;517,405;493;501,434;442;445;446;447;448;449;451;453;457;480;487;491;492;495;497;506,,369;370;391;517;518,,374;390
