pdb,antibody,method,constrained,wt_total,om_total,d_total,wt_interface,om_interface,d_interface,tot_stab_mut_close,tot_stab_mut_distal,tot_stab_other_close,tot_stab_other_distal,tot_destab_mut_close,tot_destab_other_close,tot_destab_mut_distal,tot_destab_other_distal,int_destab_mut,int_destab_other,int_stab_mut,int_stab_other
7BNV,1,rpk,cons,-539.4467659162272,-514.8386262626196,24.60813965360751,-47.45418316740561,-47.31938798781059,0.13479517959501663,,339;505,,,,,371;373;375;405;493,372,,,,
7BNV,1,rpk,free,-566.1948912375121,-560.3866496404611,5.808241597051051,-48.138958586173274,-47.8400540832084,0.2989045029648736,,339,,449,,,371;375;405;484,372;490,,,,
7BNV,1,af2,cons,-614.9879924613556,-527.8280219009624,87.15997056039316,-40.00348403810283,-44.07891919676937,-4.0754351586665365,,339,518,383;443;483;490;502,,351;355;398;457;459;465;492;519;520,371;373;405;493;501,346;365;372;446;449;451;453;454;455;456;473;475;479;487;491;494;495;497;506;522;541,,355;458;469;519,,465;468;518
7BNV,1,af2,free,-663.5854553576139,-617.2870898595397,46.29836549807419,-49.8948857521838,-50.16370971832385,-0.26882396614005444,,339;478,466;518,347;367;369;390;423;473;474;483;490;499;500;502;527,,355;398;428;460;469;519;520,371;405;493;501,365;391;406;445;446;447;448;449;451;454;455;479;480;491;492;494;495;497;503;506;528,,428;466,,465;518
