pdb,antibody,method,constrained,wt_total,om_total,d_total,wt_interface,om_interface,d_interface,tot_stab_mut_close,tot_stab_mut_distal,tot_stab_other_close,tot_stab_other_distal,tot_destab_mut_close,tot_destab_other_close,tot_destab_mut_distal,tot_destab_other_distal,int_destab_mut,int_destab_other,int_stab_mut,int_stab_other
7MDW,2,rpk,cons,-390.1966519834323,-381.7228388497458,8.473813133686463,-23.23811440675908,-27.25049614418479,-4.012381737425709,,339,374,,371;373;375,,484,,,,375,
7MDW,2,rpk,free,-495.5312690456026,-482.95539244576855,12.575876599834032,-47.68840920267593,-46.61920612098352,1.0692030816924074,,339;486,403,449;485,371;375;405,377;378,484;501,365;388;457,,508,,386;502;503
7MDW,2,af2,cons,-615.9633628165327,-524.5376966682318,91.42566614830093,-28.767021303324672,-12.389321594707374,16.3776997086173,,339,,347;481;483;485;500;502,375;376;405,369;503;508,477;501,442;448;451;453;454;455;456;457;467;469;474;475;479;480;487;491;492;493;494;495;497;506,375;408,369;508,,
7MDW,2,af2,free,-665.0067026603168,-623.4958475921685,41.51085506814832,-48.400391841914534,-27.15467884868749,21.245712993227045,,339,502,338;340;347;360;483;490;500,501,374;503;506;508,,351;353;356;389;420;425;442;445;446;448;451;453;456;457;460;465;466;471;479;487;491;492;495;497,375;408,369;370;372;407;502;503;508,405,379;386
