pdb,antibody,method,constrained,wt_total,om_total,d_total,wt_interface,om_interface,d_interface,tot_stab_mut_close,tot_stab_mut_distal,tot_stab_other_close,tot_stab_other_distal,tot_destab_mut_close,tot_destab_other_close,tot_destab_mut_distal,tot_destab_other_distal,int_destab_mut,int_destab_other,int_stab_mut,int_stab_other
7CAK,3,rpk,cons,-96.08589722626714,-7.1092331977014,88.97666402856574,-20.204209137831803,-26.8125105694021,-6.608301431570297,,339,,,373;375,372;374,371,,,,373;375,
7CAK,3,rpk,free,-225.59256011248962,-131.903069795984,93.68949031650561,-55.632147108921664,-53.14047895454175,2.4916681543799157,,,368;378;409;436,343;362;424,371;373;375,369;372;374;389,,338;341;400,,377;389,373;375;440,365
7CAK,3,af2,cons,-607.9961336879542,-600.8096755029098,7.18645818504433,-27.984693354474537,-25.457295293445533,2.527398061029004,,339,,367;406;483;485;518,373,368;369;374,496;501,420;434;435;452;528,,370;372,,374
7CAK,3,af2,free,-662.2223361196043,-662.5065416114676,-0.2842054918633039,-63.239688841319435,-45.54169155992021,17.697997281399225,,339;505,372;376;383,338;360;390;483;518;527,,368;374;389;435;528,446,332;356;365;387;391;448;494;525,375,370;372;374;378;385;389;503,373,376;414
