pdb,antibody,method,constrained,wt_total,om_total,d_total,wt_interface,om_interface,d_interface,tot_stab_mut_close,tot_stab_mut_distal,tot_stab_other_close,tot_stab_other_distal,tot_destab_mut_close,tot_destab_other_close,tot_destab_mut_distal,tot_destab_other_distal,int_destab_mut,int_destab_other,int_stab_mut,int_stab_other
7RR0,1,rpk,cons,-518.5528441371257,-492.8709907146279,25.681853422497795,-39.480001961754965,-35.061234080898586,4.418767880856379,,339;408,,406;449,,,371;373;375;405;452;501,372,486,,,
7RR0,1,rpk,free,-562.5244447710909,-545.5092426011373,17.015202169953568,-47.15293226473536,-39.51014311218866,7.642789152546705,,339;408,,406,,479,371;373;375;452,372,486,479,,
7RR0,1,af2,cons,-615.7068398647193,-528.626938950258,87.07990091446129,-38.201690898523196,-15.724606525804099,22.477084372719098,,339,421;483;485,443;496;502,477;478;501,453;455;456;457;475;476;479;480;487;489;492;493;494;495;497,405,365;442;445;446;448;451;467;469;491;506,477;478;486,475;476;485,484,474;495
7RR0,1,af2,free,-663.1133181673258,-611.7248142224996,51.3885039448262,-58.60072236279248,-44.4285820325524,14.172140330240083,,339;505,483;485;490;502,358;367;369;390;436;500;508;527,478;486;501,455;456;475;479;480;492;495;497,375;405,326;346;368;424;430;445;446;451;454;465;491;506;528,477;478;484;486,420;473;476;479;485;489,452;498,487;494;495
