pdb,antibody,method,constrained,wt_total,om_total,d_total,wt_interface,om_interface,d_interface,tot_stab_mut_close,tot_stab_mut_distal,tot_stab_other_close,tot_stab_other_distal,tot_destab_mut_close,tot_destab_other_close,tot_destab_mut_distal,tot_destab_other_distal,int_destab_mut,int_destab_other,int_stab_mut,int_stab_other
7E88,2,rpk,cons,-469.9178011960504,-444.02232837883173,25.89547281721866,-51.626771945576294,-44.710925982874116,6.915845962702178,,339,,,501;505,,371;373;375;446;484,372;447,478;505,,,403
7E88,2,rpk,free,-494.8696266323315,-486.03769678518296,8.831929847148558,-65.87279676306652,-48.180992715509376,17.69180404755714,,339,,451;508,417,454,371;375;446,368,417;478;496;505,420;421,501,
7E88,2,af2,cons,-609.3023223457415,-616.7602306728388,-7.457908327097357,-38.06194795528589,-44.4906006922847,-6.428652736998814,,339;371,403;473;485;488,367;369;372;483;518,501,,375;446,365;368;374;434;435;494,478,,501,403;473;474
7E88,2,af2,free,-656.5199487787735,-656.951667479437,-0.4317187006635095,-72.03956381887,-60.674505673006365,11.365058145863628,,339;371,483;485,369;372;406;472;518;527,417;446;496;498,,,332;342;374;430;434;435;448;519;528,417;478;484;505,403;456;486;487;488,496;501,474;489
