pdb,antibody,method,constrained,wt_total,om_total,d_total,wt_interface,om_interface,d_interface,tot_stab_mut_close,tot_stab_mut_distal,tot_stab_other_close,tot_stab_other_distal,tot_destab_mut_close,tot_destab_other_close,tot_destab_mut_distal,tot_destab_other_distal,int_destab_mut,int_destab_other,int_stab_mut,int_stab_other
7A5R,1,rpk,cons,-347.839334146125,-349.04543981677926,-1.2061056706542672,-36.80804395122432,-36.68778355227273,0.12026039895159357,,339;373;446;496,,497;500,,,371;498;501,,,,,
7A5R,1,rpk,free,-469.7057689150954,-483.5623053047986,-13.856536389703194,-47.923777221506015,-56.89640783074806,-8.972630609242046,,339;373;446;496;505,381;393,340;347;438;467;508,,382;515,371;484;498;501,487,,428,,378;381;390
7A5R,1,af2,cons,-602.8811445198354,-603.3613992142091,-0.4802546943736843,-24.68100132681478,-26.09846416429459,-1.4174628374798104,,339;484,372;518,367;406;451;483;485,375,369;374,496;501,365;420;434;435;455;499,,370,,321
7A5R,1,af2,free,-660.2918703087196,-661.1013108073003,-0.8094404985806705,-59.07591581851747,-64.14750217607909,-5.071586357561614,,339,369;372;378;383;389;518,393;406;425;483,375,374;381;387;517;519,446,365;434;528,,386;408;517;519,373,372;377;378;382;392;430
