pdb,antibody,method,constrained,wt_total,om_total,d_total,wt_interface,om_interface,d_interface,tot_stab_mut_close,tot_stab_mut_distal,tot_stab_other_close,tot_stab_other_distal,tot_destab_mut_close,tot_destab_other_close,tot_destab_mut_distal,tot_destab_other_distal,int_destab_mut,int_destab_other,int_stab_mut,int_stab_other
7LY2,6,rpk,cons,-605.6945514118097,-585.4506209538627,20.243930457947044,-46.89392504240321,-40.406439084018025,6.487485958385186,,339;408,,,498;501,446;455,371;373;375;405,372,484;486,,452,
7LY2,6,rpk,free,-623.9178824626804,-610.3314957954401,13.586386667240276,-49.80078281736943,-43.92269813085261,5.8780846865168215,,339;408,,502;508,501,446;455,371;373;405,372;434;506,484;486,,452,
7LY2,6,af2,cons,-613.4146516770176,-526.7096053260334,86.70504635098416,-34.576682168380174,-19.84044949241943,14.736232675960743,,339,483;485;500;502,421;481,501,446;448;449;455;456;475;487;488;491;492;493;494;495;497,405;477,351;365;442;451;457;467;469;474;479;480;506;538,,449;456;483;489;490;493,501,495;499
7LY2,6,af2,free,-656.1789104015177,-616.7690656728709,39.40984472864682,-45.09091973830056,-43.61669602044984,1.4742237178507267,,373,450;485;490;499;500;502,320;347;367;369;372;390;423;508,,446;448;449;474;487;492;493;495;497,405,353;377;386;391;438;442;451;466;471;479;480;491;506;507,484,449;483;489;490;493,478;498;501,475;494;495;499
