pdb,antibody,method,constrained,wt_total,om_total,d_total,wt_interface,om_interface,d_interface,tot_stab_mut_close,tot_stab_mut_distal,tot_stab_other_close,tot_stab_other_distal,tot_destab_mut_close,tot_destab_other_close,tot_destab_mut_distal,tot_destab_other_distal,int_destab_mut,int_destab_other,int_stab_mut,int_stab_other
7MZJ,2,rpk,cons,-541.5752151578376,-513.5907622712007,27.984452886636973,-55.636153634335386,-54.08875273142196,1.5474009029134237,,339;408,,,484;493,,371;373;375,372,,,,
7MZJ,2,rpk,free,-564.8472586751972,-560.7255949781304,4.121663697066765,-63.26787854987285,-57.42660925098596,5.8412692988868855,,339;408,,367,484,490,371;375;501,,493,494,,
7MZJ,2,af2,cons,-619.1555625528963,-519.2377922695022,99.91777028339413,-47.14453534142231,-16.798188268773572,30.34634707264874,,339,443;483;490;496;499,502;508;518,484;493;501,346;351;444;445;446;447;450;451;468;471;491;492;494;495;497,371;373;405,365;372;389;453;454;455;456;457;461;473;475;479;487;506;520;522;541,484,346;441;444;446;447;450;468;490;494,452,
7MZJ,2,af2,free,-674.0154147785904,-613.9408227742721,60.07459200431833,-69.10821035887349,-39.405727272134634,29.70248308673886,,339;478,443;490;496,367;389;390;407;418;436;500;502;518,452;493,346;348;444;445;446;447;450;451;454;467;469;491;492;494;495;497,405;501,365;374;377;391;403;434;479;480;503;506;517;519;520,484,346;348;441;444;445;449;450;483;490;494,,345;351;446;492
