pdb,antibody,method,constrained,wt_total,om_total,d_total,wt_interface,om_interface,d_interface,tot_stab_mut_close,tot_stab_mut_distal,tot_stab_other_close,tot_stab_other_distal,tot_destab_mut_close,tot_destab_other_close,tot_destab_mut_distal,tot_destab_other_distal,int_destab_mut,int_destab_other,int_stab_mut,int_stab_other
7N9T,3,rpk,cons,-262.92772593487206,-257.41940210746316,5.508323827408901,-23.679559190109202,-26.50374611205377,-2.824186921944566,,339;373,,,452,,371;501,,,,452,
7N9T,3,rpk,free,-465.35509005060237,-461.9713289220065,3.383761128595893,-51.63928002520315,-35.595834976280194,16.043445048922955,,373;408;505,348;451,324;330;340;363;365;442;453;456;460;508;540,452,470;490;492,501,329;335;347;368;386;394;399;514;524;533,,468;470;472;490;491;492;494,484,348;450
7N9T,3,af2,cons,-607.3315746595244,-534.3730559865999,72.95851867292458,0.0,-9.470500357267568,-9.470500357267568,,339,490,383;481;483;485;500;502,,351;492;493;494;495;497,405;477;501,365;403;442;446;448;451;453;454;455;456;457;467;469;474;475;479;487;489;491;506,,,452,492
7N9T,3,af2,free,-653.4041068615873,-619.6981288738759,33.70597798771132,0.0,-23.711452867416778,-23.711452867416778,,339,450;499,338;347;358;367;369;372;374;390;427;436;481;483;485;490;500;502;527,,491;492;494;495;497,375;405;501,357;368;394;395;420;430;442;445;446;447;448;451;453;454;471;487;503;506,,,452,351;352;466;468;492;497
