pdb,antibody,method,constrained,wt_total,om_total,d_total,wt_interface,om_interface,d_interface,tot_stab_mut_close,tot_stab_mut_distal,tot_stab_other_close,tot_stab_other_distal,tot_destab_mut_close,tot_destab_other_close,tot_destab_mut_distal,tot_destab_other_distal,int_destab_mut,int_destab_other,int_stab_mut,int_stab_other
7OAU,2,rpk,cons,-561.0820739897722,-538.0382925366008,23.04378145317139,-42.66433583278454,-36.18329932292789,6.481036509856651,,339,,,452;484;498,,371;373;375;405,372,484,,501,
7OAU,2,rpk,free,-587.920806518985,-576.3092493357158,11.61155718326927,-48.22788954375919,-41.64135672944376,6.586532814315433,,339;408,,368;434,452;484,,371;373;375,372,484;505,,501,494
7OAU,2,af2,cons,-610.2968541868804,-513.9478032566906,96.34905093018983,-27.100289899473132,-27.301241474170602,-0.20095157469746994,,339,483;486;490;502,481;518,452;484;493;498;505,403;446;449;456;488;492;494;495;497;499,371;373;405,346;351;365;372;391;420;451;454;457;461;471;473;479;487;491;506;520;538;541,493;505,449;490,498;501,486;503
7OAU,2,af2,free,-655.3352036673848,-621.4570229081805,33.87818075920427,-35.7604783046397,-40.526324398187036,-4.765846093547339,,339;478,486;490;499;500;502,354;367;369;390;407;421;423;436;437;518;527,452;493,403;446;449;487;489;492;494;495;497,405,374;391;420;430;442;445;451;469;479;491;506;519;520;525;528,452;493;505,449;483;489;490;494,498;501,455;486;495;499;502;503
