pdb,antibody,method,constrained,wt_total,om_total,d_total,wt_interface,om_interface,d_interface,tot_stab_mut_close,tot_stab_mut_distal,tot_stab_other_close,tot_stab_other_distal,tot_destab_mut_close,tot_destab_other_close,tot_destab_mut_distal,tot_destab_other_distal,int_destab_mut,int_destab_other,int_stab_mut,int_stab_other
7C2L,3,af2,cons,-755.4379003199699,-782.204283700229,-26.76638338025907,-4.773108483455499,-13.477229774757035,-8.704121291301536,,67;95,146;147;149;152;155;242;248,18;19;21;22;75;76;77;97;111;124;213;nan;215;216;260,142;143,153;179;245;247;249;254;256;257,212,20;23;102;140;177;187;210;255,144;145,,,147;149;150;151;154
7C2L,3,af2,free,-880.0110891080487,-889.280244362521,-9.269155254472253,-34.93220383248793,-20.809637775639203,14.122566056848726,,67;95,147;155;156;242;248,19;32;36;55;56;77;111;114;121;122;134;139;154;157;184;186;213;nan;215;216;222;229;230;271;290,142;143;144;145,151;152;153;245;253;255;257;258,69;70;212,20;21;44;59;80;98;101;115;120;183;203;214;262;270,144;145,147;148;246;248;251,,154;249;257
