pdb,antibody,method,constrained,wt_total,om_total,d_total,wt_interface,om_interface,d_interface,tot_stab_mut_close,tot_stab_mut_distal,tot_stab_other_close,tot_stab_other_distal,tot_destab_mut_close,tot_destab_other_close,tot_destab_mut_distal,tot_destab_other_distal,int_destab_mut,int_destab_other,int_stab_mut,int_stab_other
7L0N,4,rpk,cons,-514.7731437265463,-496.853901601486,17.91924212506035,-61.80577301308266,-60.103475202654934,1.7022978104277229,,,,,,,371;484;501,372;490,,343,,
7L0N,4,rpk,free,-541.2969043524339,-526.2392867386915,15.057617613742423,-65.04629634865594,-68.19101241806877,-3.144716069412823,,452,,491,,,371;373;375;405;484;501,372;490;496,,,440,
7L0N,4,af2,cons,-618.3686713250358,-537.0962600754269,81.27241124960892,-51.59555547406098,-44.64390220622773,6.951653267833251,,,,443;483;490;496;502;518,371,446;448;451,373;405;493;501,351;365;372;453;454;455;456;457;461;469;471;473;474;475;479;487;491;492;494;495;497;506;520;522;538;541,,343;345,,
7L0N,4,af2,free,-668.7229583903777,-622.8521829326157,45.870775457761965,-54.38271207044922,-55.191952830883224,-0.8092407604340011,,478,338;347;443;499,320;366;367;390;458;474;483;490;500;502;518;527,,345;442;445;446;451,371;405;493;501,365;374;391;433;449;453;467;480;491;492;495;497;506;517;519;520;528;533,,345;346,,356;444;446
