pdb,antibody,method,constrained,wt_total,om_total,d_total,wt_interface,om_interface,d_interface,tot_stab_mut_close,tot_stab_mut_distal,tot_stab_other_close,tot_stab_other_distal,tot_destab_mut_close,tot_destab_other_close,tot_destab_mut_distal,tot_destab_other_distal,int_destab_mut,int_destab_other,int_stab_mut,int_stab_other
7E23,1,rpk,cons,-496.32940903462156,-463.77862672777394,32.55078230684762,-42.68693278194448,-36.892577546243196,5.794355235701282,,339,,,452;484;501,455,371;373;375;405,372,493,,,
7E23,1,rpk,free,-528.791567371072,-526.8592046168253,1.9323627542466966,-50.34252684607044,-48.366362155241895,1.976164690828547,,339,,367,452;484,494,371;375;405;501,479,,449,,
7E23,1,af2,cons,-617.6292918119971,-517.743807536927,99.8854842750701,-37.40593183132399,-26.56830082842359,10.837631002900398,,339,450;483;485;490;496;500;502,508;518,493;501,351;446;449;455;456;473;474;475;486;487;489;492;494;495;497;499,371;373;405,346;365;372;448;451;454;457;461;467;479;491;506;520;522;541,493,449;489;499,498;501,486;495
7E23,1,af2,free,-660.0764985350128,-620.3486403632553,39.727858171757475,-49.76299464345636,-53.7330971367944,-3.9701024933380396,,339;478,450;481;485;490;499;500;502,320;338;358;367;369;390;407;418;436;443;466;518;527,452;493;501,403;445;447;449;451;453;455;456;489;491;492;495,405,365;374;391;442;446;448;454;457;461;469;480;506;519;520;525;528,484;493,449;475;483;490;492,498;501,450;486;494;495;497;499
