pdb,antibody,method,constrained,wt_total,om_total,d_total,wt_interface,om_interface,d_interface,tot_stab_mut_close,tot_stab_mut_distal,tot_stab_other_close,tot_stab_other_distal,tot_destab_mut_close,tot_destab_other_close,tot_destab_mut_distal,tot_destab_other_distal,int_destab_mut,int_destab_other,int_stab_mut,int_stab_other
7EY4,1,rpk,cons,-375.09264167769084,-365.64138698693773,9.451254690753103,-35.58377032369299,-36.74749954919962,-1.1637292255066285,,339;408,,374,452;484,,371;375,372,,,,
7EY4,1,rpk,free,-455.72118407816134,-434.590308464774,21.13087561338733,-44.22126445713626,-34.48537196320857,9.735892493927686,,405;408,337,369;374;403,452,347;450;451;490;493,371;375;417,368;372;402;409;418;446;495,,346;450;483;490,,340
7EY4,1,af2,cons,-612.8180260615532,-537.5908207451703,75.22720531638288,-29.14768577521582,-33.27184982483851,-4.124164049622692,,339,347;450;481;483;499,383;485;502,452,351;446;448;451;467;469;470;492;494;497,405;477,365;387;389;442;453;456;457;474;475;479;487;488;491;495;506,,470,452;501,445;492
7EY4,1,af2,free,-661.8354345835595,-611.7336325171725,50.101802066386995,-46.528448340268014,-58.17603765453657,-11.647589314268558,,339;478,347;354;483;485;490;493;499,360;369;372;390;419;443;500;502,452;501,446;448;450;451;469;470;471;492;495;497,375;405,326;392;420;442;455;456;467;473;480;487;491;506;516;518;526,,346;450;470;490,,354;396;445;446;492;493;494;499
