pdb,antibody,method,constrained,wt_total,om_total,d_total,wt_interface,om_interface,d_interface,tot_stab_mut_close,tot_stab_mut_distal,tot_stab_other_close,tot_stab_other_distal,tot_destab_mut_close,tot_destab_other_close,tot_destab_mut_distal,tot_destab_other_distal,int_destab_mut,int_destab_other,int_stab_mut,int_stab_other
7CZW,2,rpk,cons,-456.38417755124794,-437.7384512179327,18.645726333315224,-29.341097045746732,-22.925905235785205,6.415191809961527,,339,,,484,,371;373;375;405,372,486,,,
7CZW,2,rpk,free,-533.4792052329365,-526.3321879023329,7.147017330603603,-32.1316536074805,-36.32660910767857,-4.19495550019807,,339,,356;361,405;452;484,490,371;375,370;390,484;505,490,452;486;501,489;493
7CZW,2,af2,cons,-612.0743650649217,-536.0753246889003,75.99904037602141,-34.750003502277266,-21.609147274818714,13.140856227458553,,339,483;485;500;502,383;421;443;481,501,446;449;453;455;456;475;489;492;493;494;495;497,405;477,365;442;448;451;454;457;465;467;469;474;479;480;491;506,484;486;505,449;453;483;489;490;493,501,487;495
7CZW,2,af2,free,-656.9088040376188,-611.604803001876,45.30400103574277,-40.84555059235899,-43.93305375775463,-3.0875031653956384,,339,476;485;490;499;500;502,320;369;390;421;427;508,405;452;498;505,447;448;449;451;455;492;495;497,376,326;391;392;424;435;442;446;454;465;469;471;479;480;491;506;507,484;505,449;483;490;492;493,478;501,475;487;495;499;503
