pdb,antibody,method,constrained,wt_total,om_total,d_total,wt_interface,om_interface,d_interface,tot_stab_mut_close,tot_stab_mut_distal,tot_stab_other_close,tot_stab_other_distal,tot_destab_mut_close,tot_destab_other_close,tot_destab_mut_distal,tot_destab_other_distal,int_destab_mut,int_destab_other,int_stab_mut,int_stab_other
7CWS,1,af2,cons,-812.0547133456978,-773.5905341302076,38.46417921549016,-4.4076993028763845,-7.5166614681983255,-3.108962165321941,,,144;246;248,97;111;181;228;229;237;272,,146;147;155;156;249;254;256;257,19;24;25;26,18;23;29;80;140;193;233;244;258;259;270,,153;155;253,,148;248;250;251;252
7CWS,1,af2,free,-898.9897183256578,-876.7497531516767,22.23996517398109,-12.619592774828819,-30.611536209818304,-17.991943434989487,,,145;248;251;252,84;111;157;180;222;226;228,,144;156;245;249;258,19;25;26,23;29;70;71;78;80;140;181;183;221;244;259;262,,144,,246;248;251;252;254
