pdb,antibody,method,constrained,wt_total,om_total,d_total,wt_interface,om_interface,d_interface,tot_stab_mut_close,tot_stab_mut_distal,tot_stab_other_close,tot_stab_other_distal,tot_destab_mut_close,tot_destab_other_close,tot_destab_mut_distal,tot_destab_other_distal,int_destab_mut,int_destab_other,int_stab_mut,int_stab_other
7C2L,1,af2,cons,-760.4212749398696,-781.025180502997,-20.603905563127455,-8.139118489098589,-15.618938032024182,-7.479819542925593,,67;95,146;147;149;151;152;156,19;21;22;29;32;75;76;77;97;111;124;138;213;nan;215;216;260;272,142;143,153;179;245;246;249;250;254;256;257,212,17;20;23;102;177;187;210;255,145,150;251,,147;149;151;154;181
7C2L,1,af2,free,-886.7877837351355,-881.5103055103116,5.277478224823881,-13.888271060261097,-20.20891162520151,-6.320640564940412,,67;95,149;158;248,26;30;36;55;56;76;77;94;119;121;128;141;157;186;213;nan;215;216;220;222;229;230,142;143;144,151;152;153;245;246;253,69;70;212,20;23;29;71;98;100;101;134;135;183;187;214;221;227;249;255;262;266,145,150;248;251,,148;149;154;183;249
