pdb,antibody,method,constrained,wt_total,om_total,d_total,wt_interface,om_interface,d_interface,tot_stab_mut_close,tot_stab_mut_distal,tot_stab_other_close,tot_stab_other_distal,tot_destab_mut_close,tot_destab_other_close,tot_destab_mut_distal,tot_destab_other_distal,int_destab_mut,int_destab_other,int_stab_mut,int_stab_other
7KML,1,rpk,cons,-586.7929148754695,-564.7015099526463,22.09140492282313,-45.110330680015046,-42.98355369209802,2.126776987917026,,,403,,405;484;493;501,490,371;373;375;452,372;496,417,,493,
7KML,1,rpk,free,-602.1649824519,-589.5104395027215,12.654542949178449,-45.63625684632461,-50.176329400838235,-4.540072554513621,,,,,405;493;501,,371;375;452,446;496,417,,493;505,421;490
7KML,1,af2,cons,-609.3386299101255,-518.5923078883766,90.74632202174894,-29.17376366170766,-33.412602138272995,-4.238838476565334,,339,483;486;490;502,383;496;518,405;484;493;501,449;453;455;456;457;473;474;487;489;494;495;497,371;373;375,346;351;365;372;387;446;451;454;459;461;469;471;479;491;492;506;520;522;538;541,417;493;505,473;487,,403;475;486;495
7KML,1,af2,free,-658.6438992659914,-610.7838960489883,47.86000321700317,-46.22354596373688,-60.1127389846207,-13.889193020883816,,339,486;490;502,338;367;380;390;418;422;443;466;481;500;508;518,405;417;452;493;501,453;456;473;474;475;487;492;495;497,371,365;374;377;381;391;442;445;446;447;448;451;467;479;491;506;517;519;520,417;493;505,415;473;483,498,453;456;457;475;485;486;495
