pdb,antibody,method,constrained,wt_total,om_total,d_total,wt_interface,om_interface,d_interface,tot_stab_mut_close,tot_stab_mut_distal,tot_stab_other_close,tot_stab_other_distal,tot_destab_mut_close,tot_destab_other_close,tot_destab_mut_distal,tot_destab_other_distal,int_destab_mut,int_destab_other,int_stab_mut,int_stab_other
7JVB,1,rpk,cons,-436.31250152573057,-412.92097177141784,23.391529754312728,-42.168525877235304,-34.74325872407807,7.425267153157236,,339,,,417;484,,371;373;405,372;374;502,417;452;484,,,
7JVB,1,rpk,free,-508.440756461757,-489.3554393751375,19.08531708661951,-56.33886462574243,-48.294678575277416,8.044186050465015,,339;408,488,337;500,417;452;484,403,371;373,372;374;427;499,417;452;484,403;455,493,485;486;489
7JVB,1,af2,cons,-597.7072150855303,-519.7818378515881,77.92537723394219,-38.59512614708487,-36.986761503545175,1.6083646435396943,,339,485;490;502,443;508;518,501,351;403;446;449;451;453;455;456;473;475;487;492;494;495;497,371;373;405,346;365;372;448;454;457;467;469;479;491;506;520;522;541,417,449;482;483;489;490;492,484;498;501,486;494;495;497;499
7JVB,1,af2,free,-660.9569580280382,-617.7702641195425,43.18669390849573,-49.42747009468853,-48.68424789377794,0.7432222009105871,,339;478,450;486;490;499;500;502,320;367;369;390;407;421;436;466;518,417;493;501,446;449;451;453;455;456;487;488;491;492;495;497,405,357;368;374;377;391;435;448;457;469;506;519;526,417,449;483;489;490,498;501,450;486;487;494;495;499
