pdb,antibody,method,constrained,wt_total,om_total,d_total,wt_interface,om_interface,d_interface,tot_stab_mut_close,tot_stab_mut_distal,tot_stab_other_close,tot_stab_other_distal,tot_destab_mut_close,tot_destab_other_close,tot_destab_mut_distal,tot_destab_other_distal,int_destab_mut,int_destab_other,int_stab_mut,int_stab_other
7E7X,2,af2,cons,-811.6549859536133,-792.8727948125736,18.782191141039675,-5.164521730266401,-15.19655829151683,-10.032036561250429,,,138;147,20;21;22;41;75;76;78;79;111;186;228;229;272,,140;141;145;150;156;244;245;246;248;249;257,19;24;25,160;258;259;270,,146;150;155,,147;148;248;249;250;251
7E7X,2,af2,free,-894.6928381907796,-890.5051747941384,4.1876633966412555,-12.36701821042456,-28.317267597137104,-15.950249386712544,,,145;147;148;153;154;251,18;20;41;75;81;97;98;119;180;212;222;228;243;256;257;262,,140;144;149;245;249,19;25;69;70,77;94;135;181;244;253;258;259;260,,146;155,,150;250;251;253;254
