pdb,antibody,method,constrained,wt_total,om_total,d_total,wt_interface,om_interface,d_interface,tot_stab_mut_close,tot_stab_mut_distal,tot_stab_other_close,tot_stab_other_distal,tot_destab_mut_close,tot_destab_other_close,tot_destab_mut_distal,tot_destab_other_distal,int_destab_mut,int_destab_other,int_stab_mut,int_stab_other
7KQE,2,rpk,cons,-535.736784755683,-534.6237296626904,1.1130550929925676,-43.304468316320104,-42.801871502036946,0.5025968142831587,,339;478,,351;479,371;375,372,501,455,371,,,
7KQE,2,rpk,free,-568.7661714512251,-570.6753279912774,-1.9091565400523223,-51.25209487085336,-49.87300692181965,1.3790879490337105,,339;478,380,479,371;373;405,,,381;446;455,371;405;408,,,372
7KQE,2,af2,cons,-616.6588979526398,-539.250961709635,77.40793624300477,-29.940388363261683,-23.089644018863932,6.85074434439775,,339,385,443;481;483;485;490;496;502,371;405,369;370;374,477;501,365;434;442;445;446;448;451;453;454;455;456;457;465;467;469;474;475;479;480;487;491;492;493;494;495;497;506;538,371,370;374,,378;385
7KQE,2,af2,free,-659.5213911086669,-626.5538276745219,32.96756343414495,-36.90850291228703,-34.13722575366302,2.7712771586240095,,339,369;385,347;358;483;490;500;502;528,371;405,386,501,326;356;365;391;442;445;446;448;451;453;454;457;465;469;473;474;479;487;491;492;495;497;506,,369;370;372;377,,378;385
