pdb,antibody,method,constrained,wt_total,om_total,d_total,wt_interface,om_interface,d_interface,tot_stab_mut_close,tot_stab_mut_distal,tot_stab_other_close,tot_stab_other_distal,tot_destab_mut_close,tot_destab_other_close,tot_destab_mut_distal,tot_destab_other_distal,int_destab_mut,int_destab_other,int_stab_mut,int_stab_other
7DZY,1,af2,cons,-752.5322421032748,-751.6904883756008,0.8417537276740177,-9.612345974266983,-12.58201149749566,-2.9696655232286773,,,97;182;184;186;215;248;249;253,21;111;153;228;229,24;25;26,69;180;187;214;244;245;247;251;257;258,19,18;23;80;122;140;193;233,213,69;71;182;211;254;255;262,,72;73;97;98;183;184;253
7DZY,1,af2,free,-882.1161929837417,-886.7811257417061,-4.66493275796438,-26.99395423526186,-45.595299581807794,-18.601345346545934,,142,68;76;259,28;32;41;44;66;84;146;153;222;228;229;246;248;253;255;291,24;25;26,22;70;181;249,19,77;80;120;155;156;157;179;191;221;242;244;245;257;263;266,24;213,70;183,27,28;32;72;74;75;76;184;215;218
