pdb,antibody,method,constrained,wt_total,om_total,d_total,wt_interface,om_interface,d_interface,tot_stab_mut_close,tot_stab_mut_distal,tot_stab_other_close,tot_stab_other_distal,tot_destab_mut_close,tot_destab_other_close,tot_destab_mut_distal,tot_destab_other_distal,int_destab_mut,int_destab_other,int_stab_mut,int_stab_other
7P78,4,rpk,cons,-290.4814874898737,-276.00984384776825,14.471643642105448,-24.624084948064272,-21.682000732519025,2.942084215545247,,339;505,508,,371;373,372,405;484;501,451,408,,,
7P78,4,rpk,free,-435.1390620046442,-427.6076100974965,7.531451907147698,-37.04657606362659,-28.28752812908291,8.759047934543677,,339,370;374;380;504,351;353;354;355;397;399;410;472;485;492,371;373;376;501,368;377;434;503,484,336;361;393;402;403;409;438;507;515,408,502;503,,383;385
7P78,4,af2,cons,-618.2628102330809,-535.9845409038309,82.27826932925007,-26.10301452262535,-20.44469718418441,5.658317338440941,,339,,421;443;481;483;485;490;502,375;405,,452;477;501,365;442;445;446;448;451;453;454;455;456;457;467;469;474;475;479;487;488;489;491;492;493;494;495;497;506,375,369,,
7P78,4,af2,free,-666.9012703971048,-617.4159303063993,49.48534009070545,-49.049851968392886,-30.57723261189391,18.472619356498978,,339,374;502;508,338;367;390;436;472;483;490;499;500,375;405;501,368;377;503;506,,326;391;424;445;446;447;448;451;453;456;465;466;479;480;487;491;492;495;497,376;408,369;370;372;378;502;503,,374
