pdb,antibody,method,constrained,wt_total,om_total,d_total,wt_interface,om_interface,d_interface,tot_stab_mut_close,tot_stab_mut_distal,tot_stab_other_close,tot_stab_other_distal,tot_destab_mut_close,tot_destab_other_close,tot_destab_mut_distal,tot_destab_other_distal,int_destab_mut,int_destab_other,int_stab_mut,int_stab_other
7LX5,2,rpk,cons,-507.9621493865578,-498.5142035620716,9.447945824486226,-37.837733788954445,-35.13620564705695,2.701528141897498,,339,406,,371;375;376,372,,446,376;440,,375,
7LX5,2,rpk,free,-565.8887470451131,-545.380502336648,20.5082447084651,-44.58699884581681,-47.3769040097458,-2.7899051639289922,,339,374,420;479,371;376;501,369;372;499,,446,376;440,372;378;379,375,506
7LX5,2,af2,cons,-620.0513657994004,-521.7577513716278,98.29361442777258,-32.83055588547551,-17.053450357510165,15.777105527965347,,339,502,481;483;485;490,371;373;375;376;405;440,372;374;503;506,452;477;501,357;365;394;420;434;442;446;448;451;453;455;456;457;467;469;474;475;479;480;487;489;491;492;493;494;495;497,373;376;440,370;372;503,375,
7LX5,2,af2,free,-656.5648690763038,-620.8846358243782,35.68023325192564,-53.73704939189133,-31.27211351594817,22.464935875943162,,339;478;484,369;500;502,320;338;356;360;367;390;421;430;450;483;485;490,371;376;405,503;506,,381;386;391;392;442;446;448;451;453;457;465;467;469;480;487;491;492;495;497;525,376;405;408;440,370;372;437;503;506,375,369;439
