pdb,antibody,method,constrained,wt_total,om_total,d_total,wt_interface,om_interface,d_interface,tot_stab_mut_close,tot_stab_mut_distal,tot_stab_other_close,tot_stab_other_distal,tot_destab_mut_close,tot_destab_other_close,tot_destab_mut_distal,tot_destab_other_distal,int_destab_mut,int_destab_other,int_stab_mut,int_stab_other
7R8O,2,rpk,cons,-591.1919015452182,-574.1831046106114,17.008796934606835,-35.77813221324235,-33.09139597826612,2.6867362349762303,,339,,,484;501,,371;373;375,372,484,486,446,490
7R8O,2,rpk,free,-631.0562839279439,-627.5394353751419,3.516848552802003,-45.11471842721757,-43.436583577875616,1.6781348493419515,,339,452;490,356;434;502,484,,373;375,365;366;368;372,484;493,,,486;490
7R8O,2,af2,cons,-606.6733507670133,-611.7976024313505,-5.12425166433718,-24.846359875235887,-26.17716914912863,-1.3308092738927435,,339;371,481;483;485,367;369;372;406;518,446;501,482,375,365;368;374;434;435;528,493,445;482;483,,403;485;490;494
7R8O,2,af2,free,-646.5956000834257,-664.6347259712263,-18.03912588780065,-31.272566953962617,-41.468041781785665,-10.195474827823048,,339;371,406;449;470;480;483;485;491;492,360;369;372;425;474;518;528,417;446,448;482;489,,374;435;517;526,496,482,446;484,403;447;449;450;470;494
