pdb,antibody,method,constrained,wt_total,om_total,d_total,wt_interface,om_interface,d_interface,tot_stab_mut_close,tot_stab_mut_distal,tot_stab_other_close,tot_stab_other_distal,tot_destab_mut_close,tot_destab_other_close,tot_destab_mut_distal,tot_destab_other_distal,int_destab_mut,int_destab_other,int_stab_mut,int_stab_other
7R6X,1,rpk,cons,-556.4417756172538,-539.9085864822893,16.533189134964573,-46.684522985180294,-46.74825814820654,-0.06373516302624438,,505,,,,,371;373;375;405;484;501,372;455,,,,
7R6X,1,rpk,free,-579.851025082038,-567.2890655576622,12.561959524375766,-55.12531365710387,-55.47034246043311,-0.34502880332924235,,505,,418;420;502;508,,335,373;375;484;501,372;455,,,,335
7R6X,1,af2,cons,-619.2943092976711,-545.0915537308899,74.2027555667812,-44.051251688446435,-40.77180711735651,3.2794445710899254,,,346;347,481;483;485;490;500;502,,357;445;446,405;477;501,365;389;394;442;448;449;451;453;455;456;457;467;469;474;475;479;480;487;488;491;492;493;494;495;497;506,,343;345,,346
7R6X,1,af2,free,-667.3568725088481,-633.1143968750313,34.242475633816866,-52.06677167932743,-60.37581007484233,-8.309038395514897,,,346;367;441,369;372;390;424;481;483;485;490;499;500;502;527,,345;442;445;446;447,375;405;501,326;365;381;391;392;425;451;453;460;471;487;488;491;492;495;497;503;506;528,,345,339;440,346;441;446
