pdb,antibody,method,constrained,wt_total,om_total,d_total,wt_interface,om_interface,d_interface,tot_stab_mut_close,tot_stab_mut_distal,tot_stab_other_close,tot_stab_other_distal,tot_destab_mut_close,tot_destab_other_close,tot_destab_mut_distal,tot_destab_other_distal,int_destab_mut,int_destab_other,int_stab_mut,int_stab_other
7CZV,2,rpk,cons,-441.120198104427,-415.0095316520867,26.110666452340297,-34.18439361072663,-29.71188671126711,4.472506899459521,,339,,,417;501,,371;373;375,372,417;505,,493,
7CZV,2,rpk,free,-527.4914497969799,-501.9954598229954,25.49598997398448,-75.74545275730686,-45.85807301860701,29.887379738699856,,,449;455;497,330;351;431;515,417;477,495,371;375,353;370;429;451,408;417;477;505,415;476;486;487;494;496,501,
7CZV,2,af2,cons,-609.9622828720901,-515.7754081177792,94.1868747543109,-27.751903894264874,-18.054083667006847,9.697820227258028,,339,483;485;490;499;500;502,518,405;493;501;505,446;449;453;456;473;487;489;492;494;495;497;503;506,371;373,346;351;365;372;389;448;451;454;457;461;471;479;491;520;522;541,417;493;505,449;476,,486;499;500
7CZV,2,af2,free,-656.3981538859032,-603.1911680244427,53.20698586146045,-43.65191449134835,-64.58545451592981,-20.93354002458146,,,415;476;483;486;490;499;500;502,320;338;358;367;390;407;436;466;518,405;493;498;501;505,406;420;453;456;457;487;494;495;496;497;506,,374;391;446;448;451;465;471;480;491;492;519;520;526,493;505,449;496,477;498,409;415;455;475;476;486;487;499;500;502;503
