pdb,antibody,method,constrained,wt_total,om_total,d_total,wt_interface,om_interface,d_interface,tot_stab_mut_close,tot_stab_mut_distal,tot_stab_other_close,tot_stab_other_distal,tot_destab_mut_close,tot_destab_other_close,tot_destab_mut_distal,tot_destab_other_distal,int_destab_mut,int_destab_other,int_stab_mut,int_stab_other
7EJ4,3,rpk,cons,-388.25658318675926,-367.77576294784717,20.480820238912088,-36.53244270295545,-32.260507379328786,4.271935323626664,,339,,,498;501,406,371;373;375,372,496;505,,,
7EJ4,3,rpk,free,-499.26205959559087,-492.22004117110794,7.042018424482933,-57.81153889507455,-50.91850487976498,6.893034015309567,,339,405,336;340;364;366;379,498;501,,371;373,338;358;372,417;498,408,,405;449
7EJ4,3,af2,cons,-608.200267746576,-609.8697373798018,-1.6694696332258445,-28.929210599273787,-24.885089223786473,4.044121375487315,,339;371,483,367;369;372;485;518,498;501,494,375,365;368;374;420;434;435;452;528,505,408;495;503,496,
7EJ4,3,af2,free,-653.0592501696603,-655.1213675611396,-2.0621173914792053,-33.89446923669719,-38.24931063556599,-4.3548413988688,,339;371,483,389;518;527,446,489;497;499,,374;435;448;517;528,493,408;503,496;498,449
