pdb,antibody,method,constrained,wt_total,om_total,d_total,wt_interface,om_interface,d_interface,tot_stab_mut_close,tot_stab_mut_distal,tot_stab_other_close,tot_stab_other_distal,tot_destab_mut_close,tot_destab_other_close,tot_destab_mut_distal,tot_destab_other_distal,int_destab_mut,int_destab_other,int_stab_mut,int_stab_other
7CZP,1,rpk,cons,-457.14914062651843,-437.95173265094206,19.19740797557637,-41.20554986333421,-22.486417213861206,18.719132649473007,,339,,,405;484;501,,371;373;375,372,405;408;417;486;501;505,,,
7CZP,1,rpk,free,-525.3314037342955,-511.50184599864923,13.829557735646233,-54.80414246337658,-37.47856548718214,17.32557697619444,,339,418;449;497,380;386;431;515,405;501;505,446;494;495,371;375,370;388;429,405;486;505,496,,487
7CZP,1,af2,cons,-611.7244746518393,-521.6197227128168,90.10475193902244,-34.07029937711971,-18.53096036566553,15.539339011454182,,339,485;500;502,481;483;490,405;486;501;505,420;446;449;456;474;487;493;494;495;497;503;506,452,365;442;448;450;451;454;457;467;469;479;491;492,405;408;417;486;501;505,487,498,503
7CZP,1,af2,free,-654.5940971266923,-621.8273477993632,32.76674932732908,-65.19790491064002,-47.94705856343556,17.250846347204458,,339;376,421;449;473;475;483;485;502;503,320;346;367;382;390;436;443;472;490;508;528,405;417;501;505,406;446;448;479;487;493;495;497,,326;351;365;374;434;442;451;454;465;471;491;492;506;526,405;417;501;505,403;449;487;493;494;495;500,498,474;475;503
