pdb,antibody,method,constrained,wt_total,om_total,d_total,wt_interface,om_interface,d_interface,tot_stab_mut_close,tot_stab_mut_distal,tot_stab_other_close,tot_stab_other_distal,tot_destab_mut_close,tot_destab_other_close,tot_destab_mut_distal,tot_destab_other_distal,int_destab_mut,int_destab_other,int_stab_mut,int_stab_other
7LAB,3,af2,cons,-803.8185570953151,-806.9915065959165,-3.172949500601362,-34.41398304671821,-27.549581432957268,6.86440161376094,,,75;76;78;186;210;211;212;214,18;20;21;41;79;111;138;153;228;229;253,24;25,73;249;257;258,19,140;141;160;197;244;245;248,69;213,185;214,,71;215
7LAB,3,af2,free,-883.8365186411392,-889.7949171759649,-5.958398534825733,-48.544924951975844,-45.996050606128605,2.5488743458472385,,142,29;66;97;180;185;215;217,20;21;41;73;80;144;145;147;154;157;193;201;222;226;227;228;246;248;291,24;25;26;70,68;71;179;182;212;261;262,19,23;98;140;143;191;221;245;249;259;266,70;213,68;71;214,,32;66;73;184;185
