pdb,antibody,method,constrained,wt_total,om_total,d_total,wt_interface,om_interface,d_interface,tot_stab_mut_close,tot_stab_mut_distal,tot_stab_other_close,tot_stab_other_distal,tot_destab_mut_close,tot_destab_other_close,tot_destab_mut_distal,tot_destab_other_distal,int_destab_mut,int_destab_other,int_stab_mut,int_stab_other
7R8N,1,rpk,cons,-264.637406497118,-259.4213699692001,5.216036527917879,-29.601497432251996,-35.35032251851748,-5.748825086265484,,339,,,501,,373;375,372,,,484;493;501,
7R8N,1,rpk,free,-406.721974555625,-410.6519495469911,-3.929974991366066,-37.9656658533451,-41.747956287928034,-3.782290434582933,,339,487;492;495,340;341;351;363;367;368;374;377;379;439;441;460;467;506;507;513,493,473;488;489;491,371;375,372;380;400;404;430;436;442;509,498,449;455;489,484;493;501,456;490;494
7R8N,1,af2,cons,-593.0315830519377,-601.30112175103,-8.269538699092323,-27.338735202682095,-33.73794996927212,-6.399214766590028,,339;371,449;472;481;483;485,367;369;372;406;518,446,452;455,375,365;368;374;420;434;435;528,498,483;485;494,484;493;501,445;449;486
7R8N,1,af2,free,-654.6696041722346,-665.4443194319083,-10.774715259673712,-54.38077269711845,-53.171064102517846,1.209708594600606,,339;371,449;472;480;483;485,369;372;390;406;518,446;496;501,444;455,,374;435;448;499;526,,455;483;490,446,486
