pdb,antibody,method,constrained,wt_total,om_total,d_total,wt_interface,om_interface,d_interface,tot_stab_mut_close,tot_stab_mut_distal,tot_stab_other_close,tot_stab_other_distal,tot_destab_mut_close,tot_destab_other_close,tot_destab_mut_distal,tot_destab_other_distal,int_destab_mut,int_destab_other,int_stab_mut,int_stab_other
7NEG,1,rpk,cons,-503.42607702092124,-490.3845454074129,13.041531613508369,-49.94212135588767,-45.08608794387407,4.856033412013602,,339,,,,447,371;373;446,372,417;505,,501,
7NEG,1,rpk,free,-539.770967256812,-526.6986277791693,13.072339477642686,-65.04728222957709,-61.01605743904176,4.031224790535333,,339,403;406,492,446;498;505,449,371;373;375;484,372,417;496;505,495,478;493,403;456;494
7NEG,1,af2,cons,-615.3217256265668,-614.415926320781,0.9057993057858766,-42.646859328365885,-40.78356432917736,1.8632949991885255,,339;371,406,367;372;483;485;518,501,,375,365;368;374;434;435;452;499;528,417;505,,496;501,
7NEG,1,af2,free,-655.81148696254,-661.3217333082937,-5.5102463457536714,-65.55152790193249,-57.695704371584014,7.855823530348474,,339;371,458;483;485;487;488,450;451;471;472;518,,421;449;474;486;489,446,332;374,417;484;505,421;474;475;486,498;501,456;458
