pdb,antibody,method,constrained,wt_total,om_total,d_total,wt_interface,om_interface,d_interface,tot_stab_mut_close,tot_stab_mut_distal,tot_stab_other_close,tot_stab_other_distal,tot_destab_mut_close,tot_destab_other_close,tot_destab_mut_distal,tot_destab_other_distal,int_destab_mut,int_destab_other,int_stab_mut,int_stab_other
7JZN,2,rpk,cons,-591.6661701706547,-561.8920246605189,29.77414551013578,-59.963921550120894,-52.81475447463835,7.149167075482545,,339,,,484;498;501;505,,371;373;375,372,417;498;505,,493,
7JZN,2,rpk,free,-615.5713170117895,-601.1471373572926,14.424179654496811,-63.78160366936551,-61.161445597443596,2.6201580719219137,,339,,368;418,405;484;498,495,371;373;375,372;467,417;498;505,,493,
7JZN,2,af2,cons,-616.781601333098,-511.20200587161446,105.57959546148356,-51.24046752352105,-39.67796092091311,11.56250660260794,,339,421;490;496;500,437;483;518,405;417;493;501,446;449;453;455;456;457;473;474;475;487;488;489;494;495;497;503;506,371;373;375;452,346;351;365;372;451;454;459;461;467;469;471;479;491;492;520;522;541,417;493;501;505,449;476;489;502,478;498,486;487;500;504
7JZN,2,af2,free,-655.1056539600578,-614.621391181506,40.48426277855174,-50.37319923998227,-65.83665746666482,-15.463458226682548,,339,403;421;476;483;490;500;502;503,320;367;369;389;390;407;423;436;443;466;482;508;518;527,405;417;498;501,420;446;447;449;453;455;456;473;489;495;497;506,,391;435;442;445;448;451;454;459;465;469;479;480;491;492;507;519;525;528,417;493;505,449;453,498,403;475;476;486;487;495;503
