pdb,antibody,method,constrained,wt_total,om_total,d_total,wt_interface,om_interface,d_interface,tot_stab_mut_close,tot_stab_mut_distal,tot_stab_other_close,tot_stab_other_distal,tot_destab_mut_close,tot_destab_other_close,tot_destab_mut_distal,tot_destab_other_distal,int_destab_mut,int_destab_other,int_stab_mut,int_stab_other
6XCM,1,rpk,cons,-393.88467068530986,-374.0057083790253,19.878962306284564,-34.07601681067037,-31.064237998752688,3.0117788119176794,,339,403,,405;501,,371;373;375;484,370;372;446,408;505,,,500
6XCM,1,rpk,free,-542.6352424144022,-533.8463296486125,8.788912765789746,-59.02389438993509,-51.748586332856505,7.275308057078583,,339,421,510;520,405,,371;375;484,344;369,408;417;505,415;455,501,421
6XCM,1,af2,cons,-610.1720997655553,-496.8597218531319,113.31237791242347,-39.67727432569684,-15.034260114103665,24.643014211593176,,339,500;502,443;483;490;518,405;477;501,456;457;473;475;476;479;487;488;489;494;495;506,371;373,346;351;365;372;446;449;451;454;461;465;471;480;491;492;497;520;522;541,408;417;477;501;505,456;473;476;489;502,478,486
6XCM,1,af2,free,-654.8432649897951,-616.3640572587016,38.47920773109354,-67.71352355652621,-28.326953338634702,39.38657021789151,,339,419;421;474;500;502;503,320;354;367;369;389;390;436;458;466;483;485;490;518;527,405;493;501,406;420;446;447;454;455;456;460;475;487;495;506,,374;377;391;418;451;465;469;479;491;492;497;519;520;528,405;417;505,455;456;460;473;475;486;489;504,,421;503
