pdb,antibody,method,constrained,wt_total,om_total,d_total,wt_interface,om_interface,d_interface,tot_stab_mut_close,tot_stab_mut_distal,tot_stab_other_close,tot_stab_other_distal,tot_destab_mut_close,tot_destab_other_close,tot_destab_mut_distal,tot_destab_other_distal,int_destab_mut,int_destab_other,int_stab_mut,int_stab_other
7R8L,2,rpk,cons,-527.3037907345828,-502.8195799688656,24.484210765717194,-50.542809431087534,-49.25513915614616,1.2876702749413766,,339;408,,,405;493,,371;373;375,372,505,,,
7R8L,2,rpk,free,-559.2106092858742,-556.8201301201118,2.390479165762372,-60.52136330081224,-54.90500214747021,5.616361153342027,,339;408,403,365;366;369;372;374;406,405;493;498,492,371;375,370;378;392;515,417;498;505,,,403;453
7R8L,2,af2,cons,-611.6710245171831,-459.4581227411306,152.21290177605255,-41.149029068749066,-1.9183641843151253,39.23066488443394,,339,421;483;486;490;496;500;502,518,405;477;478;498;501;505,449;453;454;456;457;471;472;473;474;475;476;479;487;488;489;494;495;497;503,371;373;375,346;351;365;372;446;451;461;465;467;469;491;492;506;520;522;541,477;478;493;505,455;473;475;476;489,,486;487;495
7R8L,2,af2,free,-657.0691937977027,-609.4646399802166,47.604553817486135,-49.04188466169853,-26.13574343274113,22.906141228957402,,339;478,419;485;490;496;500;502;503,320;338;367;380;390;443;482;483;499;508;518,405;501,406;420;447;449;453;456;460;475;487;494;495;506,371,342;365;374;377;381;391;445;446;448;451;465;472;491;492;497;517;519;520,493;505,403;420;455;456;460;473;475;486,405;498,495;503;504
