pdb,antibody,method,constrained,wt_total,om_total,d_total,wt_interface,om_interface,d_interface,tot_stab_mut_close,tot_stab_mut_distal,tot_stab_other_close,tot_stab_other_distal,tot_destab_mut_close,tot_destab_other_close,tot_destab_mut_distal,tot_destab_other_distal,int_destab_mut,int_destab_other,int_stab_mut,int_stab_other
7E3K,3,rpk,cons,-474.20567276514305,-441.93842839338555,32.2672443717575,-36.34947555728011,-34.402456423576574,1.9470191337035345,,339;408,,,484;493,,371;373;375;376;405;501,372;502,477,,,
7E3K,3,rpk,free,-567.8923447741611,-550.7350074355527,17.157337338608386,-52.565695556904366,-44.907942282419285,7.657753274485081,,339;408,,364;508,484,,371;375;405,409;410;419;504,477;478;484,483,,458;479
7E3K,3,af2,cons,-617.5839443176819,-474.4687934247162,143.11515089296574,-35.25104925387004,28.800096735654233,64.05114598952427,,339,481;482;483;490,443;496;502;518,477;478;484;493,455;456;473;474;475;476;479;480;486;487;495,371;373;405;501,346;351;365;372;446;449;451;454;457;491;492;494;497;506;520;522;541,477;478;493,474;475;476;479;487;489,,481;483;495
7E3K,3,af2,free,-659.105215591275,-580.9840606659084,78.12115492536668,-48.56547788429608,-26.655210090157915,21.910267794138164,,339,421;481;483;485;499,320;354;367;369;390;407;436;443;500;502;527,477;478;493;501,453;456;473;474;475;476;479;486;487;494;495;497,405,374;391;403;420;442;445;446;447;451;454;457;461;468;471;491;492;506;519;520;525,477;478;484;493,473;475;476;479;486,498,455;481;483;489;495
