pdb,antibody,method,constrained,wt_total,om_total,d_total,wt_interface,om_interface,d_interface,tot_stab_mut_close,tot_stab_mut_distal,tot_stab_other_close,tot_stab_other_distal,tot_destab_mut_close,tot_destab_other_close,tot_destab_mut_distal,tot_destab_other_distal,int_destab_mut,int_destab_other,int_stab_mut,int_stab_other
7ORA,4,rpk,cons,-535.1673821640728,-522.8971089802662,12.27027318380658,-44.25069569665539,-43.810604552323305,0.4400911443320865,,339;446,,497,484,490,371;373;375;501,372,478,,,
7ORA,4,rpk,free,-558.0990836191746,-547.9851782706753,10.113905348499316,-54.71119272159259,-49.975732407042926,4.7354603145496625,,339;446,455,451,484;493,,371;373;498,365;372;434;452,478,479,,
7ORA,4,af2,cons,-615.2534982121856,-617.0112713775168,-1.757773165331173,-37.17799576588578,-38.46139511078847,-1.2833993449026906,,339;371,485,367;369;372;406;481;483;518,478,420;455,375;501,365;368;374;389;434;435;449;452,,,493,
7ORA,4,af2,free,-658.127391941702,-666.2647440402218,-8.137352098519841,-49.00643476254934,-46.20704748809274,2.799387274456599,,339;371,483;485;488,369;406;425;518;528,478,492,446;496;501,368;374;526,478;484,485,493,475
