pdb,antibody,method,constrained,wt_total,om_total,d_total,wt_interface,om_interface,d_interface,tot_stab_mut_close,tot_stab_mut_distal,tot_stab_other_close,tot_stab_other_distal,tot_destab_mut_close,tot_destab_other_close,tot_destab_mut_distal,tot_destab_other_distal,int_destab_mut,int_destab_other,int_stab_mut,int_stab_other
7OR9,1,rpk,cons,-544.2773585865422,-540.5171710316007,3.760187554941467,-44.653070047590894,-42.33067288178153,2.322397165809363,,339;373;408,,,,,371;375;405;501,455,452,,,
7OR9,1,rpk,free,-570.4289748617382,-576.2245644355106,-5.795589573772418,-50.4902462924459,-57.08909038445358,-6.598844092007674,,339;408,447;449,342;436,,445,371;405,374;455,452,345;351,484,444;447;449;472;483
7OR9,1,af2,cons,-608.6631363476906,-512.4468815793739,96.21625476831673,-24.324797478415498,-16.809077446342528,7.51572003207297,,339,346;450;483;490,502;518,452;493;501,351;444;446;447;448;449;451;492;494;495;497,371;373;405,365;372;389;453;454;455;456;457;461;469;471;473;475;479;487;491;506;520;522;541,452,441;444;446;450;470;490,,346;445
7OR9,1,af2,free,-656.1117044401251,-608.5770635295287,47.53464091059641,-54.09229118240261,-20.629145359063674,33.463145823338934,,339;478,449;490,320;338;367;382;390;407;466;474;502;518;527,493,346;445;446;451;469;470;492,371;405;501,365;391;403;455;456;457;459;467;479;491;495;497;506;519;520;526,452;484,346;351;444;449;470;483;490,,
