pdb,antibody,method,constrained,wt_total,om_total,d_total,wt_interface,om_interface,d_interface,tot_stab_mut_close,tot_stab_mut_distal,tot_stab_other_close,tot_stab_other_distal,tot_destab_mut_close,tot_destab_other_close,tot_destab_mut_distal,tot_destab_other_distal,int_destab_mut,int_destab_other,int_stab_mut,int_stab_other
7SOE,2,af2,cons,-788.113123786124,-779.7511835649091,8.361940221214923,-21.09348136782271,-19.58383893896234,1.5096424288603707,,,148;150;153,20;21;41;75;76;79;97;111;228;229;253;272,142,140;146;151;245;247,19;24;25,66;80;160;197;249;257;258;259,,146;147;152,,148
7SOE,2,af2,free,-892.7857198525104,-875.7736096918852,17.012110160625184,-43.84056967562987,-50.07912880060901,-6.23855912497914,,,122;123;147;148;149;242,66;75;76;80;139;184;212;222;228;248,,140;143;145;152,19;25;69,23;77;78;181;183;210;221;244;245;249;254;255;259;263,,145;148,,147;150;176;178
