pdb,antibody,method,constrained,wt_total,om_total,d_total,wt_interface,om_interface,d_interface,tot_stab_mut_close,tot_stab_mut_distal,tot_stab_other_close,tot_stab_other_distal,tot_destab_mut_close,tot_destab_other_close,tot_destab_mut_distal,tot_destab_other_distal,int_destab_mut,int_destab_other,int_stab_mut,int_stab_other
7E8C,5,rpk,cons,-451.92607409022014,-407.96431886973403,43.96175522048611,-43.78053773834125,-33.98775522608191,9.792782512259343,,339,,,405;484;498;501;505,420;496,371;373;375;376,446,408;498;501;505,,478,
7E8C,5,rpk,free,-507.71866698524695,-503.13116446514897,4.587502520097985,-60.320281750467245,-54.78145901794606,5.538822732521183,,339,,362;366;384;432,477;498,446,371;375,383;387;390;433;527,408;417;486;498;505,,478;501,
7E8C,5,af2,cons,-614.0063377225454,-507.7352116035431,106.27112611900225,-37.82326047516337,-25.12160759473126,12.701652880432114,,339,458;500;502,483;485,405;477;478;498;501;505,453;454;457;473;474;475;476;479;480;487;494;495;497;503,452,365;442;446;448;451;465;467;469;491;492;506;538,501;505,476;489;502,,474;487
7E8C,5,af2,free,-661.2113722296888,-611.7527469025787,49.4586253271101,-61.243801121261,-14.082719397170449,47.16108172409055,,339,485;500;502,320;338;358;367;369;390;423;436;443;472;481;483;490;499;527,405;417;501,403;446;447;453;454;456;474;475;487;495;497;503,375,326;368;430;442;445;451;466;468;491;492;506;508;528,408;417;498;501;505,403;420;421;455;456;473;475;476;489,478;486,
