pdb,antibody,method,constrained,wt_total,om_total,d_total,wt_interface,om_interface,d_interface,tot_stab_mut_close,tot_stab_mut_distal,tot_stab_other_close,tot_stab_other_distal,tot_destab_mut_close,tot_destab_other_close,tot_destab_mut_distal,tot_destab_other_distal,int_destab_mut,int_destab_other,int_stab_mut,int_stab_other
7DZX,1,af2,cons,-807.130940278741,-764.6812751321974,42.44966514654368,-23.10506282315498,-22.539000218342263,0.5660626048127178,,67,22;71;75;184;213;215;260,18;19;77;111;124;138;154;nan;216;217;264;272,212,66;72;73;76;179;185;210;214;245;249;253;255;256;257;259,142;143;144;145,17;20;23;140;141;146;149;151;152;153;246,70,97;214;253,,71;76;184;nan
7DZX,1,af2,free,-877.6745215234155,-899.4161625107186,-21.74164098730307,-14.584343933131347,-37.26684563380172,-22.682501700670375,,67,73;75;76;182;213;215;218,18;19;77;84;94;96;97;121;154;155;186;nan;216;242;248;260,69;70;212,181;245;249,142;143;144,17;20;23;55;98;99;152;153;221;251,70,24;71;213,212,73;97;183;184;185;214;nan;215
