pdb,antibody,method,constrained,wt_total,om_total,d_total,wt_interface,om_interface,d_interface,tot_stab_mut_close,tot_stab_mut_distal,tot_stab_other_close,tot_stab_other_distal,tot_destab_mut_close,tot_destab_other_close,tot_destab_mut_distal,tot_destab_other_distal,int_destab_mut,int_destab_other,int_stab_mut,int_stab_other
6XCM,2,rpk,cons,-449.1187961744262,-415.9114557842063,33.20734039021994,-37.741607123114285,-36.148355424014554,1.5932516990997314,,339,,,493,,371;373;375;446;484,372,505,453,,
6XCM,2,rpk,free,-533.6224174620377,-523.0455762313237,10.576841230713967,-51.2863407956789,-45.30009604603247,5.986244749646431,,339,415,342;367;368;419,446;477,455,371;375;484,366;369;388;410,417;496;505,455;495,493,403;405;487
6XCM,2,af2,cons,-605.6817453819126,-608.4620983857524,-2.780353003839764,-35.24182694218997,-31.933033684643853,3.308793257546114,,339;371;484,406,367;369;372;481;483;485;518,446;477;496,455,375,365;368;374;434;435;452;499,417;496;505,,,403
6XCM,2,af2,free,-654.0740208884097,-657.461661366679,-3.3876404782693044,-42.80302648033829,-41.19918689400555,1.6038395863327395,,339;371;484,485;487,369;372;450;451;480;481;483;518,417;477,408;453;489,,374;434;435;526,417,408;453;473;489,493,405;475
