pdb,antibody,method,constrained,wt_total,om_total,d_total,wt_interface,om_interface,d_interface,tot_stab_mut_close,tot_stab_mut_distal,tot_stab_other_close,tot_stab_other_distal,tot_destab_mut_close,tot_destab_other_close,tot_destab_mut_distal,tot_destab_other_distal,int_destab_mut,int_destab_other,int_stab_mut,int_stab_other
7CDI,1,rpk,cons,-515.3911524465267,-501.8433237362683,13.547828710258386,-49.06494141676599,-44.04090553804817,5.024035878717818,,339;446,,,493;501,,371;373;375,,417;493;505,,,
7CDI,1,rpk,free,-538.5640841721008,-528.1200734081978,10.444010763903066,-66.05237961147897,-62.68908114450197,3.3632984669769996,,339,,367,493;505,,371;375,364;365,505,486;490,477;501,
7CDI,1,af2,cons,-614.046474723023,-616.4738661862899,-2.427391463266872,-41.74221774340476,-35.687915756837484,6.054301986567275,,339;371,,367;372;406;481;483;485;518,501,,375;446,365;368;374;434;435;452;494;528,493;505,,,
7CDI,1,af2,free,-652.3183212438736,-658.0403188389791,-5.721997595105563,-55.25983458859496,-58.48107042919919,-3.22123584060423,,339;371;484,409;418;474;483;488,367;369;372;390;406;472;480;485;491;518;527,496,,446,365;368;374;391;392;444;448;452;471;497,493;505,486,496;501,421
