pdb,antibody,method,constrained,wt_total,om_total,d_total,wt_interface,om_interface,d_interface,tot_stab_mut_close,tot_stab_mut_distal,tot_stab_other_close,tot_stab_other_distal,tot_destab_mut_close,tot_destab_other_close,tot_destab_mut_distal,tot_destab_other_distal,int_destab_mut,int_destab_other,int_stab_mut,int_stab_other
7NX9,2,rpk,cons,-568.0838225508611,-565.7470899615546,2.336732589306507,-54.88632067655422,-55.273882647642026,-0.38756197108780555,,339;373;408,,406,,,371,,,,,
7NX9,2,rpk,free,-578.833069112133,-575.4502328782789,3.38283623385405,-64.11208498054305,-63.34937690639951,0.7627080741435321,,339;373,,367;502;508,375,,371;405,506,,,,
7NX9,2,af2,cons,-610.5133432764295,-539.7785196982665,70.73482357816306,-38.27291963077472,-48.02477256365287,-9.751852932878144,,339,370,347;443;481;483;485;490;502,,,405;477;501,442;446;448;451;453;454;456;457;461;465;467;469;474;475;479;480;487;488;491;492;493;494;495;497;506,,382,,369;377;385
7NX9,2,af2,free,-666.0756032819861,-626.3331188406314,39.74248444135469,-60.999467689265984,-76.5585227656782,-15.559055076412221,,339,374;378,358;367;443;481;483;485;490;499;500;502,,369;383;414;434,405;501,353;420;442;445;446;447;448;451;453;479;487;488;491;492;495;497;506,,414;427,,369;377;378;412;517
