pdb,antibody,method,constrained,wt_total,om_total,d_total,wt_interface,om_interface,d_interface,tot_stab_mut_close,tot_stab_mut_distal,tot_stab_other_close,tot_stab_other_distal,tot_destab_mut_close,tot_destab_other_close,tot_destab_mut_distal,tot_destab_other_distal,int_destab_mut,int_destab_other,int_stab_mut,int_stab_other
7BNV,1,rpk,cons,-540.0680846273845,-519.0210039551823,21.047080672202128,-47.40106653399979,-47.43554689139127,-0.034480357391480254,,339;505,,,,,371;373;375;405,372,,,,
7BNV,1,rpk,free,-562.7061854249525,-558.3841372238296,4.322048201122925,-48.26664006355819,-48.31169055531882,-0.0450504917606267,,339,,374;451;497,,,371;373;375;405,372,,,,
7BNV,1,af2,cons,-614.9879924613556,-532.1359351726013,82.85205728875428,-40.00348403810283,-37.44915440357057,2.554329634532266,,339,,481;483;485;490;500;502,,355;398;457;465;466;468;469,405;477;501,365;442;445;446;448;449;451;453;454;456;474;475;479;480;487;488;491;492;493;494;495;497;506,,355;458;469,,465;468
7BNV,1,af2,free,-663.5854553576139,-623.1814183421069,40.404037015507015,-49.8948857521838,-39.33223462709992,10.562651125083875,,339,471,320;347;367;369;374;390;423;436;481;483;485;490;499;500;502;518,,352;355;428;467;469,405;501,351;368;391;406;442;445;446;447;448;451;453;479;487;491;492;495;497;503;506,,353;428;466,,468
