pdb,antibody,method,constrained,wt_total,om_total,d_total,wt_interface,om_interface,d_interface,tot_stab_mut_close,tot_stab_mut_distal,tot_stab_other_close,tot_stab_other_distal,tot_destab_mut_close,tot_destab_other_close,tot_destab_mut_distal,tot_destab_other_distal,int_destab_mut,int_destab_other,int_stab_mut,int_stab_other
7N0G,2,rpk,cons,-543.9592505399356,-520.450628478166,23.508622061769643,-59.14949994769852,-58.4799436473989,0.6695563002996252,,339,,,446;484;505,405,371;373;375,369;442,484;505,,478;496;501,
7N0G,2,rpk,free,-607.7551219445403,-602.6115980452288,5.1435238993115036,-63.4605842798352,-62.966367172281394,0.49421710755380843,,339,,374;474,446;484,403;445;450,371;375,,484;505,,501,
7N0G,2,af2,cons,-595.4037064219432,-610.379212241751,-14.975505819807836,-46.01304047913591,-52.548021799309886,-6.534981320173976,,339;371,406;481;482;485;502,367;369;372;518,,,375,365;368;374;420;434;435;497;499;528,484,403;483,498;501,481;482;494;502
7N0G,2,af2,free,-666.5469917148475,-664.0568563440661,2.490135370781445,-70.53604879071784,-59.5925639150242,10.943484875693642,,339;371,406;485,369;480;516;518;527,446,448;489;494;502,,332;356;374;434;479;528,446;484;505,449;483,498,
