pdb,antibody,method,constrained,wt_total,om_total,d_total,wt_interface,om_interface,d_interface,tot_stab_mut_close,tot_stab_mut_distal,tot_stab_other_close,tot_stab_other_distal,tot_destab_mut_close,tot_destab_other_close,tot_destab_mut_distal,tot_destab_other_distal,int_destab_mut,int_destab_other,int_stab_mut,int_stab_other
7ORB,2,rpk,cons,-508.6059032568095,-482.3630314249184,26.24287183189108,-38.38326177621623,-38.2816014211338,0.10166035508242999,,,,406,446;493;501,447,371;375,367;372,446;493,,496,445
7ORB,2,rpk,free,-536.8300443431674,-517.2920774787801,19.537966864387272,-38.63250814656455,-46.209880391431376,-7.5773722448668295,,339,,360;391;406;502;508,446;501,447,371;375,357;358;369;372;506,493,,496,445
7ORB,2,af2,cons,-613.7731215937245,-599.9267929013802,13.846328692344287,-36.8245456514358,-30.33741113769445,6.487134513741349,,339;371,483,367;369;372;406;485;518,446,443;444;448,375;501,365;368;374;434;435;528,446;493,444,496,445;494
7ORB,2,af2,free,-664.7125453219994,-659.3250303737241,5.387514948275339,-48.178701203183856,-39.776277063006134,8.402424140177722,,339;371,483,369;372;406;480;518;527,446;501,445;448;455,,332;374;435;526;528,446;493,445,,494
