pdb,antibody,method,constrained,wt_total,om_total,d_total,wt_interface,om_interface,d_interface,tot_stab_mut_close,tot_stab_mut_distal,tot_stab_other_close,tot_stab_other_distal,tot_destab_mut_close,tot_destab_other_close,tot_destab_mut_distal,tot_destab_other_distal,int_destab_mut,int_destab_other,int_stab_mut,int_stab_other
7SOB,1,rpk,cons,-585.3777576411746,-571.7165728624568,13.661184778717825,-51.10676523505448,-50.62847936890367,0.4782858661508129,,446,,,,,371;373;375;501,372,,,,
7SOB,1,rpk,free,-612.5738295138833,-603.2515660939714,9.322263419911906,-55.58795489886409,-57.807356244142966,-2.2194013452788752,,446,,497,,499,373;375;501,326;372;374;377,,,440,
7SOB,1,af2,cons,-622.1439229328973,-623.1931919067968,-1.0492689738994159,-49.626828637459234,-46.869672751418065,2.7571558860411685,,371,,367;372;406;483;485;518,,,375;446;501,365;368;374;420;434;435;455;499;528,,356,,
7SOB,1,af2,free,-666.3820072316219,-661.9345879558608,4.447419275761035,-55.12465397927328,-57.06664718175648,-1.9419932024831965,,371,451,369;406;483;485;518,,,446;496;501,365;374;435;448;455;517;526,339,,440,346
