pdb,antibody,method,constrained,wt_total,om_total,d_total,wt_interface,om_interface,d_interface,tot_stab_mut_close,tot_stab_mut_distal,tot_stab_other_close,tot_stab_other_distal,tot_destab_mut_close,tot_destab_other_close,tot_destab_mut_distal,tot_destab_other_distal,int_destab_mut,int_destab_other,int_stab_mut,int_stab_other
7SOB,2,af2,cons,-827.183521003798,-804.2691921602385,22.914328843559474,-31.607122614731516,-33.20566887065017,-1.5985462559186558,,,269,97;153;215;228;229;248,19;24;25;26,23;80,,17;18;77;140;244;245;249;250;251;256;257;258;259,25,,,23
7SOB,2,af2,free,-905.7252578252387,-888.0794666071408,17.645791218097884,-41.47274630536265,-37.15070038467866,4.3220459206839905,,142,63;84;85;269,15;41;66;69;97;138;180;222;228;255,19;25;26,22;87;88;111,,17;18;29;70;78;181;221;245;249;250;254;259,,83;87;88,,23;63;85
