pdb,antibody,method,constrained,wt_total,om_total,d_total,wt_interface,om_interface,d_interface,tot_stab_mut_close,tot_stab_mut_distal,tot_stab_other_close,tot_stab_other_distal,tot_destab_mut_close,tot_destab_other_close,tot_destab_mut_distal,tot_destab_other_distal,int_destab_mut,int_destab_other,int_stab_mut,int_stab_other
7RA8,3,rpk,cons,-491.9385112369071,-471.4772453351254,20.4612659017817,-53.83883608868284,-47.07101172366717,6.76782436501567,,339,,,371;375;405;501,372;502,,455,405;408,,,
7RA8,3,rpk,free,-521.5027159031971,-506.8231024066232,14.679613496573893,-58.93712289578843,-52.75656968300923,6.180553212779195,,339,374,367;389;529,371;375;405;501,369;372;502,,449;455,405;408,370;372,375,
7RA8,3,af2,cons,-615.2689466062968,-530.8729505064562,84.39599609984066,-41.88360640072703,-31.890716769386657,9.992889631340375,,339,369;383;502,367;483;490;496;518,371;375;405;501,372;503;506,,346;351;365;446;449;451;453;454;455;456;457;469;471;473;475;479;487;491;492;494;495;497;520;522;541,405;408,502;503,,369
7RA8,3,af2,free,-659.4111934375798,-615.030242698826,44.38095073875377,-61.66827078555122,-51.16123848904381,10.507032296507411,,339;477;478,366;369;502;508,320;358;367;390;418;458;466;474;483;490;500;518,371;405;501,374;503;504;506,493,326;365;389;391;442;445;446;447;448;451;454;455;456;457;469;479;491;492;495;497;517;519;520;525,405;408,370;372;374;502;503,373;375,369;386;404;508
