pdb,antibody,method,constrained,wt_total,om_total,d_total,wt_interface,om_interface,d_interface,tot_stab_mut_close,tot_stab_mut_distal,tot_stab_other_close,tot_stab_other_distal,tot_destab_mut_close,tot_destab_other_close,tot_destab_mut_distal,tot_destab_other_distal,int_destab_mut,int_destab_other,int_stab_mut,int_stab_other
7DK4,2,rpk,cons,-464.6906143224331,-431.6869920406726,33.0036222817605,-60.765830686205575,-52.88757378680295,7.878256899402622,,339,,,405;493;498;501,496,371;373;375,368;372,484;493;505,496,,
7DK4,2,rpk,free,-500.4709925422813,-494.53893987260966,5.932052669671634,-72.73903325253846,-68.96706578204969,3.771967470488775,,339,,436;508,405;493,455,371;375,441;499,484;493,,501,458;490
7DK4,2,af2,cons,-587.2707302023122,-510.3577397904842,76.91299041182799,-41.040131281682754,-43.92680826384321,-2.886676982160459,,339,458;473;481;483;485;486;490;500;502,518,405;477;493;501,446;449;453;455;456;457;474;476;487;488;489;492;494;495;497;506,371;373;375,346;351;365;372;442;448;451;454;465;469;479;480;491;520;522;541,493;501;505,476;483;488;489;496,484;498,486;494;495;503
7DK4,2,af2,free,-662.3045162014672,-621.2798256237709,41.02469057769633,-52.74515951824946,-71.24624211567966,-18.501082597430205,,339,475;476;483;485;486;490;500;502;503,320;338;354;358;367;369;390;407;436;437;443;518;527,405;493,446;447;449;453;456;457;473;488;489;491;492;495;496;497;499,,374;377;391;406;420;435;442;451;469;506;519;520,493;505,449;483;488;489;490,498;501,475;476;485;486;494;495;503
