pdb,antibody,method,constrained,wt_total,om_total,d_total,wt_interface,om_interface,d_interface,tot_stab_mut_close,tot_stab_mut_distal,tot_stab_other_close,tot_stab_other_distal,tot_destab_mut_close,tot_destab_other_close,tot_destab_mut_distal,tot_destab_other_distal,int_destab_mut,int_destab_other,int_stab_mut,int_stab_other
7A29,2,rpk,cons,-345.7855029921211,-333.2958983981269,12.489604593994216,-31.607921879338583,-35.85988761973715,-4.251965740398568,,339;505,,495,446;484,,371;373;375,403,,,446;498,
7A29,2,rpk,free,-467.64821708933835,-454.10553327977254,13.542683809565801,-49.92300202655046,-43.36737906509913,6.555622961451334,,339,,436,446;484,445;447,371;375,476,446;484,445,498,
7A29,2,af2,cons,-607.6182127403147,-611.4430750908255,-3.8248623505107844,-30.881495774745318,-29.12775660457068,1.7537391701746365,,339;371,483,367;369;372;406;481;485;518,501,445;494,375,365;368;374;389;420;434;435;455,446,445,498,
7A29,2,af2,free,-662.5747794371576,-664.0334181334717,-1.4586386963140967,-50.92554535979999,-46.29621434506488,4.629331014735108,,339;371,483;491,369;406;425;480;518;527,446;501,448;489,,374;526,446;493,445,,443
