pdb,antibody,method,constrained,wt_total,om_total,d_total,wt_interface,om_interface,d_interface,tot_stab_mut_close,tot_stab_mut_distal,tot_stab_other_close,tot_stab_other_distal,tot_destab_mut_close,tot_destab_other_close,tot_destab_mut_distal,tot_destab_other_distal,int_destab_mut,int_destab_other,int_stab_mut,int_stab_other
7EJ5,1,rpk,cons,-346.44861794181554,-332.8733809956998,13.575236946115751,-27.647736643389713,-26.59963562932542,1.0481010140642937,,339;408,,490,477;478;493,,371;373;375,372,,,,
7EJ5,1,rpk,free,-467.8201369453109,-443.80079757381856,24.019339371492322,-33.29803754810338,-32.14268898735777,1.1553485607456082,,339,458;479;489,336;363;369,477;478,474;486,371;375;376;405;484;501,365;370;372;407;490;491;504,478,474;486,477,458
7EJ5,1,af2,cons,-611.5942677535681,-515.2116913497453,96.3825764038229,-19.557048506544334,-12.066690057460079,7.490358449084255,,339,483;485,443;490;496;502;508;518,,455;456;473;475;479;480;486;487;495,371;373;405;493;501,346;351;365;372;442;446;449;451;453;454;457;467;468;469;471;491;492;494;497;506;520;522;538;541,,486;489,478,
7EJ5,1,af2,free,-663.5164000733555,-614.7897005294108,48.72669954394473,-47.667779630838254,-10.324707192382775,37.34307243845548,,339,473;483,354;360;367;369;390;407;421;436;443;490;499;500;502;508;518;527,477,455;480;486;487,405;493;501,374;391;403;406;425;435;442;445;446;447;448;451;453;454;465;491;492;495;497;506;519;520,477;478,474;475;476;481;486;487,,479
