pdb,antibody,method,constrained,wt_total,om_total,d_total,wt_interface,om_interface,d_interface,tot_stab_mut_close,tot_stab_mut_distal,tot_stab_other_close,tot_stab_other_distal,tot_destab_mut_close,tot_destab_other_close,tot_destab_mut_distal,tot_destab_other_distal,int_destab_mut,int_destab_other,int_stab_mut,int_stab_other
7NP1,4,rpk,cons,-415.70379799842317,-399.0323640567333,16.671433941689884,-45.905481942610976,-39.70669830276747,6.198783639843505,,339,,369,405;417;501,,371;373,372,417;486;505,,501,
7NP1,4,rpk,free,-478.007575458406,-471.2235129061771,6.784062552228875,-52.867545785666444,-53.431092131424606,-0.5635463457581622,,339,,388,417;498,446,373;375,362;372,417;505,,501,
7NP1,4,af2,cons,-614.2236877588234,-518.0551404511465,96.16854730767693,-40.417276506167745,-19.127045290297886,21.29023121586986,,339,458;500;502,390;434;483;485;490,405;417;477;478;501;505,403;453;454;456;473;474;475;476;479;480;487;493;494;495,452,365;442;446;448;451;467;469;491;492;497;506;538,417;505,403;455;456;473;474;475;476;487;489;493,486;498,421;457;495;503
7NP1,4,af2,free,-663.0358639108882,-610.1667315636648,52.8691323472234,-55.23540631237594,-8.594186165960155,46.64122014641579,,339,490;500;502,320;338;347;367;369;374;390;436;443;483,405;417;486;501;505,446;454;455;456;457;473;475;487;495,375;452,351;356;368;391;442;445;448;451;467;469;480;488;491;492;497;506,417;486;505,415;420;421;455;456;460;473;487;489;493,477,
