pdb,antibody,method,constrained,wt_total,om_total,d_total,wt_interface,om_interface,d_interface,tot_stab_mut_close,tot_stab_mut_distal,tot_stab_other_close,tot_stab_other_distal,tot_destab_mut_close,tot_destab_other_close,tot_destab_mut_distal,tot_destab_other_distal,int_destab_mut,int_destab_other,int_stab_mut,int_stab_other
7MZK,2,rpk,cons,-554.2430277124354,-534.8803670754506,19.362660636984742,-58.6059418891203,-60.78246964267703,-2.1765277535567265,,339,453,,417;477;484,490,371;373;375;446,367;372,505,,493,403
7MZK,2,rpk,free,-573.63356677581,-553.9137849231765,19.719781852633446,-53.89469474949328,-73.33283221116282,-19.43813746166954,,339,502,508,417;477;484,490,371;375;446;501,372;506,,,477;478;493,403;405;456
7MZK,2,af2,cons,-614.2181438109532,-615.2764784605313,-1.0583346495781143,-40.07936259150305,-47.54687729829452,-7.467514706791469,,339;371,403;406;485,367;372;483;518,417;477,420,375;446;496;501,365;368;374;434;435;499;528,,405,477;493,403;421
7MZK,2,af2,free,-662.7057555797778,-663.2335151337318,-0.5277595539539561,-74.5563214304747,-67.08631346891232,7.470007961562374,,339;371,406;480;483;485;488,369;372;393;425;518,417;477;484,,446,374;430;434;435;444;452,417;484,453,478,403;473
