pdb,antibody,method,constrained,wt_total,om_total,d_total,wt_interface,om_interface,d_interface,tot_stab_mut_close,tot_stab_mut_distal,tot_stab_other_close,tot_stab_other_distal,tot_destab_mut_close,tot_destab_other_close,tot_destab_mut_distal,tot_destab_other_distal,int_destab_mut,int_destab_other,int_stab_mut,int_stab_other
7S0D,3,af2,cons,-714.2557559327676,-766.3957621087704,-52.140006176002885,-3.2497607644218225,-17.105857520717525,-13.856096756295702,,142,71;75;76;78;96;97;145;180;181;185;250;251;252;253;255,20;21;32;79;111;138;153;217;228;229;237;272,24,66;73;141;182;183;242;249;257;258;259;262,19;25,80;140;146;191;197,70;213,68;73;147;183;214,69,71;180;181;182;212;247;250;251;252;253
7S0D,3,af2,free,-883.2449066395639,-878.4688059993264,4.776100640237473,-28.338586093850942,-51.197582636439435,-22.858996542588493,,,76;178;180;183;184;255,18;20;41;79;81;110;217;222;228;246;247;272,70,71;143;212;244;249;257;262,19;24;25,55;80;98;100;134;140;170;215;245;261;269;271,70;213,71;254,,72;73;145;147;150;152;181;183;184;187;247;259
