pdb,antibody,method,constrained,wt_total,om_total,d_total,wt_interface,om_interface,d_interface,tot_stab_mut_close,tot_stab_mut_distal,tot_stab_other_close,tot_stab_other_distal,tot_destab_mut_close,tot_destab_other_close,tot_destab_mut_distal,tot_destab_other_distal,int_destab_mut,int_destab_other,int_stab_mut,int_stab_other
7NEH,1,rpk,cons,-550.1149004085446,-520.7095917443189,29.405308664225686,-55.037802900330334,-43.930362772143184,11.10744012818715,,339,,,446;498;501,,371;373;375;484,372,417;498;505,,,
7NEH,1,rpk,free,-577.4611411228489,-561.1360592191022,16.32508190374665,-66.13598681676652,-61.60429180220726,4.531695014559261,,339,,366,417;446;498,449,371;373;375;484,372,417;496;505,415;455,,403;420;503
7NEH,1,af2,cons,-615.1955221552655,-609.6216217232829,5.573900431982565,-51.530651010903,-41.95999635153654,9.570654659366461,,339;371;484,,367;369;372;472;481;483;485;518,498;501,486;494,375,365;368;389;434;435,417;505,495,,403
7NEH,1,af2,free,-663.3629061711147,-662.0667346246928,1.2961715464218742,-64.63836132731313,-63.45019134480722,1.1881699825059115,,339,403;406,367;369;372;451;483;485;518,446;498,449;489,,332;365;368;374;528,498;505,421;474;495,501,403;456;458;503
