pdb,antibody,method,constrained,wt_total,om_total,d_total,wt_interface,om_interface,d_interface,tot_stab_mut_close,tot_stab_mut_distal,tot_stab_other_close,tot_stab_other_distal,tot_destab_mut_close,tot_destab_other_close,tot_destab_mut_distal,tot_destab_other_distal,int_destab_mut,int_destab_other,int_stab_mut,int_stab_other
7E88,4,rpk,cons,-783.571535851699,-760.4200259975534,23.151509854145615,-86.58539601128045,-88.19456934232491,-1.6091733310444596,,339,,,,,371;373;375;405;501,,486,,478,
7E88,4,rpk,free,-839.6494448196618,-823.2045842999745,16.444860519687268,-93.56673691245544,-91.39283900663797,2.1738979058174692,,339,91,90;366,486,92;473,371;375;405,2,486,,477;478,
7E88,4,af2,cons,-610.4590330016092,-520.0020392750394,90.45699372656986,-28.861857630016708,-13.546962215097027,15.31489541491968,,339,458;485,383;483;490;500;502;508,477;478,456;473;474;475;476;479;480;487;493,405;501,365;442;445;446;448;451;453;467;469;491;492;494;495;497;506,486,455;456;475;476,,457;479;487
7E88,4,af2,free,-656.1962948325163,-615.592186576421,40.60410825609529,-49.85618965314212,-28.55419237622562,21.3019972769165,,,458;473;485,338;358;369;372;382;390;436;472;490;499;500;502;508;517;527,486,403;420;453;457;459;460;474;475;479;487;488;493,405;501,326;351;445;446;447;448;451;465;466;467;491;492;495;497;506;518,486,420;457;460;473;474;475;487;488;489,417;477;498,415;421
