pdb,antibody,method,constrained,wt_total,om_total,d_total,wt_interface,om_interface,d_interface,tot_stab_mut_close,tot_stab_mut_distal,tot_stab_other_close,tot_stab_other_distal,tot_destab_mut_close,tot_destab_other_close,tot_destab_mut_distal,tot_destab_other_distal,int_destab_mut,int_destab_other,int_stab_mut,int_stab_other
7KFV,3,rpk,cons,-579.6253694725665,-555.4349944258436,24.19037504672292,-64.26620870664391,-43.59867190495393,20.667536801689977,,339,494,,417;446;484;493;498;501,,371;373;375,372,417;493;496;498;505,,,494
7KFV,3,rpk,free,-601.620725563299,-587.9355165212968,13.685209042002157,-63.98089426571276,-48.11969917177353,15.86119509393923,,339,,451,446;484;493;505,449;452;489,373,372;374;434,417;484;493;496;505,489,498;501,494
7KFV,3,af2,cons,-611.829722728675,-602.4386303597712,9.391092368903855,-56.2742344448668,-35.48782103391185,20.78641341095495,,339;371;484,406;485,367;369;372;451;472;483;518,493;496;498;501,489;494,375,365;368;434;435;499;528,417;493;496;505,489;495,,
7KFV,3,af2,free,-659.2703033321086,-662.6647877454329,-3.394484413324335,-63.9463561112247,-43.91804229913066,20.02831381209404,,339;371,,369;450;451;480;483;518;527,496,449;455,,356;374;391;528,417;493;496;505,421;449;495,498,
