pdb,antibody,method,constrained,wt_total,om_total,d_total,wt_interface,om_interface,d_interface,tot_stab_mut_close,tot_stab_mut_distal,tot_stab_other_close,tot_stab_other_distal,tot_destab_mut_close,tot_destab_other_close,tot_destab_mut_distal,tot_destab_other_distal,int_destab_mut,int_destab_other,int_stab_mut,int_stab_other
7E8F,3,rpk,cons,-470.3872700896305,-440.8071384292515,29.58013166037898,-54.393455275453384,-48.33433356956223,6.059121705891151,,339,,,484;501,,371;373;375,372;446,408;417;486;505,,478,
7E8F,3,rpk,free,-505.04309924798054,-496.99313146928534,8.04996777869519,-61.75296480810243,-60.05203500368011,1.7009298044223229,,339,,347;374;383;392,405;498,447;496,371,365;379,417;486;505,415;496,478;501,420;500
7E8F,3,af2,cons,-614.0911430286224,-506.4199113320937,107.67123169652865,-42.66602635263132,-15.862101089299692,26.803925263331628,,339,458;500;502,383;483;485,405;477;478;498;501;505,453;454;455;473;474;475;476;479;480;487;489;494;495;497;503;506,,365;442;445;446;448;451;467;468;469;491;492,501;505,455;456;475;476;487;489;502,,457;474
7E8F,3,af2,free,-662.1190812305498,-623.0294614457057,39.0896197848441,-67.96669047634884,-25.777238374827224,42.189452101521624,,339,473;474;483;490;500;502,320;338;358;367;369;390;436;443;518,405;417;501,403;420;421;446;453;455;489;493;495;497,375;452,326;368;442;445;448;451;466;467;480;492;506;528,417;501;505,403;420;421;455;456;460;473;476;489;502,477,487
