pdb,antibody,method,constrained,wt_total,om_total,d_total,wt_interface,om_interface,d_interface,tot_stab_mut_close,tot_stab_mut_distal,tot_stab_other_close,tot_stab_other_distal,tot_destab_mut_close,tot_destab_other_close,tot_destab_mut_distal,tot_destab_other_distal,int_destab_mut,int_destab_other,int_stab_mut,int_stab_other
7CHC,2,rpk,cons,-492.0039527420091,-479.00193066022473,13.00202208178439,-41.21126914241814,-33.92210232670032,7.28916681571782,,339,,374,452;484,,371;375;405;501,372,452;484,,,
7CHC,2,rpk,free,-519.8454037469376,-503.5017210350424,16.343682711895156,-47.11580784646923,-44.60732181242943,2.508486034039798,,339,,,452;484;498,,371;375;405;501,372,484,449,498,346
7CHC,2,af2,cons,-615.4894951695278,-530.5733328421467,84.91616232738113,-25.206222169947452,-4.5746866701037305,20.63153549984372,,339,483;485;499,443;502,452;484;501,445;446;448;449;451;479;492;494;495;497,405;477,365;442;453;454;456;457;461;465;467;469;474;475;480;487;489;491;506;538,484,449;450;481;490,,
7CHC,2,af2,free,-658.9495027220837,-625.9905022313706,32.95900049071315,-37.85170488417512,-31.485746289722147,6.365958594452973,,339;478,346;450;485;490;499;502,320;338;347;358;366;367;372;382;390;500;518,452,444;446;447;449;451;487;488;492;495;497,405,377;442;456;467;473;491;503;506,484,444;449;481;482;483;490,486;501,346;445;493
