pdb,antibody,method,constrained,wt_total,om_total,d_total,wt_interface,om_interface,d_interface,tot_stab_mut_close,tot_stab_mut_distal,tot_stab_other_close,tot_stab_other_distal,tot_destab_mut_close,tot_destab_other_close,tot_destab_mut_distal,tot_destab_other_distal,int_destab_mut,int_destab_other,int_stab_mut,int_stab_other
7MY2,3,rpk,cons,-281.1646896923992,-239.38721151005169,41.777478182347494,-28.80106500211288,-28.94749745018773,-0.1464324480748509,,,,,371;373;375,372;374,446;484;493,366;368;438;447,,,,
7MY2,3,rpk,free,-446.9088909375117,-447.773777876858,-0.8648869393462633,-31.146331395362036,-33.54923328952808,-2.402901894166046,,339;496,374;376,347;392;394;396;442;449;489,371;375,,446;484;501,395;400;447;474;476;487,,378;504,,379
7MY2,3,af2,cons,-605.1474709640827,-603.8062879028103,1.3411830612724316,-19.44495988828286,-21.348188280573787,-1.9032283922909272,,339,372,367;406;483;485;518,373;375,374;405;435,501,365;368;389;420;452;499,373,504,,372;437
7MY2,3,af2,free,-658.8193118314523,-655.7228880935413,3.096423737910982,-38.93548270796213,-41.97623266854158,-3.040749960579447,,339;484,372;406;502;503;508,390;393;451;483;518;527,375,378;405;435;504,446,391;392;444;455;506;519;528,,378;379;383;405;408;504,373,372;374;414;503
