pdb,antibody,method,constrained,wt_total,om_total,d_total,wt_interface,om_interface,d_interface,tot_stab_mut_close,tot_stab_mut_distal,tot_stab_other_close,tot_stab_other_distal,tot_destab_mut_close,tot_destab_other_close,tot_destab_mut_distal,tot_destab_other_distal,int_destab_mut,int_destab_other,int_stab_mut,int_stab_other
7KLW,1,rpk,cons,-536.9734888256432,-507.38882609034226,29.58466273530098,-30.576989203011088,-27.6828077767028,2.8941814263082897,,339,,,371;373,369;372,484;501,496,408,,,
7KLW,1,rpk,free,-568.8615245131914,-558.156375168712,10.705149344479423,-43.319160044589374,-39.699707605473854,3.61945243911552,,339;505,374;508,366,371;375;501,369;370;378;434;435,,490;496,408,369;378,375;376,
7KLW,1,af2,cons,-618.1511628319629,-542.3868410465038,75.76432178545906,-25.904794247812394,-21.539945503624665,4.364848744187729,,339,383,481;483;485;490;500;502,375,369,405;477;501,365;442;445;446;448;451;453;454;456;457;461;465;468;474;475;479;480;487;491;492;493;494;495;497;506;538,,372,,
7KLW,1,af2,free,-666.8213383903819,-629.0038056521075,37.817532738274394,-38.43731923591078,-34.34114233897535,4.096176896935425,,339;478;484,372;374;383;502,338;347;354;363;366;367;390;473;483;485;490;500,371;375;405;501,377;434;503;506,,326;365;388;391;406;420;424;425;442;445;446;448;451;453;465;475;480;487;491;492;495;497,408,369;370;378;502;503,373;376,374;383;385
