pdb,antibody,method,constrained,wt_total,om_total,d_total,wt_interface,om_interface,d_interface,tot_stab_mut_close,tot_stab_mut_distal,tot_stab_other_close,tot_stab_other_distal,tot_destab_mut_close,tot_destab_other_close,tot_destab_mut_distal,tot_destab_other_distal,int_destab_mut,int_destab_other,int_stab_mut,int_stab_other
7LXY,6,rpk,cons,-616.7355353670093,-594.7688077130758,21.966727653933503,-42.03137820447572,-38.7787520492886,3.252626155187123,,339,,,,446,371;373;405,372,484,,452,494
7LXY,6,rpk,free,-635.4598408744521,-617.5804093731897,17.87943150126239,-45.131899028473185,-40.13140790975419,5.0004911187189975,,339,,508,,446;455,371;373;405,372;434,484;486,,452,494
7LXY,6,af2,cons,-612.6961982222629,-518.558877233873,94.13732098838989,-34.39814240935529,-21.64067255191833,12.75746985743696,,339,483;485;500;502,481;508,452;501,446;448;449;453;475;487;488;491;492;493;494;495;497,405;477,365;389;442;451;454;457;467;469;474;479;480;506,484,449;483;489;490;493;494,498;501,495;499
7LXY,6,af2,free,-658.8120946551749,-610.9772864641967,47.83480819097815,-42.7677561630411,-39.34734607250975,3.420410090531348,,339,472;483;490;499;500;502,320;338;367;369;390;407;436;481,501,446;449;453;474;487;492;495;497,405,420;442;448;451;457;467;469;479;480;491;506,484,449;483;489;490;493,478;486;501,475;495;499
