pdb,antibody,method,constrained,wt_total,om_total,d_total,wt_interface,om_interface,d_interface,tot_stab_mut_close,tot_stab_mut_distal,tot_stab_other_close,tot_stab_other_distal,tot_destab_mut_close,tot_destab_other_close,tot_destab_mut_distal,tot_destab_other_distal,int_destab_mut,int_destab_other,int_stab_mut,int_stab_other
7MZK,1,rpk,cons,-552.9073156577222,-537.020298974589,15.887016683133197,-37.04564594301751,-34.73233689462275,2.313309048394764,,339;408,437,406,371;373;375;440,372,484,377;490,440,444,,437
7MZK,1,rpk,free,-575.149487804521,-561.8881449516543,13.261342852866619,-39.615712406932154,-37.07746249937373,2.5382499075584235,,339,437,364;368;406;434,371;375;440,372,405,377;490,440,372,,437;446
7MZK,1,af2,cons,-620.6743130827922,-509.8036891086481,110.87062397414411,-38.305770674492486,-14.169355354354135,24.13641532013835,,339,500,481;483;485;490;502,440;501,438;439;441;442;444;445;446;447;448;449;506,405;477,365;389;451;453;454;456;457;465;467;469;474;475;479;480;487;491;492;493;494;495;497,,443;444;445;499;500,,372
7MZK,1,af2,free,-666.7283816175429,-623.8580328449514,42.87034877259157,-41.08070567753467,-38.006251457550384,3.0744542199842826,,339;478,374;436;500;502,320;363;367;369;390;401;421;473;483;485;490,440,439;444;445;446;447;506,375;405,368;391;420;424;451;453;457;465;469;480;487;491;492;493;495;497,440,443;444;445;499,,437;446;449;502;503
