pdb,antibody,method,constrained,wt_total,om_total,d_total,wt_interface,om_interface,d_interface,tot_stab_mut_close,tot_stab_mut_distal,tot_stab_other_close,tot_stab_other_distal,tot_destab_mut_close,tot_destab_other_close,tot_destab_mut_distal,tot_destab_other_distal,int_destab_mut,int_destab_other,int_stab_mut,int_stab_other
7KML,2,rpk,cons,-588.3925142748791,-564.869313984801,23.52320029007808,-44.020499422064816,-42.46056051578208,1.5599389062827385,,,403,,405;484;493;501,490,371;373;375;452,372;496,417,,493,403
7KML,2,rpk,free,-599.8817570454237,-586.4784244984837,13.403332546939964,-45.16371676098557,-50.60595053146842,-5.442233770482851,,,,,405;493;501,,371;375;452,446,417,,493;505,421;489;490
7KML,2,af2,cons,-608.5558800621354,-520.6451896462634,87.91069041587207,-29.161124398227493,-35.5233855036692,-6.362261105441711,,339,483;486;490;502,443;496;518,405;484;493;501,449;453;455;456;457;473;487;488;494;495;497,371;373,346;351;365;372;446;451;454;469;471;479;491;492;506;520;522;538;541,417;493;505,473;487,,403;475;486;495
7KML,2,af2,free,-656.3987475528337,-627.5780580167714,28.820689536062332,-47.15571869234084,-46.300244680777396,0.8554740115634445,,339,473;476;486;490;499;502,320;367;369;390;407;418;436;466;468;500;518,405;417;452;484;493;501,487;491;492;494;495;497,,357;368;374;377;391;435;442;445;446;447;448;451;454;469;506;517;519;520;526,417;484;493;505,456;473;483;489,498,403;485;486;495
