pdb,antibody,method,constrained,wt_total,om_total,d_total,wt_interface,om_interface,d_interface,tot_stab_mut_close,tot_stab_mut_distal,tot_stab_other_close,tot_stab_other_distal,tot_destab_mut_close,tot_destab_other_close,tot_destab_mut_distal,tot_destab_other_distal,int_destab_mut,int_destab_other,int_stab_mut,int_stab_other
7MY3,1,rpk,cons,-486.5902508606389,-479.82319902738664,6.767051833252253,-38.53483213100232,-39.415877175874286,-0.8810450448719678,,339,,455;456,371;373;375;501,372;502,,,408,,375;440,
7MY3,1,rpk,free,-566.7729955074553,-564.3939467636985,2.3790487437568117,-59.45868755937816,-60.63374381879587,-1.1750562594177083,,339,368;374;510,,371,502;506,,455,,503;506,375;405,
7MY3,1,af2,cons,-616.3261927243815,-524.8669722603225,91.45922046405894,-36.95005517185229,-22.77516798300212,14.174887188850171,,339,502,367;483;490;499;518,371;373;375;405,372;387;503;506,493;501,346;351;365;442;446;447;449;451;453;454;455;456;457;459;461;465;471;473;475;479;487;491;492;494;495;497;520;522;541,408,372;503,375,
7MY3,1,af2,free,-660.1586967926106,-614.0141514844377,46.14454530817295,-51.69174858694457,-27.69019297030762,24.00155561663695,,339;478,436;502,320;354;366;367;390;418;443;466;473;483;490;500;518,371;375;501,369;370;372;503;506;508,493,365;381;391;442;445;446;448;451;454;455;459;469;480;491;492;494;495;497;517;519;520;525,408,369;370;372;502;503;504;506,375;405,439
