pdb,antibody,method,constrained,wt_total,om_total,d_total,wt_interface,om_interface,d_interface,tot_stab_mut_close,tot_stab_mut_distal,tot_stab_other_close,tot_stab_other_distal,tot_destab_mut_close,tot_destab_other_close,tot_destab_mut_distal,tot_destab_other_distal,int_destab_mut,int_destab_other,int_stab_mut,int_stab_other
7L0N,2,rpk,cons,-535.2528807986741,-515.491992365311,19.760888433363107,-44.08625801339755,-44.204936362418906,-0.11867834902135854,,339;496,,,371;373;375,372,446;493;501,447,,,,
7L0N,2,rpk,free,-559.9766278501736,-547.8799749707638,12.096652879409817,-52.39019996740639,-56.52536660864469,-4.1351666412383,,339;496,412,497,371,,446,372;447;452;490,,,375,412
7L0N,2,af2,cons,-605.3699762535365,-612.5934374368621,-7.2234611833256395,-36.34855052009588,-37.10514686985859,-0.7565963497627095,,339,372;377;384;387;518,367;406;483;485,375,369;374,446;496;501,420;434;435;489,,370,,372;429
7L0N,2,af2,free,-663.9205925760239,-659.7972137680191,4.123378808004759,-46.18692623343681,-51.16787277366079,-4.980946540223982,,339,372;384;516,406;451;483;527,,374;391;517;528,446;496;501,356;420;434;448;519,,518,,372;377;378;381
