pdb,antibody,method,constrained,wt_total,om_total,d_total,wt_interface,om_interface,d_interface,tot_stab_mut_close,tot_stab_mut_distal,tot_stab_other_close,tot_stab_other_distal,tot_destab_mut_close,tot_destab_other_close,tot_destab_mut_distal,tot_destab_other_distal,int_destab_mut,int_destab_other,int_stab_mut,int_stab_other
7C8V,1,rpk,cons,-563.9819953623285,-546.8753397473316,17.10665561499684,-35.94312135868596,-31.60087903450075,4.342242324185207,,339,,,446;498,447;500,371;375,372,496;505,,501,403
7C8V,1,rpk,free,-596.5859711628673,-579.829736990951,16.756234171916276,-58.69773979619107,-42.6615615718967,16.036178224294375,,339,,366,417;446;484;498,447;449;490;500,371,372;434,417;484;498;505,449;495;500,501,
7C8V,1,af2,cons,-615.6410841620334,-614.9579997865005,0.6830843755328715,-37.10455796566968,-31.69302180786234,5.411536157807337,,339;371,483;485,367;369;372;406;518,446,452;490;494,375,365;368;374;420;434;435;528,496;498,483,501,489
7C8V,1,af2,free,-658.690855710629,-670.1173027862271,-11.426447075598162,-60.6218688774329,-37.730137762668825,22.891731114764077,,339;371,452;483;485,369;372;389;393;406;516;518;527,417,449;494,,374;435;528,417;446;484;498,449;483;487;488;500,,452
