pdb,antibody,method,constrained,wt_total,om_total,d_total,wt_interface,om_interface,d_interface,tot_stab_mut_close,tot_stab_mut_distal,tot_stab_other_close,tot_stab_other_distal,tot_destab_mut_close,tot_destab_other_close,tot_destab_mut_distal,tot_destab_other_distal,int_destab_mut,int_destab_other,int_stab_mut,int_stab_other
7E5R,6,rpk,cons,-365.24380829643826,-339.09389825305607,26.149910043382192,-24.260017830339937,-18.857382174538294,5.402635655801642,,339,,,452;484,,371;373;405;501,402;407,484;486,,,
7E5R,6,rpk,free,-495.6818230466996,-474.30601718089497,21.375805865804637,-44.41675002228111,-45.71670808993345,-1.2999580676523408,,408,480;487;491;493,367;372;387;406,,456;488,371;375;376;501,326;337;369;388;403;434;437;439;506,484;486,482;483;485,452,487;489;493;494
7E5R,6,af2,cons,-614.8601636756034,-520.3667775918409,94.49338608376252,-25.531016428414528,-13.02119275408284,12.509823674331688,,339,483;485,443;500;502,452;484;501,446;456;469;487;488;489;491;492;493;494;495;497,405;477,365;442;448;451;453;454;457;467;474;475;479;506,484,481;483;489;490,498,
7E5R,6,af2,free,-657.9442564507135,-612.9489469581549,44.99530949255859,-40.67968292152855,-36.9299162278044,3.7497666937241547,,339,472;485;490,320;358;367;369;390;421;436;443;473;500;502,501,446;449;455;471;481;487;491;492;495,375;405,326;357;368;394;395;406;442;448;451;454;465;479;497;506;526,484,449;470;481;487,486,482;490;492;494;495
