pdb,antibody,method,constrained,wt_total,om_total,d_total,wt_interface,om_interface,d_interface,tot_stab_mut_close,tot_stab_mut_distal,tot_stab_other_close,tot_stab_other_distal,tot_destab_mut_close,tot_destab_other_close,tot_destab_mut_distal,tot_destab_other_distal,int_destab_mut,int_destab_other,int_stab_mut,int_stab_other
7DPM,1,rpk,cons,-532.1544618170063,-497.6874762380282,34.466985578978154,-38.78541248858119,-31.766713683916063,7.018698804665124,,339,,,371;373;375;376;405;501,369;372,,,376,437,,
7DPM,1,rpk,free,-565.6476129242005,-549.314388306761,16.333224617439555,-41.030751451463416,-36.0810410337337,4.949710417729719,,339,374,367,371;375;405;501,368;383;387,484,365;446,376,369;383;437,,372;374
7DPM,1,af2,cons,-617.754162339601,-535.1711943304759,82.58296800912501,-31.665680274623316,-24.36664392486683,7.299036349756488,,339,383;500;502,347;481;483;485;490,373;376;405,369;372;374;506,477,442;446;448;449;451;453;455;456;457;467;469;474;475;479;480;487;488;491;492;493;494;495;497,376,369;372;374;503,375,437
7DPM,1,af2,free,-666.5495603061768,-629.3789639944437,37.17059631173311,-44.1742298969245,-39.78976604191536,4.384463855009145,,339;478,499;500;502,320;367;390;443;472;483;490;528,405;501,383;433;503;506,,386;391;392;442;445;446;448;451;453;456;457;467;469;487;491;492;495;497;507,376;440,369;372;383;503,373;375,437;506
