pdb,antibody,method,constrained,wt_total,om_total,d_total,wt_interface,om_interface,d_interface,tot_stab_mut_close,tot_stab_mut_distal,tot_stab_other_close,tot_stab_other_distal,tot_destab_mut_close,tot_destab_other_close,tot_destab_mut_distal,tot_destab_other_distal,int_destab_mut,int_destab_other,int_stab_mut,int_stab_other
7L7E,1,rpk,cons,-531.9681669247218,-524.6793646925332,7.288802232188573,-43.33210680802956,-38.29789002399036,5.034216784039195,,339;373;408,,,452;484,,371;375;501,,484,,,
7L7E,1,rpk,free,-554.2108409701561,-543.6622742541169,10.548566716039204,-45.79730540543488,-41.96190585761223,3.8353995478226466,,339;373;408,,367,484,,371;375;405;501,366;369,484,,,
7L7E,1,af2,cons,-618.9839215619565,-482.9519319596552,136.03198960230134,-36.2825956471393,0.6259414485564134,36.90853709569571,,339,483;502,518,452;493;501,346;444;445;446;447;448;449;491;492;494;495;497,371;373;405;505,351;365;372;391;451;453;454;455;456;457;461;471;473;475;479;487;506;520;541,,346;444;445;446;447;449;490;499,,
7L7E,1,af2,free,-655.7676405457469,-598.0009701180803,57.766670427666554,-42.41531623851875,-24.29512536262556,18.12019087589319,,478,443;483;490;499;502,320;338;367;390;421;474;500;508;518,452,442;444;445;446;448;449;491;492;494;495;497,371;405,342;365;374;391;403;418;451;455;456;457;459;471;479;480;506;519;520,440;452;493,346;444;449;490,501,441;492
