pdb,antibody,method,constrained,wt_total,om_total,d_total,wt_interface,om_interface,d_interface,tot_stab_mut_close,tot_stab_mut_distal,tot_stab_other_close,tot_stab_other_distal,tot_destab_mut_close,tot_destab_other_close,tot_destab_mut_distal,tot_destab_other_distal,int_destab_mut,int_destab_other,int_stab_mut,int_stab_other
7CZV,3,rpk,cons,-448.1127282480073,-423.0130963201256,25.09963192788166,-34.69750550834405,-29.239831091631416,5.457674416712635,,339,,,417;493;501,,371;373;375,372,417;505,,493,
7CZV,3,rpk,free,-524.2364836620507,-504.9809293949544,19.255554267096272,-66.99933128733849,-48.23785647992343,18.761474807415063,,339,449,431;515,417;484;493;501,420;487,371;375,370;429;513,408;417;477;505,486;489,405,494
7CZV,3,af2,cons,-610.7866204499812,-516.2679661246397,94.51865432534157,-28.850654399116003,-19.004083108146162,9.846571290969841,,339,483;490;499;500;502,518,405;493;501;505,446;447;449;453;456;473;487;492;494;495;497;503;506,371;373,346;351;365;372;448;451;454;457;461;471;479;491;520;522;541,417;493;505,449;476;503,,486;499;500
7CZV,3,af2,free,-658.5236399762156,-610.2674608513382,48.25617912487735,-56.173703715637615,-59.74692771008995,-3.5732239944523343,,339,421;473;476;483;490;500;502,320;354;367;369;389;390;407;436;466;482;518;527,405;417;484;493,406;446;447;449;453;454;456;460;487;494;495;497;503;506,,337;374;377;391;442;445;451;465;469;472;480;491;492;519;520;526,405;417;484;493;505,403;449;456;489,477;498;501,421;476;486;487;500;502
