pdb,antibody,method,constrained,wt_total,om_total,d_total,wt_interface,om_interface,d_interface,tot_stab_mut_close,tot_stab_mut_distal,tot_stab_other_close,tot_stab_other_distal,tot_destab_mut_close,tot_destab_other_close,tot_destab_mut_distal,tot_destab_other_distal,int_destab_mut,int_destab_other,int_stab_mut,int_stab_other
7B18,3,rpk,cons,-472.197631185383,-450.1510107919206,22.046620393462376,-54.03299488726203,-61.50764456078991,-7.474649673527885,,,,479,371;373;375,372;374,446;501,447;502,,,375,
7B18,3,rpk,free,-558.8896425488056,-555.9453309309911,2.944311617814492,-64.79365493294024,-65.5869236015158,-0.7932686685755641,,,,402;474;495;507,371;373,369;374;502,446;477,342;449,371,369;374;378;508,375;440,372;405;503
7B18,3,af2,cons,-624.2993636991057,-611.9783865908557,12.320977108249963,-40.29420640051014,-35.62957756740175,4.664628833108388,,339,406,367;483;485;518,373,368;374;377;435;436,496;501,365;420;455;489;499;528,371;373,376;377,440,374;378
7B18,3,af2,free,-669.7657755670423,-667.303570647058,2.4622049199842877,-58.90600054951201,-52.90276052404915,6.003240025462858,,339,,390;393;425;451;483;518;527,,374;433,446,449;453;489;526;528,375,369;506,373,378
