pdb,antibody,method,constrained,wt_total,om_total,d_total,wt_interface,om_interface,d_interface,tot_stab_mut_close,tot_stab_mut_distal,tot_stab_other_close,tot_stab_other_distal,tot_destab_mut_close,tot_destab_other_close,tot_destab_mut_distal,tot_destab_other_distal,int_destab_mut,int_destab_other,int_stab_mut,int_stab_other
7NDA,1,rpk,cons,-536.8355339324543,-532.9941879474532,3.8413459850011122,-4.287924363109069,-10.806912562453919,-6.518988199344849,,505,,,371,372,375;405;501,,,,339;371,
7NDA,1,rpk,free,-609.6075641754552,-593.1903840501934,16.41718012526178,-28.01945515942138,-30.521261015880157,-2.501805856458777,,,,390;483,371;375;376,372;529,405;501,435;436;455,,529,339;371,385
7NDA,1,af2,cons,-1221.0110424645,-1016.8039691551994,204.20707330930054,-36.856711633636664,6.851588414920729,43.70830004855739,,,367;421;481;483;485,443;502;383;500,371;477;501;478;486,370;453;455;456;457;474;475;479;480;487;492;493;494;495;497;473;476;488,405;452,365;442;445;446;448;451;454;467;469;491;506;465,477;486,370;473;474;475;476;487;489,339;478;498,479;495
7NDA,1,af2,free,-1315.9067307310154,-1225.3697754561485,90.53695527486684,-63.55656304275771,-26.106558502403267,37.45000454035444,,,342;369;436;473;483;490;502;527;367,320;499;500;518;338;358;374;389;390;443;472,405;477;486,368;372;453;456;479;480;487;493;495;457;475;489;504,375;376;501;452,326;365;435;442;445;446;447;448;451;466;467;491;492;497;503;506;461;471;526,477;484;486;505,364;367;372;455;473;475;476;479;485;487;489;493,339;478,370
