pdb,antibody,method,constrained,wt_total,om_total,d_total,wt_interface,om_interface,d_interface,tot_stab_mut_close,tot_stab_mut_distal,tot_stab_other_close,tot_stab_other_distal,tot_destab_mut_close,tot_destab_other_close,tot_destab_mut_distal,tot_destab_other_distal,int_destab_mut,int_destab_other,int_stab_mut,int_stab_other
7KLH,1,rpk,cons,-518.3364925049772,-503.3628131952295,14.973679309747695,-67.51264979618446,-57.14118333706176,10.3714664591227,,339,,,405;484;493,,371;373;375;376,,417;484;505,,,
7KLH,1,rpk,free,-547.9212783976644,-542.5280570550077,5.393221342656716,-66.74246682603872,-58.591283129173355,8.151183696865367,,339,,365;367;372;374;434,405;493;501,486;502,371;375,370,417;484,,,
7KLH,1,af2,cons,-616.4257890549998,-505.2331996854747,111.19258936952508,-40.78869566856848,-34.55148333387103,6.237212334697446,,339,483;486;490;502,443;518,405;477;484;493,449;455;456;457;473;475;487;488;489;494;495;497,371;373,346;351;365;372;446;451;454;469;479;480;491;492;506;520;522;538;541,417;493;505,456;475;476;487;489;490,498;501,403;473;474;486;495
7KLH,1,af2,free,-654.8308293830836,-612.5023622794572,42.328467103626394,-50.22848053567596,-48.626052304377744,1.6024282312982194,,339,476;486;490;499;502,338;347;367;389;390;418;500;518;527,405;417;493;501,420;453;455;456;480;487;489;492;494;495;497;503,371,365;374;391;445;446;447;448;451;459;465;472;491;506;519;520;528,417;493;505,415;421;455;456;473;483;489;490,498,403;474;476;485;486;495
