pdb,antibody,method,constrained,wt_total,om_total,d_total,wt_interface,om_interface,d_interface,tot_stab_mut_close,tot_stab_mut_distal,tot_stab_other_close,tot_stab_other_distal,tot_destab_mut_close,tot_destab_other_close,tot_destab_mut_distal,tot_destab_other_distal,int_destab_mut,int_destab_other,int_stab_mut,int_stab_other
7KMI,1,rpk,cons,-590.1822617422881,-561.5834048078866,28.59885693440151,-51.0359225882056,-41.351759268302956,9.684163319902645,,339,,,405;498;501,,371;373;375;452,372,498;505,,,
7KMI,1,rpk,free,-606.0449939100649,-585.3932366308086,20.651757279256344,-56.67601786967563,-44.45908639436698,12.216931475308655,,339,,,417,446,371;375,372;490;499,417;505,495;496,501,
7KMI,1,af2,cons,-615.1987801756877,-523.3626791923909,91.83610098329677,-42.249362580505945,-26.346533053966027,15.902829526539918,,339,500;502,483;485;490,405;477;478,453;456;457;473;474;475;479;480;487;489;494;495;497;503;504,452,351;365;442;448;451;467;469;491;492;506,505,455;456;475;476;489;502,,421;474;503
7KMI,1,af2,free,-668.0985202107286,-617.4273521805283,50.671168030200306,-58.337713210882654,-12.98685054658751,45.35086266429514,,339,476;500;502,367;369;372;389;390;407;424;436;443;481;483;490;499;527,405;417;501,403;446;447;448;449;454;455;460;473;474;475;487;495;497,452,353;386;391;442;445;466;467;491;492;506;528,417;486;501;505,403;420;421;449;455;456;460;473;475;487;489;493;495;496;500;502,477;478,476;503
