pdb,antibody,method,constrained,wt_total,om_total,d_total,wt_interface,om_interface,d_interface,tot_stab_mut_close,tot_stab_mut_distal,tot_stab_other_close,tot_stab_other_distal,tot_destab_mut_close,tot_destab_other_close,tot_destab_mut_distal,tot_destab_other_distal,int_destab_mut,int_destab_other,int_stab_mut,int_stab_other
7M6I,1,rpk,cons,-329.61126898778093,-322.02490660849526,7.586362379285674,-34.270105616993234,-35.47667293436732,-1.2065673173740876,,339;478,485;495,,493,,371;373;375;498;501,372,,,,
7M6I,1,rpk,free,-445.15066767172374,-442.0721846981331,3.07848297359061,-44.79462585141035,-39.1608139821041,5.63381186930625,,339;501;505,454;485,424;441;474;507;509,,447;468,371,328;338;350;365;368;372;374;377;418;438;442;458;504,,447;470;472;492,484,
7M6I,1,af2,cons,-615.1246243840503,-618.0636595634628,-2.9390351794124854,-28.479468886069725,-30.930432979078276,-2.450964093008551,,339;371,483;485,367;369;372;406;518,446,455;489;494,375;501,365;368;374;420;434;435;499;528,,483,493,486
7M6I,1,af2,free,-668.1036968631379,-664.4620688687396,3.6416279943982772,-58.535844109771276,-53.13260259556135,5.403241514209924,,339;371;375,480;481;483,390;406;451;518;527,417;446,449;490;494,,332;365;368;374;391;424;430;435;448;528,417,449;455;490,478,480;481;483;485
