pdb,antibody,method,constrained,wt_total,om_total,d_total,wt_interface,om_interface,d_interface,tot_stab_mut_close,tot_stab_mut_distal,tot_stab_other_close,tot_stab_other_distal,tot_destab_mut_close,tot_destab_other_close,tot_destab_mut_distal,tot_destab_other_distal,int_destab_mut,int_destab_other,int_stab_mut,int_stab_other
7LJR,1,rpk,cons,-571.1682889687017,-555.9173967438359,15.25089222486588,-36.94808659473522,-32.037961748476675,4.910124846258547,,339,,,452;484,,371;405,372,478;484,,,
7LJR,1,rpk,free,-631.9800216656881,-619.9722968239126,12.007724841775484,-43.390812152609065,-36.038569542430174,7.352242610178891,,339;408,,455,452;484,487;490,371;373;405,372;374,478,482;483,,
7LJR,1,af2,cons,-607.3442850361948,-534.9362359301067,72.40804910608813,-21.07510470372218,-11.875800300365466,9.199304403356713,,339,481;483;485,500;502,452;484,447;448;449;470;479;487;491;492;495;497,405;477,365;442;451;453;456;457;467;469;474;506,484,447;449;470;483;490,501,450;493
7LJR,1,af2,free,-656.2197862454038,-618.7948328409158,37.424953404488065,-35.669622747056074,-30.47841748160485,5.191205265451224,,339,472;496;499,320;338;347;358;367;369;372;374;390;421;434;436;443;474;500;502;527,452,445;446;447;448;453;482;487;491;492;495;497,375;405,326;391;406;442;451;467;471;480;506;525;528,452;484,445;447;449;470;483;485;490,486,492;493;495;497
