pdb,antibody,method,constrained,wt_total,om_total,d_total,wt_interface,om_interface,d_interface,tot_stab_mut_close,tot_stab_mut_distal,tot_stab_other_close,tot_stab_other_distal,tot_destab_mut_close,tot_destab_other_close,tot_destab_mut_distal,tot_destab_other_distal,int_destab_mut,int_destab_other,int_stab_mut,int_stab_other
7MJK,3,rpk,cons,-548.9524736017571,-534.7451343146605,14.207339287096602,-51.43953289607256,-43.60876553845346,7.830767357619102,,339;446,,,493;501,,371;373;375,372,417;505,403,,
7MJK,3,rpk,free,-592.1535038459074,-584.05360713099,8.09989671491735,-58.08129035342426,-56.110208994994224,1.971081358430034,,339;446,490;497,451,493,495,371;375,372;452,417;505,403,,490
7MJK,3,af2,cons,-602.6506802127557,-612.9440156895765,-10.293335476820857,-31.876669822674238,-37.001738313561916,-5.125068490887678,,339;371;484,476,367;369;372;472;483;485;518,,492,375;446,365;368;434;435;452;499,417;505,,478;493,473;475
7MJK,3,af2,free,-656.7908055810124,-664.8792362311985,-8.088430650186183,-56.616781175168896,-62.81137786613056,-6.194596690961667,,339;371;484,,369;372;390;393;451;485;516;518;527,493;496,494,446,374;381;435;519;528,417;505,,478;493;501,421;453;486;502
