pdb,antibody,method,constrained,wt_total,om_total,d_total,wt_interface,om_interface,d_interface,tot_stab_mut_close,tot_stab_mut_distal,tot_stab_other_close,tot_stab_other_distal,tot_destab_mut_close,tot_destab_other_close,tot_destab_mut_distal,tot_destab_other_distal,int_destab_mut,int_destab_other,int_stab_mut,int_stab_other
7R8L,2,rpk,cons,-526.5785293563384,-504.10535408139407,22.473175274944367,-49.63644022743833,-49.09942311479768,0.5370171126406476,,339;408,,,405,,371;373;375;376;452,372,486;505,,,
7R8L,2,rpk,free,-558.0613929663168,-551.096526974671,6.9648659916458655,-62.176763952666576,-46.15757663965314,16.019187313013433,,339;408,403,522,405;498,493,371;375;452,378;395,417;486;498;505,495,,
7R8L,2,af2,cons,-611.6710245171831,-515.4473394613335,96.22368505584961,-41.149029068749066,-26.67062183224427,14.478407236504797,,339,458;483;490;500;502,383;485,405;477;478;501;505,453;454;455;456;473;474;475;476;479;480;487;494;495;497;503,,365;442;445;446;448;451;467;469;491;492;506,478;505,455;456;473;475;476;493,477;486;498,487;495;503;504
7R8L,2,af2,free,-657.0691937977027,-624.1359538172937,32.933239980408985,-49.04188466169853,-13.160727973264816,35.88115668843372,,339;484,490;500;502,320;338;358;367;369;390;423;436;443;472;483;485;499,405;486;501,420;453;455;457;459;460;475;487;495,,326;351;368;391;442;445;446;448;451;467;471;491;492;497;506,486;501;505,403;420;455;456;460;473;475;489;493,477;478,
