pdb,antibody,method,constrained,wt_total,om_total,d_total,wt_interface,om_interface,d_interface,tot_stab_mut_close,tot_stab_mut_distal,tot_stab_other_close,tot_stab_other_distal,tot_destab_mut_close,tot_destab_other_close,tot_destab_mut_distal,tot_destab_other_distal,int_destab_mut,int_destab_other,int_stab_mut,int_stab_other
7SOB,4,af2,cons,-835.7532814184324,-801.1657305435367,34.58755087489567,-34.88654530070575,-29.880189055233036,5.006356245472713,,,272,41;97;153;215;228;229;242;248,19;24;25;26,23;80;88,,17;18;140;141;182;244;245;249;250;251;256;257;258;259,25,88,,23
7SOB,4,af2,free,-898.6095953077823,-893.3681404826913,5.241454825091068,-35.308555910669696,-40.855462917786234,-5.546907007116538,,142,79;269;272,55;97;138;180;222;228;246;248;252;253;260,19;25;26,54;84;270,,17;18;29;64;73;98;140;179;216;221;245;250,,270,,23;83;88
