pdb,antibody,method,constrained,wt_total,om_total,d_total,wt_interface,om_interface,d_interface,tot_stab_mut_close,tot_stab_mut_distal,tot_stab_other_close,tot_stab_other_distal,tot_destab_mut_close,tot_destab_other_close,tot_destab_mut_distal,tot_destab_other_distal,int_destab_mut,int_destab_other,int_stab_mut,int_stab_other
7D30,2,rpk,cons,-515.8076295179895,-495.06537006937697,20.74225944861257,-102.9255681314195,-101.64928602805638,1.2762821033631155,,408,,,371;373;375,370;372,405;501,455,,,,
7D30,2,rpk,free,-566.2912212313664,-546.3710493216236,19.920171909742862,-103.48486177584545,-108.09628679280775,-4.611425016962301,,408;452,,508,371;375,369;370;372,501,343;455;506,,,371,
7D30,2,af2,cons,-527.7287095276406,-357.11080832217357,170.61790120546704,-7.547276341090571,56.425756491476,63.973032832566574,,,377;385;389;392,483;490;496;500;502;508;518,371;373,362;363;364;365;367;368;372;384;388,405;493;501,346;351;442;446;449;451;453;454;456;457;461;469;471;473;479;487;491;492;494;495;497;506;520;538;541,,363;364;365;367;384;385;388,,335;369;377;389;527
7D30,2,af2,free,-648.1616123263873,-615.364612367146,32.79699995924125,-17.604849672384677,-27.418144505320072,-9.813294832935394,,339;478;498,366;367;369;384;385,320;329;421;443;483;490;500;502,371,370;372,405;493;501,391;433;442;445;446;448;451;453;454;455;457;465;488;491;492;495;497;506;517;519;520,,370;372,375,369;383;386
