pdb,antibody,method,constrained,wt_total,om_total,d_total,wt_interface,om_interface,d_interface,tot_stab_mut_close,tot_stab_mut_distal,tot_stab_other_close,tot_stab_other_distal,tot_destab_mut_close,tot_destab_other_close,tot_destab_mut_distal,tot_destab_other_distal,int_destab_mut,int_destab_other,int_stab_mut,int_stab_other
7JZU,1,rpk,cons,-582.5002149411466,-556.1850762453273,26.315138695819314,-71.09482733660296,-62.65723778919349,8.437589547409473,,339;408,,,405;498,,371;373;375,372,417;486;498,,501,
7JZU,1,rpk,free,-593.3965560784684,-578.1075901759957,15.288965902472683,-74.94080926459243,-63.02595434203826,11.91485492255417,,339;408,,356,405;498,,371;375,364;365;368,417;484;486;498;505,492,501,490
7JZU,1,af2,cons,-622.8758300689236,-544.6499352600559,78.22589480886768,-61.97682185232465,-47.95153444887425,14.025287403450399,,339,483;485;490;502;503,383;481,405;477;498;501,447;453;456;457;474;487;489;491;492;493;494;495;497;506,375,365;442;448;451;454;467;469;479,417;486;501,453;456;489;492;493;502,478,475;487;500;503;504
7JZU,1,af2,free,-664.0909199494663,-623.9995528834665,40.09136706599975,-72.18043435239377,-67.93112438933844,4.249309963055339,,339,421;475;476;483;485;490;500;502;503,320;338;358;367;369;372;374;390;434;436;443,405;501,446;448;453;455;456;457;473;474;489;491;495;497;506,375,368;430;442;451;454;465;468;471;479;492;526,417;484;505,453;456;489;490;493;497,478,475;476;487;495;500;503;504
