pdb,antibody,method,constrained,wt_total,om_total,d_total,wt_interface,om_interface,d_interface,tot_stab_mut_close,tot_stab_mut_distal,tot_stab_other_close,tot_stab_other_distal,tot_destab_mut_close,tot_destab_other_close,tot_destab_mut_distal,tot_destab_other_distal,int_destab_mut,int_destab_other,int_stab_mut,int_stab_other
7CWT,4,rpk,cons,-355.01733983818696,-351.55697207843275,3.460367759754206,-25.737745445459456,-22.588702634525035,3.1490428109344215,,339,,,501,,371;375;493,,505,,,
7CWT,4,rpk,free,-474.9086630520901,-460.25169218569494,14.65697086639517,-35.319270404364715,-36.51510169512521,-1.1958312907604949,,339;373;408,500,340;436,440;498;505,,371;375,335;368;372;377;464,440;498,499,501;505,494;500;502
7CWT,4,af2,cons,-607.6665082061868,-509.4976914997137,98.16881670647308,-21.135238234217113,-5.1341552504348265,16.001082983782286,,339,496;502,483;490;518,405;501;505,445;446;449;494;503;506,371;373;452,346;351;365;372;451;454;455;456;457;459;461;467;469;473;474;475;479;480;487;491;492;495;497;520;522;541,501;505,445;449;499;500;503,,506
7CWT,4,af2,free,-657.5908917374416,-610.1288208622882,47.46207087515336,-37.97758526923654,-25.371882232518814,12.605703036717728,,339;478,,320;338;366;367;368;380;390;421;466;473;483;490;518;527,405;498;501,445;446;449;506,371,365;374;381;391;418;420;451;454;457;461;469;488;491;492;495;497;517;519;520;525,440;498;505,449;499;500;502,405,450;486;503;506
