pdb,antibody,method,constrained,wt_total,om_total,d_total,wt_interface,om_interface,d_interface,tot_stab_mut_close,tot_stab_mut_distal,tot_stab_other_close,tot_stab_other_distal,tot_destab_mut_close,tot_destab_other_close,tot_destab_mut_distal,tot_destab_other_distal,int_destab_mut,int_destab_other,int_stab_mut,int_stab_other
7N9C,2,rpk,cons,-243.18342409286714,-215.77803630554678,27.405387787320365,-30.759743812386155,-27.375653797337034,3.3840900150491215,,339;452,,,373;375;376,372;502,371;493;498;501,370,408,,,
7N9C,2,rpk,free,-361.08038186604733,-380.75270752538415,-19.67232565933682,-57.70792765054463,-46.710034334071736,10.997893316472897,,339,372;374;403;406,336;367;397;451;497;509,371,413;437;502,493;498,334;362;422;430;434;450;496,408,372;374;413,,
7N9C,2,af2,cons,-605.8096478268649,-529.1715881699753,76.6380596568896,-19.40504983257714,-14.539880776985145,4.865169055591997,,339,502,483;490;518,371;373;375;405,372;378,501,346;351;365;446;448;449;451;453;455;456;457;471;473;475;479;487;491;492;494;495;497;506;520;522;541,408,378,405,374
7N9C,2,af2,free,-665.928503072797,-611.2202808827024,54.7082221900946,-57.762435981804124,-19.05911789559937,38.70331808620475,,339;478,502,347;354;367;418;483;490;500;518;541,371;405,377;379;403;407;503;504,493;501,342;365;391;442;445;446;448;449;451;453;454;455;480;491;492;494;495;497;506;511;517;519;520,376;405;408,369;372;374;377;379;380;407;502;503;504;508,,
