pdb,antibody,method,constrained,wt_total,om_total,d_total,wt_interface,om_interface,d_interface,tot_stab_mut_close,tot_stab_mut_distal,tot_stab_other_close,tot_stab_other_distal,tot_destab_mut_close,tot_destab_other_close,tot_destab_mut_distal,tot_destab_other_distal,int_destab_mut,int_destab_other,int_stab_mut,int_stab_other
7CWN,1,rpk,cons,-402.17156206256163,-385.84488964867535,16.326672413886286,-44.01336313174295,-43.72777411935276,0.2855890123901901,,,,506,478,,371;373;501,372,,,,487
7CWN,1,rpk,free,-530.6499056865994,-520.8973455896204,9.752560096978982,-53.67539953902565,-47.98753842166549,5.687861117360157,,373;505,,365;377;379;384;385;387;388;526,,,371;405;501,338;367;409;418;419;502;510,484,483,452,
7CWN,1,af2,cons,-610.9077878431627,-531.6383649851745,79.26942285798827,-32.88414804638177,-20.254490193887133,12.629657852494635,,339,483;485,500;502,,446;449;456;469;473;475;479;487;491;492;493;494;495;497,405;477,365;442;448;451;454;457;467;474;506,484,481;490;494,,495
7CWN,1,af2,free,-659.5450320319063,-606.7020325957201,52.84299943618623,-52.147330527439124,-39.62883634209359,12.518494185345531,,,483;485;499,320;346;356;366;367;372;374;390;443;467;476;500;502,486,446;449;455;456;473;487;491;492;495;497,371;405,326;357;377;394;430;433;442;445;448;451;454;465;475;479;506;526,484,449;455;470;472;483;490,,485;493;494;495
