pdb,antibody,method,constrained,wt_total,om_total,d_total,wt_interface,om_interface,d_interface,tot_stab_mut_close,tot_stab_mut_distal,tot_stab_other_close,tot_stab_other_distal,tot_destab_mut_close,tot_destab_other_close,tot_destab_mut_distal,tot_destab_other_distal,int_destab_mut,int_destab_other,int_stab_mut,int_stab_other
7F62,1,rpk,cons,-368.9450594448905,-347.8830382432785,21.06202120161197,-36.239168717646876,-32.92812574341261,3.311042974234269,,339,,,405;501,,371;373;375;376,372;406,505,,501,
7F62,1,rpk,free,-453.20033098356964,-445.95321934755634,7.247111636013301,-46.59684409924323,-45.810275176938184,0.7865689223050438,,339;373,453,336;340;369;386;402;461;510,405;484;501,455,371;375,370;372;383;385;387;418,405;484;505,499,,449;453;495
7F62,1,af2,cons,-607.4157636524218,-528.5459999000012,78.86976375242057,-24.349858612434932,-11.53535814813513,12.814500464299803,,339,483;490;500;502,481;485,405;498;501;505,449;453;455;456;475;487;489;494;495;497;506,477,365;442;448;451;454;457;467;469;474;479;491;492,498;505,449;453;495;500,501,
7F62,1,af2,free,-656.2142500509792,-604.3363682614637,51.87788178951553,-48.03735107111849,-18.742261548698174,29.29508952242032,,339,443;490;502,320;338;347;358;367;369;390;436;472;481;483;485,405;505,418;446;447;453;455;456;495;506,375,351;368;430;435;442;448;451;454;457;465;474;479;487;491;492;497;516,405;408;440;498;505,406;453;493;500;502,501,
