pdb,antibody,method,constrained,wt_total,om_total,d_total,wt_interface,om_interface,d_interface,tot_stab_mut_close,tot_stab_mut_distal,tot_stab_other_close,tot_stab_other_distal,tot_destab_mut_close,tot_destab_other_close,tot_destab_mut_distal,tot_destab_other_distal,int_destab_mut,int_destab_other,int_stab_mut,int_stab_other
7E5R,8,rpk,cons,-366.7367436072751,-322.2530636829315,44.48367992434362,-22.274698642097977,-19.65718691070119,2.617511731396789,,339,,508,452;484;498,,371;373;375;501,437;439;499,484,,,
7E5R,8,rpk,free,-489.1377030101945,-467.3963511448104,21.741351865384104,-44.150286995135886,-42.37633440018814,1.773952594947744,,339;373;408,472,338;363;364;365;368;372;374;377;406;434;508;525,452;498,488,371;375;405;501,333;337;379;388;418;437;439;474;499;509;527,484;486,483,,449;472;481;494
7E5R,8,af2,cons,-612.2190697570534,-529.5734836950265,82.64558606202684,-22.708874158660684,-15.79488412622436,6.913990032436324,,339,483;485;499,383;500;502;508,501,446;449;453;456;469;487;488;491;492;494;495;497,405;477,351;365;387;389;442;448;451;454;457;467;473;474;475;479;506,484,470;481;490,498,493;499
7E5R,8,af2,free,-661.0230064116117,-623.4377849510582,37.5852214605535,-53.720870939860724,-53.71635976798575,0.004511171874973741,,,472;483;485;499,320;338;347;358;367;369;382;390;423;427;436;443;500;502;518,452,446;449;453;455;470;481;487;491;492;495;497,405,357;368;394;395;403;420;424;430;442;445;448;451;457;465;466;467;479;506;516,484,446;449;450;470;481;490,486;498,482;485;489;493;494;495
