pdb,antibody,method,constrained,wt_total,om_total,d_total,wt_interface,om_interface,d_interface,tot_stab_mut_close,tot_stab_mut_distal,tot_stab_other_close,tot_stab_other_distal,tot_destab_mut_close,tot_destab_other_close,tot_destab_mut_distal,tot_destab_other_distal,int_destab_mut,int_destab_other,int_stab_mut,int_stab_other
6YZ5,1,rpk,cons,-570.9395659477843,-540.9891279070757,29.950438040708605,-41.303777212065604,-29.7769497712379,11.526827440827706,,339,,,484;493,,371;373;376;405;501,372,484;493,,,
6YZ5,1,rpk,free,-589.662684782638,-574.2324928045357,15.430191978102357,-42.09779820020877,-34.584794542047725,7.513003658161047,,339;408,,374,484;493;498,,371;375;376;501,372;378,484;493,,,
6YZ5,1,af2,cons,-612.9535309016252,-522.5671637010007,90.38636720062448,-32.529812383120536,-10.688483682593573,21.841328700526965,,339,481;483,502;518,452;493;501,446;448;449;456;473;487;489;491;492;494;495;497;499,371;373;405,351;365;372;451;454;457;469;471;475;479;506;520;522;541,493,449;483;489;490;494,501,445;495
6YZ5,1,af2,free,-662.6403812129968,-612.7438928404142,49.89648837258255,-42.666841126845476,-18.836605373557298,23.83023575328818,,339;478,499;502,320;367;390;407;436;443;458;473;481;500;518,484;493,446;447;448;449;451;455;483;488;489;491;492;494;495;496;497,405,374;377;391;425;430;435;457;465;480;506;519;525;526,484;493,449;483;489;490,501,445;495;497
