pdb,antibody,method,constrained,wt_total,om_total,d_total,wt_interface,om_interface,d_interface,tot_stab_mut_close,tot_stab_mut_distal,tot_stab_other_close,tot_stab_other_distal,tot_destab_mut_close,tot_destab_other_close,tot_destab_mut_distal,tot_destab_other_distal,int_destab_mut,int_destab_other,int_stab_mut,int_stab_other
7LQV,3,af2,cons,-791.7010458214635,-772.367890038493,19.333155782970493,-4.5022007081804345,-18.34578052685709,-13.843579818676655,,,144;148;154;155,20;21;75;76;78;79;97;111;228;229;272,,140;146;152;156;160;242;244;245;249;250;251;253;255;256;257,19;24;25,183;233;258;259;270,,146;256,,147;148;155;156;249;251
7LQV,3,af2,free,-893.843182480332,-875.6435047986909,18.199677681641106,-22.266733276828003,-35.79512760091032,-13.528394324082317,,,145;148;154;246;248;251;252,18;20;41;75;76;80;95;97;118;139;180;186;212;222;228;242;260,,15;140;144;156;245;249,19;25,23;29;78;149;181;183;216;255;263;270,,144;147;157,,161;250;251;252;253;254;255
