pdb,antibody,method,constrained,wt_total,om_total,d_total,wt_interface,om_interface,d_interface,tot_stab_mut_close,tot_stab_mut_distal,tot_stab_other_close,tot_stab_other_distal,tot_destab_mut_close,tot_destab_other_close,tot_destab_mut_distal,tot_destab_other_distal,int_destab_mut,int_destab_other,int_stab_mut,int_stab_other
7LXZ,4,rpk,cons,-632.0899270050938,-604.3279987929325,27.761928212161365,-47.48801438735631,-35.60360582898462,11.884408558371689,,339,,,446;501,,371;373;375,372;374,484;493,,,
7LXZ,4,rpk,free,-649.0202539751962,-631.0300882713534,17.990165703842763,-51.16493883058405,-45.90014618532209,5.264792645261956,,339,453,406;502;508,446;484,447;455,371;373,372;434;506,484;493,,496,494
7LXZ,4,af2,cons,-611.2213255661322,-616.1509866511396,-4.92966108500741,-34.745483627515796,-32.54954091608967,2.1959427114261274,,339;371,483;485,367;369;372;406;481;518,446;496;501,,375,365;368;374;434;435;528,,483,,486
7LXZ,4,af2,free,-660.5663305941982,-666.0267757172116,-5.460445123013415,-39.87152718848362,-39.300787566594146,0.5707396218894729,,339;371,483;485;486;488,369;372;390;393;406;480;481;518;527,446,448;449;455,,374;389;391;435;519,484;493,483,496,485;486;494
