pdb,antibody,method,constrained,wt_total,om_total,d_total,wt_interface,om_interface,d_interface,tot_stab_mut_close,tot_stab_mut_distal,tot_stab_other_close,tot_stab_other_distal,tot_destab_mut_close,tot_destab_other_close,tot_destab_mut_distal,tot_destab_other_distal,int_destab_mut,int_destab_other,int_stab_mut,int_stab_other
7M6E,3,rpk,cons,-505.2462882110764,-483.5183018084469,21.727986402629483,-42.42817946890658,-42.272124662292896,0.15605480661368176,,496,,473,371;373,372;374,,455,,,,
7M6E,3,rpk,free,-581.4046062080265,-572.8645764209201,8.540029787106391,-55.39074887804534,-55.10944325048675,0.281305627558595,,496,441,387;405;455;495,373,336;338;372;436,484;493,364;369;377;449;517,373,438,339,342;441
7M6E,3,af2,cons,-601.3262891816626,-600.6586286471845,0.6676605344780455,-41.383872707558275,-43.14278453682761,-1.758911829269337,,,372,369;406;483;485;518,446,368;436;437;499,496;501,435,,343;437;445,339,346
7M6E,3,af2,free,-654.5668246837572,-654.4396326254598,0.12719205829739622,-59.59479087184512,-68.40517253460261,-8.810381662757493,,484,342;372,356;369;380;383;406;483;485;518;527,446,435;445,496;501,381;387;391;424;425;455;528,373,445,339,342;436;437
