pdb,antibody,method,constrained,wt_total,om_total,d_total,wt_interface,om_interface,d_interface,tot_stab_mut_close,tot_stab_mut_distal,tot_stab_other_close,tot_stab_other_distal,tot_destab_mut_close,tot_destab_other_close,tot_destab_mut_distal,tot_destab_other_distal,int_destab_mut,int_destab_other,int_stab_mut,int_stab_other
6XC7,2,rpk,cons,-523.3695268225097,-503.4740188533346,19.89550796917507,-49.78904879870117,-49.17214433257507,0.6169044661260941,,339,,,371;373;375,372,405;501,,,,,
6XC7,2,rpk,free,-552.9280629928055,-547.9250389227838,5.003024070021752,-59.7428047468093,-59.46631798081726,0.2764867659920398,,339,,347;458,371;373;375,368,501,455,408,369,,372
6XC7,2,af2,cons,-603.1425655686018,-515.5412358450445,87.60132972355723,-50.99036047153824,-47.724075069583776,3.2662854019544625,,339,377;518,366;483;490;496;502;516,371;373,321;370,405;501,346;351;365;446;449;451;454;455;456;457;459;461;467;469;471;473;474;475;479;487;491;492;494;495;497;506;520;522;538;541,375,321;370;386,,369;374;377
6XC7,2,af2,free,-662.3442121051894,-633.3317523853364,29.01245971985304,-56.95069135737582,-55.721777617530556,1.228913739845261,,339;477;478,321;383;389;407;518,320;367;436;437;443;458;466;474;483;490;500;502,,368;369;391;434;435;519,405;493;501,366;403;445;446;447;448;454;455;456;457;469;479;480;489;491;492;495;497;506;520;526,,369;370;378;385;386;519,375,321;374;383
