pdb,antibody,method,constrained,wt_total,om_total,d_total,wt_interface,om_interface,d_interface,tot_stab_mut_close,tot_stab_mut_distal,tot_stab_other_close,tot_stab_other_distal,tot_destab_mut_close,tot_destab_other_close,tot_destab_mut_distal,tot_destab_other_distal,int_destab_mut,int_destab_other,int_stab_mut,int_stab_other
7DK5,1,rpk,cons,-491.3589216121539,-444.895361619557,46.46355999259691,-61.645125003168054,-54.29507955590208,7.350045447265977,,339,,,446;493;498,447;455;502,371;373;375,369;372,446;496,,501,
7DK5,1,rpk,free,-530.641277547566,-534.6377936053448,-3.996516057778763,-69.88510216957626,-68.57973271380224,1.305369455774013,,339,486;491,372;374;376;380,446,403;447;490;502,371;375;477,,484;498,445;475;489,446;501,444;486;490
7DK5,1,af2,cons,-583.3215192554409,-579.883733535291,3.4377857201499182,-33.42378858704747,-34.47196201648492,-1.0481734294374547,,339;371,481;483;485;486,367;369;372;518,493;496;501,449;455;488;489,375,365;368;374;434;435;499;528,493,488,,485;486
7DK5,1,af2,free,-659.4135272316505,-652.8464499517709,6.567077279879641,-64.85944022946283,-65.09162992646789,-0.23218969700505454,,339,421;456;480;481;483;485,358;369;372;451;518;527,493;496,444;447;449;452;455,,342;374;435;526;528,484;493,444;449;490;494;495,446;501;505,473;485;486
