pdb,antibody,method,constrained,wt_total,om_total,d_total,wt_interface,om_interface,d_interface,tot_stab_mut_close,tot_stab_mut_distal,tot_stab_other_close,tot_stab_other_distal,tot_destab_mut_close,tot_destab_other_close,tot_destab_mut_distal,tot_destab_other_distal,int_destab_mut,int_destab_other,int_stab_mut,int_stab_other
7N9B,2,rpk,cons,-466.51454081426607,-462.22088879719377,4.293652017072304,-34.89671721292152,-34.42981888432578,0.46689832859573954,,339;505,,,498,,371;373,,484,,493,455;490
7N9B,2,rpk,free,-566.3428430824981,-563.1371198383209,3.205723244177193,-50.696824341895336,-55.33377053020484,-4.636946188309501,,339;408;505,481;489,330;347;369;372;422;434;438;454;479;507;508;525,478;484;498,455;487;491;492,371,342;365;368;370;377;385;433;436;526,484,492,452;493,470;488;489;490
7N9B,2,af2,cons,-607.2252878433003,-516.0891234690712,91.13616437422911,-22.337765901505673,-22.70057945499094,-0.36281355348526745,,339,490;496;500;502,383;518,493;501;505,351;446;448;449;453;456;486;487;491;492;494;495;497,371;373;405,346;365;372;403;451;454;457;461;465;471;473;474;479;506;520;522;541,,483;490;492,452;501,495
7N9B,2,af2,free,-656.6040711154988,-617.6389684375262,38.965102677972595,-41.15772245436595,-55.11523507017816,-13.957512615812206,,339;478,486;488;499;500;502,320;354;367;390;407;418;436;437;466;474;518;527,493,446;447;448;449;453;455;456;470;489;491;492;495;497,405,374;377;391;403;430;435;442;451;454;457;469;506;519;528,,351;470;483;489;490,452;493;498;501,445;455;486;487;494;495
