pdb,antibody,method,constrained,wt_total,om_total,d_total,wt_interface,om_interface,d_interface,tot_stab_mut_close,tot_stab_mut_distal,tot_stab_other_close,tot_stab_other_distal,tot_destab_mut_close,tot_destab_other_close,tot_destab_mut_distal,tot_destab_other_distal,int_destab_mut,int_destab_other,int_stab_mut,int_stab_other
7KQE,2,rpk,cons,-537.802640861176,-533.7329963247572,4.069644536418764,-44.84360756068157,-44.88453710907856,-0.04092954839698848,,339;478,,479,371;373;375,372,446;501,455,,,,
7KQE,2,rpk,free,-567.8038208369834,-566.1888959527187,1.614924884264724,-53.116756786145366,-54.21950540233108,-1.102748616185714,,339;478;496,,335;436;479,371;373;375,437,446,455;490,371,,,372
7KQE,2,af2,cons,-616.6588979526398,-614.7071116894961,1.951786263143731,-29.940388363261683,-27.023106408058766,2.9172819552029168,,339,372,367;406;483;485;518,375,368;369;370;374;435,446;496;501,434;455;489;499,371,370,373,
7KQE,2,af2,free,-659.5213911086666,-659.2735064869001,0.24788462176650228,-36.90850291228703,-52.14987937195153,-15.241376459664501,,339,369;378;406;408,367;481;483;518,,365;368;370;374;382,,342;356,375,370,373,372;378;385;405;408
