pdb,antibody,method,constrained,wt_total,om_total,d_total,wt_interface,om_interface,d_interface,tot_stab_mut_close,tot_stab_mut_distal,tot_stab_other_close,tot_stab_other_distal,tot_destab_mut_close,tot_destab_other_close,tot_destab_mut_distal,tot_destab_other_distal,int_destab_mut,int_destab_other,int_stab_mut,int_stab_other
7SOE,3,af2,cons,-774.7290875416968,-781.4862729986289,-6.75718545693212,-10.120521287199338,-19.06457546008134,-8.944054172882002,,,144;146;149;150,18;20;21;41;65;75;76;79;111;138;184;228;229,,140;141;147;148;244,19;24;25,29;66;80;183;197;245;249;257;258;259,,147;152;153,,146;148;150
7SOE,3,af2,free,-892.3598356274213,-866.338207704087,26.021627923334222,-53.51786871633688,-53.91131045239249,-0.39344173605561394,,,246;248,41;81;96;108;110;111;139;222;228;237;242;243;256,,140;143;145;146;147;148;150;152;245,19;25;70,78;221;249;250;257;259;263,,144;149;152;153;176,,146;147;249
