pdb,antibody,method,constrained,wt_total,om_total,d_total,wt_interface,om_interface,d_interface,tot_stab_mut_close,tot_stab_mut_distal,tot_stab_other_close,tot_stab_other_distal,tot_destab_mut_close,tot_destab_other_close,tot_destab_mut_distal,tot_destab_other_distal,int_destab_mut,int_destab_other,int_stab_mut,int_stab_other
7M42,1,rpk,cons,-448.8626206693251,-426.61714798056755,22.24547268875756,-37.95624109058434,-30.073569175603303,7.882671914981039,,339,,,371;373;405;501,369;372,,,405;408,377,375,
7M42,1,rpk,free,-527.4637676725238,-525.8570259050365,1.6067417674872786,-54.74844936912647,-48.686456739257565,6.061992629868904,,339,368;369;374;377,,371;405;501,370,,446,405;408,,375,
7M42,1,af2,cons,-610.1924333162863,-524.1034130438618,86.08902027242448,-25.25354709078416,-19.218241484344496,6.035305606439664,,339,437;502,443;483;490;496;518,371;373;375;405;501,370;506,452,346;351;365;387;446;449;451;453;454;455;456;457;461;467;469;471;473;475;479;487;491;492;494;495;497;520;522;538;541,408,503,375,
7M42,1,af2,free,-662.1114070870799,-602.2254835449762,59.88592354210368,-50.72928240670041,-34.12204723013024,16.60723517657017,,339;478,383;384;385;436;500;502,320;366;422;474;483;490;518,371;373;405;501,368;369;374;378;503;506,452;493,391;442;445;446;451;455;466;479;488;491;492;495;497;517;519;520;525,405;408;501,369;378;500;503,375,377;506
