pdb,antibody,method,constrained,wt_total,om_total,d_total,wt_interface,om_interface,d_interface,tot_stab_mut_close,tot_stab_mut_distal,tot_stab_other_close,tot_stab_other_distal,tot_destab_mut_close,tot_destab_other_close,tot_destab_mut_distal,tot_destab_other_distal,int_destab_mut,int_destab_other,int_stab_mut,int_stab_other
7K43,3,rpk,cons,-643.7031994844577,-620.7442954382938,22.95890404616398,-42.92507199843806,-32.757674995339336,10.16739700309872,,339;408,,,484;501,,371;373;375,372,484;493,,,
7K43,3,rpk,free,-661.3729658830573,-642.0459397613083,19.327026121748986,-44.58921393808099,-41.48177467249576,3.107439265585228,,339;408,472,,484;501,449;455,371;373;376;405,372,484;493,,,494
7K43,3,af2,cons,-612.6138310255774,-505.32802564997024,107.28580537560714,-35.575721681794235,-21.926888867986687,13.648832813807548,,339,496;500;502,481;518,452;493;501,446;448;449;453;456;473;475;487;488;491;492;494;495;497,371;373;405,346;351;365;372;451;454;457;469;471;479;506;520;538;541,493,449;483;489;490;494,501,486;499
7K43,3,af2,free,-657.9616670854455,-608.8990389785927,49.0626281068528,-45.18430484632281,-42.36593649979144,2.818368346531372,,339;477,486;490;499;500;502,320;338;354;367;380;390;466;518,493;498;501,444;446;448;449;453;455;456;473;487;492;495;497,371;405,365;374;377;381;391;451;454;480;491;506;507;519;520;526,484;493,444;449;455;483;490,498;501,475;486;494;495;499
