pdb,antibody,method,constrained,wt_total,om_total,d_total,wt_interface,om_interface,d_interface,tot_stab_mut_close,tot_stab_mut_distal,tot_stab_other_close,tot_stab_other_distal,tot_destab_mut_close,tot_destab_other_close,tot_destab_mut_distal,tot_destab_other_distal,int_destab_mut,int_destab_other,int_stab_mut,int_stab_other
7MM0,1,rpk,cons,-119.24988541569647,-118.04797570178881,1.2019097139076536,-32.21326665819557,-29.091533087363793,3.121733570831779,,339;376;452,,449,493,,371;375;501,451,478,,,
7MM0,1,rpk,free,-260.8379860223985,-260.02744366508387,0.8105423573146595,-40.73584901467566,-36.582083851875666,4.153765162799992,,339;373;376;408,456;475;476,342;361;372;374;378;379;384;387;396;400;406;418;497;509;524,477;484;493,421;492,375;405,349;392;398;401;412;423;433;448;464;495;515;518;525;528,477;493,,,476
7MM0,1,af2,cons,-608.227360208436,-466.16010619528475,142.06725401315128,-44.74063621819127,2.1068408264658043,46.847477044657076,,339,483;489;490,443;500;502;518,477;478;493,455;456;457;459;473;474;475;476;479;480;485;486;487;492;495,371;373;405;501,346;351;365;372;446;449;451;454;461;465;467;471;491;494;497;506;520;522;541,417;477;478;493,456;474;475;476;479;486;489,,481;483;487
7MM0,1,af2,free,-663.9643142604646,-618.1543596251995,45.80995463526506,-50.0698872145091,-49.9467018584443,0.12318535606480197,,339,483;490,320;338;358;367;382;407;429;436;443;500;502;518;528,493,455;456;475;479;487;494;495;496;497,375;405;501,365;368;369;377;384;420;445;446;447;448;451;465;491;492;506;519;520;526,477;478;493,473;479;487;489,484,455;474;481;483;486;495
