pdb,antibody,method,constrained,wt_total,om_total,d_total,wt_interface,om_interface,d_interface,tot_stab_mut_close,tot_stab_mut_distal,tot_stab_other_close,tot_stab_other_distal,tot_destab_mut_close,tot_destab_other_close,tot_destab_mut_distal,tot_destab_other_distal,int_destab_mut,int_destab_other,int_stab_mut,int_stab_other
7EH5,4,rpk,cons,-357.8721235164904,-345.92379560827476,11.948327908215617,-20.273771924318908,-14.61438605814507,5.659385866173837,,339;408;505,,,477,,371;373;501,372;492,477;486,,,
7EH5,4,rpk,free,-477.658451418079,-464.1461665520049,13.512284866074083,-33.57424479039567,-19.621732889211387,13.95251190118428,,,479,337;338;368;374;407;435;438;442;509;510,477;478;486,455,371;373;375;405;452;501,334;335;347;348;362;369;389;391;499,478;486,474,,
7EH5,4,af2,cons,-608.3794239203653,-528.6323558937341,79.74706802663115,-12.306760142746246,-11.288111122972909,1.0186490197733367,,339,481;483;485,490;500;502,,455;456;474;475;479;487,405;501,357;365;394;442;445;446;448;449;451;453;454;457;467;469;480;488;491;492;493;494;495;497;506;538,486,489,478,
7EH5,4,af2,free,-653.5600016859848,-620.0961186690939,33.46388301689092,-26.39261776047364,-18.957504845957054,7.435112914516587,,339,481;483,320;338;358;367;369;382;390;418;422;434;436;443;472;490;499;500;502,486,456;487,405;501,394;442;445;446;447;448;451;453;459;467;491;492;493;495;497;506;526,486,489,,481;483
