pdb,antibody,method,constrained,wt_total,om_total,d_total,wt_interface,om_interface,d_interface,tot_stab_mut_close,tot_stab_mut_distal,tot_stab_other_close,tot_stab_other_distal,tot_destab_mut_close,tot_destab_other_close,tot_destab_mut_distal,tot_destab_other_distal,int_destab_mut,int_destab_other,int_stab_mut,int_stab_other
7R8N,2,rpk,cons,-302.56887109971365,-292.27707760257334,10.291793497140304,-28.581295394202712,-27.517973690902025,1.0633217033006872,,339,,,493;501,,371;373;375,372,493,,484,
7R8N,2,rpk,free,-446.98560756358177,-451.5476470383894,-4.562039474807648,-40.78261479287247,-45.90390264521261,-5.121287852340139,,339,444;449;454;492,347;356;377;378;380;412;431;433;466,417;484;501,451,375,363;364;367;372;379;402;432;442;459;465;474,417;484,455;483;485;490,493,449;456;486;492;494
7R8N,2,af2,cons,-592.3360789356404,-604.8250499977682,-12.488971062127803,-25.263543980965153,-36.455804184793,-11.19226020382785,,339;371,449;483;485,367;369;372;406;518,501,,375,365;368;374;434;435;528,498,483;494,484;493;501,445;449;486;489
7R8N,2,af2,free,-662.2045995706646,-667.4079605015813,-5.203360930916688,-48.95773467555191,-52.96508720865508,-4.007352533103166,,339;371,421;472;480;485;486,369;372;390;406;518;528,446;493;496;501,444;447;455,,356;374;435;526,484,444;449;483,446,485;486;487;494
