pdb,antibody,method,constrained,wt_total,om_total,d_total,wt_interface,om_interface,d_interface,tot_stab_mut_close,tot_stab_mut_distal,tot_stab_other_close,tot_stab_other_distal,tot_destab_mut_close,tot_destab_other_close,tot_destab_mut_distal,tot_destab_other_distal,int_destab_mut,int_destab_other,int_stab_mut,int_stab_other
6XDG,1,rpk,cons,-361.3327657877344,-329.3563398779531,31.976425909781312,-43.21021273124221,-33.82609437641053,9.384118354831678,,,,,484;493;501,456;489,371;373;375;446,372,417;484,489,,
6XDG,1,rpk,free,-448.18092247547963,-432.4784897302801,15.70243274519953,-62.60353632103171,-57.26836651331988,5.335169807711829,,339;505,455;487,340;437;449,417;477;493;498,453;486,371;375;446;501,342;370;434;436;445;448;482;483,417,486,493,
6XDG,1,af2,cons,-604.7415436052213,-605.5540757881568,-0.8125321829354561,-39.74640184431864,-35.71156798791979,4.034833856398848,,339;371,406;483;485,367;369;372;518,493;501,449;494,375,365;368;374;389;420;434;435,417;477;484;493,475,478,403;485
6XDG,1,af2,free,-656.6629282227789,-646.1170398189672,10.54588840381166,-39.737504277577315,-48.60578977709408,-8.868285499516766,,339;371,403;485,326;369;372;406;516;518,417;493;501,486;487,446,342;374;435;444;448;491;528,417,475;483;487,,403;453;456;473;485;486
