pdb,antibody,method,constrained,wt_total,om_total,d_total,wt_interface,om_interface,d_interface,tot_stab_mut_close,tot_stab_mut_distal,tot_stab_other_close,tot_stab_other_distal,tot_destab_mut_close,tot_destab_other_close,tot_destab_mut_distal,tot_destab_other_distal,int_destab_mut,int_destab_other,int_stab_mut,int_stab_other
7L0N,3,rpk,cons,-513.752088736419,-495.19505614592856,18.557032590490394,-37.51199103979864,-37.32502697126595,0.18696406853268854,,339,,,375;376,,371;484;501,372;490,,,,
7L0N,3,rpk,free,-552.3929762686396,-531.8296216853586,20.56335458328101,-48.91549306495285,-48.05077862525836,0.8647144396944881,,339;452;505,,,375,,371;373;405;484;501,372;446;490,375,,,
7L0N,3,af2,cons,-608.2389757769204,-523.3681778395736,84.87079793734677,-33.33976024443068,-34.94555183742519,-1.605791592994514,,339,377;518,367;387;483;490;496;500;502,373,389,371;405;493;501,346;351;372;446;449;451;453;454;455;456;457;459;461;467;469;471;473;474;475;479;487;491;492;494;495;497;506;520;522;538;541,,370,,369
7L0N,3,af2,free,-657.6314600656053,-623.0923952626327,34.539064802972575,-46.242129546332144,-46.69420756383985,-0.45207801750770926,,478,384;412,347;354;356;367;407;421;443;466;474;483;490;500;502;527,,374;391;413,405;501,368;442;445;446;448;451;455;456;457;469;480;491;492;495;497;506;519;526,,518,,369
