pdb,antibody,method,constrained,wt_total,om_total,d_total,wt_interface,om_interface,d_interface,tot_stab_mut_close,tot_stab_mut_distal,tot_stab_other_close,tot_stab_other_distal,tot_destab_mut_close,tot_destab_other_close,tot_destab_mut_distal,tot_destab_other_distal,int_destab_mut,int_destab_other,int_stab_mut,int_stab_other
7BEM,1,rpk,cons,-322.03808777017355,-302.2583932357253,19.779694534448254,-60.47779235425062,-43.35963154230404,17.11816081194658,,339,,,405;498;501;505,495,373;375,370;372;387,417;498;505,421;495,,
7BEM,1,rpk,free,-404.3009570357189,-392.22590517509445,12.075051860624455,-73.36933773363856,-62.43912631635634,10.930211417282223,,339,,340;347;364;380;383;387,405;477;498;505,406,371;373;375,372;377;381,498;505,406;495,478;501,453
7BEM,1,af2,cons,-612.3605014182892,-498.0708013230427,114.28970009524653,-48.731268921585,-29.185841711260757,19.54542721032424,,339,502,483;490;518,405;477;493;501;505,449;453;454;455;456;457;473;475;476;479;487;494;495;497;506,371;373,346;351;365;372;442;446;451;469;480;491;492;520;522;541,417;505,475;476;502,,503
7BEM,1,af2,free,-657.7083869880789,-622.0108354020172,35.69755158606176,-68.98111962587885,-54.54571203175878,14.435407594120065,,339,403;476;502,320;367;369;389;390;407;436;443;466;467;482;483;490;518;527,405;493;501;505,406;446;448;451;454;455;456;457;474;487;495;497;506,,368;374;391;442;445;465;468;469;471;480;491;492;519;520;528,505,420;455;473;474;489;495;496,477;478,415;453;476;486;503
