pdb,antibody,method,constrained,wt_total,om_total,d_total,wt_interface,om_interface,d_interface,tot_stab_mut_close,tot_stab_mut_distal,tot_stab_other_close,tot_stab_other_distal,tot_destab_mut_close,tot_destab_other_close,tot_destab_mut_distal,tot_destab_other_distal,int_destab_mut,int_destab_other,int_stab_mut,int_stab_other
7CWU,5,af2,cons,-811.536865748326,-796.1415286854765,15.395337062849535,-4.685914194909094,-11.26151268136427,-6.575598486455176,,67;95,147;148,18;19;21;22;29;75;76;77;97;111;124;138;213;nan;215;216;260,142;143;144,149;153;156;246;254;256;257,212,20;23;141;152;179;187;191;210;229;245;249;255;258;259,144,146;155,,147;148;257
7CWU,5,af2,free,-878.3700472547152,-890.120387303746,-11.750340049030797,-13.240880394134354,-26.387468023578787,-13.146587629444433,,67;95,148;149;242;248;252,18;19;55;68;76;94;97;119;155;170;186;200;213;nan;215;216;222;229;230;259;260;277,142;143;144,146;147;153;246;249,212,20;21;80;98;99;100;101;102;108;134;152;203;209;210;221;237;262,,73;146,,147;149;150;251;252;253;257
