pdb,antibody,method,constrained,wt_total,om_total,d_total,wt_interface,om_interface,d_interface,tot_stab_mut_close,tot_stab_mut_distal,tot_stab_other_close,tot_stab_other_distal,tot_destab_mut_close,tot_destab_other_close,tot_destab_mut_distal,tot_destab_other_distal,int_destab_mut,int_destab_other,int_stab_mut,int_stab_other
7CZR,2,rpk,cons,-454.3179979292835,-427.87635849847305,26.441639430810426,-38.526546994032415,-35.163759524707366,3.362787469325049,,339,,,493;501,,371;373;375,372,505,,,
7CZR,2,rpk,free,-518.0258705937981,-502.9434493504848,15.08242124331332,-51.47196523488341,-55.786660130609704,-4.314694895726291,,339,496;497,380;386;436;508,405;484;493,403;406;486;495,371;375,370;433;506,417,487,478;501,
7CZR,2,af2,cons,-603.9381504599638,-503.75533442061453,100.18281603934929,-30.772325067005042,-23.149915407731356,7.622409659273686,,339,476;485;486;490;500;502,483;518,405;417;477;478;493;505,406;449;453;454;456;457;479;487;488;494;495;497;503;504,371;373,346;351;365;372;442;446;451;461;465;467;469;480;491;492;506;520;522;541,417;505,474;489;503,,476;486;495
7CZR,2,af2,free,-657.6075169599713,-616.9111572270856,40.69635973288575,-62.002328797084026,-33.908295150800356,28.09403364628367,,339,415;474;476;490;500,358;367;390;407;436;482;518,405;417;501,403;406;446;449;453;454;456;475;486;487;492;495;497;506,375;452,368;374;377;391;424;445;448;451;469;519;526,417;493;505,403;409;449;455;456;473;475;486;489;494,477;478;498,415;421;476;503
