pdb,antibody,method,constrained,wt_total,om_total,d_total,wt_interface,om_interface,d_interface,tot_stab_mut_close,tot_stab_mut_distal,tot_stab_other_close,tot_stab_other_distal,tot_destab_mut_close,tot_destab_other_close,tot_destab_mut_distal,tot_destab_other_distal,int_destab_mut,int_destab_other,int_stab_mut,int_stab_other
7K8V,2,rpk,cons,-326.0172980816321,-309.5364542724521,16.480843809179987,-27.5126805995042,-25.24852307994048,2.264157519563721,,339;408,,469,498,,371;373,372;374;455;472,,351,,
7K8V,2,rpk,free,-464.0002781183552,-439.52670144046186,24.473576677893334,-45.252117978912885,-34.96623373748363,10.285884241429258,,339;375;486,468,469;474;487,498,442;449,371;405;484,348;367;368;394;455;456;472;475;513,,351;448;450;490,498,345
7K8V,2,af2,cons,-610.8342448315258,-507.03131741102106,103.80292742050472,-28.68422710087974,-19.066274015526442,9.617953085353296,,339,450;483;499,481;485;500;502,452,351;442;444;446;448;449;451;492;493;494;495;497;509,405;477,365;453;455;456;457;461;467;469;474;475;479;487;488;491;506,,346;444;446;449,,445;499
7K8V,2,af2,free,-650.923743674841,-613.9660470676856,36.95769660715541,-32.83067659963657,-41.559932289917356,-8.729255690280787,,339;478,346;443;483;490;499;500;502,321;338;367;369;390;392;421;436;473;485,,347;442;444;446;449;451;492;494;495;497,375;405,326;368;377;420;424;456;465;469;475;480;487;491;506,,444;490;492,452;501,441;445;447;497
