pdb,antibody,method,constrained,wt_total,om_total,d_total,wt_interface,om_interface,d_interface,tot_stab_mut_close,tot_stab_mut_distal,tot_stab_other_close,tot_stab_other_distal,tot_destab_mut_close,tot_destab_other_close,tot_destab_mut_distal,tot_destab_other_distal,int_destab_mut,int_destab_other,int_stab_mut,int_stab_other
7JV6,2,rpk,cons,-543.592826607899,-522.8565369721005,20.736289635798585,-45.34619397699918,-36.47790756226533,8.868286414733852,,339,,406,484;501,,371;373;375,372;455,484;486,,,
7JV6,2,rpk,free,-570.3275541969227,-554.8455859018325,15.481968295090269,-45.99914693509244,-42.590820676683094,3.408326258409346,,339;408,,403;510,484;501,,371;373;375,372;386;455,484,,,489
7JV6,2,af2,cons,-604.2061647755315,-531.9159618827184,72.29020289281311,-18.08927415578354,-17.820970796513617,0.26830335926992177,,339,483;485;500;502,,452,448;449;479;480;488;491;494;495;497,405;477,365;420;442;451;455;456;457;467;469;474;475;487;492;506,,449;481;490,484;501,446;495
7JV6,2,af2,free,-653.5839154773554,-620.6416769920861,32.942238485269286,-24.76058520645087,-30.337085498810243,-5.576500292359373,,339,483;485;490;500;502,320;338;358;367;369;390;392;436;443,,445;446;448;449;487;488;493;495,405,351;368;402;403;418;430;442;451;456;491;492;497;506;526,,445;446;449;481,501,495;502;503
