pdb,antibody,method,constrained,wt_total,om_total,d_total,wt_interface,om_interface,d_interface,tot_stab_mut_close,tot_stab_mut_distal,tot_stab_other_close,tot_stab_other_distal,tot_destab_mut_close,tot_destab_other_close,tot_destab_mut_distal,tot_destab_other_distal,int_destab_mut,int_destab_other,int_stab_mut,int_stab_other
7BH9,1,rpk,cons,-324.34336239104397,-319.8084379675638,4.534924423480163,-33.157538439791274,-30.206936724110324,2.95060171568095,,408,,,417,455,373;375,,417;505,,493;501,
7BH9,1,rpk,free,-370.6014056915309,-361.6313401286775,8.970065562853392,-42.40647707680309,-51.77914655032095,-9.37266947351786,,408,,374;434;508,484,446;455;492,373,378;437,417;505,446,477;493;498;501,453;496
7BH9,1,af2,cons,-622.2624962992002,-506.62395408764365,115.63854221155651,-39.77745149474289,-15.028234379233819,24.749217115509072,,339,490;502,443;483;518,405;417;493;501;505,446;447;449;455;456;473;474;475;479;486;487;488;489;492;494;495;497;506,371;373,346;351;365;372;451;454;457;461;467;471;480;491;520;522;538;541,417;493;505,449;456;475;487;489;500;502,,503
7BH9,1,af2,free,-661.127863300745,-610.2299734348678,50.89788986587723,-51.85487673431287,-44.095912511978675,7.758964222334193,,339,474;483;490;500;502;503,367;390;407;436;437;443;466;518;527,405;493;501;505,403;445;446;448;453;455;456;475;487;492;495;497;506,,326;368;369;374;377;391;420;434;451;465;467;469;480;491;509;519;520;528,417;493;505,446;449;455;456;486;496,498,474;495;503
