pdb,antibody,method,constrained,wt_total,om_total,d_total,wt_interface,om_interface,d_interface,tot_stab_mut_close,tot_stab_mut_distal,tot_stab_other_close,tot_stab_other_distal,tot_destab_mut_close,tot_destab_other_close,tot_destab_mut_distal,tot_destab_other_distal,int_destab_mut,int_destab_other,int_stab_mut,int_stab_other
7N9T,1,rpk,cons,-258.24824458535716,-256.3800779858503,1.8681665995068784,-21.820566435966125,-22.66640748334585,-0.8458410473797251,,339;373,,,,,371;501,,,,,
7N9T,1,rpk,free,-472.0619802730768,-448.24770061413426,23.814279658942553,-53.82037597888983,-34.05599323098153,19.7643827479083,,339;373;408;505,353;449;468;469,419;442,452;484,454;466;490;494,405;501,350;365;387;390;392;397;398;418;423;509;513;515;524;539,,351;466;470;490;491;492;493;494,,468
7N9T,1,af2,cons,-608.2645764806095,-535.2260200949272,73.03855638568234,0.0,-6.510839339631905,-6.510839339631905,,339,490;499,347;481;483;485;502,,351;492;493;494;495;497,405;477;501,357;365;374;394;442;445;446;448;451;453;454;457;467;469;474;475;479;487;488;491;506,,,452,492
7N9T,1,af2,free,-652.4623381001436,-617.7233751781295,34.73896292201414,0.0,-42.35224578867577,-42.35224578867577,,339;478,468;490;493;499,338;347;367;372;390;421;443;483;485;500;502;527,,467;469;491;492;494;495,371;375;405;501,356;365;377;406;420;442;445;446;447;448;451;454;456;465;474;480;506;528,,,452,351;352;467;468;470;490;492;493;497
