pdb,antibody,method,constrained,wt_total,om_total,d_total,wt_interface,om_interface,d_interface,tot_stab_mut_close,tot_stab_mut_distal,tot_stab_other_close,tot_stab_other_distal,tot_destab_mut_close,tot_destab_other_close,tot_destab_mut_distal,tot_destab_other_distal,int_destab_mut,int_destab_other,int_stab_mut,int_stab_other
7E8M,1,rpk,cons,-528.503055814244,-512.8748194151376,15.628236399106413,-57.692358093132476,-50.74859826657616,6.943759826556317,,339,,,,,371;373;375,,486;505,,501,
7E8M,1,rpk,free,-547.8559894878239,-536.4158335291326,11.44015595869132,-67.05578540732549,-64.35907222089848,2.6967131864270044,,339,,367,405,418;495,371;375,342;368;402,417;486,,501,
7E8M,1,af2,cons,-616.8113382015468,-514.3406865941936,102.47065160735326,-44.31601749427976,-21.315633139169854,23.000384355109908,,339,458;500;502,347;443;483;485,405;477;478;498;505,453;454;473;474;475;476;479;480;487;493;494;495,452,365;442;445;446;448;451;467;468;469;491;492;497;506,486;505,453;456;473;475;476;489;493,498,403;457
7E8M,1,af2,free,-652.8035207584544,-604.4181202568411,48.385400501613276,-63.10126255078162,-6.696726613528906,56.40453593725272,,339,409;418;458;483;490;500;502,320;347;367;369;372;390;436;443;472;485;499,405;486;501;505,420;421;446;447;453;454;455;457;475;480;487;493;495;497,452,365;386;391;404;407;425;435;442;448;451;465;492;506,486;501;505,420;421;453;455;456;457;473;475;487;489;493,477,479
