pdb,antibody,method,constrained,wt_total,om_total,d_total,wt_interface,om_interface,d_interface,tot_stab_mut_close,tot_stab_mut_distal,tot_stab_other_close,tot_stab_other_distal,tot_destab_mut_close,tot_destab_other_close,tot_destab_mut_distal,tot_destab_other_distal,int_destab_mut,int_destab_other,int_stab_mut,int_stab_other
7KL9,2,rpk,cons,-212.3181867119975,-183.31370777229995,29.00447893969755,-35.5625604199564,-24.961311860477696,10.601248559478702,,408,403,370,417;501,,371;373;375;452;484,372;374;439,417;486;505,,,
7KL9,2,rpk,free,-362.331987677019,-347.7202044517929,14.611783225226134,-58.430409944413505,-51.46937996858375,6.961029975829753,,375;376,403;458;489,364;370;386;392;406;508,405;478,473,371;373;452,366;367;372;391;492;524,417;477;486,487;493;496;502,501,416;475;489
7KL9,2,af2,cons,-617.7380485365641,-526.8351543077194,90.90289422884462,-45.36384559175164,-16.305926362589787,29.057919229161854,,339,483;490;500;502,390;421;443;481;485,405;417;477;501;505,403;446;449;453;456;474;475;479;487;489;492;494;495;497;503;506,452,365;442;448;451;454;457;465;467;469;491;528,417;486;505,449;456;475;487;489;493;494,478,455;500;503
7KL9,2,af2,free,-654.386584133434,-609.8876434099104,44.49894072352356,-42.669458488654506,-26.006530317244398,16.66292817141011,,339,475;483;485;489;490;500;502,347;367;369;390;423;436,405;417;486;501,446;447;449;487;494;495;497,375,365;368;406;418;420;430;433;442;445;451;454;465;471;491;492;506,417;486;505,446;449;456;473;475;487;489;500;502,477;478;498,474;503
