pdb,antibody,method,constrained,wt_total,om_total,d_total,wt_interface,om_interface,d_interface,tot_stab_mut_close,tot_stab_mut_distal,tot_stab_other_close,tot_stab_other_distal,tot_destab_mut_close,tot_destab_other_close,tot_destab_mut_distal,tot_destab_other_distal,int_destab_mut,int_destab_other,int_stab_mut,int_stab_other
7N4M,1,rpk,cons,-522.1468208403899,-510.6442150483259,11.502605792063946,-27.966392829403414,-29.030056876983746,-1.0636640475803318,,339,,,371;375,372;374,446;501,455,,374,,
7N4M,1,rpk,free,-569.6449826456756,-560.2119810346637,9.433001611011832,-40.44679087709123,-41.15047087440251,-0.7036799973112764,,339;496,,502;508,373,372;374,446;484,489;506,,,,
7N4M,1,af2,cons,-613.6480631874347,-604.0239445031575,9.624118684277164,-26.0308989153184,-22.50966232172628,3.5212365935921177,,339;484,,367;406;483;485;518,373;375,368;369;374;435;528,446;496;501,420;455;499,373,,,
7N4M,1,af2,free,-661.1275139625097,-647.7097681347798,13.41774582772996,-43.84213770904081,-38.56034528616241,5.281792422878404,,339;484,372;380;527,406;483;518,,365;374;376;378;383;385;414;528,446,332;356;420;430;444;455;515,375,374;376;378;408;414,373,377;385
