pdb,antibody,method,constrained,wt_total,om_total,d_total,wt_interface,om_interface,d_interface,tot_stab_mut_close,tot_stab_mut_distal,tot_stab_other_close,tot_stab_other_distal,tot_destab_mut_close,tot_destab_other_close,tot_destab_mut_distal,tot_destab_other_distal,int_destab_mut,int_destab_other,int_stab_mut,int_stab_other
6XCM,2,rpk,cons,-449.78640938556975,-422.18537537501925,27.601034010550507,-38.954242852810076,-31.338290312905656,7.61595253990442,,339,,,405,455,371;373;375,370;372,408;486;505,453,,
6XCM,2,rpk,free,-531.4595531604114,-529.3285565296135,2.130996630797881,-57.61006822508361,-40.06218678513303,17.54788143995058,,339,490,342;363;390;410;422;436;472,405,421;455,371;375,341;369;388;389;391;434;454;491;526,405;408;417;486;505,403;495,,500
6XCM,2,af2,cons,-605.6817453819126,-507.48717141405155,98.19457396786106,-35.24182694218997,-15.800176416077337,19.441650526112632,,339,500;502,483;485,405;477;478;505,446;448;449;455;474;475;476;479;480;487;489;494;495;497;506,452,365;442;445;451;454;467;469;488;491;492,417;477;486;501;505,489;496,405;498,
6XCM,2,af2,free,-654.0740208884097,-625.651401332218,28.42261955619165,-42.8030264803383,-20.373249157969493,22.42977732236881,,339,458;472;476;493;500;502,320;338;356;358;367;369;390;407;436;443;483;485;490;499;517,405;417;501,420;453;456;460;475;487;495,,351;368;442;445;446;448;451;465;491;492;497;506,408;417;486;501;505,415;420;421;453;455;456;473;489,477;478,458;479
