pdb,antibody,method,constrained,wt_total,om_total,d_total,wt_interface,om_interface,d_interface,tot_stab_mut_close,tot_stab_mut_distal,tot_stab_other_close,tot_stab_other_distal,tot_destab_mut_close,tot_destab_other_close,tot_destab_mut_distal,tot_destab_other_distal,int_destab_mut,int_destab_other,int_stab_mut,int_stab_other
7CHE,2,rpk,cons,-440.68863576531055,-414.39174310538806,26.29689265992249,-36.00619712341556,-29.190299842201927,6.815897281213633,,339,,,452;484,446,371;373;375;501,369;502,484,,,
7CHE,2,rpk,free,-482.26718119237285,-476.6064123727465,5.660768819626355,-39.55674477000875,-37.30397224722564,2.2527725227831112,,339,449,348;350;367;407,484,450,371;375;501,365;502,484,450,,446;449;481
7CHE,2,af2,cons,-618.3026022487239,-527.362891664028,90.93971058469594,-31.13026481974642,-9.8920342798558,21.23823053989062,,339,485;499,500;502,452;484;501,446;448;449;472;479;480;488;492;493;494;495;497,405;477,365;442;451;453;456;457;467;469;474;475;487;491;506;538,484,449;450;481;482;483;490,,
7CHE,2,af2,free,-657.2320205738621,-604.7175230741893,52.51449749967276,-36.4859784934209,-6.734489753507342,29.75148873991356,,339,499,320;338;347;367;369;390;418;436;443;500;502,452,351;446;447;449;480;492;495;497,375;405;501,326;353;368;391;392;435;442;451;453;460;466;467;469;479;487;491;506,484,449;450;481;482;483;490,,494;495
