pdb,antibody,method,constrained,wt_total,om_total,d_total,wt_interface,om_interface,d_interface,tot_stab_mut_close,tot_stab_mut_distal,tot_stab_other_close,tot_stab_other_distal,tot_destab_mut_close,tot_destab_other_close,tot_destab_mut_distal,tot_destab_other_distal,int_destab_mut,int_destab_other,int_stab_mut,int_stab_other
7LY2,2,rpk,cons,-609.3750628774275,-580.723651683625,28.65141119380246,-46.824959829604666,-34.7795798030469,12.045380026557766,,339,,,446;501,449,371;373;375,372;374,484;493,,,
7LY2,2,rpk,free,-627.9175764393635,-613.525747896822,14.391828542541475,-49.668161599275834,-51.067948346166744,-1.3997867468909106,,339,,368;406;502;508,446;498;501,445;490,371;373;375,372;506,484;493,,446;496,494
7LY2,2,af2,cons,-611.7611621796215,-618.3270467794184,-6.565884599796959,-34.645820249070795,-33.08856204607844,1.557258202992358,,339;371,483;485,367;369;372;406;481;518,501,452,375,365;368;374;434;435;528,,483,,
7LY2,2,af2,free,-659.2863015000672,-666.5058926191721,-7.219591119104848,-37.88167905500413,-39.17516045353218,-1.2934813985280513,,339;371,483;485;486;488,369;372;406;451;480;518;527,446,449;455,,356;374;434;435;526;528,484;493,483,496,485;486;494
