pdb,antibody,method,constrained,wt_total,om_total,d_total,wt_interface,om_interface,d_interface,tot_stab_mut_close,tot_stab_mut_distal,tot_stab_other_close,tot_stab_other_distal,tot_destab_mut_close,tot_destab_other_close,tot_destab_mut_distal,tot_destab_other_distal,int_destab_mut,int_destab_other,int_stab_mut,int_stab_other
7L56,2,rpk,cons,-456.8093564374523,-442.4024279275154,14.406928509936904,-44.037902232172286,-40.464028934269734,3.5738732979025514,,339,,442,484,492,371;373;375;376;405;477,372,417;484,,452,
7L56,2,rpk,free,-538.1680541793944,-522.4845090595667,15.683545119827727,-56.33388214706855,-39.04341457393461,17.290467573133938,,339;408,,342,477;484;493,455;456;489,371;373;375,479,417;484,455;456;486;489,,483
7L56,2,af2,cons,-609.8264839973361,-505.4234731290974,104.40301086823877,-28.674768960408674,-25.20107214572818,3.473696814680494,,339,483;490;496;502,518,493;501,446;448;449;455;456;474;486;487;489;492;494;495;497;499,371;373;405,346;351;357;365;372;391;451;454;457;459;461;467;469;471;473;479;491;506;520;541,493,444;449;489;490;494;499,452;498;501,475;495
7L56,2,af2,free,-653.2934053956176,-620.1267649415591,33.16664045405844,-48.501161391063995,-52.62802913584059,-4.126867744776597,,339;478,450;483;485;490;500;502,320;366;367;380;390;467;518,493,446;449;453;454;455;487;492;494;495;497,371;405,365;381;389;391;442;451;457;491;506;517;519;520;526,493,444;449;456;483;486;489;490,498;501,455;485;495;503
