pdb,antibody,method,constrained,wt_total,om_total,d_total,wt_interface,om_interface,d_interface,tot_stab_mut_close,tot_stab_mut_distal,tot_stab_other_close,tot_stab_other_distal,tot_destab_mut_close,tot_destab_other_close,tot_destab_mut_distal,tot_destab_other_distal,int_destab_mut,int_destab_other,int_stab_mut,int_stab_other
7CZU,2,rpk,cons,-447.3064559513616,-423.10852017014076,24.19793578122085,-34.71867981499431,-29.503093931792183,5.215585883202127,,339,,,417;501,,371;373;375,372,417;505,,,
7CZU,2,rpk,free,-534.533041723344,-512.4931821508976,22.039859572446403,-58.990766384451916,-41.56786851788246,17.422897866569457,,,415,351,417;484;498;501,,371;375,370,417,449;473;475;489;494;503,405,415
7CZU,2,af2,cons,-613.0421387521114,-518.2243259097639,94.81781284234751,-26.988594573659643,-19.52468084096818,7.463913732691463,,339,483;485;490;499;500;502,518,405;493;501;505,420;446;447;449;453;456;473;487;489;492;494;495;497;503;506,371;373,346;351;365;372;451;454;457;469;471;479;491;520;522;541,417;493;505,449;476;503,,486;499;500
7CZU,2,af2,free,-655.0489086552283,-605.6507786780144,49.3981299772139,-46.04755074874243,-53.407688116508105,-7.360137367765674,,339,421;476;483;485;490;500;502,320;367;369;390;407;436;437;467;482;518;527,405;493;501;505,446;449;455;456;474;487;489;494;495;497;506,,374;377;391;425;442;445;448;451;454;465;479;491;492;519;520;528,493;505,403;449;494;496,498;501,420;421;473;475;476;486
