pdb,antibody,method,constrained,wt_total,om_total,d_total,wt_interface,om_interface,d_interface,tot_stab_mut_close,tot_stab_mut_distal,tot_stab_other_close,tot_stab_other_distal,tot_destab_mut_close,tot_destab_other_close,tot_destab_mut_distal,tot_destab_other_distal,int_destab_mut,int_destab_other,int_stab_mut,int_stab_other
7N0H,1,rpk,cons,-524.8806437650863,-505.4113043890759,19.469339376010453,-51.077879542561725,-42.021802399613385,9.05607714294834,,339,,367,484;501,494,371;373;375;376,,484;505,494,498,
7N0H,1,rpk,free,-591.1447262611405,-575.4698100404062,15.674916220734303,-58.53006305482999,-53.8249919781428,4.70507107668719,,339,453,,484,449;455;494;502,371;375,370;434;480,484;505,470,,351
7N0H,1,af2,cons,-603.9252156809295,-522.1748726309943,81.75034304993517,-35.88453496812989,-32.00219830370284,3.8823366644270507,,339,481;482;485;490;500;502,443;518,405;452;493,346;351;446;449;455;456;471;489;491;492;494;495;497,371;373,365;372;442;451;454;457;461;468;473;475;479;487;506;520;522;538;541,452;505,449;470;483;490;494,484;498;501,495
7N0H,1,af2,free,-658.490777972408,-624.6047671350507,33.886010837357276,-52.21924009647235,-46.51490322169528,5.70433687477707,,339;478,418;483;490;496;500;502,366;367;380;389;390;422;454;518;527,405;452;493,446;447;449;451;455;456;470;487;492;494;495;497;506,371,365;381;391;442;457;517;519;520;528,452;484;493;505,449;470;483;490;494,498;501,445;450;482;495;499;503
