pdb,antibody,method,constrained,wt_total,om_total,d_total,wt_interface,om_interface,d_interface,tot_stab_mut_close,tot_stab_mut_distal,tot_stab_other_close,tot_stab_other_distal,tot_destab_mut_close,tot_destab_other_close,tot_destab_mut_distal,tot_destab_other_distal,int_destab_mut,int_destab_other,int_stab_mut,int_stab_other
7P77,4,rpk,cons,-270.69673525621175,-250.02706385479772,20.669671401414035,-25.090013854208593,-24.111598327184264,0.9784155270243282,,339;505,,406;492,371;373;375,372,405;484;493;501,,408,,,
7P77,4,rpk,free,-437.8109087768824,-439.78641672413096,-1.975507947248559,-30.31479558828411,-37.36338641961558,-7.04859083133147,,339;417,372,366;416;418;436;449;475;489,371;375;376,377;384,493;501,326;347;391;439;474;499,408,,,370;372;378;383
7P77,4,af2,cons,-617.0469402331385,-524.3836557768236,92.66328445631484,-22.313949220370088,-17.73703010540928,4.576919114960809,,339,,366;443;483;490;496;502;518,371;373;375,372,405;493;501,346;351;365;442;446;449;451;453;454;455;456;457;461;465;471;473;475;479;487;491;492;494;495;497;506;520;522;541,375,369;372,,370
7P77,4,af2,free,-665.5587682005289,-615.1486765182959,50.410091682232974,-48.947986028583415,-34.427226122842384,14.52075990574103,,339;478;498,374;407;434;437;502,367;390;392;436;443;450;483;490;500;518,375;405;501,368;369;377;378;503;506,493,337;351;391;430;442;445;446;447;448;449;451;453;455;467;488;491;492;495;497;519;520;526;528,375;376;408,369;370;378;502;503,,374;383;385
