pdb,antibody,method,constrained,wt_total,om_total,d_total,wt_interface,om_interface,d_interface,tot_stab_mut_close,tot_stab_mut_distal,tot_stab_other_close,tot_stab_other_distal,tot_destab_mut_close,tot_destab_other_close,tot_destab_mut_distal,tot_destab_other_distal,int_destab_mut,int_destab_other,int_stab_mut,int_stab_other
7CYV,1,rpk,cons,-452.14157141001715,66.12982872687601,518.2714001368931,-29.3046328484711,-25.14176396704088,4.162868881430221,,339,,,,464,371;373;375;405;493;498;501,347;372;374;377;392;395;410;418;425;434;436;446;455;474;479;490;492;495;503;508;509;525,,465,,
7CYV,1,rpk,free,-492.08866909120536,-505.7212955431449,-13.63262645193953,-31.015844851625914,-31.48932812697758,-0.4734832753516649,,373,,342;366;367;374;436;492;500;508,,,405,347;365;369;385;430;437;486;489;490,,,,
7CYV,1,af2,cons,-614.240383550763,-528.0378013688277,86.20258218193533,-22.976197997127564,-22.621180686327925,0.3550173107996386,,339,,483;490;502;518,,355;357;457;466,371;373;405;493;501,346;351;365;372;391;446;448;449;451;453;454;455;456;469;471;473;475;479;487;491;492;494;495;497;506;520;538;541,,466,,465;468
7CYV,1,af2,free,-657.183269404332,-621.5835211537933,35.59974825053871,-27.602321017456504,-33.207051440861974,-5.604730423405471,,339;478,,320;367;369;390;407;421;436;437;443;471;474;483;490;500;502;518,,353,405;452;501,374;377;391;430;445;446;447;451;454;455;456;491;492;494;495;497;506;528,,,,357;468;519
