pdb,antibody,method,constrained,wt_total,om_total,d_total,wt_interface,om_interface,d_interface,tot_stab_mut_close,tot_stab_mut_distal,tot_stab_other_close,tot_stab_other_distal,tot_destab_mut_close,tot_destab_other_close,tot_destab_mut_distal,tot_destab_other_distal,int_destab_mut,int_destab_other,int_stab_mut,int_stab_other
7B27,2,rpk,cons,-409.810243932956,-355.93034686485043,53.87989706810555,-43.68267686754919,-38.44614056754899,5.236536300000203,,417,,,405;440;478;484,472,371;373;498,372;395;423;485,478,458,,
7B27,2,rpk,free,-468.17967655390953,-433.79473084719837,34.384945706711164,-62.55797468313257,-60.10942181473813,2.4485528683944437,,408;417;501,439,324;349;370;377;378;402;503,478;484,441;460;472,371;373;376;498,350;362;372;380;381;395;485,,391;441,,480
7B27,2,af2,cons,-621.9883378402922,-524.7041352574591,97.28420258283302,-56.872967587847924,-29.96457240770792,26.908395180140005,,339,346;450;485;502,421;443,452,351;446;448;451;454;456;468;469;470;490;491;492;493;494;495;497,405;477,365;442;457;467;474;479;487;506,417;452;484,449;450;468;470;483;490;493;494,501,346;403;445;453;495
7B27,2,af2,free,-674.9908595365091,-618.4924668502424,56.4983926862667,-89.6583651030659,-43.18009412748753,46.478270975578376,,339,472;473;485;496;502,338;358;367;369;389;390;436;443;500,417;452;484;486,444;445;446;449;451;454;466;467;469;470;487;491;492;493;495;497,375;405,326;353;368;420;442;465;474;479;503;506;526,417;452;484;486,444;445;449;450;470;481;483;487;489;490;493;494,498;501,453;492;495;497
