pdb,antibody,method,constrained,wt_total,om_total,d_total,wt_interface,om_interface,d_interface,tot_stab_mut_close,tot_stab_mut_distal,tot_stab_other_close,tot_stab_other_distal,tot_destab_mut_close,tot_destab_other_close,tot_destab_mut_distal,tot_destab_other_distal,int_destab_mut,int_destab_other,int_stab_mut,int_stab_other
7CHC,2,rpk,cons,-491.9613908080063,-470.4255990292732,21.535791778733085,-41.322971943072076,-36.81251209820513,4.5104598448669435,,339,,,446;484,447,371;373;375;501,372,484,,498,
7CHC,2,rpk,free,-520.03848765413,-499.5403963085986,20.498091345531407,-44.86905834047772,-44.45725184414719,0.41180649633053434,,339,,,446;484;498,447,371;375,372;502,484,,498,346
7CHC,2,af2,cons,-615.4894951695278,-613.6440378658617,1.8454573036660804,-25.20622216994745,-20.206918113964072,4.999304055983377,,339;371,483;485,367;369;372;406;518,,449,375;501,365;368;420;434;435;455;489;499;528,484,346;482,,483
7CHC,2,af2,free,-658.9495027220838,-667.2357629612409,-8.286260239157059,-37.85170488417512,-41.248755701428415,-3.3970508172532945,,339;371,450;481;483;485,369;372;406;518;527,446,452;489,,374;435;455,484,,,449;483
