pdb,antibody,method,constrained,wt_total,om_total,d_total,wt_interface,om_interface,d_interface,tot_stab_mut_close,tot_stab_mut_distal,tot_stab_other_close,tot_stab_other_distal,tot_destab_mut_close,tot_destab_other_close,tot_destab_mut_distal,tot_destab_other_distal,int_destab_mut,int_destab_other,int_stab_mut,int_stab_other
7K9Z,2,rpk,cons,-489.7292337034987,-458.6591019347251,31.07013176877365,-37.97415229433552,-32.363423562916296,5.610728731419222,,339,,,477,,371;373;375;405;501,372;502,478;486,,,
7K9Z,2,rpk,free,-529.0082080194074,-506.81901418500337,22.18919383440408,-45.58931645383424,-37.532501488302415,8.056814965531828,,339,,367;451,417;478,,371;375;405;501,366;368;388;390;502,417;478;486,,484,
7K9Z,2,af2,cons,-609.9957092937321,-519.1851640880753,90.81054520565681,-24.884865092480332,-17.7386748403427,7.146190252137632,,339,481;483;485;490;502,443;496;500,477;486;501,456;474;479;487;488;493;494;495,405;452,346;365;403;442;446;449;451;454;457;461;465;467;468;469;480;491;492;497;506,486,483;489;493,,475;494
7K9Z,2,af2,free,-666.099689822034,-617.6470537072792,48.452636114754796,-50.36939905335009,-46.56378341894274,3.8056156344073457,,,421;472;485;490;499;502,338;358;367;369;372;390;443;500;528,477;486,455;456;475;487;489;494;495;497,371;375;405,353;355;420;424;442;445;446;447;448;451;457;491;492;506;526,477;478;486,483;489;490,498;501,495
