pdb,antibody,method,constrained,wt_total,om_total,d_total,wt_interface,om_interface,d_interface,tot_stab_mut_close,tot_stab_mut_distal,tot_stab_other_close,tot_stab_other_distal,tot_destab_mut_close,tot_destab_other_close,tot_destab_mut_distal,tot_destab_other_distal,int_destab_mut,int_destab_other,int_stab_mut,int_stab_other
7KFX,1,rpk,cons,-574.7125600117463,-550.3469883758826,24.365571635863716,-61.55448752594418,-49.790701548021936,11.763785977922247,,339;408,,,405;417;484;498,,371;373,372,417;486;498;505,,,
7KFX,1,rpk,free,-599.8390651079338,-573.3661740269317,26.472891081002103,-69.37161409457102,-56.12018533891494,13.251428755656072,,339;408,,,484;498,446,371,372;374;377,417;484;498;505,493;496,501,415
7KFX,1,af2,cons,-610.9776646813992,-503.81102355232224,107.166641129077,-42.12959584541579,-15.154424875561364,26.975170969854428,,339,490;500;502,443;483;485,405;477;478;498;501,446;453;454;455;456;473;474;475;476;479;480;487;489;492;494;495;497;503;506,452,346;365;442;445;448;451;467;469;491,417;478;498;501;505,453;455;456;475;476;489;493;494,477;486,457;503
7KFX,1,af2,free,-664.853669229275,-621.2362613964424,43.61740783283267,-61.57650817648339,-21.94029793274341,39.63621024373998,,339,483;490;502;503,320;338;347;367;369;382;390;436;443;472;499;527,405;417;501,403;446;447;453;456;460;487;493;495;497,,351;368;442;451;466;480;491;492;506,417;505,420;453;455;456;460;473;475;489;493;496;502,,487;503
