pdb,antibody,method,constrained,wt_total,om_total,d_total,wt_interface,om_interface,d_interface,tot_stab_mut_close,tot_stab_mut_distal,tot_stab_other_close,tot_stab_other_distal,tot_destab_mut_close,tot_destab_other_close,tot_destab_mut_distal,tot_destab_other_distal,int_destab_mut,int_destab_other,int_stab_mut,int_stab_other
7E5R,3,rpk,cons,-373.9404311219772,-349.36414186088007,24.576289261097145,-24.35273999659762,-22.732909155934337,1.6198308406632833,,339;408,,,484,455,371;373;375;405;501,,484,,493,
7E5R,3,rpk,free,-503.44562179854813,-502.66325783189933,0.782363966648802,-45.64162037799753,-52.37999100283035,-6.738370624832818,,339;373;408,455;487,364;368;372;377;386;508,478,456;492,371;375;501,378;437;439;500;506,484,486,493,455;487;489
7E5R,3,af2,cons,-611.5484516167257,-521.2921490373229,90.25630257940281,-20.517692943873758,-13.767890827466442,6.7498021164073165,,339,483;485;490;496;499,443;502;518,452;484;493;501,446;449;455;456;469;471;487;488;491;492;494;495;497,371;373;405,346;351;365;372;391;451;453;454;457;467;468;473;475;479;506;520;538;541,484,470;481;486;490,498,483;485
7E5R,3,af2,free,-657.9940616446033,-627.6357875568399,30.358274087763448,-44.069582264552636,-59.85313407135315,-15.783551806800517,,339,482;483;485;486;490;499;500;502,320;338;354;367;389;390;443;474;518,452,446;447;449;455;456;471;472;479;491;492;495;497,371;405,365;374;377;391;442;448;451;457;465;506;519;520;526,484,449;472;481;483;490,493;498;501,485;486;487;494;495
