pdb,antibody,method,constrained,wt_total,om_total,d_total,wt_interface,om_interface,d_interface,tot_stab_mut_close,tot_stab_mut_distal,tot_stab_other_close,tot_stab_other_distal,tot_destab_mut_close,tot_destab_other_close,tot_destab_mut_distal,tot_destab_other_distal,int_destab_mut,int_destab_other,int_stab_mut,int_stab_other
7DEO,2,rpk,cons,-564.8656203720009,-559.0174975007195,5.848122871281362,-42.66611646691667,-33.21402990644074,9.452086560475927,,339;408,403,406,501,446;455,371,,486;501;505,,,
7DEO,2,rpk,free,-589.155941077539,-594.582707238847,-5.426766161308024,-54.37948443847806,-47.20548666291763,7.17399777556043,,339,403;489,,484,446;450,375,,484;505,487,,
7DEO,2,af2,cons,-618.9337221249098,-529.2138825272024,89.71983959770739,-36.31329159141661,-27.285105728794115,9.028185862622493,,339,483;485;500;502,421;443;481,405,446;448;449;455;456;475;487;488;489;490;491;492;493;494;495;497;506,477,365;442;451;454;457;465;467;469;474;479,505,449;456;483;489;490;493,498;501,495;502
7DEO,2,af2,free,-661.8383580399175,-618.2366952830321,43.60166275688539,-51.282368677494766,-46.38807658078264,4.894292096712128,,339,483;485;490;500;502,320;369;372;390;443;466;468,405;452,446;449;455;456;474;491;492;494;495;497;503,375,391;442;451;454;469;479;480;506,505,449;483;489;490;493,501,475;487;494;495
