pdb,antibody,method,constrained,wt_total,om_total,d_total,wt_interface,om_interface,d_interface,tot_stab_mut_close,tot_stab_mut_distal,tot_stab_other_close,tot_stab_other_distal,tot_destab_mut_close,tot_destab_other_close,tot_destab_mut_distal,tot_destab_other_distal,int_destab_mut,int_destab_other,int_stab_mut,int_stab_other
7MDW,1,rpk,cons,-385.2263862512456,-372.73512055048764,12.491265700757936,-26.282808181820826,-28.719980114766702,-2.4371719329458763,,339,,,446;493,,371;373;375,369,,,,490
7MDW,1,rpk,free,-507.68515374017085,-497.27616324695225,10.408990493218596,-35.13364277202147,-36.910475021752404,-1.776832249730937,,339,,342;374;434;457;502,446,449;490,371;375;417,347;377;445;526,,,484,488
7MDW,1,af2,cons,-606.5785071240351,-613.9517586505012,-7.373251526466106,-22.388935392387612,-23.64837338473697,-1.2594379923493584,,339;371,472;481;483;485,367;369;372;406;518,493,455;489,375;501,365;368;374;420;434;435,,486,484,449
7MDW,1,af2,free,-661.052207724613,-666.2353887770744,-5.18318105246135,-38.64753677832102,-60.71972325949636,-22.072186481175343,,339;371,472;480;483;485;486,369;372;406;418;518;527,446;501,448,,342;356;374;435;499;517;528,493,,496,485;486;489;490;492
