pdb,antibody,method,constrained,wt_total,om_total,d_total,wt_interface,om_interface,d_interface,tot_stab_mut_close,tot_stab_mut_distal,tot_stab_other_close,tot_stab_other_distal,tot_destab_mut_close,tot_destab_other_close,tot_destab_mut_distal,tot_destab_other_distal,int_destab_mut,int_destab_other,int_stab_mut,int_stab_other
7N0H,2,rpk,cons,-507.92153988204046,-481.8464973901934,26.075042491847057,-49.772756588376396,-45.102114692441276,4.67064189593512,,339,,367,452;484;501,,371;373;375;376,,484;505,,498,
7N0H,2,rpk,free,-591.4480102526996,-586.3782245659286,5.06978568677107,-58.50734649568226,-51.5906506112688,6.916695884413464,,339,470;491,372;457;468;510,405;452;484,455;471;494;496,371;375,364;365;366;388;466,405;452;484;505,494,486;498,
7N0H,2,af2,cons,-598.4433350327076,-526.8681475881153,71.5751874445923,-45.0986628596047,-25.25974528847792,19.838917571126782,,339,481;482;483;485;502,443,405;452;501,448;449;451;455;456;469;470;488;491;492;494;495;497;499;506,477,365;442;454;457;465;467;474;475;479;487,505,449;453;470;483;490;494,484;498,455;493;495;504
7N0H,2,af2,free,-668.4025740148577,-609.5303831446856,58.87219087017206,-43.45486929555476,-32.58327496219298,10.871594333361777,,339;478,499;500;502,320;338;367;369;372;390;407;421;436;443;508,452;505,403;445;446;448;449;451;453;469;491;492;493;495;497,405,356;389;391;420;442;457;467;480;487;488;506;516,484;505,449;470;483;490,498;501,455;493;495
