pdb,antibody,method,constrained,wt_total,om_total,d_total,wt_interface,om_interface,d_interface,tot_stab_mut_close,tot_stab_mut_distal,tot_stab_other_close,tot_stab_other_distal,tot_destab_mut_close,tot_destab_other_close,tot_destab_mut_distal,tot_destab_other_distal,int_destab_mut,int_destab_other,int_stab_mut,int_stab_other
7B18,5,rpk,cons,-479.1729809552418,-459.92813458256035,19.24484637268148,-55.85587523980198,-56.55081287635333,-0.6949376365513515,,339,,,371;375;376;405,372;403,484;501,502,376,506,375;440,
7B18,5,rpk,free,-582.366518495679,-581.1119790091598,1.2545394865192065,-65.22059687249751,-64.79822930526838,0.4223675672291307,,339,,416;420;491,371;405;501,372;502,,490,371;373;376;405;408,369,375;440,503
7B18,5,af2,cons,-620.9925799980398,-524.44373781886,96.54884217917981,-39.97319268718681,-30.515086619491868,9.458106067694942,,339,502,443;481;483;485;490;500,371;373;405,369;372;374;403;503;506,452;477;501,365;442;446;448;449;451;453;454;455;457;467;469;474;475;479;480;487;491;492;494;495;497,373;440,372;503,375,378
7B18,5,af2,free,-666.8444065480273,-637.5183384977893,29.326068050238064,-57.77979634395983,-35.666519510004775,22.113276833955055,,339;478,435;499;502,347;367;390;421;472;483;485;490;500;528,405,503;506,501,326;386;391;392;402;420;442;445;446;451;453;454;456;457;465;487;491;492;495;497,376;405;408;440,369;372;407;503,373,374;378;506
