pdb,antibody,method,constrained,wt_total,om_total,d_total,wt_interface,om_interface,d_interface,tot_stab_mut_close,tot_stab_mut_distal,tot_stab_other_close,tot_stab_other_distal,tot_destab_mut_close,tot_destab_other_close,tot_destab_mut_distal,tot_destab_other_distal,int_destab_mut,int_destab_other,int_stab_mut,int_stab_other
7BEO,2,rpk,cons,-482.897442042394,-464.8508732465005,18.046568795893506,-40.707659317433,-39.28571244211302,1.421946875319982,,339,,,,,371;375;405;501,372,,,,
7BEO,2,rpk,free,-515.3744243780905,-498.57909443585237,16.795329942238084,-41.51075773895553,-39.181420724348285,2.3293370146072476,,339,,,452,446;490,371;375;405,342;372;374,452,449,,445
7BEO,2,af2,cons,-613.7417465913522,-508.86388593007877,104.87786066127347,-39.352135633880096,-6.900616711339816,32.45151892254028,,339,483;496;502,421;481;485,501,442;444;445;446;447;448;449;450;451;455;492;493;494;495;497,405;477;505,351;365;403;454;456;457;469;474;479;480;487;488;489;491;506,,444;445;446;449;490;493,,495
7BEO,2,af2,free,-665.7170716680162,-618.0123436400798,47.70472802793631,-51.86413386451905,-17.288456960854674,34.57567690366437,,339;478,483;490;496;499;500,367;369;372;390;392;407;436;473;502,452,439;442;444;445;446;450;451;455;491;492;493;495,405,337;420;453;467;480;487;506;526,440;452,444;445;446;449;450;483;490;493,501,495
