pdb,antibody,method,constrained,wt_total,om_total,d_total,wt_interface,om_interface,d_interface,tot_stab_mut_close,tot_stab_mut_distal,tot_stab_other_close,tot_stab_other_distal,tot_destab_mut_close,tot_destab_other_close,tot_destab_mut_distal,tot_destab_other_distal,int_destab_mut,int_destab_other,int_stab_mut,int_stab_other
7MJK,2,rpk,cons,-540.3207145532659,-534.5876269609164,5.733087592349534,-47.98510790572697,-41.49347882410018,6.49162908162679,,339,,,493,,371;375,372,417;505,403,,
7MJK,2,rpk,free,-591.6389359569307,-586.2314192522666,5.40751670466409,-56.062101450971255,-52.53436035743451,3.527741093536747,,339,458;497,508,493,495,371;452,372,417;505,403,,
7MJK,2,af2,cons,-607.3927909566298,-481.30100468819427,126.09178626843556,-39.12183737264776,-4.042121702330374,35.079715670317384,,339,481;490;496;500;502,437;483;518,405;477;478;493;501;505,449;453;454;455;456;457;473;474;475;476;479;487;492;494;495;497,371;373;375,346;351;365;372;391;446;451;461;465;467;469;491;506;520;541,417;477;478;493;501;505,453;455;474;475;476;489,498,486;487;495
7MJK,2,af2,free,-658.8312940768249,-616.5581984382236,42.27309563860126,-63.70562824354503,-10.55052663960795,53.15510160393708,,339;478,458;474;490;500;502;503,320;358;367;390;407;423;436;443;450;483;518,405;493;501,420;447;453;455;456;457;460;475;487;491;492;494;495;497,,351;374;377;391;406;430;442;445;446;448;451;467;480;506;519;520,417;493;505,403;420;421;453;455;456;457;460;475;486;487;489;490;502,498,503
