pdb,antibody,method,constrained,wt_total,om_total,d_total,wt_interface,om_interface,d_interface,tot_stab_mut_close,tot_stab_mut_distal,tot_stab_other_close,tot_stab_other_distal,tot_destab_mut_close,tot_destab_other_close,tot_destab_mut_distal,tot_destab_other_distal,int_destab_mut,int_destab_other,int_stab_mut,int_stab_other
7NDD,3,af2,cons,-823.5397321593153,-814.7874766377564,8.752255521558936,-0.9179779899504799,-1.198704822779397,-0.2807268328289172,,,,18;20;21;22;75;76;78;79;111;138;153;228;229;253,,160;245;249,19;24;25,140;141;183;233;242;244;257;258;259;270,,,,
7NDD,3,af2,free,-902.7088179626428,-876.6532630374688,26.055554925173965,-3.0432384945201525,-5.661114056074919,-2.617875561554767,,142,154;246,18;20;38;54;65;67;75;76;81;95;145;147;180;222;228;243;252,19,140;161;245;249,25;69;70,29;66;71;77;80;98;179;183;221;226;244;257;258;259;261;262;266;272,,161,,252
