pdb,antibody,method,constrained,wt_total,om_total,d_total,wt_interface,om_interface,d_interface,tot_stab_mut_close,tot_stab_mut_distal,tot_stab_other_close,tot_stab_other_distal,tot_destab_mut_close,tot_destab_other_close,tot_destab_mut_distal,tot_destab_other_distal,int_destab_mut,int_destab_other,int_stab_mut,int_stab_other
6WPS,1,rpk,cons,-505.40166917664516,-496.3224147070111,9.079254469634066,-44.66365966326081,-44.445031848069306,0.21862781519150332,,496;505,,,,,371;373;375;501,372,,,,
6WPS,1,rpk,free,-515.9558051548407,-515.9135835891195,0.04222156572120639,-45.78921836287835,-46.37470663792132,-0.5854882750429695,,496,,437,,,371;375;501,372,,,,
6WPS,1,af2,cons,-613.0352502316032,-612.7331198701256,0.3021303614775661,-43.81368523166643,-40.48773553646344,3.3259496952029934,,371,,367;369;372;406;483;485;518,,,375;446;496;501,365;368;374;420;434;435;455;494;528,,343,,
6WPS,1,af2,free,-669.3567557619824,-666.5524860604473,2.804269701535077,-50.154158657232536,-44.45765412507801,5.696504532154528,,371,450,369;406;483;518;527,,,446,332;374;435;448;455;528,,345;356,,
