pdb,antibody,method,constrained,wt_total,om_total,d_total,wt_interface,om_interface,d_interface,tot_stab_mut_close,tot_stab_mut_distal,tot_stab_other_close,tot_stab_other_distal,tot_destab_mut_close,tot_destab_other_close,tot_destab_mut_distal,tot_destab_other_distal,int_destab_mut,int_destab_other,int_stab_mut,int_stab_other
7KMG,1,rpk,cons,-530.7797531933846,-521.116540152728,9.663213040656615,-56.20552453050361,-40.886781545396964,15.318742985106645,,339;505,,508,452;493;501,,371;405,,452;484;493,495,,
7KMG,1,rpk,free,-560.9303923302358,-557.4082539913238,3.5221383389119865,-62.15506945652908,-47.91961009559284,14.23545936093624,,339;408,,502;508,478;493;501,455,,506,452;478;484;493,,,
7KMG,1,af2,cons,-615.1782608916383,-518.2850559501494,96.89320494148888,-39.798631996644886,-19.320533099341112,20.478098897303774,,339,485;499;500;502,518,452;493,351;446;449;451;453;456;486;487;491;492;494;495;497,371;373;375;405,346;365;372;454;457;461;471;473;475;479;506;520;522;541,452;484;493,449;470;481;483;486;490;494,501,485;495;499
7KMG,1,af2,free,-672.6982966335372,-627.9825171551397,44.71577947839751,-68.32178760150187,-53.18574690603245,15.136040695469418,,339,473;481;483;499;502,320;354;367;369;390;407;436;443;466;518;527,452;493,351;446;451;453;469;472;486;488;489;491;492;494;495,405,374;377;391;435;480;506;517;519;520;528,484;493,449;470;481;482;487;489;490;492;494,501,445;447;495;497
