pdb,antibody,method,constrained,wt_total,om_total,d_total,wt_interface,om_interface,d_interface,tot_stab_mut_close,tot_stab_mut_distal,tot_stab_other_close,tot_stab_other_distal,tot_destab_mut_close,tot_destab_other_close,tot_destab_mut_distal,tot_destab_other_distal,int_destab_mut,int_destab_other,int_stab_mut,int_stab_other
7KMG,1,rpk,cons,-531.3078613458406,-522.7279003454723,8.579961000368257,-54.17434405382981,-45.83968581364064,8.334658240189171,,339,,,452;501,455,371;405,,484,,,
7KMG,1,rpk,free,-560.7706908075822,-558.7261674244714,2.0445233831108,-61.19190119831112,-49.66381600667069,11.528085191640429,,339,,338;365;369;406;502;508,478,455,371;405;498,434;506,478;484;486,487;489,,482
7KMG,1,af2,cons,-615.1782608916383,-547.7828290068592,67.3954318847791,-39.798631996644886,-35.65862327114399,4.140008725500898,,339,483;485;500;502,383,452,445;446;449;453;455;456;475;487;491;492;494;495;497,405;477,365;434;442;448;451;454;457;467;469;473;474;479;506,,449;470;481;483;490;494,501,489;495
7KMG,1,af2,free,-672.6982966335372,-620.301945682143,52.3963509513942,-68.32178760150187,-43.36227610813743,24.959511493364438,,339;505,481;485;499,338;342;367;369;390;399;407;421;436;443;457;500;502,486,351;446;447;450;453;454;455;456;469;487;489;491;492;493;494;495;497,405,368;391;420;424;442;451;467;474;479;480;506,452,449;450;470;481;482;483;487;489;490;493;494,501,485;495
