pdb,antibody,method,constrained,wt_total,om_total,d_total,wt_interface,om_interface,d_interface,tot_stab_mut_close,tot_stab_mut_distal,tot_stab_other_close,tot_stab_other_distal,tot_destab_mut_close,tot_destab_other_close,tot_destab_mut_distal,tot_destab_other_distal,int_destab_mut,int_destab_other,int_stab_mut,int_stab_other
7KN3,1,rpk,cons,-560.6888199639948,-539.6677499301769,21.021070033817864,-44.62057550210833,-42.02746938493866,2.5931061171696683,,339,,,446;477;484;501,,371;373;375,372,484;493,,498;505,
7KN3,1,rpk,free,-582.3413211149048,-570.7761694216908,11.56515169321392,-46.12205347781049,-49.83165496233701,-3.709601484526523,,339,,368;434;436,446;477;493;501,447;449;452,375,372,493,449,505,487
7KN3,1,af2,cons,-611.4524826569257,-616.3482502766658,-4.895767619740127,-35.01350154360777,-34.75831916843424,0.2551823751735256,,339;371,483;485,367;369;372;406;481;518,446;477;501,452;489;494,375,365;368;374;434;435,493,483;494,484;505,490
7KN3,1,af2,free,-665.0521672586747,-661.2691820023906,3.7829852562840642,-55.47079839384632,-48.9554902609802,6.515308132866124,,339;371,481;485;487,369;372;390;393;406;425;451;518;527,446;501,449;452;489;490,,332;356;374;391;392;435;528,493,449;482;483;489,477;484;505,487
