pdb,antibody,method,constrained,wt_total,om_total,d_total,wt_interface,om_interface,d_interface,tot_stab_mut_close,tot_stab_mut_distal,tot_stab_other_close,tot_stab_other_distal,tot_destab_mut_close,tot_destab_other_close,tot_destab_mut_distal,tot_destab_other_distal,int_destab_mut,int_destab_other,int_stab_mut,int_stab_other
7CHC,2,rpk,cons,-492.05147734736727,-478.1885222216013,13.86295512576595,-41.25878365695814,-33.874280224438714,7.384503432519423,,339,,374,484,,371;375;405;501,372,484,,,
7CHC,2,rpk,free,-519.547276588517,-508.2664861421748,11.280790446342166,-48.516418678792334,-45.09890443016046,3.417514248631875,,339,,374,484;498,,371;375;405;501,372;502,484,449,,346
7CHC,2,af2,cons,-615.4894951695278,-518.6989399937437,96.7905551757841,-25.206222169947452,-8.138244317078133,17.06797785286932,,339,483;490,383;443;502;508;518,484;493;501,351;446;448;449;451;471;479;492;494;495;497,371;373;405,365;372;453;454;455;456;457;461;465;473;475;487;491;506;520;522;538;541,484,346;449;450;481;490,501,
7CHC,2,af2,free,-658.9495027220837,-602.5402320227047,56.40927069937902,-37.85170488417512,-30.946736896926318,6.904967987248803,,339;477,450;482;483;490;500;502,322;338;358;367;390;407;424;436;443;518;527,452;484,444;446;447;449;451;480;486;489;492;494;495;497,405,368;374;389;391;403;442;453;456;465;469;473;479;506;519;520,484,444;449;481;490,493;501,445;450;492
