pdb,antibody,method,constrained,wt_total,om_total,d_total,wt_interface,om_interface,d_interface,tot_stab_mut_close,tot_stab_mut_distal,tot_stab_other_close,tot_stab_other_distal,tot_destab_mut_close,tot_destab_other_close,tot_destab_mut_distal,tot_destab_other_distal,int_destab_mut,int_destab_other,int_stab_mut,int_stab_other
7K4N,3,rpk,cons,-618.3446958541388,-594.4582011880709,23.886494666067847,-49.9239773333313,-45.43202599953608,4.491951333795221,,339,453,,493,455,371;373;375;376;405;501,372,493,,,
7K4N,3,rpk,free,-630.9249687718911,-618.0816655948537,12.843303177037455,-50.851624036910096,-45.2314819545771,5.620142082332997,,339,,,478;484,,371;375;405;501,,493,485,,
7K4N,3,af2,cons,-611.6173051428921,-473.0702792553965,138.54702588749558,-45.01247034979445,19.330190595431628,64.34266094522607,,339,482;483;485;490;499,443;502;518,477;478;493,453;456;457;473;474;475;476;479;480;486;487;488;492;494;495;497,371;373;405;501,346;351;365;372;446;449;451;454;459;461;467;471;491;506;520;522;541,477;478,474;475;476;479;486;487;489,498,483;495
7K4N,3,af2,free,-663.4574356397166,-586.65275924598,76.8046763937366,-53.63992243712464,-56.307017939942675,-2.667095502818036,,339,481;483;485;486;490,320;338;354;367;390;407;436;443;450;466;500;502;518;527,477;478;493,453;454;456;473;474;475;476;479;480;487;488;489;495;497,405;501,356;365;374;381;391;402;442;445;446;447;448;451;469;491;492;506;519;520;528,477;478;484;493,473;476;479;483,498,456;474;481;486;489;495
