pdb,antibody,method,constrained,wt_total,om_total,d_total,wt_interface,om_interface,d_interface,tot_stab_mut_close,tot_stab_mut_distal,tot_stab_other_close,tot_stab_other_distal,tot_destab_mut_close,tot_destab_other_close,tot_destab_mut_distal,tot_destab_other_distal,int_destab_mut,int_destab_other,int_stab_mut,int_stab_other
7LY3,2,af2,cons,-804.3973875930608,-781.6495486393436,22.747838953717178,-24.87249894212249,-21.3628159333668,3.5096830087556903,,,18;20;21;158;248;255;256,22;41;75;76;78;79;111;228;272,19,140;141;145;146;155;242;245;249;250;251;253;254;257;258,24;25,183;197;259;271,19,17;144;146;251;253,,248;250;252;255;256
7LY3,2,af2,free,-899.150053016007,-877.3495324835671,21.800520532439805,-38.65258819147606,-58.4622636892232,-19.809675497747136,,,20;138;158;246;248;250;252;255,75;84;139;157;180;184;222;228;272,19,17;71;140;245;249;253;257;258,25;69;70,29;55;183;216;221;226;259;262;271,19,16;17;246,,15;155;248;249;250;251;252;254;255
