pdb,antibody,method,constrained,wt_total,om_total,d_total,wt_interface,om_interface,d_interface,tot_stab_mut_close,tot_stab_mut_distal,tot_stab_other_close,tot_stab_other_distal,tot_destab_mut_close,tot_destab_other_close,tot_destab_mut_distal,tot_destab_other_distal,int_destab_mut,int_destab_other,int_stab_mut,int_stab_other
7KN4,2,rpk,cons,-402.17230620446236,-400.4396171851357,1.7326890193266422,-44.27041102109954,-37.37371826358503,6.896692757514508,,339;375,405,374;508,484;493;498;501,,,437,501,,,
7KN4,2,rpk,free,-457.5930820854653,-454.76311054971416,2.829971535751156,-59.030910544514974,-45.59128589549962,13.439624649015357,,339;375,502,369;374;388;443;508,417;477;493;498;501,,371,337;338;436,417;477;478;484;501,403,,
7KN4,2,af2,cons,-617.8042105901643,-612.2512347987895,5.55297579137482,-43.40614188281691,-38.39874282558106,5.007399057235851,,339;371,483;485,367;369;372;518,446;493;498;501,455;490;494,375,365;368;374;420;434;435;528,493,449;490,496,
7KN4,2,af2,free,-665.6843610007463,-659.6454567238825,6.038904276863832,-53.75210632558516,-42.424335091920604,11.327771233664556,,339;371,483;485,369;372;393;406;418;518;527,446,449;455,,332;342;374;435;448;513;528,477,449,,489
