pdb,antibody,method,constrained,wt_total,om_total,d_total,wt_interface,om_interface,d_interface,tot_stab_mut_close,tot_stab_mut_distal,tot_stab_other_close,tot_stab_other_distal,tot_destab_mut_close,tot_destab_other_close,tot_destab_mut_distal,tot_destab_other_distal,int_destab_mut,int_destab_other,int_stab_mut,int_stab_other
7KL9,2,rpk,cons,-213.97994072478338,-185.10098890980188,28.87895181498149,-36.90446863204551,-32.3736345137266,4.530834118318907,,339,,370,417;493;496;501,449;494,371;373;375;484,372;439,417,,,495
7KL9,2,rpk,free,-366.18066610282244,-352.54008267522437,13.640583427598074,-58.31566809364609,-39.4548178380105,18.86085025563559,,,474;486;489;495,326;370;414;443;472;479;517;524,417;478;493,,373,328;332;366;372;374;382;392;393;432;469;491;515;541,417;477;505,473;487,501,455;486
7KL9,2,af2,cons,-617.7380485365641,-611.5393836359656,6.198664900598487,-45.36384559175164,-37.02998696304523,8.333858628706409,,339;371,483;485,367;369;372;518,417;498,449;489;494,375,365;368;434;435;528,417;493;505,449,501,487
7KL9,2,af2,free,-654.3865841334339,-672.7880182272555,-18.40143409382165,-42.6694584886545,-45.54846830443861,-2.8790098157841086,,339;371;484,483;489,369;425;450;518;528,417;446,449;494,,374;526,417;446;505,449,477;498;501,455;489
