pdb,antibody,method,constrained,wt_total,om_total,d_total,wt_interface,om_interface,d_interface,tot_stab_mut_close,tot_stab_mut_distal,tot_stab_other_close,tot_stab_other_distal,tot_destab_mut_close,tot_destab_other_close,tot_destab_mut_distal,tot_destab_other_distal,int_destab_mut,int_destab_other,int_stab_mut,int_stab_other
7LY2,1,af2,cons,-796.3028568771222,-768.4358562414171,27.86700063570504,-25.108953130599065,-11.64985799470839,13.459095135890676,,,17;18;20;21;154,22;41;75;76;79;111;228;229;237,19;142,140;145;148;152;244;245;247;249;250;251;252;253;256;257;258,24;25,160;183;259,19,147;148;246;250;251;252;253,,16;17;248;249;254;255;256
7LY2,1,af2,free,-887.6077087501416,-882.4785749153541,5.129133834787467,-41.572850355016755,-68.498298511707,-26.92544815669025,,,17;138;143;150;158;242;248;251;252,55;75;76;81;95;106;110;139;180;222;228;229;260;271;291,19,73;77;140;147;148;149;249;253;257,25,54;78;97;98;182;183;202;221;259;261;262,19,20;73;147;246,,16;17;155;158;248;249;250;251;252;254;255
