pdb,antibody,method,constrained,wt_total,om_total,d_total,wt_interface,om_interface,d_interface,tot_stab_mut_close,tot_stab_mut_distal,tot_stab_other_close,tot_stab_other_distal,tot_destab_mut_close,tot_destab_other_close,tot_destab_mut_distal,tot_destab_other_distal,int_destab_mut,int_destab_other,int_stab_mut,int_stab_other
6XC2,2,rpk,cons,-509.30382717624946,-448.27350510598694,61.030322070262514,-68.30607934396745,-54.239488124767135,14.066591219200319,,339,403;406,,496;498;501;505,494;495,373,372,417;493;505,,,403
6XC2,2,rpk,free,-531.0169966034144,-483.2916060042876,47.725390599126854,-68.08752093772164,-52.957000739253125,15.13052019846851,,339;371,497,449,498;505,489,373;375,372;374,417;493;496;505,455;489,501,
6XC2,2,af2,cons,-609.8327304032475,-606.2960742267628,3.536656176484712,-51.75736495425513,-47.0180683245557,4.739296629699432,,339;371,403;483,367;369;372;485;518,446;496;498;501,420;494,375,365;368;374;434;435;528,496;505,,,403
6XC2,2,af2,free,-660.2795752910993,-649.5952451922411,10.68433009885814,-73.39571829902124,-57.00802559470784,16.3876927043134,,339;371,483;485;488,372;450;451;472;480;516;518,446;498;501;505,486;497,,356;365;374;471;526,484;505,486,496,
