pdb,antibody,method,constrained,wt_total,om_total,d_total,wt_interface,om_interface,d_interface,tot_stab_mut_close,tot_stab_mut_distal,tot_stab_other_close,tot_stab_other_distal,tot_destab_mut_close,tot_destab_other_close,tot_destab_mut_distal,tot_destab_other_distal,int_destab_mut,int_destab_other,int_stab_mut,int_stab_other
7JZM,1,rpk,cons,-556.1755678249159,-523.2624570108701,32.91311081404581,-54.97988326635297,-58.0786416831783,-3.0987584168253264,,339;408,403,,405;417;501,495,371;373;375,369;372,417;505,,493;498,403;453
7JZM,1,rpk,free,-574.5109512835827,-556.6619957261842,17.84895555739854,-56.62542199339053,-60.4433067833461,-3.8178847899555706,,339;408,403;502,434;508,417;501,449;490;506,371;375,,417;505,,493;498,403;453
7JZM,1,af2,cons,-614.990051773678,-507.96284304366463,107.0272087300134,-48.419737248194636,-37.694823849063766,10.72491339913087,,339,403;485;490;496;500,483;518,405;417;493;501;505,446;449;455;456;473;474;475;487;489;494;495;497;503;504;506,371;373,346;351;365;372;391;442;451;454;457;469;471;479;491;492;520;541,417;493;505,449;456;476;489;502,498,453;474;486;495;500
7JZM,1,af2,free,-654.525781072711,-624.1565942093923,30.369186863318646,-64.38920149660579,-50.8971336565869,13.49206784001889,,339;477,403;421;483;485;490;500;502;503,320;367;369;390;407;436;450;458;466;474;482;508;518,405;417;493;498;501;505,446;449;453;456;487;489;495;497;506,,374;377;391;430;442;445;448;451;454;457;469;479;491;492;517;519,417;484;493;505,449;453;489;497,478;498,403;406;503
