pdb,antibody,method,constrained,wt_total,om_total,d_total,wt_interface,om_interface,d_interface,tot_stab_mut_close,tot_stab_mut_distal,tot_stab_other_close,tot_stab_other_distal,tot_destab_mut_close,tot_destab_other_close,tot_destab_mut_distal,tot_destab_other_distal,int_destab_mut,int_destab_other,int_stab_mut,int_stab_other
7KN5,4,rpk,cons,-585.1558682041502,-550.6389219138697,34.51694629028054,-57.31010480818116,-47.65154646832168,9.658558339859475,,339;408;505,,374,417;484;486;498;501,446,371;373;375;376,370;372,417;484;486,,478,
7KN5,4,rpk,free,-605.5068632733505,-573.9060226523947,31.600840620955864,-70.98812582618933,-53.74227652014406,17.245849306045272,,339,,434,484;486;498;501,446,371;373;375;405,372,417;484;486;498,444,,
7KN5,4,af2,cons,-619.9077684171323,-529.0131983843851,90.8945700327472,-43.32547733601919,-27.720768328841437,15.604709007177753,,339,483;485;496;500;502,421;481;508,417;452;501,403;446;449;456;488;489;492;494;495;497,405;477,365;442;448;451;454;457;467;469;474;479;487;491;506,417,446;449;490;492;493;494,498;501,495;497;502;503
7KN5,4,af2,free,-661.1115919930073,-624.407010397354,36.70458159565328,-51.69853819524505,-55.70287211972662,-4.004333924481571,,339,483;485;490;500;502,320;338;346;360;367;369;390;436;443;481;515,417;452,403;445;446;448;449;456;487;489;491;492;494;495,405,368;391;442;451;454;467;469;473;506,417;484,444;446;449;490;494,478;501,495;497;499;503
