pdb,antibody,method,constrained,wt_total,om_total,d_total,wt_interface,om_interface,d_interface,tot_stab_mut_close,tot_stab_mut_distal,tot_stab_other_close,tot_stab_other_distal,tot_destab_mut_close,tot_destab_other_close,tot_destab_mut_distal,tot_destab_other_distal,int_destab_mut,int_destab_other,int_stab_mut,int_stab_other
7K9J,1,rpk,cons,-389.8036993219563,-377.5762029054382,12.227496416518079,-30.285158450741427,-30.57306543248905,-0.2879069817476214,,408,,453,,,371;373;375;405;501,372;494,,,,
7K9J,1,rpk,free,-460.6196808184276,-465.05890490541105,-4.439224086983472,-39.655207033178975,-42.29319288170218,-2.6379858485232077,,,,367;369;382;506;508;516,,,371;405;501,372;414;455;456;494,,,339,
7K9J,1,af2,cons,-611.9440813935082,-517.6353929515813,94.30868844192696,-32.912102783190086,-19.411106265718466,13.50099651747162,,,,483;490;496;500;502;518,371,345;444;445;446;447;448;449;451,373;405;493;501,351;365;372;453;454;455;456;457;461;469;471;473;475;479;487;491;492;494;495;497;506;520;522;541,,345;443;446,,
7K9J,1,af2,free,-657.4408193823176,-608.6352857014755,48.80553368084213,-42.28588078913087,-19.294398530771186,22.991482258359685,,478,346;356,338;367;369;390;407;418;421;436;474;483;490;500;502;518;527,,340;344;345;442;446;448;451,405;493,365;374;377;391;425;435;449;454;455;468;479;491;492;495;497;506;519;520;526;528,440,340;343;344;345;441;443;444,,356;446
