pdb,antibody,method,constrained,wt_total,om_total,d_total,wt_interface,om_interface,d_interface,tot_stab_mut_close,tot_stab_mut_distal,tot_stab_other_close,tot_stab_other_distal,tot_destab_mut_close,tot_destab_other_close,tot_destab_mut_distal,tot_destab_other_distal,int_destab_mut,int_destab_other,int_stab_mut,int_stab_other
7E7Y,2,rpk,cons,-509.1763561420253,-495.120971577728,14.055384564297299,-46.30074378753857,-43.58590106071115,2.7148427268274204,,339;373;408,,,477;478;484;486,,371;375;501,,486,,478,
7E7Y,2,rpk,free,-533.0158060939333,-516.9090798067298,16.106726287203514,-48.2763972046091,-40.430853906806135,7.845543297802962,,373,,,478;486,,371;405;501,347;446,478;486,,,
7E7Y,2,af2,cons,-612.6657479987831,-532.7143493847685,79.95139861401458,-21.80643523875417,-17.796145438743505,4.010289800010664,,339,481;483;490;502,383;443,477;486;501,456;474;475;487;488;494;495,405;452,365;442;446;448;451;454;455;457;467;469;479;491;492;497;506;538,486,475,478,489;495
7E7Y,2,af2,free,-664.9394604878062,-617.7705995921715,47.16886089563468,-41.647468005280544,-42.33781418732573,-0.6903461820451895,,339,473;483;485;490;502,320;367;369;374;390;436;500;528,477;486,456;480;487;493;495;497,375;405,351;368;404;406;420;425;442;445;446;447;448;451;453;465;466;491;492;503;506;522;526,477;484;486,476,478,481;487;489;495
