pdb,antibody,method,constrained,wt_total,om_total,d_total,wt_interface,om_interface,d_interface,tot_stab_mut_close,tot_stab_mut_distal,tot_stab_other_close,tot_stab_other_distal,tot_destab_mut_close,tot_destab_other_close,tot_destab_mut_distal,tot_destab_other_distal,int_destab_mut,int_destab_other,int_stab_mut,int_stab_other
7P77,5,rpk,cons,-286.91557817305284,-267.8769581500216,19.03862002303123,-21.742611451262377,-19.771984502703184,1.9706269485591932,,339;505,377,,371;373;375,372,405;484;501,,408,,,377
7P77,5,rpk,free,-463.4012631517844,-424.30866786834395,39.09259528344046,-36.60837879070455,-30.87415951391014,5.734219276794409,,339,366;370;372;374;404,351;395;489;492,371;373;375;376;405;501,377;435;502;503;504,,353;354;355;392;394;396;399;488;507,376;405;408,502;503,,370;372;374;379
7P77,5,af2,cons,-616.7758656485357,-539.4951651742682,77.28070047426752,-23.110390672644062,-20.83788608021139,2.2725045924326714,,339,,421;443;481;483;485;490;502,375,369;377,405;452;477;501,365;442;445;446;448;451;453;454;455;456;457;467;469;474;475;479;480;487;488;491;492;493;494;495;497;506;538,,369,,370;374
7P77,5,af2,free,-665.7392415304874,-614.3145317154097,51.42470981507779,-47.62019587658712,-31.390801569177817,16.2293943074093,,339,372;374;502,358;367;390;392;436;443;472;483;490;499;500,375;405;501,377;379;503;506,,351;353;420;425;442;445;446;447;448;451;453;456;467;471;474;479;487;491;492;495;497,376;408,369;370;380;502;503,,374
