pdb,antibody,method,constrained,wt_total,om_total,d_total,wt_interface,om_interface,d_interface,tot_stab_mut_close,tot_stab_mut_distal,tot_stab_other_close,tot_stab_other_distal,tot_destab_mut_close,tot_destab_other_close,tot_destab_mut_distal,tot_destab_other_distal,int_destab_mut,int_destab_other,int_stab_mut,int_stab_other
7CHO,1,rpk,cons,-509.207453236227,153.54750518885672,662.7549584250837,-47.66934603737698,-20.230108334598697,27.439237702778286,,339,,,405;417;501;505,490;495;496;503,371;373;375,336;338;347;353;358;365;367;368;369;372;374;377;382;392;398;508;511;515,417;486;505,475,,
7CHO,1,rpk,free,-542.5646550361589,-514.09218137714,28.472473659018874,-55.63164074377012,-48.317324174850775,7.314316568919345,,339,,368,405;417;501,,371;373,372;374;449,417;486,,,403
7CHO,1,af2,cons,-606.8119279887856,-514.6845336035599,92.12739438522567,-36.06846756747986,-19.324142175588136,16.74432539189172,,339,421;458;485;490;500;502,383;483,405;417;477;478;501,420;453;455;456;473;474;475;476;479;480;487;489;493;494;495;506,,365;442;446;448;449;451;467;469;491;492;497;538,505,455;456;473;475;476;487;489;493,405;486;498,421;474
7CHO,1,af2,free,-659.5702910069351,-621.796206425597,37.774084581338116,-54.46164727707309,-22.52068906308133,31.94095821399176,,339,458;473;474;490;496;502,320;338;340;347;358;367;369;374;390;436;443;471;472;483;500,405;486;501,420;421;453;454;455;456;459;475;487;493;495,375,368;430;442;445;446;448;451;465;467;491;492;497;506;526,486;505,415;420;421;455;456;457;460;473;475;476;487;489,477;478,458;474
