pdb,antibody,method,constrained,wt_total,om_total,d_total,wt_interface,om_interface,d_interface,tot_stab_mut_close,tot_stab_mut_distal,tot_stab_other_close,tot_stab_other_distal,tot_destab_mut_close,tot_destab_other_close,tot_destab_mut_distal,tot_destab_other_distal,int_destab_mut,int_destab_other,int_stab_mut,int_stab_other
7ND6,1,rpk,cons,-591.0625394172574,-557.4374750623397,33.625064354917754,-60.527380003717596,-43.750469553096416,16.77691045062118,,339,,,405;498;501,496,371;373;375,372,417;486;498;501;505,,,
7ND6,1,rpk,free,-621.3137871100805,-596.0304686622311,25.28331844784941,-65.956215350786,-56.95124848004067,9.004966870745328,,339,489,,405;477;498;501;505,458;493;496,371;373;375,366;368;390;471,486;498;505,,477,476;489
7ND6,1,af2,cons,-616.2591158740206,-504.03398931158256,112.22512656243805,-50.38322048551326,-19.183687302533826,31.199533182979437,,339,458;500;502,347;483;485;490,405;417;477;478;501;505,453;456;457;473;474;475;476;479;480;487;493;494;495;497;503,375,365;442;446;448;451;467;468;469;491;492;506,417;478;486;505,456;475;476;487;493;495;502,405,421;474;503
7ND6,1,af2,free,-666.5011722206187,-613.4013498375663,53.09982238305247,-65.55366229141046,-19.900917712446837,45.65274457896362,,339,418;485;500;502,320;338;347;367;369;390;422;436;443;472;483;490,405;417;501;505,453;455;456;460;495;497;503;506,375,326;351;353;356;365;368;391;442;445;446;448;451;465;471;480;491;492,405;417;486;501;505,403;409;420;455;456;460;473;489;495;502;503,477;478,487
