pdb,antibody,method,constrained,wt_total,om_total,d_total,wt_interface,om_interface,d_interface,tot_stab_mut_close,tot_stab_mut_distal,tot_stab_other_close,tot_stab_other_distal,tot_destab_mut_close,tot_destab_other_close,tot_destab_mut_distal,tot_destab_other_distal,int_destab_mut,int_destab_other,int_stab_mut,int_stab_other
7JV6,3,rpk,cons,-548.7480644720845,-531.0341186965204,17.71394577556407,-45.08458051537802,-38.28282814678965,6.8017523685883745,,339,,403;406,484;501,,371;373;375,372;455;495,484,,,
7JV6,3,rpk,free,-573.9760300973198,-554.9217181629164,19.054311934403472,-45.42337822900335,-40.35198405960294,5.071394169400406,,339;408,,,484;501,,371;373;375,372;386;455,484,,498,489
7JV6,3,af2,cons,-602.3804894785629,-519.5712064180606,82.80928306050237,-18.10092597412758,-14.396888009420454,3.704037964707126,,339,483;485;490;496;500;502,443;518,493;501,449;479;491;494;495;497,371;373;405,346;351;365;372;451;453;454;456;457;461;469;471;473;475;487;492;506;520;522;541,,449;481;483;490,501,446;495
7JV6,3,af2,free,-656.6100669604991,-609.0600712147932,47.54999574570593,-30.773959291724246,-31.18838414300449,-0.41442485128024487,,339;478,483;490;500;502,338;366;367;380;390;399;443;518;527,493,445;446;447;487;488;494;495,371;405,365;377;391;451;453;454;455;456;457;459;461;491;492;497;506;517;519;520;528,484,446;490,501,483;495
