pdb,antibody,method,constrained,wt_total,om_total,d_total,wt_interface,om_interface,d_interface,tot_stab_mut_close,tot_stab_mut_distal,tot_stab_other_close,tot_stab_other_distal,tot_destab_mut_close,tot_destab_other_close,tot_destab_mut_distal,tot_destab_other_distal,int_destab_mut,int_destab_other,int_stab_mut,int_stab_other
7N5H,1,rpk,cons,-500.92223524388555,-468.9434390417455,31.978796202140074,-44.90894984900511,-42.96101362009619,1.9479362289089224,,339,,495,371,372,373;375;484;493;501,455;490,408,,,
7N5H,1,rpk,free,-572.5818971632643,-555.4482327461117,17.13366441715266,-54.67151522889552,-45.77498293758774,8.896532291307786,,339,380;384;430;434,508,371;373;375;405,377;382,484;493,364;446;468;490;513,376;405;408;505,370;377;414,,369;381
7N5H,1,af2,cons,-611.3078583723282,-526.1013606377757,85.2064977345525,-34.29718085552698,-25.9987935235861,8.29838733194088,,339,502,483;490;500;518,371;373;405,370,501,346;351;365;372;442;446;449;451;454;455;456;457;471;473;475;479;487;491;492;494;495;497;506;520;522;541,408,370;427,,
7N5H,1,af2,free,-657.1610488845374,-614.6212881643073,42.539760720230106,-48.05634372839471,-39.997061664532396,8.059282063862312,,478,407;420,322;326;338;358;367;389;443;474;483;490;499;500;502;516;518;527,373;405,374;377;379;427,493;501,365;391;402;442;445;446;447;448;449;451;455;467;469;480;487;491;492;495;497;506;519;528,408,383;427,,377;378;414
