pdb,antibody,method,constrained,wt_total,om_total,d_total,wt_interface,om_interface,d_interface,tot_stab_mut_close,tot_stab_mut_distal,tot_stab_other_close,tot_stab_other_distal,tot_destab_mut_close,tot_destab_other_close,tot_destab_mut_distal,tot_destab_other_distal,int_destab_mut,int_destab_other,int_stab_mut,int_stab_other
6ZBP,1,rpk,cons,-545.622776469074,-518.1694158477015,27.45336062137244,-44.964616593674855,-36.41169266496687,8.552923928707983,,339;408,,,484;493,,371;373;375;376;498;501,372,484;493,,,
6ZBP,1,rpk,free,-569.0743180251936,-555.1009832598795,13.97333476531412,-46.601817303188284,-38.908504665332906,7.693312637855378,,339;408,,366;508,484,,371;373;501,377;506,484;493,,,
6ZBP,1,af2,cons,-613.5165670807023,-514.4457599554419,99.07080712526044,-36.42007172391512,-12.552097050344305,23.867974673570817,,339,481;483;496,500;502;518,452;493,346;446;448;449;451;455;456;473;487;488;490;491;492;494;495;497,371;373;405,351;365;372;403;454;457;461;469;471;475;479;506;520;522;541,493,449;483;489;490;494,501,
6ZBP,1,af2,free,-662.2934427987568,-615.179327517139,47.11411528161784,-47.853893583134614,-20.49591760628631,27.357975976848305,,339;478,450;490;499;502,320;338;354;367;380;390;443;466;474;518,452;484;501,446;448;449;451;455;456;483;489;491;492;494;495;497,371;405,342;365;374;377;381;391;442;454;457;469;479;480;506;517;519;520,452;484;493,449;455;456;470;483;489;490;494,501,445;450;495;499
