pdb,antibody,method,constrained,wt_total,om_total,d_total,wt_interface,om_interface,d_interface,tot_stab_mut_close,tot_stab_mut_distal,tot_stab_other_close,tot_stab_other_distal,tot_destab_mut_close,tot_destab_other_close,tot_destab_mut_distal,tot_destab_other_distal,int_destab_mut,int_destab_other,int_stab_mut,int_stab_other
7CZS,2,rpk,cons,-436.7189030500214,-413.1976698606401,23.52123318938135,-37.05596906621312,-31.938944107279067,5.117024958934056,,339,,,417;501,,371;373;375,372;472,417;505,,,
7CZS,2,rpk,free,-532.0490635657288,-519.1776429633496,12.871420602379203,-59.817642692274404,-43.55043922003004,16.26720347224436,,339,504,368;431;508;515,405;417;484,455;490;506,371;375,370;429;432;451;513,417;486;498;505,494;503,501,
7CZS,2,af2,cons,-601.4186678997976,-512.0292384930774,89.38942940672018,-28.96886237315828,-20.268084692516794,8.700777680641487,,339,481;500;502,347;383;483;485,405;477;478;501;505,453;454;457;473;474;475;479;480;487;488;494;495;503;504;506,452,365;442;446;448;451;467;469;491;492;497,505,475;487;489;503,477,
7CZS,2,af2,free,-660.5925154453696,-613.9854813030438,46.6070341423258,-57.68196035398718,-20.20226137215309,37.47969898183409,,339,483;490;500,347;367;369;390;436;472;485,405,406;446;453;455;456;460;487;493;495;506,375;452,353;368;391;442;445;448;451;467;480;491;492;497,417;486;505,403;406;421;455;456;460;473;475;489;493,,474;503
