pdb,antibody,method,constrained,wt_total,om_total,d_total,wt_interface,om_interface,d_interface,tot_stab_mut_close,tot_stab_mut_distal,tot_stab_other_close,tot_stab_other_distal,tot_destab_mut_close,tot_destab_other_close,tot_destab_mut_distal,tot_destab_other_distal,int_destab_mut,int_destab_other,int_stab_mut,int_stab_other
7D30,1,rpk,cons,-489.81531479623345,-472.7165055632795,17.098809232953954,-67.3676369015803,-65.72806098490261,1.6395759166776855,,,,,417;484,,371;373;375;405,370;372,417;484;493;505,,478;498;501,
7D30,1,rpk,free,-561.5337017400591,-540.3926209235611,21.141080816497947,-71.55446662153042,-72.3979731292861,-0.8435065077556771,,,500,,405;417;484,,371;373;375,370;372,417;493;505,,478;498;501,500
7D30,1,af2,cons,-597.8445571686501,-509.57841392094406,88.26614324770605,-34.064509692120865,-26.703062105151606,7.361447586969259,,339,481;482;483;485;490;496;499;500;502,383;518,417;452;498;501;505,446;449;451;453;456;487;492;494;495;497,371;373;405,346;351;365;372;387;420;448;457;459;461;465;467;469;471;473;474;475;479;491;506;520;522;541,417;505,449;453;483;485;490;494,493;498;501,488;495;499;503
7D30,1,af2,free,-658.9990697511914,-615.1708423470568,43.82822740413462,-51.40866679661725,-45.37629563555465,6.032371161062599,,339;477,499;500;502,320;354;367;369;390;407;421;436;466;481;518;528,417;501,446;449;453;455;456;487;492;494;495;497,405,374;377;391;420;435;442;451;457;461;469;479;491;506;519;520;526,417;505,449;453;483;489;490,493;498,486;488;495;499;503
