pdb,antibody,method,constrained,wt_total,om_total,d_total,wt_interface,om_interface,d_interface,tot_stab_mut_close,tot_stab_mut_distal,tot_stab_other_close,tot_stab_other_distal,tot_destab_mut_close,tot_destab_other_close,tot_destab_mut_distal,tot_destab_other_distal,int_destab_mut,int_destab_other,int_stab_mut,int_stab_other
7BYR,1,rpk,cons,-434.7282295043375,-421.7955642041288,12.932665300208669,-27.52082232973261,-31.02558177210706,-3.50475944237445,,339;408,403,,,,371;373;375;405,372,484;486,,498;501,
7BYR,1,rpk,free,-505.3405373255116,-511.32021887532125,-5.979681549809641,-40.61958887697557,-40.84399387671867,-0.22440499974310057,,339;408,444,372;383;429,,,371;375;405,365;377;379;433;499;509;517,486;505,,501,
7BYR,1,af2,cons,-609.1796024365699,-519.9484030207939,89.23119941577602,-25.12872964347415,-11.820161988752,13.308567654722149,,339,485;496;500;502,443;481,,449;456;475;487;488;489;492;493;494;495;497;503;506,405;477,365;442;448;451;454;457;467;469;474;479;491,484;498,449;483;490;493;494,501,495
7BYR,1,af2,free,-649.6522801914286,-617.2013409521717,32.45093923925697,-35.918253101873546,-27.328660422636556,8.58959267923699,,339,485;490;499;500;502,320;356;367;369;372;374;389;390;436;443;508,405,446;447;449;456;487;489;491;492;494;495;497,375,351;368;377;442;451;465;467;475;479;506;526,484;498,449;483;489;490;493;494,452;501,502;503
