pdb,antibody,method,constrained,wt_total,om_total,d_total,wt_interface,om_interface,d_interface,tot_stab_mut_close,tot_stab_mut_distal,tot_stab_other_close,tot_stab_other_distal,tot_destab_mut_close,tot_destab_other_close,tot_destab_mut_distal,tot_destab_other_distal,int_destab_mut,int_destab_other,int_stab_mut,int_stab_other
6ZCZ,1,rpk,cons,-534.0755791823794,-521.0762004948897,12.999378687489752,-45.513684010384736,-39.55542000309284,5.958264007291895,,339;408,,,452;484,455,371;373;501,372,452;484,,,
6ZCZ,1,rpk,free,-564.3249225478095,-545.1108475204808,19.214075027328704,-45.82934164170749,-44.92086344997141,0.90847819173608,,339;408,,366,452;484,,375;405,364;368;369;372;434;499,484,,,
6ZCZ,1,af2,cons,-618.3586398986185,-522.1821518691656,96.17648802945291,-40.97742283583634,-19.821895486313394,21.15552734952295,,339,481;483;496;502,485,452,446;448;449;451;455;456;488;489;490;491;492;493;494;495;497;499,405;477,351;365;403;442;454;457;467;469;474;475;479;480;487;506,,449;483;489;490;493;494,501,445
6ZCZ,1,af2,free,-663.5228331660359,-614.2790676575628,49.243765508473075,-48.48786149479842,-17.71210802420585,30.775753470592573,,339;478,472;502,320;347;366;367;368;372;390;421;443;500,452,446;448;449;451;483;488;491;492;493;494;495;497,371;405,365;377;403;433;442;457;465;467;480;487;506,452;484,449;456;470;483;489;490;493,501,445
