pdb,antibody,method,constrained,wt_total,om_total,d_total,wt_interface,om_interface,d_interface,tot_stab_mut_close,tot_stab_mut_distal,tot_stab_other_close,tot_stab_other_distal,tot_destab_mut_close,tot_destab_other_close,tot_destab_mut_distal,tot_destab_other_distal,int_destab_mut,int_destab_other,int_stab_mut,int_stab_other
7LRT,2,rpk,cons,-297.7411455902189,-282.64629050572273,15.094855084496146,-35.75896887196503,-36.18511363145564,-0.4261447594906116,,339;440;505,,401,478;493,,371;375;446;498;501,,,,478,
7LRT,2,rpk,free,-394.42099595381535,-383.36029047487375,11.0607054789416,-47.42517050256083,-41.31273178487113,6.112438717689699,,339;373;440,403,370;419;438;441;449,,455;479,371;375;446;498,343;366;413;495;497,478,473;479,493,
7LRT,2,af2,cons,-613.9199036877594,-613.7716343061174,0.1482693816419669,-23.519424751352542,-28.8127841824526,-5.293359431100058,,339;371,481;483;485,367;369;372;406;518,,,375;446;501,365;368;374;420;434;435;452;499;528,477,,478,
7LRT,2,af2,free,-659.5118596607617,-668.0023381574113,-8.49047849664953,-51.72410262319025,-53.81214229243472,-2.0880396692444734,,339;371,473;485;492,369;372;382;406;425;518;528,,,446,342;356;374;435;452;526,484,483;485,493;501;505,486;489;490
