pdb,antibody,method,constrained,wt_total,om_total,d_total,wt_interface,om_interface,d_interface,tot_stab_mut_close,tot_stab_mut_distal,tot_stab_other_close,tot_stab_other_distal,tot_destab_mut_close,tot_destab_other_close,tot_destab_mut_distal,tot_destab_other_distal,int_destab_mut,int_destab_other,int_stab_mut,int_stab_other
7B27,1,rpk,cons,-434.59974348477556,-408.9110670450698,25.688676439705773,-50.33194458599577,-48.68145170222617,1.6504928837696013,,417;496,,353,478;484,,373;493;498,330;372;423,,,,
7B27,1,rpk,free,-510.38668903645487,-499.589689887773,10.796999148681891,-61.39032805700612,-61.07038849680178,0.31993956020433956,,417;496;501,439;441,370;401;408;409;455;519;526,478;484,337;480,371;373;493,358;363;372;376;395;410;413;423,,480,,472
7B27,1,af2,cons,-624.5189129874005,-620.052304465285,4.466608522115507,-59.98001228009235,-43.86326884192019,16.116743438172165,,339;371,483;485,367;369;372;406;518,446;493,452;455;494,375;501,365;368;374;420;434;435;499,493,346;481;483,,
7B27,1,af2,free,-674.7519427776847,-677.742727930339,-2.9907851526543254,-78.82248374026695,-74.59542461375766,4.227059126509289,,339;371,485,369;372;406;480;518,417;446;493,444;445;489;494,,374;420;430;435;526,417;493,445;470;481;483,446;484,346;453;482;485;486
