pdb,antibody,method,constrained,wt_total,om_total,d_total,wt_interface,om_interface,d_interface,tot_stab_mut_close,tot_stab_mut_distal,tot_stab_other_close,tot_stab_other_distal,tot_destab_mut_close,tot_destab_other_close,tot_destab_mut_distal,tot_destab_other_distal,int_destab_mut,int_destab_other,int_stab_mut,int_stab_other
6YZ7,4,rpk,cons,-502.81479035600387,-488.55889858906903,14.255891766934838,-38.7418686390911,-28.303952737004234,10.437915902086868,,339,,,484;493,,371;405;501,372,484;493,,,
6YZ7,4,rpk,free,-543.9169357287574,-542.261759895242,1.6551758335153863,-39.18748973182434,-32.69210753511369,6.495382196710651,,339;408,,387;495;508,484;493,,477,364;365;374;388;434,484;493,,,
6YZ7,4,af2,cons,-610.9154805735676,-521.852558006065,89.0629225675026,-31.55824024594741,-14.667826844371037,16.890413401576374,,339,472;481;483;496,443;500;502;518,493,346;446;449;456;473;487;488;489;491;492;494;495;497;499,371;373;375;405,351;365;372;403;448;451;454;457;467;468;469;471;479;506;520;522;538;541,493,449;483;489;490;492;494;499,501,495
6YZ7,4,af2,free,-659.9384141926619,-624.5986237491046,35.33979044355726,-41.519199322746054,-29.243819738194052,12.275379584552002,,339;478,473,320;338;367;369;390;407;418;422;436;474;500;502;518;527,452;493,446;447;449;455;456;487;489;491;492;494;495;497,405,374;377;389;391;403;406;435;442;448;465;480;506;519;520,493,449;483;489;490,501,445;450;486;495
