pdb,antibody,method,constrained,wt_total,om_total,d_total,wt_interface,om_interface,d_interface,tot_stab_mut_close,tot_stab_mut_distal,tot_stab_other_close,tot_stab_other_distal,tot_destab_mut_close,tot_destab_other_close,tot_destab_mut_distal,tot_destab_other_distal,int_destab_mut,int_destab_other,int_stab_mut,int_stab_other
7NX6,2,rpk,cons,-547.8948135509643,-535.9461738767537,11.94863967421054,-47.90870577834645,-40.929457098996636,6.979248679349816,,339,,,505,,371;375,372,417;505,,501,
7NX6,2,rpk,free,-562.6335071615675,-562.8872472073957,-0.2537400458281809,-57.64741967804691,-56.4027006077941,1.2447190702528061,,339;373,495,,505,403,371;375,,417;505,,493;501,
7NX6,2,af2,cons,-612.3884381196991,-462.8105123173224,149.57792580237674,-40.34775471690803,6.1742438380988105,46.52199855500684,,339,481;489;496;500;502,483;490;518,405;477;478;498;501;505,449;454;455;456;457;459;473;474;475;476;479;480;487;494;495;497;503;506,371;373;452,346;351;365;372;391;446;451;465;467;469;491;492;520;538;541,477;478;505,455;473;474;475;476,498,486;487;489;504
7NX6,2,af2,free,-656.8057810577914,-608.6326116003315,48.173169457459835,-58.678744097044856,-18.19815399228077,40.48059010476409,,,489;500,320;338;367;380;390;450;482;483;485;490;499;518;527,405;501;505,406;447;449;453;454;456;457;475;487;494;495;497;506,371;452,351;365;374;381;391;442;445;446;448;451;467;468;491;492;517;519;520,417;501;505,403;420;421;455;456;460;473;475;486;495;502,498,489;503
