pdb,antibody,method,constrained,wt_total,om_total,d_total,wt_interface,om_interface,d_interface,tot_stab_mut_close,tot_stab_mut_distal,tot_stab_other_close,tot_stab_other_distal,tot_destab_mut_close,tot_destab_other_close,tot_destab_mut_distal,tot_destab_other_distal,int_destab_mut,int_destab_other,int_stab_mut,int_stab_other
7M7W,2,rpk,cons,-538.7695821350763,-509.44714116280284,29.32244097227351,-64.39218539839439,-59.82822017895407,4.56396521944032,,,,,371;373;501,372,,455,408,,375,
7M7W,2,rpk,free,-572.3068734114481,-554.6087063519337,17.69816705951439,-64.59919729919221,-56.246035103777714,8.353162195414498,,339,,363;387;424,371;373;376,372,498,388;446;457,408,374,375,378
7M7W,2,af2,cons,-619.7643266615687,-534.7665676163091,84.99775904525961,-47.58468392978055,-36.300546551831026,11.284137377949527,,339,369,367;483;490;496;518,371;375;405;501,503;506,493,346;351;365;446;449;451;454;456;457;469;471;473;475;479;487;491;492;494;495;497;520;522;541,405;408,502;503,,369;372
7M7W,2,af2,free,-668.1720465014109,-622.0594875508114,46.11255895059958,-62.16763553632531,-55.58096496019003,6.586670576135276,,339;478,369;502,354;418;422;443;458;473;483;490;499;500;518,371;405;501,370;374;503;504;506,493,365;391;442;445;446;448;449;451;465;480;487;491;492;495;497;517;519;520,405;408,370;372;502;503,373;375,369;385
