pdb,antibody,method,constrained,wt_total,om_total,d_total,wt_interface,om_interface,d_interface,tot_stab_mut_close,tot_stab_mut_distal,tot_stab_other_close,tot_stab_other_distal,tot_destab_mut_close,tot_destab_other_close,tot_destab_mut_distal,tot_destab_other_distal,int_destab_mut,int_destab_other,int_stab_mut,int_stab_other
7MZK,4,rpk,cons,-557.0279401473075,-537.6575305320594,19.37040961524815,-37.40118773822011,-35.64855043754472,1.7526373006753886,,339,437,,375;440;446,372;447,371;484;501,490,440,,,437
7MZK,4,rpk,free,-575.0791792740224,-554.3096490228287,20.769530251193714,-39.98574737646023,-35.173846333111634,4.811901043348598,,339,,491;492,373;440;446,372;374;449,371;484,434;452;490,440,372,,437
7MZK,4,af2,cons,-617.4312412050663,-611.4608675682496,5.970373636816703,-36.14887421218104,-33.71949251121352,2.429381700967525,,339;484,372,367;369;406;483;485;518,375;440,445,496;501,365;368;389;434;435;452,440,445,,437
7MZK,4,af2,free,-664.0776392452315,-660.273739303472,3.8038999417594823,-42.28066741211933,-37.179475391313154,5.101192020806174,,339,437,390;406;483;518;527,440;446,374;445;448,,342;365;389,373;440,372;445,446,437
