pdb,antibody,method,constrained,wt_total,om_total,d_total,wt_interface,om_interface,d_interface,tot_stab_mut_close,tot_stab_mut_distal,tot_stab_other_close,tot_stab_other_distal,tot_destab_mut_close,tot_destab_other_close,tot_destab_mut_distal,tot_destab_other_distal,int_destab_mut,int_destab_other,int_stab_mut,int_stab_other
7CWL,3,rpk,cons,-411.9184624822375,-404.94847913065564,6.9699833515818455,-44.32551850643303,-42.787384656525894,1.5381338499071333,,,,497;506,446,447,373;501,372,493,,478,
7CWL,3,rpk,free,-512.8746243905292,-526.9313991048228,-14.056774714293624,-56.3057455689345,-52.27827461482152,4.027470954112978,,373,,358;363;365;367;369;372;374;377;497;508,446,447;455;495,371;498;501,,446;484,486,478;493,
7CWL,3,af2,cons,-610.4591510916428,-619.3789217244397,-8.91977063279694,-33.77665145223955,-33.6970770990853,0.07957435315424988,,339;371,483;485;486,367;369;372;406;451;518,493,455;494,375;501,365;368;374;420;434;435;499;528,484,,,483;485;486
7CWL,3,af2,free,-659.2695819622938,-663.0287271913021,-3.7591452290082543,-43.325021642899685,-51.661488767776405,-8.33646712487672,,339;371,450;480;483;485,369;372;406;425;451;518;527,446,449;455;489;494,,332;342;374;430;435;444;528,484,450;470,,485;486;489;490
