pdb,antibody,method,constrained,wt_total,om_total,d_total,wt_interface,om_interface,d_interface,tot_stab_mut_close,tot_stab_mut_distal,tot_stab_other_close,tot_stab_other_distal,tot_destab_mut_close,tot_destab_other_close,tot_destab_mut_distal,tot_destab_other_distal,int_destab_mut,int_destab_other,int_stab_mut,int_stab_other
7CWL,3,rpk,cons,-412.1782869205115,-397.6588690181677,14.519417902343775,-44.34564160270536,-43.96559881387929,0.38004278882607423,,,,500;506,,,371;373;501,372,493,,478,
7CWL,3,rpk,free,-519.3069958512621,-526.7251216281306,-7.418125776868578,-52.21281072514761,-47.58790374094309,4.624906984204522,,373,,338;340;342;365;368;372;374;432;473;508,,,371;405;501,361;399;434;510;526,484,449,478,
7CWL,3,af2,cons,-610.4591510916428,-505.3129944828281,105.14615660881464,-33.77665145223955,-16.524160065709225,17.252491386530323,,339,483;485;490;496,443;502;508;518,501,351;446;449;455;456;469;471;473;479;487;488;489;491;492;494;495;497,371;373;405,365;372;442;448;451;453;454;457;459;461;467;474;475;506;520;522;541,484,456;481;486;487;489;490;492,493,495
7CWL,3,af2,free,-659.2695819622938,-617.6303535200124,41.63922844228148,-43.325021642899685,-65.10705279136553,-21.782031148465848,,339,483;485;486;490;499;502,367;369;389;390;407;436;443;518,452;493,445;446;447;451;455;456;470;471;489;491;492;495;497,405,368;374;391;402;418;425;442;448;453;460;465;506;519;520,484,449;470;472;489,493;498;501,481;483;486;495;499
