pdb,antibody,method,constrained,wt_total,om_total,d_total,wt_interface,om_interface,d_interface,tot_stab_mut_close,tot_stab_mut_distal,tot_stab_other_close,tot_stab_other_distal,tot_destab_mut_close,tot_destab_other_close,tot_destab_mut_distal,tot_destab_other_distal,int_destab_mut,int_destab_other,int_stab_mut,int_stab_other
7P79,3,rpk,cons,-277.57066542988525,-251.29653745663768,26.274127973247573,-35.243307469927316,-31.867444884766556,3.3758625851607604,,,403,,405;417;484;493;498;501,406,371;373;375,,505,,501,
7P79,3,rpk,free,-414.14532792453724,-428.95622755933437,-14.810899634797124,-53.940208321683116,-47.018234766800106,6.92197355488301,,408,403;486;489;490,340;350;351;372;374;436;454;488;509;513,405;452;484;493;498;501,487,371;373,342,493;498;505,487;489,405;417;501,486
7P79,3,af2,cons,-605.572594904254,-494.7948282059316,110.77776669832235,-32.57542312376199,-34.00197344981897,-1.4265503260569758,,339,483;496;500;502,437;443;490;518,405;452;493;501;505,403;445;446;449;453;456;457;475;494;495;497;503;504;506,371;373;375,351;365;372;387;389;391;442;451;459;461;469;471;473;474;479;487;491;492;520;541,493;505,446;449,,486;499;502;503
7P79,3,af2,free,-653.8957548357571,-626.6001770653218,27.29557777043533,-39.29509969052946,-23.360190160601128,15.934909529928333,,339;478,418;503,320;356;367;369;390;407;422;436;437;450;466;474;483;490;518;527,493,403;406;445;446;449;455;495;504;506,,353;377;391;435;442;454;464;469;491;492;497;519,493;498;505,403;445;446;455;500;504,417;501,503
