pdb,antibody,method,constrained,wt_total,om_total,d_total,wt_interface,om_interface,d_interface,tot_stab_mut_close,tot_stab_mut_distal,tot_stab_other_close,tot_stab_other_distal,tot_destab_mut_close,tot_destab_other_close,tot_destab_mut_distal,tot_destab_other_distal,int_destab_mut,int_destab_other,int_stab_mut,int_stab_other
7P40,2,rpk,cons,-541.1112569103352,-525.3962545398956,15.715002370439606,-31.113016649415496,-28.70033594946821,2.412680699947284,,339;446,455,,484;501,,371;373;375,372,477,,478,
7P40,2,rpk,free,-584.3149177812904,-576.9056431643114,7.409274616979019,-51.4794345774602,-54.541564123892,-3.0621295464318052,,339;446,,367,477;493;501,452;472;489,371;373;375,370;372,477,489,478;484,
7P40,2,af2,cons,-597.501732780772,-600.6497778954937,-3.14804511472164,-31.785316924813714,-25.349268087058046,6.436048837755667,,339;371,483;485,367;369;372;406;518,,453;486,375;446;501,365;368;420;434;435;499;528,477,481;486,478,
7P40,2,af2,free,-662.2362618531381,-655.624251088911,6.61201076422708,-70.54338120618986,-54.85363335536849,15.689747850821377,,339;371,480;483,369;372;393;406;516;518;527,477;478;493,455;486,,374;420;435;491;519;526,477;478;484,481;483;486,,490
