pdb,antibody,method,constrained,wt_total,om_total,d_total,wt_interface,om_interface,d_interface,tot_stab_mut_close,tot_stab_mut_distal,tot_stab_other_close,tot_stab_other_distal,tot_destab_mut_close,tot_destab_other_close,tot_destab_mut_distal,tot_destab_other_distal,int_destab_mut,int_destab_other,int_stab_mut,int_stab_other
7MLZ,1,rpk,cons,-144.62563832793336,-113.97519728466108,30.65044104327228,-29.706789132966474,-28.419773390523904,1.2870157424425699,,339,,,493,,371;375;446;501,447;495;502,,,,
7MLZ,1,rpk,free,-265.54595637363514,-280.92049460637065,-15.374538232735517,-44.85501812277757,-45.066035691005254,-0.2110175682276818,,339;373,453;456;457;473;485;487;489,349;350;374;384;402;422;439;443;471;497;506,493,483;491,371;375;440;446;498,338;346;363;365;367;369;372;451,478;493,,,475;487;490
7MLZ,1,af2,cons,-606.2777149646494,-605.3435363079498,0.9341786566996007,-41.89019498524016,-38.256651017398376,3.6335439678417814,,339;371,483;485,367;369;372;406;518,478,479,375;446;496;501,365;368;374;434;435;528,477,479,,
7MLZ,1,af2,free,-659.4193923168427,-647.7020340994861,11.717358217356605,-54.57125543432349,-40.383667519430304,14.187587914893186,,339,483;486,369;372;406;418;425;518,478,455;479;489,446;496;501,332;342;356;374;435;448;526,477;478,455;475;479;483;485,,486
