pdb,antibody,method,constrained,wt_total,om_total,d_total,wt_interface,om_interface,d_interface,tot_stab_mut_close,tot_stab_mut_distal,tot_stab_other_close,tot_stab_other_distal,tot_destab_mut_close,tot_destab_other_close,tot_destab_mut_distal,tot_destab_other_distal,int_destab_mut,int_destab_other,int_stab_mut,int_stab_other
7EH5,5,rpk,cons,-351.9927898903828,-342.65976468424594,9.333025206136881,-14.828106297982625,-17.342866768541093,-2.5147604705584676,,339;417;486,,490,371;373;501,372,,492,408,,375,
7EH5,5,rpk,free,-468.4900944067292,-467.9686656352691,0.5214287714601369,-41.936554989687934,-45.45885820893502,-3.5223032192470853,,339,406,338;403,371;373;501,372;378;434,,342;492,,370,375;408,
7EH5,5,af2,cons,-607.633489917285,-530.8693583381818,76.76413157910326,-9.788151536597557,-5.05991851390988,4.728233022687677,,339,500;502,481;483;485;490,371;405;501,503;506,452;477,365;442;446;448;451;453;454;456;457;467;469;474;475;479;480;487;488;491;492;494;495;497,,503,,
7EH5,5,af2,free,-655.2375517358237,-626.9823338249386,28.255217910885108,-34.76626685117968,-29.984796812736136,4.781470038443544,,339,368;369;407;500;502,320;356;390;443;472;483;485;490,405,374;503;506,,391;442;445;446;448;451;453;454;456;457;465;479;480;487;491;492;495;497,,372;377;385;502;503,375;408,
