pdb,antibody,method,constrained,wt_total,om_total,d_total,wt_interface,om_interface,d_interface,tot_stab_mut_close,tot_stab_mut_distal,tot_stab_other_close,tot_stab_other_distal,tot_destab_mut_close,tot_destab_other_close,tot_destab_mut_distal,tot_destab_other_distal,int_destab_mut,int_destab_other,int_stab_mut,int_stab_other
7ORB,1,rpk,cons,-510.59357848467573,-497.18556089586434,13.40801758881139,-40.586042891639934,-35.648796614646145,4.93724627699379,,339;408,,,484;486,455,371;375;405;501,372,486,,,
7ORB,1,rpk,free,-537.2470635692401,-524.866492362329,12.3805712069111,-51.42523073383753,-45.35564551432365,6.069585219513883,,339;408,,515,484,455,371;375;405,372;391;392;439;472,484;486,,,479
7ORB,1,af2,cons,-613.2185081252039,-528.8090231753897,84.40948494981421,-26.073708690396472,-6.940365692045753,19.13334299835072,,339,481;483;490,434;500;502,477;501,455;456;457;473;474;475;476;479;487;488;494;495,405,365;442;446;448;451;454;465;467;469;491;492;497;506,486,473;475;476;487;489,498,
7ORB,1,af2,free,-664.5278972009748,-615.2125784931225,49.315318707852384,-52.88862505175408,-33.17962877421907,19.708996277535014,,339,483;485;488;489;499,320;338;347;358;367;369;374;390;436;472;490;500;502;527,405;477;486,453;455;475;480;487;493;495;497,375;501,365;368;391;406;420;424;442;445;446;447;448;451;465;467;469;491;492;503;506;528,477;484;486,473;479;485;493,,455;495
