pdb,antibody,method,constrained,wt_total,om_total,d_total,wt_interface,om_interface,d_interface,tot_stab_mut_close,tot_stab_mut_distal,tot_stab_other_close,tot_stab_other_distal,tot_destab_mut_close,tot_destab_other_close,tot_destab_mut_distal,tot_destab_other_distal,int_destab_mut,int_destab_other,int_stab_mut,int_stab_other
7BWJ,1,rpk,cons,-515.9287692036996,-489.7061903766312,26.222578827068446,-34.701567550820634,-29.588296043779096,5.113271507041539,,339;408;505,,,452;484,,371;373;375;405;501,372,452;484,,,
7BWJ,1,rpk,free,-545.453052309917,-516.4972318579255,28.955820451991485,-36.116764284367804,-36.62012646364485,-0.5033621792770475,,339;408,,,452;484,490,371;373;375;376;405;501,366;372;489,484,,,449
7BWJ,1,af2,cons,-609.1476299960286,-504.9253585268485,104.2222714691801,-23.493086496097575,-0.829549565465454,22.663536930632123,,339,481;483;485,383;496;502;518,452;493;501,346;351;444;445;446;448;449;491;492;494;495;497,371;373;405,365;372;439;442;451;453;454;455;456;457;461;469;473;475;479;487;506;520;522;541,452;493,449;450;483;490,,
7BWJ,1,af2,free,-654.6023421700766,-613.1699411842008,41.4324009858758,-30.08715285105868,-29.171034183283766,0.9161186677749136,,339;477,443;483;486;490;499;500;502,320;338;354;367;389;390;466;518;527,452;493,446;448;491;492;495;497,371;405,365;374;377;391;420;442;451;453;455;456;469;488;506;519;520;528,452;484,449;483;490,501,445;485;486;494;499
