pdb,antibody,method,constrained,wt_total,om_total,d_total,wt_interface,om_interface,d_interface,tot_stab_mut_close,tot_stab_mut_distal,tot_stab_other_close,tot_stab_other_distal,tot_destab_mut_close,tot_destab_other_close,tot_destab_mut_distal,tot_destab_other_distal,int_destab_mut,int_destab_other,int_stab_mut,int_stab_other
7BWJ,1,rpk,cons,-513.2641376770434,-508.0892061568494,5.174931520194036,-34.78105015473852,-33.051594799269864,1.7294553554686587,,339;496,,367,484,,373;375,372,484,,,449
7BWJ,1,rpk,free,-547.5920746330203,-545.8579130607543,1.7341615722659753,-39.58475009621828,-38.21712497625187,1.3676251199664122,,339,,367;374;497,484,490,371;375,495,484,,,
7BWJ,1,af2,cons,-609.1476299960286,-613.780700698838,-4.633070702809391,-23.493086496097575,-25.539187896155557,-2.0461014000579816,,339;371,481;483;485,367;369;372;406;518,446;493,452,375;501,365;368;374;389;420;434;435;455,,447,,483
7BWJ,1,af2,free,-654.6023421700764,-659.8742651355549,-5.2719229654784385,-30.087152851058676,-37.350062261959174,-7.262909410900498,,339;371,452;483;485,360;369;372;406;425;480;518;527,,,496;501,374;435;455;489;495;499;528,,447;449,446,444;450;452;470;483
