pdb,antibody,method,constrained,wt_total,om_total,d_total,wt_interface,om_interface,d_interface,tot_stab_mut_close,tot_stab_mut_distal,tot_stab_other_close,tot_stab_other_distal,tot_destab_mut_close,tot_destab_other_close,tot_destab_mut_distal,tot_destab_other_distal,int_destab_mut,int_destab_other,int_stab_mut,int_stab_other
7JW0,2,rpk,cons,-589.628037385283,-564.0470539253758,25.580983459907202,-33.864952995125556,-33.78409651862196,0.08085647650359817,,339,,,375,,371;373;484;493;501,372,,,,
7JW0,2,rpk,free,-604.8169447240195,-584.6161514996336,20.20079322438596,-45.03214266611531,-46.2387667687761,-1.2066241026607898,,339,,436,375,366,371;373;484;501,372;499,,,,
7JW0,2,af2,cons,-612.6770267812362,-618.625907290785,-5.948880509548758,-33.94404453921123,-35.09412191162904,-1.1500773724178117,,339;371,370;372;389;518,367;406;483;485,375,369;374,501,434;435;452;499,,369,,372;429
7JW0,2,af2,free,-661.517816991515,-666.4720872057324,-4.954270214217331,-43.65460921649956,-56.44941850062347,-12.794809284123914,,339;371;484,372;376;378,393;394;406;434;483;527,,370;374;517,446;496;501,435;519,,369;518,373,372;378;383;385
