pdb,antibody,method,constrained,wt_total,om_total,d_total,wt_interface,om_interface,d_interface,tot_stab_mut_close,tot_stab_mut_distal,tot_stab_other_close,tot_stab_other_distal,tot_destab_mut_close,tot_destab_other_close,tot_destab_mut_distal,tot_destab_other_distal,int_destab_mut,int_destab_other,int_stab_mut,int_stab_other
7SOE,2,af2,cons,-788.1131237861241,-783.5624354189733,4.550688367150769,-21.09348136782271,-14.953002073305782,6.140479294516929,,67;95,97;148;149;150;151;154,18;19;21;22;75;76;77;79;111;138;213;nan;215;216;242;260,143;144,123;146;152;153;179;180,142;212,17;20;23;140;187;210;245;246;249;254;255;256;257;259,,146;153,,148
7SOE,2,af2,free,-892.7857198525104,-887.5557265050991,5.229993347411323,-43.84056967562987,-41.48184280680955,2.3587268688203196,,67;95,122;149;150;155,18;19;38;68;76;77;96;114;213;nan;215;216;222;227;242;248;253;260,142;143,97;146;153;179;251,69;212,20;21;29;72;140;181;183;187;221;229;245;246;249;255;256;261;262;289,145,146;147;148;153,,152;176
