pdb,antibody,method,constrained,wt_total,om_total,d_total,wt_interface,om_interface,d_interface,tot_stab_mut_close,tot_stab_mut_distal,tot_stab_other_close,tot_stab_other_distal,tot_destab_mut_close,tot_destab_other_close,tot_destab_mut_distal,tot_destab_other_distal,int_destab_mut,int_destab_other,int_stab_mut,int_stab_other
7NXB,2,rpk,cons,-547.3790782809066,-543.0188936540652,4.360184626841374,-54.3644471052875,-54.61339198608529,-0.24894488079778654,,339;408,,,375;376,,371,455;500,,,,
7NXB,2,rpk,free,-567.2497284416654,-565.5641691316121,1.6855593100533497,-61.93537833437121,-61.63053961362717,0.30483872074403706,,339,,374,375,,405,500,,,,
7NXB,2,af2,cons,-607.3056105066695,-541.2760013028767,66.0296092037928,-36.489540351284326,-47.5535993358345,-11.064058984550172,,339,366;370;385,443;481;483;485;490;502,,,405;452;477;501,442;445;446;448;451;453;455;456;457;467;469;474;475;479;480;487;488;491;492;493;494;495;497;506,,386,,366;369;374;377;385
7NXB,2,af2,free,-664.4314701736981,-627.0959626675037,37.3355075061944,-65.67230825263486,-64.77731923074705,0.8949890218878096,,339;478;484,377;515,367;421;423;473;483;485;490;500;502,,369,371;375;405;501,420;424;442;445;446;448;449;451;453;454;457;465;466;480;487;491;492;493;495;497;503;506,,378;414,,369;377
