pdb,antibody,method,constrained,wt_total,om_total,d_total,wt_interface,om_interface,d_interface,tot_stab_mut_close,tot_stab_mut_distal,tot_stab_other_close,tot_stab_other_distal,tot_destab_mut_close,tot_destab_other_close,tot_destab_mut_distal,tot_destab_other_distal,int_destab_mut,int_destab_other,int_stab_mut,int_stab_other
7KSG,1,rpk,cons,-452.9989689696305,-436.3232393552787,16.67572961435178,-47.600502112904984,-41.810188754089864,5.790313358815119,,339;408,,,417;452;484;493;498;501,,371;375,372,417;452;484;498,,478;493,
7KSG,1,rpk,free,-545.6765063111209,-516.569180189149,29.107326121971823,-60.96648595204774,-59.80667685971184,1.1598090923358981,,339;373;408,448;449;486,364,417;452;484;493;498,445,371;375;376,372;377;378;379;380;414;431;432;433,417;498,445,452;493,468;495
7KSG,1,af2,cons,-619.1158209459177,-516.036179320864,103.07964162505368,-33.5104804593221,-35.46231107591196,-1.9518306165898593,,339,483;496;502,518,493;501,351;446;449;453;455;456;473;475;487;489;491;492;494;495;497,371;373;405;505,346;365;372;448;451;454;457;461;467;469;471;474;479;506;520;541,452,449;483;489;490;492;494,501,486;495;497
7KSG,1,af2,free,-664.1340399381311,-624.7185795337609,39.41546040437015,-58.77001851011716,-58.97172261053608,-0.2017041004189153,,339,450;481;486;487;500;502,320;338;347;366;367;380;390;427;461;473;518;528,493,446;451;455;456;489;491;492;494;495,371;405,365;381;391;442;454;467;469;479;506;519;520;526,417;452;478;484,403;446;449;483;489;490;492,498;501,485;486;487;495;497;499
