pdb,antibody,method,constrained,wt_total,om_total,d_total,wt_interface,om_interface,d_interface,tot_stab_mut_close,tot_stab_mut_distal,tot_stab_other_close,tot_stab_other_distal,tot_destab_mut_close,tot_destab_other_close,tot_destab_mut_distal,tot_destab_other_distal,int_destab_mut,int_destab_other,int_stab_mut,int_stab_other
7JVB,1,rpk,cons,-434.59821633354784,-414.16798516595276,20.430231167595082,-42.02217526907529,-34.179885654198856,7.842289614876435,,339,,,452;484,,371;373;405,372;374;502,417;484,,,
7JVB,1,rpk,free,-505.2272345635315,-487.32958867435394,17.897645889177568,-52.192685551130836,-40.87476950715166,11.317916043979174,,339;408,456;482;489,337;500;509,452;484,403,371;373;375,372;377;402;427;499;502;510,417;452;484,403;455;483;490,486,487;489
7JVB,1,af2,cons,-597.7072150855303,-525.5862826221066,72.12093246342363,-38.59512614708487,-28.92159598861342,9.67353015847145,,339,485;496;500;502,383;421,417;452;501,403;446;449;451;453;456;487;491;492;494;495;497,405;477,365;442;448;454;457;465;467;469;474;479;503;506,417,449;482;483;490,498;501,494;495;497;499
7JVB,1,af2,free,-660.9569580280382,-612.0170441088803,48.9399139191579,-49.42747009468853,-45.61215008772651,3.8153200069620183,,339,450;483;485;490;499;502,320;338;358;367;369;390;421;436;443;508,417;452;501,446;447;449;453;456;475;487;488;492;493;495;497,405,353;357;368;394;420;442;445;448;451;466;474;479;491;506,417;452;484,449;455;483;490,486;498;501,494;495;497;499
