pdb,antibody,method,constrained,wt_total,om_total,d_total,wt_interface,om_interface,d_interface,tot_stab_mut_close,tot_stab_mut_distal,tot_stab_other_close,tot_stab_other_distal,tot_destab_mut_close,tot_destab_other_close,tot_destab_mut_distal,tot_destab_other_distal,int_destab_mut,int_destab_other,int_stab_mut,int_stab_other
7N0G,2,rpk,cons,-544.3092652528824,-520.7522067697314,23.557058483150968,-58.64333700570771,-51.91407985851773,6.729257147189976,,339,,,405;484;505,,371;373;375,442,405;484;505,,478;501,
7N0G,2,rpk,free,-614.9452976077719,-609.4767239408959,5.468573666875955,-64.1703462966079,-58.09885467992146,6.071491616686444,,339,,340;387;390;402;474;510,484,446;496;502,371;375,332;392;434,405;484;505,502,478;501,486
7N0G,2,af2,cons,-595.4037064219431,-513.6017899411446,81.80191648079847,-46.01304047913591,-35.728592979562805,10.284447499573105,,339,483;485;502,421;443;518,405;493;501,346;351;403;446;448;449;451;455;456;468;487;491;492;494;495;497;506,371;373,365;372;391;442;454;457;473;479;520;541,452;484;505,449;470;483;486;490;494,493;498;501,492;495;503
7N0G,2,af2,free,-666.5469917148478,-617.3825684314115,49.164423283436236,-70.53604879071784,-46.75950341371413,23.776545377003714,,339;478,485;490;500;502,320;367;369;390;407;436;466;473;518,405;493;505,403;446;447;448;449;455;456;469;470;491;492;494;495;497;499;506,,368;374;391;442;451;454;457;480;519;520;526,452;505,403;446;449;470;483;490;494,405;501,445;495;499;503
