pdb,antibody,method,constrained,wt_total,om_total,d_total,wt_interface,om_interface,d_interface,tot_stab_mut_close,tot_stab_mut_distal,tot_stab_other_close,tot_stab_other_distal,tot_destab_mut_close,tot_destab_other_close,tot_destab_mut_distal,tot_destab_other_distal,int_destab_mut,int_destab_other,int_stab_mut,int_stab_other
7OAU,1,rpk,cons,-558.8123590058906,-537.6475661542632,21.16479285162734,-42.770998075893004,-36.515238691584244,6.25575938430876,,339,,,452;484;498,,371;373;375;405,372,484,,501,
7OAU,1,rpk,free,-588.3530578840846,-572.6857281579363,15.667329726148296,-48.391495122206,-38.54466960175773,9.84682552044827,,339;408,,368,452;484;498,,371;373;375,372,484;505,494,501,
7OAU,1,af2,cons,-611.7438400836787,-528.988756930132,82.7550831535467,-26.62542931979198,-20.740800150093047,5.884629169698933,,339,450;483;485;500;502,421;481,405;452,446;449;453;456;488;489;492;493;494;495;497;506,477,365;442;448;451;454;457;469;474;475;479;480;487;491,452;484;505,449;490;493,498;501,503
7OAU,1,af2,free,-658.6858956120461,-627.1396181951914,31.546277416854764,-34.90261448412296,-40.631194458463106,-5.72857997434015,,339,472;483;485;489;490;496;499;500;502,320;338;358;367;369;374;390;421;436;443,452;505,446;449;455;487;492;493;494;495;497,375;405,368;422;424;442;445;451;454;456;457;474;479;480;491;506;526,452;484;505,449;483;490;492;493,486;498;501,455;489;495;499;502;503
