pdb,antibody,method,constrained,wt_total,om_total,d_total,wt_interface,om_interface,d_interface,tot_stab_mut_close,tot_stab_mut_distal,tot_stab_other_close,tot_stab_other_distal,tot_destab_mut_close,tot_destab_other_close,tot_destab_mut_distal,tot_destab_other_distal,int_destab_mut,int_destab_other,int_stab_mut,int_stab_other
7CWU,5,af2,cons,-811.536865748326,-781.2484128021458,30.2884529461802,-4.6859141949090946,-14.154368824125383,-9.46845462921629,,,138;148;150;248,20;21;22;41;75;76;78;79;97;111;180;228;229;272,,140;141;146;147;149;156;242;244;245;249;251;253;256;257,19;24;25,160;183;197;254;255;258;259,,146;155;253;254;255,,145;147;148;150;248;249;250
7CWU,5,af2,free,-878.3700472547154,-873.7683482225207,4.601699032194688,-13.240880394134354,-14.86083865262794,-1.619958258493586,,,145;148;154;246;248;251;256,18;20;22;38;41;65;76;95;97;106;110;119;137;222;228;229;252;277;291;298,,143;147;245;249;254,19;25,27;29;66;78;84;98;120;134;182;221;244;258;261;262,,73;146;246,,250;251;252
