pdb,antibody,method,constrained,wt_total,om_total,d_total,wt_interface,om_interface,d_interface,tot_stab_mut_close,tot_stab_mut_distal,tot_stab_other_close,tot_stab_other_distal,tot_destab_mut_close,tot_destab_other_close,tot_destab_mut_distal,tot_destab_other_distal,int_destab_mut,int_destab_other,int_stab_mut,int_stab_other
7V89,1,rpk,cons,-424.18905214483175,-428.62969644501806,-4.440644300186307,-32.909449567382445,-35.70816560586781,-2.7987160384853667,,339;446;505,,422,,,371;440,433,,,501,
7V89,1,rpk,free,-497.39532270704274,-494.5102120135422,2.8851106935005646,-36.6083105783093,-44.220046612194146,-7.611736033884846,,339;446,451,343;354;363;372;398;422;432;434;507,484;501,476;499;500,371,344;364;433;436;437;527;528,,,496,475;494
7V89,1,af2,cons,-618.1590195573234,-615.0747240137821,3.084295543541316,-38.206772144068694,-33.84644432290936,4.360327821159331,,339;371;484,,367;369;372;483;485;518,417,492;494,375,365;368;420;434;435;528,417,475;486,493;496;501,
7V89,1,af2,free,-662.0076430509309,-667.6020086564417,-5.594365605510802,-53.60925162206317,-48.21486449174196,5.394387130321206,,339;371,483;485,356;369;372;450;451;516;518,417;446,449;489;492,,342;374;435;526,417;446;493;505,449;475;506,477;501,503
