pdb,antibody,method,constrained,wt_total,om_total,d_total,wt_interface,om_interface,d_interface,tot_stab_mut_close,tot_stab_mut_distal,tot_stab_other_close,tot_stab_other_distal,tot_destab_mut_close,tot_destab_other_close,tot_destab_mut_distal,tot_destab_other_distal,int_destab_mut,int_destab_other,int_stab_mut,int_stab_other
7CWL,1,rpk,cons,-409.61074812780055,-392.60926888291897,17.00147924488158,-44.88134934556745,-44.62002673865769,0.26132260690975784,,,,367;508,478,,371;373;501,437,,,,487
7CWL,1,rpk,free,-531.9690017684235,-508.7284768783337,23.240524890089773,-51.43268129605587,-45.688600483608624,5.744080812447244,,373;408,,367;372;374;508;515,,,371;375;405;501,335;337;363;369;406;409;418;422,484;486,,,
7CWL,1,af2,cons,-613.7529257640458,-532.8556168934456,80.89730887060023,-31.7780753399258,-21.445118987197738,10.332956352728061,,339,483;485,383;443;502,452;501,351;445;446;456;469;473;475;479;487;488;489;490;491;492;493;494;495;497,405;477,365;442;448;451;453;454;457;474;506,,481;489;490,486,493;495
7CWL,1,af2,free,-659.463354142636,-604.718294145564,54.745059997072076,-52.30932710830185,-44.04359537378514,8.265731734516713,,339,483;485;499,320;347;358;369;372;382;390;418;422;434;443;500;502;527,452;486;501,446;447;449;453;456;487;491;492;495;497,375;405,326;442;451;465;466;479;506;518;526,484,446;449;472;481;483;490,498,485;493;494;495
