pdb,antibody,method,constrained,wt_total,om_total,d_total,wt_interface,om_interface,d_interface,tot_stab_mut_close,tot_stab_mut_distal,tot_stab_other_close,tot_stab_other_distal,tot_destab_mut_close,tot_destab_other_close,tot_destab_mut_distal,tot_destab_other_distal,int_destab_mut,int_destab_other,int_stab_mut,int_stab_other
7JVC,2,rpk,cons,-604.9040144224423,-581.7653880912558,23.138626331186515,-40.66945770541313,-39.14851154610574,1.5209461593073925,,339;505,,,371;373;375,372,405;484;501,455;499,,,,
7JVC,2,rpk,free,-617.6572252936917,-605.5966432075313,12.060582086160366,-43.86545574748942,-43.899273386731466,-0.03381763924204506,,339;505,,,371;376;405,369,,,371,374,,372
7JVC,2,af2,cons,-618.1286147992814,-530.1645272487542,87.96408755052721,-39.034435788949835,-27.295717918606798,11.738717870343038,,339,,443;483;490;496;502;518,371;373,370;372,405;493;501,346;351;365;442;446;449;451;453;454;455;456;457;461;469;473;475;479;487;491;492;494;495;497;506;520;522;541,371;376,370;372;378;385,375,
7JVC,2,af2,free,-655.782672595323,-614.9156732187816,40.866999376541344,-40.92102437984156,-49.88671954893846,-8.965695169096897,,339;478,367,320;421;431;443;474;483;490;500;502;518,371,434,405;493;501,342;351;356;391;442;445;446;447;451;456;467;479;488;491;492;495;497;506;519;520,,414,373;375,369
