pdb,antibody,method,constrained,wt_total,om_total,d_total,wt_interface,om_interface,d_interface,tot_stab_mut_close,tot_stab_mut_distal,tot_stab_other_close,tot_stab_other_distal,tot_destab_mut_close,tot_destab_other_close,tot_destab_mut_distal,tot_destab_other_distal,int_destab_mut,int_destab_other,int_stab_mut,int_stab_other
7DCX,3,rpk,cons,-186.7824418886028,-170.12262681809386,16.659815070508927,-40.657600696062474,-43.92387370028123,-3.2662730042187533,,339,,,373;405,369;372,371,,408,,375;405;417,
7DCX,3,rpk,free,-262.0262121922341,-251.72940010605595,10.296812086178136,-54.11866126729246,-50.02790569655161,4.090755570740846,,339,,,371;373;375,,,,405;408,,,
7DCX,3,af2,cons,-599.9723173636467,-532.8502658186528,67.12205154499384,-38.16623417361749,-38.25374441030441,-0.08751023668691715,,339,421;502,390;481;483;485,,453;456;457;475;506,501,365;442;445;446;448;451;454;469;474;479;480;487;488;489;491;492;493;494;495;497,408,,375;405,
7DCX,3,af2,free,-664.302467643841,-613.6281531184145,50.67431452542655,-57.234356015776385,-58.474026604117526,-1.2396705883411414,,339,379;384;385;421;502;508,320;354;368;434;443;483;485;490;499;500;521,405;417,382;409;418;454;456;460;495;503;506,501,351;356;391;433;438;442;445;446;447;448;451;465;467;469;473;479;487;489;491;492;497;516;526,405;408;505,372;383;406;415,375;417,379;403;421
