pdb,antibody,method,constrained,wt_total,om_total,d_total,wt_interface,om_interface,d_interface,tot_stab_mut_close,tot_stab_mut_distal,tot_stab_other_close,tot_stab_other_distal,tot_destab_mut_close,tot_destab_other_close,tot_destab_mut_distal,tot_destab_other_distal,int_destab_mut,int_destab_other,int_stab_mut,int_stab_other
7KXK,3,rpk,cons,-615.5359793216483,-604.628211932936,10.907767388712273,-27.566576371188,-21.07118665627314,6.495389714914857,,,449,,405;501,,371;375;376,,417;486;505,,,490
7KXK,3,rpk,free,-635.619300129059,-629.7220643511218,5.897235777937112,-57.340529511320526,-27.172898909101114,30.16763060221941,,373;408;452,449;488,374,405;486,455;475;494,371;375,,417;486,455;475;487;489;494,,
7KXK,3,af2,cons,-610.2579975712354,-534.7421212473714,75.51587632386395,-15.683904526757862,-13.327023176259322,2.35688135049854,,339,421;483;502,481;485;496;500,405;452,449;453;456;474;475;487;489;494;495;497,,365;442;445;446;448;451;454;457;467;469;479;491;492;506;538,,476;489;490,498,403;495
7KXK,3,af2,free,-653.3453314725598,-615.1214042704257,38.223927202134064,-51.63765291038703,-52.01211338826848,-0.3744604778814491,,339,485;489;490;499;500;502,338;347;367;369;372;423;436,405;452,420;446;447;449;453;487;492;493;495;497,375,368;377;427;442;445;448;451;461;466;471;480;506;518;526,484;505,449;456;475;483;487;493,417;478;486;498;501,485;495;497
