pdb,antibody,method,constrained,wt_total,om_total,d_total,wt_interface,om_interface,d_interface,tot_stab_mut_close,tot_stab_mut_distal,tot_stab_other_close,tot_stab_other_distal,tot_destab_mut_close,tot_destab_other_close,tot_destab_mut_distal,tot_destab_other_distal,int_destab_mut,int_destab_other,int_stab_mut,int_stab_other
7R8O,1,rpk,cons,-589.3114476317123,-573.217430804686,16.09401682702628,-34.727609247084715,-32.12503749628089,2.6025717508038255,,339,403;449,368,452;484;501,,371;373;375;376;405,372,484;486,,,449;490
7R8O,1,rpk,free,-634.5976408819797,-621.0250278126092,13.572613069370504,-53.50172292924218,-43.245644209549866,10.256078719692312,,339;408,472,434;502,452;484;501,,371;373;375;376,372,484;498,446;449,486,450
7R8O,1,af2,cons,-606.6963263652419,-523.6842869792179,83.01203938602407,-23.088038779757348,-17.681303951657668,5.40673482809968,,339,481;483;485;500;502,,452;501,445;446;448;449;450;451;453;456;475;487;488;489;491;492;493;494;495;497,405;477,365;442;454;457;467;469;474;479;506,,445;449;482;483,501,487;499
7R8O,1,af2,free,-651.6202567644469,-621.6682827938864,29.951973970560516,-35.20824139010659,-39.65077233709707,-4.442530946990473,,339;478,346;450;485;490;494;499;500;502,320;338;347;358;367;369;390;436;528,452,444;445;446;447;449;451;453;488;489;491;492;495;497,375;405,353;368;386;391;420;442;454;475;480;506;516;526,452,445;446;449;483;490,484;486;498;501,487;494;495;503
