pdb,antibody,method,constrained,wt_total,om_total,d_total,wt_interface,om_interface,d_interface,tot_stab_mut_close,tot_stab_mut_distal,tot_stab_other_close,tot_stab_other_distal,tot_destab_mut_close,tot_destab_other_close,tot_destab_mut_distal,tot_destab_other_distal,int_destab_mut,int_destab_other,int_stab_mut,int_stab_other
7P79,2,rpk,cons,-353.8923917369961,-341.69239611591024,12.199995621085861,-26.706449268304432,-25.56417749991986,1.1422717683845711,,339,,,498;501,,371;375,372,493;498,,417,449
7P79,2,rpk,free,-446.61462229812236,-450.64048906610503,-4.025866767982677,-42.908835328311504,-38.85824578623428,4.050589542077226,,339,403;406;421;449;455,347;367;368;448,498,405;500;504,,369;372;436;439,498,456;500,501,421
7P79,2,af2,cons,-601.0764012399419,-599.2652056817867,1.811195558155191,-24.87053353604441,-22.439169274756367,2.431364261288042,,339;371,483,367;369;372;485;518,493,449;489;494,375,365;368;434;435,446;493;505,445;449;492;494,417;496;501,495
7P79,2,af2,free,-657.5171507690189,-660.4001163721287,-2.88296560310971,-44.88224936160078,-49.79216909883125,-4.909919737230474,,339;371,405;483;485;495;504,369;372;390;393;450;451;518;527,446;493;498,449;455;489,,374;435;519;528,446;484;493;498,445;449;492,417;496;501,405;416;495;502;504
