pdb,antibody,method,constrained,wt_total,om_total,d_total,wt_interface,om_interface,d_interface,tot_stab_mut_close,tot_stab_mut_distal,tot_stab_other_close,tot_stab_other_distal,tot_destab_mut_close,tot_destab_other_close,tot_destab_mut_distal,tot_destab_other_distal,int_destab_mut,int_destab_other,int_stab_mut,int_stab_other
7NX9,2,rpk,cons,-567.8911850472809,-572.1381350958447,-4.246950048563804,-54.88765349047542,-55.34843655969498,-0.46078306921955914,,339;446,,406,,,371,,,,,
7NX9,2,rpk,free,-576.2467270770219,-577.3698723784104,-1.1231453013884902,-64.22592405712905,-65.66940759698593,-1.443483539856885,,339;446,,408;502;508,,374,,506,,,,
7NX9,2,af2,cons,-610.5133432764295,-609.1033219729298,1.4100213034996614,-38.27291963077472,-42.46901819601193,-4.196098565237207,,339;371;484,366;367;372;518,406;472;483;485,375,369;374;387;528,501,420;434;435;455;494,,369,,372;377;384;385
7NX9,2,af2,free,-666.0756032819862,-663.2886028647413,2.78700041724494,-60.999467689265984,-73.70138095470949,-12.701913265443508,,339;484,372;377;378;386;387;389,363;367;393;406;483;527,,365;369;374;383,446;496;501,332;434;448;455;519,,429,,369;372;377;378;385
