pdb,antibody,method,constrained,wt_total,om_total,d_total,wt_interface,om_interface,d_interface,tot_stab_mut_close,tot_stab_mut_distal,tot_stab_other_close,tot_stab_other_distal,tot_destab_mut_close,tot_destab_other_close,tot_destab_mut_distal,tot_destab_other_distal,int_destab_mut,int_destab_other,int_stab_mut,int_stab_other
7JW0,3,rpk,cons,-584.2981205213259,-552.7852843959472,31.512836125378726,-32.11317076939752,-33.00881152959284,-0.8956407601953202,,339,374,,375;376,,371;373;405;484;501,372;455,,,,
7JW0,3,rpk,free,-599.1082467014021,-576.1517779959634,22.956468705438738,-42.99021179114754,-39.248577207752746,3.7416345833947915,,339,,367;436,375;376,,371;373;484;501,372;434,375,377,,
7JW0,3,af2,cons,-614.701938731391,-541.4852091259909,73.21672960540013,-33.21508871433375,-34.928270092619954,-1.713181378286201,,339,370,367;481;483;485;490;500;502,,365;389,405;452;477;501,442;446;448;451;453;454;457;461;465;467;469;474;475;479;480;487;488;491;492;494;495;497;506,,,,369;377
7JW0,3,af2,free,-658.3864517824791,-625.3968952007326,32.989556581746456,-47.80816805381486,-56.69099136224437,-8.882823308429508,,339;478,374;515;528,320;358;367;421;436;443;472;483;490;500;502,375,369,405;486;501,351;368;434;442;445;446;448;451;454;457;465;471;480;487;491;492;495;497;506,,370;383;385,375,369;377;381
