pdb,antibody,method,constrained,wt_total,om_total,d_total,wt_interface,om_interface,d_interface,tot_stab_mut_close,tot_stab_mut_distal,tot_stab_other_close,tot_stab_other_distal,tot_destab_mut_close,tot_destab_other_close,tot_destab_mut_distal,tot_destab_other_distal,int_destab_mut,int_destab_other,int_stab_mut,int_stab_other
7LRS,1,rpk,cons,-207.23496200386938,-198.70333914558407,8.531622858285317,-35.04291179094207,-33.40813406386175,1.6347777270803192,,339;505,,,484,,371;375;501,445,,,,
7LRS,1,rpk,free,-376.7468834490329,-368.10535095352185,8.641532495511058,-47.67565659050606,-48.70770024358649,-1.0320436530804287,,339;373;505,,342;361;378;419;420;438;441;504,478,479,375;498,402;403;404;406;409;418;434;445;495,478,,477,
7LRS,1,af2,cons,-617.0535991524008,-617.3459764780757,-0.29237732567492003,-28.51563985552307,-28.22276913697521,0.29287071854786006,,339;371,483;485,367;369;372;406;518,477,,375;501,365;368;374;420;434;435;499;528,477,487,478,
7LRS,1,af2,free,-664.4546067837277,-670.0532458492044,-5.598639065476618,-58.584547001606936,-46.46240521065247,12.122141790954466,,339;371;505,483;486,369;372;425;516;518;528,,473;489,446,356;374;435;444;449;526,478;484,473;483,,456;476;486
