pdb,antibody,method,constrained,wt_total,om_total,d_total,wt_interface,om_interface,d_interface,tot_stab_mut_close,tot_stab_mut_distal,tot_stab_other_close,tot_stab_other_distal,tot_destab_mut_close,tot_destab_other_close,tot_destab_mut_distal,tot_destab_other_distal,int_destab_mut,int_destab_other,int_stab_mut,int_stab_other
7CWU,6,rpk,cons,-415.6453261700167,-401.00889161273216,14.636434557284531,-43.74748121326858,-46.796952763108735,-3.049471549840156,,,,453;497,446,455,373,372,,,478;493,
7CWU,6,rpk,free,-523.4174879256203,-538.8333404276643,-15.415852502044004,-47.282601524039315,-55.45679952750606,-8.174198003466742,,339;373,,350;365;366;368;372;388;400;526,446,447;455,371;501,369,,,446;478;493,483
7CWU,6,af2,cons,-608.0625527471283,-617.2575604547154,-9.195007707587138,-31.07252142613026,-37.81708408913941,-6.744562663009155,,339;371,482;483;485;486,367;372;406;518,496,,375;501,365;368;435,,481,,482;483;485;486
7CWU,6,af2,free,-664.7219477942704,-650.5960125996244,14.12593519464599,-51.72990767922893,-48.84429127888052,2.885616400348411,,339;375,480;483;485,356;372;390;425;516;518;527,446,455;489;490;494,496;501,365;374;435;528,,489,493,485
