pdb,antibody,method,constrained,wt_total,om_total,d_total,wt_interface,om_interface,d_interface,tot_stab_mut_close,tot_stab_mut_distal,tot_stab_other_close,tot_stab_other_distal,tot_destab_mut_close,tot_destab_other_close,tot_destab_mut_distal,tot_destab_other_distal,int_destab_mut,int_destab_other,int_stab_mut,int_stab_other
6ZXN,1,rpk,cons,-492.997384020647,-473.43799015920615,19.559393861440867,-38.65347393768239,-40.67196894317613,-2.0184950054937403,,339,,,446,,371;373;375;501,372,,,484,
6ZXN,1,rpk,free,-566.2140712444134,-543.684134322173,22.52993692224038,-63.44331201705897,-64.24428350582842,-0.8009714887694486,,339,,406,446,456;472,371;373;375,372;442;497,,456,484,
6ZXN,1,af2,cons,-617.5232821422709,-616.282785102451,1.240497039819843,-40.759234349105064,-30.681595686939016,10.077638662166049,,339;371,472;481;485,367;369;372;406;518,496,449;452;455;494,375;501,365;368;374;420;434;435;528,,447;449;482;483,,
6ZXN,1,af2,free,-670.8283466507859,-664.7472492081274,6.081097442658461,-60.8435301679412,-56.516369364201545,4.327160803739659,,339;371,480;485,369;406;418;518;527,446;496,449;455;489,375;501,332;356;374;435;519;528,,449;483,,346;349;489
