pdb,antibody,method,constrained,wt_total,om_total,d_total,wt_interface,om_interface,d_interface,tot_stab_mut_close,tot_stab_mut_distal,tot_stab_other_close,tot_stab_other_distal,tot_destab_mut_close,tot_destab_other_close,tot_destab_mut_distal,tot_destab_other_distal,int_destab_mut,int_destab_other,int_stab_mut,int_stab_other
7JZL,3,rpk,cons,-612.9364753116516,-585.3326991127822,27.60377619886947,-71.85401110966274,-66.8981867198226,4.9558243898401315,,339,,,446;484;493;498,495,371;373;375,369;499,417;498;505,,501,
7JZL,3,rpk,free,-635.5908578627714,-623.256605841929,12.334252020842428,-81.9303012374046,-71.68908304206438,10.241218195340224,,339,,,446;484;493;498,492;495,371;375,370;499,417;484;498;505,490;492,501,
7JZL,3,af2,cons,-625.1410494689812,-615.1264530630224,10.014596405958855,-65.3932079640075,-57.938390191962,7.454817772045502,,339;371,403;483;485,367;369;372;518,417;493;496;505,449;489;494;495,375,365;368;374;434;435;452;528,417;496;505,416;455,501,403;420;454
7JZL,3,af2,free,-666.6158472790391,-666.4824349928621,0.13341228617707657,-69.69537842067724,-72.90077105509835,-3.205392634421102,,339;371,403;447;483;485,369;451;518,446;493,448;489;497,,332;356;365;374;435;526,417;484;505,,477;493;501,420;476
