pdb,antibody,method,constrained,wt_total,om_total,d_total,wt_interface,om_interface,d_interface,tot_stab_mut_close,tot_stab_mut_distal,tot_stab_other_close,tot_stab_other_distal,tot_destab_mut_close,tot_destab_other_close,tot_destab_mut_distal,tot_destab_other_distal,int_destab_mut,int_destab_other,int_stab_mut,int_stab_other
7EYA,1,rpk,cons,-421.62937028011584,-400.56392507639146,21.06544520372438,-52.122266325438275,-51.700004201324376,0.4222621241138995,,339,,406,446,,371;373;375;498,372,,,,
7EYA,1,rpk,free,-496.0436862316264,-469.7125168779796,26.33116935364677,-66.10459738270539,-63.858332325802316,2.246265056903077,,339,,502;508,446;484;498,347;447,371;373,356;362;372;374;392;393;433;500;506;513,446;484;493,,,
7EYA,1,af2,cons,-628.3610084905022,-623.1563930852501,5.204615405252071,-50.534970023332264,-43.137210369313976,7.397759654018287,,339;371,483;485,367;369;372;406;518,446,499,375;496;501,365;368;420;434;435;455;528,484,346;450,,
7EYA,1,af2,free,-675.5011416406271,-665.9129706307147,9.588171009912458,-71.09810646485444,-59.76050902457877,11.337597440275673,,339,483,340;367;372;393;406;425;518,446,444;448;451;499,501,365;374;434;519,446;484,444;447;449;450;452;481,,346;351;483
