pdb,antibody,method,constrained,wt_total,om_total,d_total,wt_interface,om_interface,d_interface,tot_stab_mut_close,tot_stab_mut_distal,tot_stab_other_close,tot_stab_other_distal,tot_destab_mut_close,tot_destab_other_close,tot_destab_mut_distal,tot_destab_other_distal,int_destab_mut,int_destab_other,int_stab_mut,int_stab_other
7MJH,2,rpk,cons,-575.4297731732136,-558.3675722744078,17.062200898805713,-38.04177198244065,-31.425961040190682,6.6158109422499685,,339,,,484;501,,371;375;376,372,484,,,
7MJH,2,rpk,free,-620.5099080570258,-605.7444380651135,14.765469991912255,-45.60138629510709,-40.94479930073981,4.656586994367281,,339;408,453,508,484;501,449,371;375,372;378,484,449,498,453
7MJH,2,af2,cons,-603.9321959848662,-515.4105630692891,88.52163291557713,-18.628608595872198,-14.687410335038672,3.9411982608335254,,339,483;490;500;502,347;518,501,403;446;449;453;487;488;492;494;495;497;503,371;373;405,346;351;365;372;448;451;454;455;456;457;461;467;469;471;473;479;491;506;520;522;541,,449;483;490,501,486;494;495
7MJH,2,af2,free,-652.1751817130328,-622.2921825968943,29.88299911613842,-26.54069415497879,-23.36909858552561,3.1715955694531814,,339;478,483;490;499;500;502,320;338;358;367;369;389;390;399;407;418;422;436;466;473;481;518;527,493;501,403;446;449;455;488;492;494;495;497,405,374;377;391;435;442;445;448;451;454;457;469;491;506;519;520;528,,403;449;483;489;490,501,485;486;494;503
