pdb,antibody,method,constrained,wt_total,om_total,d_total,wt_interface,om_interface,d_interface,tot_stab_mut_close,tot_stab_mut_distal,tot_stab_other_close,tot_stab_other_distal,tot_destab_mut_close,tot_destab_other_close,tot_destab_mut_distal,tot_destab_other_distal,int_destab_mut,int_destab_other,int_stab_mut,int_stab_other
7KSG,3,rpk,cons,-474.98923136615167,-456.8009230662178,18.18830829993385,-48.837942917689276,-50.27920958407122,-1.4412666663819422,,339,,,484;496;498,445,371;375,372,484;498,,478;501,
7KSG,3,rpk,free,-551.4613522195949,-543.3307310827993,8.13062113679564,-69.72776823300092,-70.51742153216222,-0.7896532991613014,,339,444,379;380;390;406;431;436;528,417;484;493;501,452;489;494,371;373;375,365;369;432,417;484;498,,478,444;447;448
7KSG,3,af2,cons,-618.4703590837232,-616.1863078069192,2.284051276804007,-28.891623365425826,-39.115751304265494,-10.224127938839668,,339;371,483;485,367;369;372;406;481;518,496;501,455,375,365;368;374;420;434;435;528,,,478;493;501,489;494
7KSG,3,af2,free,-668.7709869889898,-657.042224060844,11.728762928145784,-53.97104014821171,-63.60886176895359,-9.637821620741875,,339;371,483;485,369;372;390;406;418;480;481;518;527,446;496;498,448;497,,332;365;368;374;377;391;395;472;528,,449;483,501,489;490;492
