pdb,antibody,method,constrained,wt_total,om_total,d_total,wt_interface,om_interface,d_interface,tot_stab_mut_close,tot_stab_mut_distal,tot_stab_other_close,tot_stab_other_distal,tot_destab_mut_close,tot_destab_other_close,tot_destab_mut_distal,tot_destab_other_distal,int_destab_mut,int_destab_other,int_stab_mut,int_stab_other
7L7E,2,rpk,cons,-533.7991493474875,-528.1962423534486,5.602906994038904,-45.90069086424732,-44.04026838966729,1.8604224745800337,,339;373,,,493,455,371;375;446;501,447,,,,
7L7E,2,rpk,free,-555.7243570657708,-551.6484900690587,4.075866996712193,-47.499525350789554,-46.17048762702668,1.3290377237628732,,339;373;496,,368,493,455,375;446;501,,477,,,
7L7E,2,af2,cons,-610.3651068479423,-618.6867427165238,-8.321635868581438,-29.279718025200168,-36.427971803909614,-7.148253778709446,,339;371,481;483;485;486,367;369;372;406;518,,,375;446;496;501,365;368;374;420;434;435;452;499;528,478,,484,486
7L7E,2,af2,free,-662.3838983374744,-668.8743794363568,-6.490481098882356,-47.29258063436812,-44.30936678163336,2.983213852734764,,339;371,483;485,369;372;389;393;406;418;451;518,493,455,446;501,374;435;447;519;526,417;477;484,,,486;489
