pdb,antibody,method,constrained,wt_total,om_total,d_total,wt_interface,om_interface,d_interface,tot_stab_mut_close,tot_stab_mut_distal,tot_stab_other_close,tot_stab_other_distal,tot_destab_mut_close,tot_destab_other_close,tot_destab_mut_distal,tot_destab_other_distal,int_destab_mut,int_destab_other,int_stab_mut,int_stab_other
7CZX,2,rpk,cons,-354.0097039435584,-334.30489909916867,19.70480484438974,-50.863040411539174,-36.211596129276856,14.651444282262318,,339;505,,,484;486,,371;373;375,372,484;486;498,492,,
7CZX,2,rpk,free,-466.83211056627897,-463.2389450545577,3.5931655117212813,-68.48815646190457,-49.516707553682,18.97144890822257,,408;505,487,433,484,493,371,434;436;473;504;541,484;486;498,449;492,,
7CZX,2,af2,cons,-609.2895711175305,-534.1080424271297,75.1815286904008,-31.780135972107427,-14.245056027396913,17.535079944710514,,339,481;483;485;502,383;421;500,452,446;448;449;475;487;488;489;492;494;495;497,405;477,365;442;451;454;457;467;469;474;479;491;506,,449;487;489;490;493;494,501,445;495;497
7CZX,2,af2,free,-652.4985299645498,-622.8725274361351,29.626002528414688,-51.17589328739001,-56.29910496472483,-5.123211677334822,,339,481;485;490;500;502,320;338;358;367;369;374;390;436;443,452,446;448;449;451;456;487;491;492;495;497,375;405,365;368;389;391;420;442;453;461;467;473;506,452;484,449;450;483;490;493,498;501,445;455;475;485;495
