pdb,antibody,method,constrained,wt_total,om_total,d_total,wt_interface,om_interface,d_interface,tot_stab_mut_close,tot_stab_mut_distal,tot_stab_other_close,tot_stab_other_distal,tot_destab_mut_close,tot_destab_other_close,tot_destab_mut_distal,tot_destab_other_distal,int_destab_mut,int_destab_other,int_stab_mut,int_stab_other
7SOB,6,rpk,cons,-584.7000176104909,-565.3485161068459,19.351501503645068,-50.846411462360194,-50.97389828696303,-0.12748682460283334,,408,,,,,371;373;375;405;501,372,,,,
7SOB,6,rpk,free,-604.5949480307136,-589.2108244595784,15.384123571135206,-54.72490725040265,-56.56346543069398,-1.8385581802913293,,408,,451,,,371;373;375;405,372;434;490;494;499,,,440,
7SOB,6,af2,cons,-623.130164205135,-548.4869545376844,74.6432096674506,-49.56110193373688,-52.471366280094244,-2.9102643463573656,,,347,383;481;483;485;490;496;502,,442;446,405;477;501,365;448;451;453;454;456;457;467;469;474;475;479;480;487;488;491;492;493;494;495;497;506;538,339,,,446
7SOB,6,af2,free,-666.9218160544146,-626.1505784207875,40.77123763362715,-56.789792130576934,-60.53440833455817,-3.744616203981238,,,347,367;372;390;472;483;490;496;500;502;527,,442;445;446;451,375;405;501,365;377;381;391;425;453;456;465;471;479;487;491;492;495;497;503;506;528,339;440,,,346;441;446
