pdb,antibody,method,constrained,wt_total,om_total,d_total,wt_interface,om_interface,d_interface,tot_stab_mut_close,tot_stab_mut_distal,tot_stab_other_close,tot_stab_other_distal,tot_destab_mut_close,tot_destab_other_close,tot_destab_mut_distal,tot_destab_other_distal,int_destab_mut,int_destab_other,int_stab_mut,int_stab_other
7VNE,1,rpk,cons,-308.19081267765955,-315.5874229464477,-7.396610268788152,-35.55827539305825,-35.442071791822485,0.11620360123576745,,339;373;496,,495;497,446,447,501,,,,,
7VNE,1,rpk,free,-472.27774213353723,-470.9161021796083,1.3616399539289432,-48.25294425653218,-48.649509365925574,-0.39656510939339285,,339;373;496,449;450,342;362;363;368;377;398;403;436;439;502;508;515,446;484,356;444;447;451,498,374;380;401;405;432;433;453;489;495;499;506,,444,,
7VNE,1,af2,cons,-610.8980159081497,-615.4977266121166,-4.5997107039669345,-20.07425786337061,-22.26964355145955,-2.195385688088937,,339;371,483,367;369;372;406;485;518,446,,375;501,365;368;374;420;434;435;499;528,,,,
7VNE,1,af2,free,-658.9465470632879,-671.2176815939983,-12.27113453071047,-57.31081094764257,-55.85339784552921,1.4574131021133638,,339;371,346;451;471;472;483,360;369;372;393;406;458;485;518;528,446,356;490,,374;430;435;489;526,484,444;450;471;490,,346;354;470;482;494
