pdb,antibody,method,constrained,wt_total,om_total,d_total,wt_interface,om_interface,d_interface,tot_stab_mut_close,tot_stab_mut_distal,tot_stab_other_close,tot_stab_other_distal,tot_destab_mut_close,tot_destab_other_close,tot_destab_mut_distal,tot_destab_other_distal,int_destab_mut,int_destab_other,int_stab_mut,int_stab_other
7CHH,1,rpk,cons,-455.3086837595994,-445.05188626476127,10.25679749483811,-30.42604723015575,-28.35611189332379,2.0699353368319606,,339,,374,484,,371;375;376;405,372;502,484;486,,498,
7CHH,1,rpk,free,-523.7156484707273,-510.6259402707674,13.089708199959887,-45.93958040409518,-42.970352128650056,2.9692282754451256,,339;408,,374;380;392;431;508,484,450,371;375;376,356;372;432;506,484;486,444;450,478;498,
7CHH,1,af2,cons,-609.6230090790065,-533.3317027605776,76.29130631842884,-13.805736304178861,-12.808041725282438,0.9976945788964233,,339,481;483;485,383;443;500;502;508,452;501,446;448;449;479;480;492;493;494;495;497,405;477,365;442;451;453;455;456;457;467;469;474;475;487;491;506,484,449,,495
7CHH,1,af2,free,-658.6439454955078,-616.1746145062638,42.469330989243986,-26.012689851469,-34.70832618457816,-8.695636333109164,,339;478,472;483;490;499;502,338;358;367;369;390;421;436;443;500;528,,445;446;448;449;451;482;487;491;492;493;495;497,375;405,368;391;442;453;454;456;457;465;480;506,,449;482;490,486;501,450;493;494;495
