pdb,antibody,method,constrained,wt_total,om_total,d_total,wt_interface,om_interface,d_interface,tot_stab_mut_close,tot_stab_mut_distal,tot_stab_other_close,tot_stab_other_distal,tot_destab_mut_close,tot_destab_other_close,tot_destab_mut_distal,tot_destab_other_distal,int_destab_mut,int_destab_other,int_stab_mut,int_stab_other
7E23,1,rpk,cons,-496.6422610586063,-476.9757712495731,19.666489809033237,-42.35282636457117,-37.179432490740496,5.173393873830676,,339,,,484;501,455,371;373;375,369;372,493,,,
7E23,1,rpk,free,-530.6004036546869,-539.5425818392389,-8.942178184551949,-45.94761937371512,-40.81328273363432,5.134336640080804,,339;446,449,,484,487;494,371;375;501,370;509,493,486;494,478,
7E23,1,af2,cons,-617.629291811997,-613.9729956921183,3.656296119878675,-37.40593183132399,-28.094209758675397,9.311722072648593,,339;371,481;483;485,367;369;372;406;518,446;501,455;489,375,365;368;374;420;434;435;528,484;493,485,,494
7E23,1,af2,free,-660.0764985350128,-662.0463710935901,-1.9698725585773218,-49.76299464345635,-43.01317017334338,6.749824470112969,,339;371,481;482;485;486,369;418;425;516;518,,449;452;489,446,374;526,484,449;483,,
