pdb,antibody,method,constrained,wt_total,om_total,d_total,wt_interface,om_interface,d_interface,tot_stab_mut_close,tot_stab_mut_distal,tot_stab_other_close,tot_stab_other_distal,tot_destab_mut_close,tot_destab_other_close,tot_destab_mut_distal,tot_destab_other_distal,int_destab_mut,int_destab_other,int_stab_mut,int_stab_other
7RKU,2,rpk,cons,-1071.5030920964143,-1033.01869246849,38.484399627924404,-53.755352036707684,-52.32929422017938,1.4260578165283064,,339,,389,371;373;405,372,501;452;484,386,408,,,
7RKU,2,rpk,free,-1123.0134399661913,-1091.2598480405118,31.75359192567953,-57.55326056855536,-57.614329117475094,-0.06106854891973512,,339,372;384,387;495;402;406,371;484;373;405;477,369;472;374,375;501,391;392;490;342;347;446;455,408,,,372;427
7RKU,2,af2,cons,-930.104698310668,-872.955988392989,57.14870991767907,-49.09431084357995,-36.70526023697184,12.389050606608109,,339;498;501;505,481;483;490;458;493,324;326;327;421;485;500;502;529;530;531;535;536;537;538;539;448;450;451;466;496;497;499;506,405;477;484,369;457;469;474;479;488;491;492;471;472;482,452;501,323;325;328;329;330;365;389;403;442;445;446;448;451;453;454;456;467;487;489;494;495;497;506;541;346;347;406;443;444;449;455;459;475;500,,471;472;474;481;482,,458;468
7RKU,2,af2,free,-1297.2192752619096,-1198.747135408979,98.4721398529307,-40.9603880529773,-76.94178291921455,-35.981394866237245,,339,369;372;383;409;427;472;483;490,320;367;450;499;500;502;519;541;322;324;325;338;358;360;390;418;422;436;476;508;538,371;405;375,429;480;491;492;368;406;420;469;470;493,501;452;477;505,323;324;325;326;328;390;442;446;448;451;453;456;465;467;479;487;495;497;503;506;516;518;522;528;531;538;540;391;395;403;449;455;475;494;541,,,405;408,369;377;409;412;414;420;427;468;470;472;482
