pdb,antibody,method,constrained,wt_total,om_total,d_total,wt_interface,om_interface,d_interface,tot_stab_mut_close,tot_stab_mut_distal,tot_stab_other_close,tot_stab_other_distal,tot_destab_mut_close,tot_destab_other_close,tot_destab_mut_distal,tot_destab_other_distal,int_destab_mut,int_destab_other,int_stab_mut,int_stab_other
7K8W,2,rpk,cons,-410.92990181139476,-379.8152540654339,31.114647745960838,-40.559490608484275,-41.692473756943656,-1.132983148459381,,339,,506,446;484;496;498,495;497,371;373;375,370;372,484;498,,501,
7K8W,2,rpk,free,-521.2078750419541,-491.8925471814953,29.315327860458865,-67.7499717045632,-72.43673967505325,-4.6867679704900524,,339,472,391;441,446;498,447;489;497,371;373;375,363;372;374;442;456,505,504,446;496;501,403
7K8W,2,af2,cons,-610.7555268341202,-610.778950507714,-0.02342367359369746,-37.04340302874372,-36.774982695789426,0.26842033295429246,,339;371,450;483;485,367;369;372;406;518,493;498,455,375,365;368;374;420;434;435;528,498,,496;501,450;490
7K8W,2,af2,free,-665.9213585844375,-667.6767943295467,-1.7554357451092528,-67.64740275997477,-47.478608738664725,20.168794021310042,,339;371,452;483;485,369;372;389;406;480;518,498;501,494,,374;430;435;506;526,493;498;501,445;449;481;490;494;502,484;505,444
