pdb,antibody,method,constrained,wt_total,om_total,d_total,wt_interface,om_interface,d_interface,tot_stab_mut_close,tot_stab_mut_distal,tot_stab_other_close,tot_stab_other_distal,tot_destab_mut_close,tot_destab_other_close,tot_destab_mut_distal,tot_destab_other_distal,int_destab_mut,int_destab_other,int_stab_mut,int_stab_other
7E8C,5,rpk,cons,-451.9100033339052,-417.86154448330126,34.048458850603936,-43.876085927400744,-42.270253203997235,1.605832723403509,,339,,,484;498;501,420;447,371;373;375;446,369;372,498;505,,478;496,
7E8C,5,rpk,free,-507.7846360086813,-506.0655041884603,1.71913182022098,-59.894699586498255,-50.06932398941671,9.825375597081546,,339,456;500,330;332;342;362;366;368;374;432;436;451;491,446;477;498,447;502,371;375,452;527,417;498;505,455,478,
7E8C,5,af2,cons,-614.0063377225454,-608.7719909822295,5.234346740315914,-37.82326047516337,-33.538879063611084,4.284381411552289,,339;371;484,,367;369;372;406;472;483;485;518,501,494,375;446,365;368;374;434;435;452;528,498;501;505,,,408
7E8C,5,af2,free,-661.2113722296888,-662.3596449555305,-1.1482727258417071,-61.243801121261,-48.03545662161545,13.208344499645548,,339;371,,369;372;390;406;450;451;480;481;483;485;506;518;527,417;446;501,449;486;502,,356;374;391;508;528,417;498;501;505,486,478,457
