pdb,antibody,method,constrained,wt_total,om_total,d_total,wt_interface,om_interface,d_interface,tot_stab_mut_close,tot_stab_mut_distal,tot_stab_other_close,tot_stab_other_distal,tot_destab_mut_close,tot_destab_other_close,tot_destab_mut_distal,tot_destab_other_distal,int_destab_mut,int_destab_other,int_stab_mut,int_stab_other
6Z43,2,rpk,cons,-587.2151431549504,-562.117364832842,25.09777832210841,-40.83095872334318,-30.01394007849111,10.81701864485207,,339,,,484;493,,371;373;375;405;501,372,484;493,,,
6Z43,2,rpk,free,-621.2629587027066,-610.6013386627872,10.661620039919399,-41.37416425425452,-34.4168387044031,6.957325549851419,,339;408,,502;508,484;493,446,371;373;498;501,368;372;506,484;493,,,
6Z43,2,af2,cons,-613.3658649481888,-520.9912903813081,92.37457456688071,-32.51861255230492,-12.891387938405849,19.627224613899074,,339,481;483;496;502,443;500;518,452;493,346;446;448;449;455;456;473;487;488;489;491;492;494;495;497;499,371;373;405,351;365;372;403;451;457;469;471;474;475;479;480;506;520;522;541,493,449;483;489;490;492;494;499,501,445
6Z43,2,af2,free,-666.9398254441695,-615.9860666136512,50.95375883051827,-42.15037400997614,-31.455984073553136,10.694389936423004,,339;376;478;505,499,320;338;354;360;367;380;390;443;474;500;502;518;527,493;501,446;447;449;451;453;455;489;491;492;494;495;497,371;405,342;365;374;377;381;391;420;442;465;467;506;507;517;519;520,484;493,449;483;489;490;494,498;501,486;487;495
