pdb,antibody,method,constrained,wt_total,om_total,d_total,wt_interface,om_interface,d_interface,tot_stab_mut_close,tot_stab_mut_distal,tot_stab_other_close,tot_stab_other_distal,tot_destab_mut_close,tot_destab_other_close,tot_destab_mut_distal,tot_destab_other_distal,int_destab_mut,int_destab_other,int_stab_mut,int_stab_other
7L2E,3,af2,cons,-787.0442501537921,-760.3676225455066,26.676627608285457,-9.806605082854167,-33.24736494634148,-23.440759863487308,,,143;144;252;253,97;111;228;229,19,17;18;140;141;145;146;148;246;249;250;251;256;257;258;259,24;25;26,23;80;160;233,,16;17;145;147;156;158,19,143;144;146;148;246;247;248;249;250;252;253;256;257
7L2E,3,af2,free,-897.9270898338534,-865.969726829152,31.957363004701392,-19.3600220095134,-31.873057090155285,-12.513035080641885,,,16;145;246;248;252,41;97;102;110;154;180;186;222;272,19,17;70;71;146;155;245;249;250,25;26,22;55;64;77;78;80;84;98;170;179;181;221;226;259;271,19,17;144,,74;248;252;253;254;255;256
