pdb,antibody,method,constrained,wt_total,om_total,d_total,wt_interface,om_interface,d_interface,tot_stab_mut_close,tot_stab_mut_distal,tot_stab_other_close,tot_stab_other_distal,tot_destab_mut_close,tot_destab_other_close,tot_destab_mut_distal,tot_destab_other_distal,int_destab_mut,int_destab_other,int_stab_mut,int_stab_other
7MJH,2,rpk,cons,-575.0181653066734,-564.4790327070161,10.53913259965725,-38.67926166494187,-33.39249866613581,5.286762998806061,,339,,,484;501,,371;373;375,372,484,,,
7MJH,2,rpk,free,-619.518412355985,-611.8302000035335,7.688212352451501,-44.68206560258187,-34.55450490808426,10.12756069449761,,339,,406;508,484,,,372;374;377;404,484,403;449,,
7MJH,2,af2,cons,-603.9321959848662,-614.7208914105154,-10.788695425649166,-18.628608595872198,-23.615142712144284,-4.986534116272086,,339;371,483;485,367;369;372;406;518,501,,375,365;368;374;420;434;435;528,,,,485;486
7MJH,2,af2,free,-652.1751817130328,-657.6780615865944,-5.5028798735615965,-26.540694154978787,-39.57066538711494,-13.029971232136155,,339;371,483;485,369;372;389;406;418;480;516;518;527,501,455,,332;342;374;430;435;448;526;528,,403;483,493;496;498,485;486
