pdb,antibody,method,constrained,wt_total,om_total,d_total,wt_interface,om_interface,d_interface,tot_stab_mut_close,tot_stab_mut_distal,tot_stab_other_close,tot_stab_other_distal,tot_destab_mut_close,tot_destab_other_close,tot_destab_mut_distal,tot_destab_other_distal,int_destab_mut,int_destab_other,int_stab_mut,int_stab_other
6ZER,1,rpk,cons,-523.0812202858203,-516.163614696252,6.917605589568325,-56.863441471105325,-56.83163141287938,0.031810058225943294,,339;446,,340,375,372;374,371;373;484;501,,,,,
6ZER,1,rpk,free,-557.9670592298061,-566.0079579977016,-8.040898767895555,-61.89914782574912,-61.50874033141864,0.39040749433047495,,339;446;505,,450;497;508,,434,371,,,,,
6ZER,1,af2,cons,-610.1985892689004,-623.4654475720984,-13.266858303197978,-49.321486210409894,-56.48013762708647,-7.158651416676577,,339;371,372;377;387;518,367;406;451;483;485,375,369;374,496;501,420;434;435;455;489;499,,,,372;377
6ZER,1,af2,free,-658.5197929826606,-674.3495798644201,-15.829786881759446,-63.539319299324596,-75.00319470756807,-11.463875408243474,,339,372;377;383;384;518,393;451;483;527,,374;391,446,424;444;448,,385,,372;377;379;389
