pdb,antibody,method,constrained,wt_total,om_total,d_total,wt_interface,om_interface,d_interface,tot_stab_mut_close,tot_stab_mut_distal,tot_stab_other_close,tot_stab_other_distal,tot_destab_mut_close,tot_destab_other_close,tot_destab_mut_distal,tot_destab_other_distal,int_destab_mut,int_destab_other,int_stab_mut,int_stab_other
7CZU,1,rpk,cons,-443.650996378518,-419.4713358297388,24.179660548779225,-31.71448258807604,-27.915167994685103,3.799314593390939,,339,,,501,,371;373;375;446,369;372,417;505,,493,403
7CZU,1,rpk,free,-520.4468004621522,-510.75009523984033,9.696705222311834,-54.239413581425495,-50.3336041769943,3.9058094044311957,,339,415;489;497,,417;446;477;493;501;505,447;495,371;375,370;390;434,417;477;496;505,449;476,493,415;475
7CZU,1,af2,cons,-608.4554173876655,-607.1271068501917,1.3283105374738398,-25.012673776564874,-23.77071294126513,1.2419608352997429,,339;371,449;483;485,367;369;372;481;518,496;501,420,375,365;368;434;435,417;496,,493,403;408
7CZU,1,af2,free,-656.4242932904192,-658.634327515508,-2.210034225088748,-41.01349637515286,-43.199582756251274,-2.186086381098413,,339;371,418;483;485,369;372;390;393;451;518;527,417;446;501,,,374;391;392;435;491;528,417,403;449;495,493;496,421;490
