pdb,antibody,method,constrained,wt_total,om_total,d_total,wt_interface,om_interface,d_interface,tot_stab_mut_close,tot_stab_mut_distal,tot_stab_other_close,tot_stab_other_distal,tot_destab_mut_close,tot_destab_other_close,tot_destab_mut_distal,tot_destab_other_distal,int_destab_mut,int_destab_other,int_stab_mut,int_stab_other
7NXA,1,rpk,cons,-539.1728494214005,-543.3945751070623,-4.221725685661795,-50.21031006588184,-43.678580719927744,6.531729345954098,,339;446,,,,,371,,505,,501,
7NXA,1,rpk,free,-557.3964203008202,-573.9588996735747,-16.562479372754524,-59.041860810636166,-54.6178087401921,4.424052070444063,,339,456,347,498;505,449,375;484,,505,455;495,493,421;475
7NXA,1,af2,cons,-614.1548216425069,-614.7248200821307,-0.5699984396237596,-44.19131436942364,-39.210776090151306,4.980538279272331,,339;371,406,367;369;372;481;483;485;518,505,,375;446,365;368;374;389;434;435;452;499,417;505,,501,
7NXA,1,af2,free,-655.8352177010736,-671.130206970171,-15.294989269097414,-62.7124446552252,-60.870453686749784,1.8419909684754145,,339;371,406;420;483;504,369;372;472;485;488;516;518,,,446,356;374;387;435;448;526,505,475;487;495;503,501,405;408;455;504
