pdb,antibody,method,constrained,wt_total,om_total,d_total,wt_interface,om_interface,d_interface,tot_stab_mut_close,tot_stab_mut_distal,tot_stab_other_close,tot_stab_other_distal,tot_destab_mut_close,tot_destab_other_close,tot_destab_mut_distal,tot_destab_other_distal,int_destab_mut,int_destab_other,int_stab_mut,int_stab_other
7JZL,2,rpk,cons,-564.8961401665052,-547.2992567462716,17.596883420233667,-65.62953205190784,-54.79091952601602,10.838612525891826,,339,,,405;484,,371;373;375,372,417;477;505,,,
7JZL,2,rpk,free,-589.7280438694826,-575.0060461743348,14.72199769514782,-74.92279723530584,-70.49311397331721,4.429683261988629,,339;408,446,436,405,,371;373;375,372;431,417;477;498;505,449;497,501,416;453
7JZL,2,af2,cons,-619.5108847796267,-548.3287694909684,71.18211528865834,-53.72954267873611,-42.476264887418566,11.253277791317544,,339,475;483;485;490;500;502,481,405;477;501;505,449;453;456;457;474;488;489;493;494;495;497,452,365;434;442;445;446;448;451;454;461;467;469;479;491;492;506,417;486;505,453;455;456;489;493;502,498,403;475;495
7JZL,2,af2,free,-667.6587602238651,-623.042992439805,44.615767784060154,-71.35038608000885,-64.25408937940374,7.096296700605109,,339;376,475;476;483;485;500;502;503,338;346;347;358;367;369;390;434;436;527,405;452;501;505,403;406;446;449;456;457;474;487;489;491;493;495;497;499;506,,326;368;391;442;445;448;451;467;479;480;492;528,417;484;505,403;420;455;456;489;490;493;496,478;498,475;476;487;495;503
