pdb,antibody,method,constrained,wt_total,om_total,d_total,wt_interface,om_interface,d_interface,tot_stab_mut_close,tot_stab_mut_distal,tot_stab_other_close,tot_stab_other_distal,tot_destab_mut_close,tot_destab_other_close,tot_destab_mut_distal,tot_destab_other_distal,int_destab_mut,int_destab_other,int_stab_mut,int_stab_other
7EH5,5,rpk,cons,-350.02332104768095,-339.22170549894054,10.801615548740415,-14.870521962136468,-17.224716121025537,-2.3541941588890687,,339;417,,,371;373;501,372,,,408,,375,
7EH5,5,rpk,free,-466.6521301820559,-474.3849401479258,-7.732809965869933,-40.426952081910585,-46.19115628697698,-5.764204205066392,,339;484,407;508,338;483,371;373;501,372;434,,,,,375;408,
7EH5,5,af2,cons,-607.633489917285,-522.969668219242,84.66382169804308,-9.788151536597557,-4.88707003032124,4.9010815062763164,,339,502,443;483;490;496;518,371;373;405;501,370;372;374;503;506,452,346;351;365;446;449;451;453;454;456;457;469;471;473;475;479;487;491;492;494;495;497;520;522;541,,372;503,375,
7EH5,5,af2,free,-655.2375517358237,-615.9127638952602,39.32478784056343,-34.76626685117968,-29.425537493661523,5.340729357518157,,339;478,380;434;500;502,320;389;390;443;458;483;490;499;518,371;405;501,377;503;506,493,381;391;442;445;446;448;449;451;453;454;457;480;487;491;492;495;497;519;520;533,,372;377;378;385;502;503,373;375,
