pdb,antibody,method,constrained,wt_total,om_total,d_total,wt_interface,om_interface,d_interface,tot_stab_mut_close,tot_stab_mut_distal,tot_stab_other_close,tot_stab_other_distal,tot_destab_mut_close,tot_destab_other_close,tot_destab_mut_distal,tot_destab_other_distal,int_destab_mut,int_destab_other,int_stab_mut,int_stab_other
7OAY,5,rpk,cons,-574.9027173270049,-561.7734447504579,13.12927257654701,-47.45058665118972,-44.62597470339836,2.824611947791354,,339,,,371;373;375,372,405;501,,376,,,
7OAY,5,rpk,free,-593.3344562422685,-576.5338454633138,16.800610778954706,-49.73986737803881,-47.86651666171377,1.8733507163250422,,339,,,373;375,368,484;501,365,376;408,,,372
7OAY,5,af2,cons,-600.5029242030828,-535.7603601695242,64.74256403355855,-27.277087901687842,-38.5102994335055,-11.233211531817659,,339,366;369;377;383;384;385,443;483;490;496;502;508;518,371;373,372,405;501,346;351;442;446;449;451;453;454;456;457;467;468;469;473;475;479;487;491;492;494;495;497;506;520;522;538;541,371,,,369;377;383;384;414
7OAY,5,af2,free,-658.9802175884993,-632.7655014321247,26.214716156374607,-50.43208117500722,-39.375968128367866,11.056113046639354,,339;478,365;378,320;356;367;390;407;418;443;458;483;489;490;499;500;502;508;518,,368;380;383,405;493;501,391;442;445;446;447;448;449;451;453;454;480;487;491;492;495;497;506;519;525;526,376,369;377;384;414,,427
