pdb,antibody,method,constrained,wt_total,om_total,d_total,wt_interface,om_interface,d_interface,tot_stab_mut_close,tot_stab_mut_distal,tot_stab_other_close,tot_stab_other_distal,tot_destab_mut_close,tot_destab_other_close,tot_destab_mut_distal,tot_destab_other_distal,int_destab_mut,int_destab_other,int_stab_mut,int_stab_other
7NXA,1,rpk,cons,-540.1291113371833,-537.0158749627578,3.113236374425469,-52.30286673395889,-42.834335663307044,9.46853107065185,,339,,,405;505,,371;375;452,,505,403,501,
7NXA,1,rpk,free,-562.3962601301746,-562.7923469756904,-0.39608684551581064,-59.874883486161245,-46.53694465360604,13.337938832555203,,339,,387;418,405,,375;452,434,486;505,403;495,,
7NXA,1,af2,cons,-614.1548216425069,-507.8861917142305,106.26862992827643,-44.19131436942363,-15.236256326286949,28.95505804313668,,339,458;500;502,483;485,405;477;501;505,453;456;473;474;475;476;479;480;487;494;495;497;503;506,452,365;442;445;446;448;451;469;488;491;492,417;505,455;473;474;475;476,,457;504
7NXA,1,af2,free,-655.8352177010735,-614.3771609339733,41.458056767100175,-62.7124446552252,-15.037008002525399,47.6754366526998,,339,458;476;483;489;500;502,338;347;367;369;382;436;482;485;490;508;528,405;477;501;505,406;421;453;455;456;457;460;475;487;495;497;506,375,368;391;404;442;445;446;448;451;454;467;469;480;491;492,417;486;501;505,415;421;455;456;457;460;473;475;495;502,,503
