pdb,antibody,method,constrained,wt_total,om_total,d_total,wt_interface,om_interface,d_interface,tot_stab_mut_close,tot_stab_mut_distal,tot_stab_other_close,tot_stab_other_distal,tot_destab_mut_close,tot_destab_other_close,tot_destab_mut_distal,tot_destab_other_distal,int_destab_mut,int_destab_other,int_stab_mut,int_stab_other
7EY5,2,rpk,cons,-415.4315682272911,-407.74880774181315,7.6827604854779565,-29.97758954966043,-35.09015806571832,-5.112568516057891,,339;408,,374,,,371;375;376,372,,,486,
7EY5,2,rpk,free,-493.95139874764436,-487.072614945522,6.878783802122371,-48.79197893226716,-48.88523649002797,-0.09325755776080769,,339,454;480,351;392;508,478;484,446;449,371;405,364;365;372,484,,477;486,
7EY5,2,af2,cons,-611.1919007282916,-544.4950646553862,66.6968360729054,-23.059686178738303,-28.77360040919715,-5.7139142304588475,,339,481;483;485;490;496;502,443,501,446;453;454;456;474;479;488;492;493;494;495;497,405,365;442;445;448;451;457;467;469;480;491;506,478;484,489;493,477;498,455;456
7EY5,2,af2,free,-666.4524741490757,-620.2256760585115,46.226798090564216,-46.327502383895954,-48.06597886238339,-1.738476478487435,,339,421;481;483;485;490;499;502,320;338;346;347;358;369;372;382;390;392;429;436;500;508;528,501,420;446;447;449;453;456;457;480;487;489;492;493;494;495,405,326;377;407;410;418;425;430;442;445;448;451;465;469;491;497;503;506;526,478;484,449;493,498,475;481;483
