pdb,antibody,method,constrained,wt_total,om_total,d_total,wt_interface,om_interface,d_interface,tot_stab_mut_close,tot_stab_mut_distal,tot_stab_other_close,tot_stab_other_distal,tot_destab_mut_close,tot_destab_other_close,tot_destab_mut_distal,tot_destab_other_distal,int_destab_mut,int_destab_other,int_stab_mut,int_stab_other
7K8Z,1,rpk,cons,-471.79664821660265,-457.87549253570114,13.921155680901506,-20.7373849360495,-17.762139452662776,2.9752454833867255,,339;408,437,368,373;375;440,372,371;405,,440,,,
7K8Z,1,rpk,free,-514.1359834343657,-503.94306485840934,10.192918575956355,-26.178986629890993,-26.128633265133544,0.05035336475744856,,339,436,,371;375;440,372,405;501,,,499,375,343
7K8Z,1,af2,cons,-607.1841712201524,-520.1154401508765,87.06873106927594,-18.903221370018983,-20.44424226335318,-1.5410208933341956,,339,443;500,383;483;490;496;502;518,371;373,346;372;446;447;448;449;451;506,405;493;501,351;365;387;453;454;455;456;457;467;469;471;473;474;475;479;487;491;492;494;495;497;520;522;538;541,,,,444
7K8Z,1,af2,free,-655.6531983765932,-616.4535349830439,39.19966339354926,-28.193592638273046,-24.65712652124074,3.5364661170323046,,339;478,443;500,320;356;366;367;368;380;390;466;474;483;490;502;518;527,,445;446;449;451;506,371;405,342;351;365;374;381;391;418;467;469;479;480;488;491;492;494;495;497;519;520;525;528,440,445;499,,441
