pdb,antibody,method,constrained,wt_total,om_total,d_total,wt_interface,om_interface,d_interface,tot_stab_mut_close,tot_stab_mut_distal,tot_stab_other_close,tot_stab_other_distal,tot_destab_mut_close,tot_destab_other_close,tot_destab_mut_distal,tot_destab_other_distal,int_destab_mut,int_destab_other,int_stab_mut,int_stab_other
7MFU,2,rpk,cons,-571.4933510878095,-520.6864854635372,50.80686562427229,-66.57124225650648,-41.9093756062904,24.661866650216076,,339,,,405;484;493;498;501,455;499,371;373;375,372,405;417;484;493;498;501;505,490,,449
7MFU,2,rpk,free,-596.4431727077999,-553.9826682806995,42.46050442710043,-75.8186323586939,-54.44154073256823,21.377091626125676,,339,489,434,405;484;493;501,421,371;373;375,365;369;372,405;417;484;493;498;501;505,421;490,,449;453;500
7MFU,2,af2,cons,-621.9550962990113,-512.0621164778476,109.89297982116375,-49.23217509998077,-24.426928975217958,24.805246124762814,,339,443;483;490;500;502,437;485;518,405;493;505,446;447;453;454;455;456;457;473;487;488;491;492;494;495;497;503;504;506,371;373;375,346;351;365;372;442;451;461;469;471;479;520;522;541,405;417;493;505,421;445;446;456;489;490;504,501,403;486;503
7MFU,2,af2,free,-668.7296961416394,-625.6536858000422,43.07601034159711,-70.75554082367493,-49.36336877002515,21.392172053649787,,339;478,490;500;502;503,358;367;390;392;407;436;481,405;417;493;505,420;446;447;453;455;456;457;489;491;492;494;495;497;504;506,,377;391;435;442;448;451;454;465;471;519;520;526,405;417;484;493;505,420;421;445;446;455;456;489;490;504,501,485;486;487;502;503
