pdb,antibody,method,constrained,wt_total,om_total,d_total,wt_interface,om_interface,d_interface,tot_stab_mut_close,tot_stab_mut_distal,tot_stab_other_close,tot_stab_other_distal,tot_destab_mut_close,tot_destab_other_close,tot_destab_mut_distal,tot_destab_other_distal,int_destab_mut,int_destab_other,int_stab_mut,int_stab_other
7V26,1,rpk,cons,-415.1407858246039,-377.6407117925986,37.50007403200527,-44.52449524715878,-50.3298157905011,-5.805320543342319,,339;408,,,501,502,371;373;375;376;405,370;372,,,440;498,
7V26,1,rpk,free,-517.5625638058423,-536.7087607520914,-19.14619694624912,-50.68107966347308,-57.7411661418153,-7.060086478342221,,339;408;452,506,335;336;351;364;365;368;372;377;379;387;393;406;472;490,501,502,371;375;405,384;392;395;432;455;489;495;508;517,,439,440;498,444
7V26,1,af2,cons,-619.3227193131939,-519.1740293347068,100.14868997848714,-45.62002212498883,-19.977175934813395,25.642846190175433,,339,502,483;490;496;508;518,501,444;445;446;448;449;451;506,371;373;405;493,351;365;372;453;454;455;456;457;459;461;469;471;473;474;475;479;487;491;492;494;495;497;520;541,498,346;444;445;499;500,,503
7V26,1,af2,free,-657.0052091149496,-616.763912778724,40.24129633622556,-48.49424791002757,-31.739473723618993,16.754774186408575,,339;478,345;346;500;502,356;366;367;380;390;473;483;490;518;527,,442;444;445;446;447;448;451;497;506,371;405;493,353;365;381;391;425;453;454;455;460;465;469;479;480;491;492;495;517;519;520;528,498,439;443;444;445;450;499;500,440,345;446;503;506
