pdb,antibody,method,constrained,wt_total,om_total,d_total,wt_interface,om_interface,d_interface,tot_stab_mut_close,tot_stab_mut_distal,tot_stab_other_close,tot_stab_other_distal,tot_destab_mut_close,tot_destab_other_close,tot_destab_mut_distal,tot_destab_other_distal,int_destab_mut,int_destab_other,int_stab_mut,int_stab_other
7JVA,1,rpk,cons,-579.8183845351329,-568.6483445744886,11.170039960644203,-45.48476794214346,-44.60376154964588,0.8810063924975822,,339;446,,,371;373;375,372,501,,,,,
7JVA,1,rpk,free,-594.8144310357745,-585.892598307659,8.921832728115533,-48.858051361888755,-43.987690071159996,4.870361290728759,,339;446,,,371;373;375,369;372,501,,371,,,
7JVA,1,af2,cons,-616.6516294550179,-611.6839032653451,4.967726189672817,-36.71773523569297,-33.17753015084379,3.540205084849177,,339,367;372,406;483;485;518,375,368;370;374;435,446;496;501,452;489;499;528,371,370;376,373,377
7JVA,1,af2,free,-662.0409224538352,-658.8431531622841,3.197769291551026,-43.57236315986128,-30.631822414451495,12.940540745409788,,339,367;372;382,390;406;483;485;518;527,,370;377;414,446,332;365;388;431;528,371,370;372;414,373,
