pdb,antibody,method,constrained,wt_total,om_total,d_total,wt_interface,om_interface,d_interface,tot_stab_mut_close,tot_stab_mut_distal,tot_stab_other_close,tot_stab_other_distal,tot_destab_mut_close,tot_destab_other_close,tot_destab_mut_distal,tot_destab_other_distal,int_destab_mut,int_destab_other,int_stab_mut,int_stab_other
7KM5,1,rpk,cons,-530.5417553438107,-506.80699901603657,23.734756327774107,-58.923710560447546,-53.81668230315704,5.107028257290509,,339;408,,,452;484,,371;373;405,502,452;484,,,
7KM5,1,rpk,free,-559.6127956924757,-559.8906919560231,-0.2778962635474045,-66.95793741187823,-66.11245480660232,0.8454826052759188,,339;408,,366;370;372;503;508,452;484,,371,342;434,452;484,,,
7KM5,1,af2,cons,-621.9313767929134,-525.8459628438543,96.0854139490591,-55.26714297437425,-32.179485062138596,23.087657912235656,,339,346;481;483;485;502,390;500,452;501,446;447;448;449;451;456;468;469;470;488;490;492;493;494;495;497,405;477;505,365;420;442;454;457;467;474;475;479;480;487;491;503;506,452;484,447;449;450;468;470;483;490;493;494,498;501,346;445;495;497
7KM5,1,af2,free,-670.8016538791835,-630.2681905136736,40.533463365509874,-81.92773035792469,-49.781678153829795,32.14605220409489,,339,472;485;496;502,320;338;358;367;369;372;390;436;443;471;500;528,452,446;447;449;451;453;454;467;468;469;470;487;491;492;493;494;495;497,405,326;357;365;368;370;394;420;424;430;442;465;473;479;506;526,484;486,447;449;468;470;481;483;487;489;490;493;494,498;501,445;492;495
