pdb,antibody,method,constrained,wt_total,om_total,d_total,wt_interface,om_interface,d_interface,tot_stab_mut_close,tot_stab_mut_distal,tot_stab_other_close,tot_stab_other_distal,tot_destab_mut_close,tot_destab_other_close,tot_destab_mut_distal,tot_destab_other_distal,int_destab_mut,int_destab_other,int_stab_mut,int_stab_other
7LQ7,5,rpk,cons,-539.6510954916159,-531.0207598984944,8.630335593121572,-44.61648488109142,-44.2653394356586,0.3511454454328131,,339,,,371;373,,501,,408,,,
7LQ7,5,rpk,free,-568.0566522240248,-558.6335260541944,9.423126169830425,-48.38103951170926,-42.436549934494664,5.944489577214597,,339,,420,371;373;375,,501,364,371;408,374;377,,428
7LQ7,5,af2,cons,-609.8148030973733,-529.4017665422008,80.41303655517254,-29.16800844445696,-27.524066153867608,1.6439422905893508,,339,429,481;483;485;490;500;502,405,,452;477;501,365;442;446;448;451;453;454;457;467;469;474;475;479;480;487;488;491;492;494;495;497;506,,374;427,408,429
7LQ7,5,af2,free,-659.3374974569845,-601.0641144640734,58.273382992911024,-46.74545137305085,-37.64067949913245,9.104771873918395,,478,372;390,347;358;436;443;473;483;490;499;500;502;509;527,371;405,377;378;414;424;427,501,326;351;365;404;407;442;445;446;447;448;451;453;454;465;466;475;480;487;491;492;495;497;506;518,,427,,
