pdb,antibody,method,constrained,wt_total,om_total,d_total,wt_interface,om_interface,d_interface,tot_stab_mut_close,tot_stab_mut_distal,tot_stab_other_close,tot_stab_other_distal,tot_destab_mut_close,tot_destab_other_close,tot_destab_mut_distal,tot_destab_other_distal,int_destab_mut,int_destab_other,int_stab_mut,int_stab_other
7K90,1,rpk,cons,-397.99279853110227,-378.33024378395226,19.66255474715001,-41.48569152908336,-34.5478217407602,6.937869788323162,,339;478,,,484;493;501,,371;373;375;477,372;405;444;445,484;493,456,417,
7K90,1,rpk,free,-486.85606701525217,-489.0580319517624,-2.201964936510251,-58.48557620502359,-52.31397282480845,6.171603380215139,,339,449;453;456;483,368;497;500,484,490,371;375,369;372;406;443,417;484,456;490,,483
7K90,1,af2,cons,-605.6996593765639,-610.7380635359509,-5.038404159387028,-31.58840311507668,-23.58103395055196,8.007369164524722,,339;371,481;483;485,367;369;372;406;518,446;501,455;489,375,365;368;374;420;434;435;499;528,484,483,493,
7K90,1,af2,free,-651.4234462011685,-653.4470599366448,-2.0236137354762604,-34.39563226725942,-36.01911858388948,-1.623486316630057,,339;371,472;485;488,367;369;372;390;406;425;518;527,446,444;455;456;489,,356;365;374;391;392;528,,483;486;487,484;493;505,
