pdb,antibody,method,constrained,wt_total,om_total,d_total,wt_interface,om_interface,d_interface,tot_stab_mut_close,tot_stab_mut_distal,tot_stab_other_close,tot_stab_other_distal,tot_destab_mut_close,tot_destab_other_close,tot_destab_mut_distal,tot_destab_other_distal,int_destab_mut,int_destab_other,int_stab_mut,int_stab_other
7K90,2,rpk,cons,-395.86666879128927,-377.6097376181849,18.256931173104363,-27.879060585565085,-30.37188384224723,-2.4928232566821436,,339,,,446;484;501,,371;373;375,372;405;445,484,,417;493,
7K90,2,rpk,free,-488.1649208877035,-473.34416598705667,14.820754900646818,-45.27778203575884,-47.29503454106331,-2.0172525053044694,,339,449;452,444;454;500,417;484;493,479;487,371;446,369;372;406;442;445,417;484,,,486;490
7K90,2,af2,cons,-606.1653744252307,-609.4102562819235,-3.244881856692814,-28.975047624284585,-22.72562737351352,6.249420250771063,,339;371,449;481;483;485,367;369;372;406;518,493;501,455;490;494,375,365;368;374;420;434;435;499;528,484,483,,449
7K90,2,af2,free,-655.2527923070218,-649.6093160112046,5.643476295817209,-34.565423951190006,-33.79014023117171,0.7752837200182938,,339,480;485,372;390;393;406;418;518;527,,455;486;490,,332;356;374;391;497;528,,483;489,446;493,494
