pdb,antibody,method,constrained,wt_total,om_total,d_total,wt_interface,om_interface,d_interface,tot_stab_mut_close,tot_stab_mut_distal,tot_stab_other_close,tot_stab_other_distal,tot_destab_mut_close,tot_destab_other_close,tot_destab_mut_distal,tot_destab_other_distal,int_destab_mut,int_destab_other,int_stab_mut,int_stab_other
7BWJ,1,rpk,cons,-513.0088679656016,-489.2697777538757,23.739090211725852,-34.671380346640845,-29.990151355132415,4.68122899150843,,339;408;505,,,452;484,,371;373;375;405;501,372;455,452;484,,,
7BWJ,1,rpk,free,-544.5182436545697,-514.7913463271103,29.72689732745937,-37.32825827551547,-36.60139594932084,0.7268623261946345,,339;408;505,,,452;484,490,371;373;375;405,366;372,484,,,449
7BWJ,1,af2,cons,-609.1476299960286,-525.1349396285924,84.01269036743622,-23.493086496097575,-5.978710241924313,17.514376254173264,,339,481;482;483;485;499,500;502,452;501,444;445;446;448;449;453;491;492;493;494;495;497,405;477,365;442;451;454;455;456;457;467;469;473;474;475;479;480;487;489;506;538,,445;449;450;483;490;492;493,,497
7BWJ,1,af2,free,-654.6023421700766,-617.5623257520956,37.04001641798095,-30.08715285105868,-20.10409036287344,9.98306248818524,,339,481;483;485;490;499;502,320;338;360;367;369;372;390;407;436;443;500,,446;448;449;450;487;489;491;492;495;497,405,326;353;370;391;420;442;451;453;455;457;465;467;471;473;488;506,484,449;483;490,486,445;494;495;499
