pdb,antibody,method,constrained,wt_total,om_total,d_total,wt_interface,om_interface,d_interface,tot_stab_mut_close,tot_stab_mut_distal,tot_stab_other_close,tot_stab_other_distal,tot_destab_mut_close,tot_destab_other_close,tot_destab_mut_distal,tot_destab_other_distal,int_destab_mut,int_destab_other,int_stab_mut,int_stab_other
7V2A,2,rpk,cons,-383.2584314175868,-349.3691378948638,33.889293522722994,-33.138163084859364,-33.35765670651702,-0.21949362165765507,,452,,,371;440,,375;405,372;453;456,440,,371,
7V2A,2,rpk,free,-451.3069554583206,-440.51458698146666,10.792368476853937,-33.33525352487736,-34.641829507339594,-1.3065759824622347,,408,448,406;508,,374;443;444,405,372;451;497,440,,339;371,
7V2A,2,af2,cons,-610.7906277732399,-514.9610266567386,95.8296011165013,-37.49838537146801,-30.118455368150727,7.379930003317284,,,500,383;483;490;496;502;518,371;440,374;442;444;445;446;447;448;451;506,405;493;501,351;365;420;453;454;456;457;459;461;471;473;475;479;487;491;492;494;495;497;520;522;538;541,440,374;441;445;446,371,345;370;437
7V2A,2,af2,free,-660.5252651936432,-606.3909988492541,54.134266344389175,-47.10204616569274,-38.45762208331435,8.644424082378393,,478,499,390;421;424;458;483;490;502;518;527,375;440,368;442;444;445;446;447;448;506,405;501,391;425;451;453;454;457;465;468;487;491;492;495;497;519;520;528,373;440,345;436;443;445,371,370;372
