pdb,antibody,method,constrained,wt_total,om_total,d_total,wt_interface,om_interface,d_interface,tot_stab_mut_close,tot_stab_mut_distal,tot_stab_other_close,tot_stab_other_distal,tot_destab_mut_close,tot_destab_other_close,tot_destab_mut_distal,tot_destab_other_distal,int_destab_mut,int_destab_other,int_stab_mut,int_stab_other
7MJI,1,rpk,cons,-533.9736825867258,-518.6661948939436,15.30748769278216,-37.4837548303468,-32.515531063093626,4.968223767253171,,339,,,484;501,,371;375;405,372,484,,498,
7MJI,1,rpk,free,-557.0356183959866,-541.8445099708301,15.191108425156472,-34.74576220238295,-35.12834518469808,-0.3825829823151281,,339,,,484;501,488,371,372;378,484,,493;498,449
7MJI,1,af2,cons,-606.7690952831854,-518.6977001010393,88.07139518214603,-16.725326372761906,-14.45991605993925,2.265410312822656,,339,483;490;496;500;502,518,501,403;446;449;453;487;488;492;494;495;497,371;373;405,346;351;365;372;448;451;454;456;457;467;469;473;474;475;479;491;506;520;522;541,,449;483,498;501,486;494;495
7MJI,1,af2,free,-654.0927446500134,-608.4665536116754,45.62619103833799,-30.21567888608599,-24.301137307396985,5.914541578689004,,339;477;478,490;500;502,354;367;369;390;407;418;436;437;443;518;527,493;501,403;446;449;455;456;488;492;494;495,405,374;377;391;435;442;445;451;454;491;497;506;519;520;528,,403;449;483;488;489;490,498;501,494;495
