pdb,antibody,method,constrained,wt_total,om_total,d_total,wt_interface,om_interface,d_interface,tot_stab_mut_close,tot_stab_mut_distal,tot_stab_other_close,tot_stab_other_distal,tot_destab_mut_close,tot_destab_other_close,tot_destab_mut_distal,tot_destab_other_distal,int_destab_mut,int_destab_other,int_stab_mut,int_stab_other
7SOA,1,af2,cons,-834.8435774578155,-805.7633343961409,29.08024306167465,-31.86434298760175,-30.596883371685706,1.2674596159160423,,67;95,21;272,19;22;29;75;76;77;97;124;138;154;213;nan;215;216;260,,23;269,142;143;144;145;212,17;20;102;140;141;146;149;151;152;153;156;179;210;245;246;249;254;255;256;257;259,,111,,
7SOA,1,af2,free,-900.3790778394482,-904.8103620068471,-4.431284167398871,-39.99920883422238,-36.00996824397078,3.9892405902515975,,67;95;145,81;269,18;19;35;75;76;77;94;96;97;121;122;138;147;150;154;155;156;182;186;213;nan;215;216;222;242;248;260,,21;113,69;142;143;144;212,17;20;98;120;146;151;152;153;179;181;183;221;249;253;257;261;262;263,,28;113,,88
