pdb,antibody,method,constrained,wt_total,om_total,d_total,wt_interface,om_interface,d_interface,tot_stab_mut_close,tot_stab_mut_distal,tot_stab_other_close,tot_stab_other_distal,tot_destab_mut_close,tot_destab_other_close,tot_destab_mut_distal,tot_destab_other_distal,int_destab_mut,int_destab_other,int_stab_mut,int_stab_other
7CWU,3,af2,cons,-812.0773527410984,-778.4442618520764,33.633090889022014,-4.362743268050862,-17.179713222824624,-12.81696995477376,,,138;148;150,20;21;22;41;75;76;78;79;97;111;180;228;229;233,,140;141;147;151;152;242;244;245;249;250;252;253;256;257,19;24;25,160;254;255;258;259,,146;147;252;255;256,,145;148;150;248;249;250;251
7CWU,3,af2,free,-884.1460371185838,-871.361506104143,12.784531014440745,-13.33596665017128,-29.76815611810757,-16.43218946793629,,,154;242;251;252,18;41;44;68;79;80;81;97;138;139;150;157;180;212;222;228;253;256;291;298,,140;143;146;148;149;245;249;258,19;25,23;55;179;181;244;254;259,,,,147;148;150;251;252;253
