pdb,antibody,method,constrained,wt_total,om_total,d_total,wt_interface,om_interface,d_interface,tot_stab_mut_close,tot_stab_mut_distal,tot_stab_other_close,tot_stab_other_distal,tot_destab_mut_close,tot_destab_other_close,tot_destab_mut_distal,tot_destab_other_distal,int_destab_mut,int_destab_other,int_stab_mut,int_stab_other
7MZH,1,rpk,cons,-545.7864701103999,-530.070714470603,15.715755639796953,-54.15919312515308,-50.854887549005724,3.3043055761473568,,339,,,501,455,371;375;376;405,372,486,,501,
7MZH,1,rpk,free,-565.3545517798794,-560.278124652055,5.076427127824445,-60.3990327359029,-62.50574405673779,-2.10671132083489,,339;408,502,,,455,371;375;405,372;434,486,,477;501,489
7MZH,1,af2,cons,-583.792358667959,-538.529130106047,45.263228561912,-23.29558958866245,-28.071009101706572,-4.77541951304412,,339,483;485;499;502,443,477,446;449;455;475;487;489;492;494;495;497;503,405,351;365;442;445;448;451;454;457;468;469;474;479;491;506,486,449;481;483;489,484;498;501,495
7MZH,1,af2,free,-651.2542525833686,-618.6518230957377,32.60242948763096,-41.96775785008602,-50.310070593947216,-8.342312743861193,,339,481;483;485;490;502,320;338;358;367;369;372;382;390;392;407;421;436,501,446;449;474;487;489;495;497,405,357;368;394;430;442;445;448;451;454;468;479;491;492;506,486,449;473;489,478;498;501,495;502;503
