pdb,antibody,method,constrained,wt_total,om_total,d_total,wt_interface,om_interface,d_interface,tot_stab_mut_close,tot_stab_mut_distal,tot_stab_other_close,tot_stab_other_distal,tot_destab_mut_close,tot_destab_other_close,tot_destab_mut_distal,tot_destab_other_distal,int_destab_mut,int_destab_other,int_stab_mut,int_stab_other
7CH4,1,rpk,cons,-503.45845526258387,-471.53835180889837,31.9201034536855,-48.41880280357984,-37.37687421916947,11.041928584410364,,339,,,493;498;501,496,371;373;375,446;499,417;493;498;505,,,
7CH4,1,rpk,free,-540.0308346654137,-531.0125199361586,9.018314729255167,-64.68847945490771,-51.41668010140203,13.271799353505678,,339,,374;506,417;498,446;489;496,371;375,,417;493;498;505,496,501,
7CH4,1,af2,cons,-610.1657421264238,-485.35881919410303,124.80692293232073,-38.29629790527469,-19.051886577040655,19.244411328234037,,339,490;500;502,483;518,405;477;478;493;498;501,453;455;456;473;474;475;476;479;487;492;494;495;497;503;506,371;373;452,346;351;365;372;442;446;451;465;469;471;491;520;522;541,477;493;505,421;455;475;476;489;502,,457;486;487;495;503
7CH4,1,af2,free,-659.6121372570267,-606.0039401151454,53.608197141881305,-59.851420401225354,-16.087071687336618,43.76434871388874,,339,490;500,320;367;369;389;390;407;423;436;437;482;483;485;518;527,405;417;493;498;501;505,403;420;446;448;449;453;456;457;459;475;487;495;497;506,,351;374;377;386;391;435;442;445;451;480;492;519;520;528;533,417;493;498;505,403;415;421;455;456;473;475;476;486;487;489;496,,503
