pdb,antibody,method,constrained,wt_total,om_total,d_total,wt_interface,om_interface,d_interface,tot_stab_mut_close,tot_stab_mut_distal,tot_stab_other_close,tot_stab_other_distal,tot_destab_mut_close,tot_destab_other_close,tot_destab_mut_distal,tot_destab_other_distal,int_destab_mut,int_destab_other,int_stab_mut,int_stab_other
7S0B,2,rpk,cons,-536.8586423583147,-523.7181746108074,13.140467747507273,-38.22972078295345,-38.42665972055994,-0.19693893760648962,,339;408,,,,,371;373;375;501,372;455,,,,
7S0B,2,rpk,free,-572.4989587711689,-572.3537283451312,0.14523042603764225,-41.53448299989802,-36.89318089711346,4.641302102784557,,339;452,,368;434;502;508,,351;352,371;373;405;484;501,372;374;506,,351;352,,
7S0B,2,af2,cons,-615.2918875913094,-529.5637089390347,85.72817865227478,-31.620373309838527,-23.718825861238134,7.901547448600393,,339,,383;483;490;496;500;502;518,,351;454;457;466;468;469;471;492,371;373;405;493;501,365;372;446;448;449;451;453;455;456;473;474;475;479;487;491;494;495;497;506;520;522;538;541,,346;467,,
7S0B,2,af2,free,-660.7856138528007,-610.6193445069024,50.166269345898286,-48.94896012139503,-40.41567917127864,8.533280950116392,,478,354;356;360;396;518,320;338;367;369;390;418;422;443;474;483;490;500;502,,349;351;352;467;468;471;491;492;519,371;405;493;501,365;374;391;392;403;442;445;446;447;451;453;455;456;480;487;488;495;497;506;517;520,,346;349;351;352;353;457;467;468,,354;458;471;492
