pdb,antibody,method,constrained,wt_total,om_total,d_total,wt_interface,om_interface,d_interface,tot_stab_mut_close,tot_stab_mut_distal,tot_stab_other_close,tot_stab_other_distal,tot_destab_mut_close,tot_destab_other_close,tot_destab_mut_distal,tot_destab_other_distal,int_destab_mut,int_destab_other,int_stab_mut,int_stab_other
7KXJ,1,rpk,cons,-590.5703116339367,-564.9789149554583,25.591396678478418,-48.239680250180584,-40.28115352914899,7.958526721031596,,,,,484;486;498;501,490,371,372;446,486;505,,417,
7KXJ,1,rpk,free,-607.9603654352061,-584.2817504581831,23.678614977023017,-54.08986645356245,-47.67526916446643,6.414597289096022,,,,,484;486;498;501,446;455;489;502,371,372,486,,417,
7KXJ,1,af2,cons,-607.5713618564478,-537.3593820187377,70.21197983771003,-17.69480709015954,-14.349672682987679,3.3451344071718605,,339,455;483;490;499;502,383;481;485;500,405;505,453;456;457;473;474;476;487;489;494;495;506,452,365;434;442;445;446;448;451;454;469;479;491;492;497;538,486;505,456;473;476;487,,403;455;475;495
7KXJ,1,af2,free,-659.2103356921252,-615.9006999191158,43.309635773009404,-46.19370166087535,-36.83347067871181,9.360230982163536,,339,455;483;485;490;499;502,338;358;367;369;390;436;443;500,405;417;486,453;456;457;474;475;487;492;493;494;495;497,,351;368;442;445;446;448;451;465;479;491;506;526,484;505,473;475;483;487;493;494,477;498,455;495
