pdb,antibody,method,constrained,wt_total,om_total,d_total,wt_interface,om_interface,d_interface,tot_stab_mut_close,tot_stab_mut_distal,tot_stab_other_close,tot_stab_other_distal,tot_destab_mut_close,tot_destab_other_close,tot_destab_mut_distal,tot_destab_other_distal,int_destab_mut,int_destab_other,int_stab_mut,int_stab_other
7K4N,1,rpk,cons,-619.0208961396688,-593.8965053406414,25.124390799027424,-48.915302403170735,-44.59222809987468,4.323074303296053,,339,,,486,455,371;373;375;376;405;501,372,486,,,
7K4N,1,rpk,free,-630.8217633441066,-617.4862909253413,13.335472418765221,-55.53770663437828,-45.18359539361309,10.354111240765192,,339;408,,335;418;497,,455;479,371;375,,478;486,479;485,,
7K4N,1,af2,cons,-611.294738997967,-501.54934923031584,109.74538976765115,-44.97124392136042,10.479450522239965,55.45069444360038,,339,481;483;485;490;499,482;502,477;478;486;501,453;455;457;473;474;475;476;479;480;487;488;489;492;493;494;495;497,405,365;442;445;446;448;451;454;467;469;491;506,477;478;484;486,474;475;476;485;489,498,495
7K4N,1,af2,free,-666.1334691533139,-627.1448008686156,38.98866828469829,-51.55241653296324,-33.697340040539245,17.855076492423997,,339;505,421;481;483;485,338;358;367;369;390;436;443;472;490;499;500;502,484,453;455;457;475;487;493;495;497,405;501,326;368;424;442;445;446;447;448;451;467;491;492;506;526,477;484,473;475;476;493,498,474;495
