pdb,antibody,method,constrained,wt_total,om_total,d_total,wt_interface,om_interface,d_interface,tot_stab_mut_close,tot_stab_mut_distal,tot_stab_other_close,tot_stab_other_distal,tot_destab_mut_close,tot_destab_other_close,tot_destab_mut_distal,tot_destab_other_distal,int_destab_mut,int_destab_other,int_stab_mut,int_stab_other
7CWS,5,af2,cons,-812.7268669644732,-794.9669245651535,17.759942399319698,-9.151965463078126,-10.468429587346577,-1.3164641242684514,,67;95,147;247;251,18;19;21;22;75;76;77;79;97;111;124;138;213;nan;215;216;229;260;272,142;143,140;146;149;151;153;156;246;254;256;257,212,17;20;23;102;141;150;152;179;187;210;245;249;255;259,145,246,,147;156;257
7CWS,5,af2,free,-886.6463234414928,-865.2950423931585,21.351281048334272,-10.415090764783802,-17.870330541591144,-7.455239776807343,,67;95,155;248,77;84;96;97;114;122;138;154;157;170;182;213;nan;215;216;222;226;227;242;260;271,143;144,140;146;151;153;246;249;251;254;255,70;212,17;20;21;98;152;179;181;191;203;221;237;258;261;262,144,146;148,,149;150;249;257
