pdb,antibody,method,constrained,wt_total,om_total,d_total,wt_interface,om_interface,d_interface,tot_stab_mut_close,tot_stab_mut_distal,tot_stab_other_close,tot_stab_other_distal,tot_destab_mut_close,tot_destab_other_close,tot_destab_mut_distal,tot_destab_other_distal,int_destab_mut,int_destab_other,int_stab_mut,int_stab_other
7LQ7,4,rpk,cons,-533.8529612248102,-510.45080547294356,23.402155751866644,-35.784150332326426,-30.45499605448806,5.3291542778383665,,339;408,,,478;484,,371;373;501,372,478;486,,,
7LQ7,4,rpk,free,-563.9836331776935,-556.2901854634238,7.693447714269723,-45.195488286618385,-37.09819303823124,8.097295248387148,,339;408,493,495;502;508,478,,371;373,368;369;437;492;506,478;486,,,
7LQ7,4,af2,cons,-612.1956769884284,-544.5822775831082,67.61339940532025,-24.899170189669366,-27.8149938900136,-2.9158237003442338,,339,481;483;485;502,,477,456;474;479;480;487;494;495,405;452,365;442;448;451;457;461;465;467;469;491;492;497;506;538,,455;489,486;498,485;487;495
7LQ7,4,af2,free,-657.806682602451,-616.7920355850537,41.01464701739735,-35.81726065291167,-50.1625327399317,-14.345272087020028,,339,455;481;490;499;502,320;346;358;366;367;368;372;382;390;443;500;517,,453;474;475;479;492;495;497,405,326;351;365;377;442;445;446;447;448;451;454;460;465;471;491;506;518;526,484,483;485;490;493,486;498,455;481;487;495
