pdb,antibody,method,constrained,wt_total,om_total,d_total,wt_interface,om_interface,d_interface,tot_stab_mut_close,tot_stab_mut_distal,tot_stab_other_close,tot_stab_other_distal,tot_destab_mut_close,tot_destab_other_close,tot_destab_mut_distal,tot_destab_other_distal,int_destab_mut,int_destab_other,int_stab_mut,int_stab_other
7LY2,2,rpk,cons,-609.1404084114725,-589.1641981106336,19.976210300838943,-46.792759782117415,-40.40445715355462,6.388302628562798,,339;408,,,501,446;455,371;373;375;405,372,484;486,,452,
7LY2,2,rpk,free,-626.9206535403287,-610.7775215353047,16.143132005023972,-51.75604385116843,-43.87784942397852,7.878194427189911,,339;408,,403;502;508,484;501,446;455,371;373;405,372;506,484;486,,452,
7LY2,2,af2,cons,-611.7611621796214,-513.4631541163093,98.29800806331207,-34.64582024907079,-20.270715919345285,14.375104329725502,,339,483;485;500;502,481,452;501,446;448;449;475;487;491;492;493;494;495;497,405;477,365;442;451;454;457;461;467;469;474;479;506,484,449;483;489;490;493,452;498;501,495
7LY2,2,af2,free,-659.2863015000673,-618.8534918273933,40.43280967267401,-37.88167905500413,-38.88595943266747,-1.004280377663342,,339;478,473;499;500;502,346;347;369;390;407,501,445;446;449;453;487;492;493;495;497,405,391;420;442;465;491;506,484,449;483;489;490;493,486;498;501,494;495;499;503
