pdb,antibody,method,constrained,wt_total,om_total,d_total,wt_interface,om_interface,d_interface,tot_stab_mut_close,tot_stab_mut_distal,tot_stab_other_close,tot_stab_other_distal,tot_destab_mut_close,tot_destab_other_close,tot_destab_mut_distal,tot_destab_other_distal,int_destab_mut,int_destab_other,int_stab_mut,int_stab_other
7EJ4,2,rpk,cons,-375.47027650967243,-366.6545468525501,8.815729657122347,-36.03788597400792,-30.4534640808317,5.58442189317622,,339,,,501,494,371;375,372,496;505,453,498,
7EJ4,2,rpk,free,-478.853009264621,-465.3506835869594,13.502325677661588,-45.934879027015405,-39.79731645688321,6.1375625701321965,,,403;406,340;341;379;385;437;471,498,455,375,330;331;372;386;474,505,449;500,496;498,
7EJ4,2,af2,cons,-604.8887759804516,-610.3217921443184,-5.433016163866796,-25.367758712276718,-27.877742146076336,-2.5099834337996185,,339;371,483,367;369;372;485;518,501,494,375,365;368;374;434;435;452,505,495,496;498,
7EJ4,2,af2,free,-655.5560024353126,-659.1880061070076,-3.6320036716949744,-36.960899515762165,-44.47234458946261,-7.511445073700443,,339;371,445;483;495,340;369;372;418;451;480;516;518;527,446;498,447;449;455;494;500,,342;374;435;528,446;505,500,493;496;501,445;495;499
