pdb,antibody,method,constrained,wt_total,om_total,d_total,wt_interface,om_interface,d_interface,tot_stab_mut_close,tot_stab_mut_distal,tot_stab_other_close,tot_stab_other_distal,tot_destab_mut_close,tot_destab_other_close,tot_destab_mut_distal,tot_destab_other_distal,int_destab_mut,int_destab_other,int_stab_mut,int_stab_other
7KFW,2,rpk,cons,33065851.83485344,64092111.82740488,31026259.99255144,24.141959224734048,-26.336318297671916,-50.47827752240596,,339;371;446;496,406;420;454;455;472;483;489;497;500;506,336;338;340;342;343;344;345;349;350;351;352;353;354;355;356;357;358;362;364;366;367;368;369;370;372;376;377;378;379;380;388;395;396;397;398;404;418;419;422;423;425;426;429;431;433;434;435;436;437;438;441;442;443;444;449;451;452;453;461;462;465;480;491;492;494;495;499;508;511;512;513;522;523;524;526,417,405,373;375,337;374;391;392;393;394;399;400;439;507;514;515;516;517;518;519;520;521;527,,489,440;484,455;485
7KFW,2,rpk,free,33064824.235601466,64092016.00876127,31027191.773159806,-32.53678919652059,0.0,32.53678919652059,,339,458;476,340;347;350;354;355;360;372;377;453;492;507;527,417;484;493,403;405;406;409;415;416;420;421;454;455;456;460;472;473;474;475;487;489;499,373;375,337;351;358;367;370;374;379;380;384;387;392;393;394;396;399;400;407;410;411;412;414;418;419;422;423;424;429;431;432;433;451;461;465;479;497;512;515;516,417;440,403;455;456;460;475;486;489,,
7KFW,2,af2,cons,-606.5152546959278,-610.8416852796952,-4.326430583767433,-38.83221772249617,-36.814325716129794,2.017892006366374,,339;371,473;476;485,367;369;372;451;472;481;483;518,493;496;501,489,375;446,365;368;374;434;435;452;528,417;493,489,501,473;476;487;494
7KFW,2,af2,free,-668.2946189568406,-665.9000019839827,2.3946169728578752,-66.28107127933833,-47.08279968951485,19.198271589823484,,339;371,483,369;372;450;451;518;527,417;446;496,449;489;502,,332;356;374;434;435;528,417;493;496;501;505,490;502,,494
