pdb,antibody,method,constrained,wt_total,om_total,d_total,wt_interface,om_interface,d_interface,tot_stab_mut_close,tot_stab_mut_distal,tot_stab_other_close,tot_stab_other_distal,tot_destab_mut_close,tot_destab_other_close,tot_destab_mut_distal,tot_destab_other_distal,int_destab_mut,int_destab_other,int_stab_mut,int_stab_other
7KKK,2,rpk,cons,-712.8235845248973,-676.7241732775431,36.09941124735428,-47.41436940391919,-29.64462510476212,17.769744299157068,,339,,,446;493;496,447;455,371;373;375,372,493;496;498;505,,,
7KKK,2,rpk,free,-725.8629014350272,-710.3154159849053,15.54748545012194,-47.83484096862538,-37.33618994457227,10.49865102405311,,339,,372;374,446;493;496,452,371;375,,446;493;498;505,,484,
7KKK,2,af2,cons,-613.1375545618665,-596.901032039027,16.23652252283955,-35.628509735603146,-22.61374244527646,13.014767290326684,,339;371,483;485,367;369;372;481;518,493;496,448;449;452;453;494;495,375,365;368;374;434;435;528,493;496;498;505,483,501,486;489
7KKK,2,af2,free,-655.3824345313192,-655.5658849262172,-0.1834503948980455,-58.74750369361547,-36.79090735157193,21.95659634204354,,339;371,485,356;369;393;406;481;518,493;496;505,448;453;486;490;497,,374;392;444;499;526,493;498;505,403;489;490,484;501,485
