pdb,antibody,method,constrained,wt_total,om_total,d_total,wt_interface,om_interface,d_interface,tot_stab_mut_close,tot_stab_mut_distal,tot_stab_other_close,tot_stab_other_distal,tot_destab_mut_close,tot_destab_other_close,tot_destab_mut_distal,tot_destab_other_distal,int_destab_mut,int_destab_other,int_stab_mut,int_stab_other
7MF1,1,rpk,cons,-523.8663254599137,-507.46863612088305,16.39768933903065,-47.63344305684345,-40.958445278712915,6.674997778130532,,339,,,446;484,447;490,371;373;375;501,372,484;493,,,
7MF1,1,rpk,free,-551.3672054540413,-548.4763995668957,2.890805887145575,-50.405888437019094,-42.98889904722349,7.416989389795603,,339;496,449;488,369;431;434;436,446;484;493,451,375,372;432,446;484,,,
7MF1,1,af2,cons,-618.9086656746451,-624.2066775916355,-5.29801191699039,-34.361334295823326,-38.22358769522282,-3.862253399399492,,339;371,481;482;483;485,367;369;372;406;518,446,452;494,375;501,365;368;420;434;435;455;489;499;528,,,,471;483
7MF1,1,af2,free,-666.8421808200371,-661.7192503296867,5.122930490350427,-45.300112316456236,-48.207423846862596,-2.9073115304063606,,339;371,451;481;482;483;485,340;369;372;406;421;518,,447;450;452,,342;374;420;435,484,,446,481;483
