pdb,antibody,method,constrained,wt_total,om_total,d_total,wt_interface,om_interface,d_interface,tot_stab_mut_close,tot_stab_mut_distal,tot_stab_other_close,tot_stab_other_distal,tot_destab_mut_close,tot_destab_other_close,tot_destab_mut_distal,tot_destab_other_distal,int_destab_mut,int_destab_other,int_stab_mut,int_stab_other
7ND4,1,rpk,cons,-540.3506906546561,-528.5644266061651,11.786264048491034,-42.731226341115494,-35.15268799872573,7.578538342389763,,339;446,,,484;493;501,,371;373;375,372,417;505,,,
7ND4,1,rpk,free,-594.0477564493284,-594.2391305194965,-0.19137407016808083,-48.7111740920261,-62.109593532295094,-13.398419440268995,,371;446,403;405;455;500,342;367;436;508;515,484;493;501,453;490,,365;366;368;369;437,505,502,493;498,405;500;503
7ND4,1,af2,cons,-620.4904439250436,-617.0994966803978,3.3909472446457585,-41.70392937803489,-35.49048243293868,6.213446945096216,,339;371,403;406;483;485,367;369;372;481;518,493;496;501,,375,365;368;374;389;420;434;435;449;499,417;501;505,502,493,403;485
7ND4,1,af2,free,-665.7312430280173,-658.2652836755746,7.465959352442724,-56.35161921799859,-52.00710108606037,4.344518131938216,,339,403;480;485,372;390;451;481;518,417;493;496;501,453;492,446,374;499;519,417;505,483;487,,403;408;485
