pdb,antibody,method,constrained,wt_total,om_total,d_total,wt_interface,om_interface,d_interface,tot_stab_mut_close,tot_stab_mut_distal,tot_stab_other_close,tot_stab_other_distal,tot_destab_mut_close,tot_destab_other_close,tot_destab_mut_distal,tot_destab_other_distal,int_destab_mut,int_destab_other,int_stab_mut,int_stab_other
6XEY,1,rpk,cons,-456.2172994750182,-444.8079222542757,11.409377220742499,-37.20010851083821,-31.142556851501976,6.057551659336237,,339,,,484,,371;373,372,484;493,455,,
6XEY,1,rpk,free,-525.3684358888619,-532.9737186885247,-7.605282799662859,-43.66047869789674,-43.485503576043115,0.1749751218536275,,339,445,340;370;406;474;480;503;508,484,,373;375;477,372;374;437,,494,493,
6XEY,1,af2,cons,-600.7980470445882,-608.2648567737212,-7.466809729133047,-42.554932625978374,-43.35781230415055,-0.8028796781721752,,339;371,481;483;485;486,367;372;518,501,455;489;494,375,365;368;420;435;528,,483,,485;486
6XEY,1,af2,free,-651.0378772878464,-661.1233687666584,-10.085491478811946,-43.84760293868615,-56.35488659925962,-12.50728366057347,,339;371,483;485;486,369;406;418;480;518;527,501,448;449;455,,374;434;497;528,,449,493;496,485;486
