pdb,antibody,method,constrained,wt_total,om_total,d_total,wt_interface,om_interface,d_interface,tot_stab_mut_close,tot_stab_mut_distal,tot_stab_other_close,tot_stab_other_distal,tot_destab_mut_close,tot_destab_other_close,tot_destab_mut_distal,tot_destab_other_distal,int_destab_mut,int_destab_other,int_stab_mut,int_stab_other
6YZ7,2,rpk,cons,-510.26026069297114,-499.88771810577254,10.372542587198609,-60.69223020872506,-58.11761171956917,2.5746184891558883,,339,,,371;376,372,405;484;501,,376,,,
6YZ7,2,rpk,free,-546.194179035818,-546.6204063942748,-0.42622735845679927,-68.46986587634134,-69.30401418659969,-0.8341483102583425,,339,,508,,372,484,480;490,376,,,378;428
6YZ7,2,af2,cons,-596.1367885021043,-522.3546238179706,73.7821646841337,-53.31978270080893,-57.750669838648946,-4.430887137840017,,339,377;378,421;481;483;485;490;502,,384,405;477;501,365;442;446;448;451;453;454;455;456;457;467;469;474;475;479;487;489;491;492;493;494;495;497;506,,321,,377;378;385;386
6YZ7,2,af2,free,-656.6360683817819,-631.5976227880278,25.03844559375409,-76.71457881716292,-72.60592035930874,4.108658457854176,,339;478,372;374;382;383;390;517,347;360;367;387;472;483;485;490;500;502;527,371;375,385;518,405;486;501,424;442;445;446;448;451;453;454;456;457;467;469;487;491;492;495;497;506,375;408,379;385,,374;390
