pdb,antibody,method,constrained,wt_total,om_total,d_total,wt_interface,om_interface,d_interface,tot_stab_mut_close,tot_stab_mut_distal,tot_stab_other_close,tot_stab_other_distal,tot_destab_mut_close,tot_destab_other_close,tot_destab_mut_distal,tot_destab_other_distal,int_destab_mut,int_destab_other,int_stab_mut,int_stab_other
7CHE,1,rpk,cons,-439.6756995792413,-405.1620299544383,34.513669624803015,-54.61694546013149,-42.6284327452376,11.988512714893886,,339,,,498;501,,371;373;375;452,369,486;501;505,496,478,
7CHE,1,rpk,free,-483.9066915057357,-464.7872657157371,19.119425789998616,-64.31651894272743,-62.62129798444727,1.69522095828016,,339,457,364;366,498;501,446,371,368,417;505,496,477;478,
7CHE,1,af2,cons,-614.1470204353529,-518.3172531442815,95.82976729107145,-37.23601098192515,-16.33894120367982,20.897069778245328,,339,499;500;502,383;483;485,405;417;477;478;501;505,453;454;455;456;473;474;475;476;479;480;487;494;495;497;503;506,452,365;442;446;448;451;467;468;469;491;492,417;477;505,409;455;456;473;475;476;487;489;495;502,,457;503
7CHE,1,af2,free,-654.5097826803301,-616.7101721553422,37.799610524987884,-63.60549976154898,-37.30808162886979,26.297418132679184,,339,403;485;490;499;500;502,356;367;369;372;390;407;436;517,405;417;501,446;448;456;460;475;487;495;497,,368;425;442;445;451;466;467;472;480;491;492;506;518,405;417;505,420;455;456;473;489;495;496;502,,476;503
