pdb,antibody,method,constrained,wt_total,om_total,d_total,wt_interface,om_interface,d_interface,tot_stab_mut_close,tot_stab_mut_distal,tot_stab_other_close,tot_stab_other_distal,tot_destab_mut_close,tot_destab_other_close,tot_destab_mut_distal,tot_destab_other_distal,int_destab_mut,int_destab_other,int_stab_mut,int_stab_other
7N8H,2,af2,cons,-832.4267819109391,-819.5269604300032,12.899821480935884,-33.537840809040674,-34.51613130431325,-0.9782904952725744,,,21;78;79;88;272,20;41;75;76;138;153;228;229,19;24;25;26,270,,140;141;160;183;242;244;245;249;257;258;259,,113;270,,88
7N8H,2,af2,free,-906.4918974827892,-887.0284085386222,19.46348894416701,-36.244791958428685,-40.83684689693867,-4.592054938509982,,142,80;109;111,20;38;75;97;128;137;145;153;154;212;228;246;248;256;291,25;26,105;113;270,19;70,29;120;140;146;181;191;221;226;235;244;245;249;259,,113;270,,23;28;83;88
