pdb,antibody,method,constrained,wt_total,om_total,d_total,wt_interface,om_interface,d_interface,tot_stab_mut_close,tot_stab_mut_distal,tot_stab_other_close,tot_stab_other_distal,tot_destab_mut_close,tot_destab_other_close,tot_destab_mut_distal,tot_destab_other_distal,int_destab_mut,int_destab_other,int_stab_mut,int_stab_other
7JZN,3,rpk,cons,-616.0556208906983,-590.4111795474107,25.644441343287554,-59.47261097389696,-52.24007364017602,7.232537333720941,,339;408,403,,417;501;505,,371;373;375,372,417;505,,498,
7JZN,3,rpk,free,-640.0381199093752,-625.669260120555,14.368859788820146,-60.414805071228656,-55.133572938862606,5.28123213236605,,339,403,,405;417;501,,371;373;375,372,417;486;505,497,498,403
7JZN,3,af2,cons,-615.1356869130921,-527.4211975101578,87.7144894029343,-54.79091268635348,-40.15603976471517,14.634872921638312,,339,403;421;483;485;490;496;500;502,481,405;417;477;498;501;505,448;453;455;456;457;474;475;487;489;492;494;495;497;503;506,452,365;442;451;454;469;479;491;538,417;501;505,456;489;493;502,478;498,403;500
7JZN,3,af2,free,-653.4901918526408,-627.3422681877189,26.147923664921905,-50.844548161154776,-55.529278288526854,-4.684730127372077,,339,403;421;483;490;499;500;502,320;367;369;390;436;458;485;508,405;417;505,446;449;453;455;456;487;495;497;506,,351;391;448;451;454;457;465;480;491;492;526,417;505,449;489;493;497;502,478;498;501,403;406;453;475;487;500
