pdb,antibody,method,constrained,wt_total,om_total,d_total,wt_interface,om_interface,d_interface,tot_stab_mut_close,tot_stab_mut_distal,tot_stab_other_close,tot_stab_other_distal,tot_destab_mut_close,tot_destab_other_close,tot_destab_mut_distal,tot_destab_other_distal,int_destab_mut,int_destab_other,int_stab_mut,int_stab_other
7L2E,1,af2,cons,-780.9060148084816,-784.804885689729,-3.898870881247376,-20.551275109250728,-11.81819029563181,8.733084813618918,,67;95,18;19;75;77;138;242;244;246;247;258,22;76;79;97;111;124;213;nan;215;216;260,142;143;145,16;17;146;150;151;152;153;156;245;249;251;254;255;256,212,23;99;100;210;229,144,17;19;146;147;158;248,,149;247;249
7L2E,1,af2,free,-903.9765998915551,-881.3478409672448,22.62875892431032,-19.611525311462586,-26.31115196241115,-6.699626650948563,,67;95,18;19;148;242,68;75;76;77;79;81;84;94;121;124;138;154;170;182;184;186;201;202;213;nan;215;216;222;226;227;248;263,142;143;144,20;146;153;156;246;257,69;212,21;22;66;71;80;92;98;101;108;152;175;180;183;187;221;237;245;249;259;261;262,144,155,,147;148;154;255;259
