pdb,antibody,method,constrained,wt_total,om_total,d_total,wt_interface,om_interface,d_interface,tot_stab_mut_close,tot_stab_mut_distal,tot_stab_other_close,tot_stab_other_distal,tot_destab_mut_close,tot_destab_other_close,tot_destab_mut_distal,tot_destab_other_distal,int_destab_mut,int_destab_other,int_stab_mut,int_stab_other
7C2L,2,af2,cons,-759.2135300173404,-789.7508354769159,-30.537305459575464,-4.160361307764505,-14.306642931940733,-10.146281624176227,,67;95,146;147;149;151;152;155,18;19;21;22;75;76;77;79;97;111;124;138;154;213;nan;215;216;260,142,153;245;246;247;249;254;256;257,212,20;23;187;210;255,145,148;152;246;248;251,,147;149;150;151;154
7C2L,2,af2,free,-888.920985957938,-874.6563199010634,14.264666056874603,-17.558524008042916,-13.40845989517958,4.150064112863335,,67;95,176;242;248,18;19;38;55;73;77;94;111;114;124;138;139;154;155;168;170;186;194;201;213;nan;215;216;222;227;247,142;143;144,150;153;244;251;253,70;212,17;20;21;22;85;100;141;152;175;179;183;187;221;249;255;257;259;262,,147;150;248,,149;154;247
