pdb,antibody,method,constrained,wt_total,om_total,d_total,wt_interface,om_interface,d_interface,tot_stab_mut_close,tot_stab_mut_distal,tot_stab_other_close,tot_stab_other_distal,tot_destab_mut_close,tot_destab_other_close,tot_destab_mut_distal,tot_destab_other_distal,int_destab_mut,int_destab_other,int_stab_mut,int_stab_other
7NDD,1,af2,cons,-823.1367745555415,-792.4303269901068,30.7064475654347,-0.42661193337104,0.022403046085387457,0.44901497945642743,,,153,97;111;228;229;248;272,,,19;24;25;26,17;18;23;29;77;80;140;193;233;244;245;249;250;251;256;257;258;259;270,,,,
7NDD,1,af2,free,-883.6563371660757,-881.1908392612263,2.4654979048493715,-3.2168268466934427,-11.999054635079595,-8.782227788386152,,142,153;154,38;41;66;79;97;108;118;128;147;180;222;228;237;246;291,19,141;245;249;250,24;25;26,21;29;64;78;80;84;98;140;146;156;181;216;221,,,,155;158;161;252
