pdb,antibody,method,constrained,wt_total,om_total,d_total,wt_interface,om_interface,d_interface,tot_stab_mut_close,tot_stab_mut_distal,tot_stab_other_close,tot_stab_other_distal,tot_destab_mut_close,tot_destab_other_close,tot_destab_mut_distal,tot_destab_other_distal,int_destab_mut,int_destab_other,int_stab_mut,int_stab_other
7E5R,4,af2,cons,-817.1875945645352,-778.8524854270498,38.33510913748535,-12.219163327909067,-10.25376984536715,1.9653934825419164,,,153,95;97;111;180;215;228;229,,145;147;156;245;249;250;256;257,19;24;25;26,17;18;23;29;80;140;191;254;258;259;270,,144;155;246,,
7E5R,4,af2,free,-897.3240019384624,-880.3750333773346,16.9489685611278,-12.075567987142776,-17.841001074051,-5.765433086908224,,,246;247;248;251;252,22;41;63;79;84;95;123;138;184;201;222;228;242;291,,146;152;156;245;249,19;25;26,69;71;77;78;80;181;183;221;233;258;259;262,,146;147;246,,248;251;252;254
