pdb,antibody,method,constrained,wt_total,om_total,d_total,wt_interface,om_interface,d_interface,tot_stab_mut_close,tot_stab_mut_distal,tot_stab_other_close,tot_stab_other_distal,tot_destab_mut_close,tot_destab_other_close,tot_destab_mut_distal,tot_destab_other_distal,int_destab_mut,int_destab_other,int_stab_mut,int_stab_other
7ND5,1,rpk,cons,-592.7732676041117,-574.2357413048807,18.53752629923099,-67.91385486217129,-50.18568782366807,17.728167038503223,,339,,406;508,417;498;501;505,,371;373,372,408;417;493;498;505,,,
7ND5,1,rpk,free,-619.8359558711437,-607.6005564104559,12.235399460687859,-82.06032205741559,-76.69212756193964,5.368194495475947,,339,,347,484;493;498,,371;375;376,372,417;498;505,403;495,501,453;455;490
7ND5,1,af2,cons,-617.0133109717997,-499.8407164145948,117.17259455720489,-57.50205040333755,-31.829145409696334,25.672904993641215,,339,490;500;502,483;518,405;477;478;493;498;501;505,449;453;454;455;456;457;459;473;475;476;479;487;488;492;494;495;497,371;373,351;365;372;391;442;446;451;465;467;469;480;491;506;520;541,417;477;478;493;505,456;474;476;489;496;502,,453;457;460;486;495;503
7ND5,1,af2,free,-660.7127735442764,-631.0433821032466,29.669391441029802,-72.97848061976048,-55.74569036441283,17.232790255347645,,339,490;500;502,320;354;358;367;369;390;407;418;422;436;437;466;483;485;518;528,493;505,403;446;448;449;487;495;497,,368;374;391;442;445;451;467;469;492;506;519;520;526,417;493;505,420;473;489;495;496;502,405;498,453;458;503
