pdb,antibody,method,constrained,wt_total,om_total,d_total,wt_interface,om_interface,d_interface,tot_stab_mut_close,tot_stab_mut_distal,tot_stab_other_close,tot_stab_other_distal,tot_destab_mut_close,tot_destab_other_close,tot_destab_mut_distal,tot_destab_other_distal,int_destab_mut,int_destab_other,int_stab_mut,int_stab_other
7N8H,2,af2,cons,-832.4267819109391,-799.3792273045334,33.0475546064057,-33.537840809040674,-30.65828161759149,2.8795591914491823,,,,97;153;228;229;248,19;24;25;26,17;23;80;233;270,,18;29;77;140;245;249;250;251;256;257;258;259,26,113;270,,
7N8H,2,af2,free,-906.4918974827892,-886.0559934724185,20.435904010370677,-36.244791958428685,-35.708383032518526,0.536408925910159,,142,109;269,15;66;69;97;138;154;180;222;228;248;255;256,19;25;26,54;270,,17;22;29;64;70;78;141;146;181;191;221;245;249;250;259,,113;270,,23;83
