pdb,antibody,method,constrained,wt_total,om_total,d_total,wt_interface,om_interface,d_interface,tot_stab_mut_close,tot_stab_mut_distal,tot_stab_other_close,tot_stab_other_distal,tot_destab_mut_close,tot_destab_other_close,tot_destab_mut_distal,tot_destab_other_distal,int_destab_mut,int_destab_other,int_stab_mut,int_stab_other
7RAL,1,rpk,cons,-451.27373938284194,-445.29353863434585,5.980200748496088,-58.75892827783254,-60.55697270059512,-1.7980444227625796,,339,,,371;375,372,,,,,375,
7RAL,1,rpk,free,-464.62194921423657,-469.82235405458687,-5.200404840350302,-60.593983640490165,-59.84683891026657,0.7471447302235958,,339,368;435,365;388;418;434;444;497,371;373,369;372,,455;499,,374,375,
7RAL,1,af2,cons,-615.4065657308454,-597.6371013572831,17.7694643735623,-41.39382994100424,-36.08282942007615,5.31100052092809,,339;484,372;406,483;485;518,373;375;501,368;369;374;435,496,420;434;452;499;528,373,369,,372
7RAL,1,af2,free,-664.9837504455801,-668.6708377583869,-3.6870873128068524,-56.89436400049941,-61.08525054563635,-4.190886545136941,,339;484,369;372;406;502,409;418;451;483;518;527,,374;385;506,446,365;430;434;444;455;528,,374,373,369;372
