pdb,antibody,method,constrained,wt_total,om_total,d_total,wt_interface,om_interface,d_interface,tot_stab_mut_close,tot_stab_mut_distal,tot_stab_other_close,tot_stab_other_distal,tot_destab_mut_close,tot_destab_other_close,tot_destab_mut_distal,tot_destab_other_distal,int_destab_mut,int_destab_other,int_stab_mut,int_stab_other
7E8C,6,af2,cons,-824.6660577003942,-772.2501376608459,52.41592003954827,-18.73227353554711,-12.178655291648836,6.553618243898276,,67;95,19,18;21;22;75;76;77;97;111;124;138;213;nan;215;216;260,142;143;144,17;140;149;150;151;152;153;154;156;157;246;249;255;256;257,212,20;23;179;187;210;245,144,146;148;150;157,,147;149;156;249
7E8C,6,af2,free,-891.1306377327786,-888.4076743710554,2.7229633617232594,-38.59515603573926,-22.757685262654167,15.83747077308509,,67;95,154;158;248,18;77;84;111;114;121;138;159;170;182;186;192;201;213;nan;215;216;222;227;242;260;272,142;143;144,17;152;153;243;246;249;253;255,69;70;212,20;23;54;92;98;99;100;127;180;183;191;210;221;245,144,146;148;155;156;246,,150;154;158;254
