pdb,antibody,method,constrained,wt_total,om_total,d_total,wt_interface,om_interface,d_interface,tot_stab_mut_close,tot_stab_mut_distal,tot_stab_other_close,tot_stab_other_distal,tot_destab_mut_close,tot_destab_other_close,tot_destab_mut_distal,tot_destab_other_distal,int_destab_mut,int_destab_other,int_stab_mut,int_stab_other
7P78,5,rpk,cons,-283.4792991772041,-272.1323598592254,11.346939317978695,-26.7827276224949,-21.947295384301565,4.835432238193334,,339;505,,,371;373;375,,484;493;501,,408,,,
7P78,5,rpk,free,-448.90613564975985,-416.9246304706693,31.98150517909056,-39.10725402482588,-34.24387871041026,4.86337531441562,,339,370;372,358;395;473;489,371;373;376;405,377;406;435;437;503,493,394;396;400;453;474;475;487;539,375;376;408,502;503,,369;370;372
7P78,5,af2,cons,-616.360159853969,-527.193181002171,89.16697885179804,-27.988190720506946,-19.329781473479695,8.658409247027251,,339,,443;483;490;496;502;518,371;373;375,372,405;501,346;351;365;391;442;446;449;451;453;454;456;457;467;469;471;473;475;479;487;491;492;494;495;497;506;520;538;541,408,369;372,,
7P78,5,af2,free,-661.5104789288011,-627.2055416203034,34.304937308497756,-46.759466867120466,-42.76184293244926,3.9976239346712035,,339;478;505,383;407;436;437,356;367;390;418;422;443;458;483;490;500;518,375;405;501,368;369;377;503;506,493,391;430;442;445;446;448;449;451;453;454;456;488;491;492;495;497;519,408,369;370;502;503,371;373;375,383;385
