pdb,antibody,method,constrained,wt_total,om_total,d_total,wt_interface,om_interface,d_interface,tot_stab_mut_close,tot_stab_mut_distal,tot_stab_other_close,tot_stab_other_distal,tot_destab_mut_close,tot_destab_other_close,tot_destab_mut_distal,tot_destab_other_distal,int_destab_mut,int_destab_other,int_stab_mut,int_stab_other
7NP1,3,rpk,cons,-493.0421188860786,-465.30119445720936,27.74092442886922,-40.53300524500757,-30.42174755890677,10.111257686100803,,339,,,501,,371;373;375;446,372;447,417;505,,,
7NP1,3,rpk,free,-527.6079484637822,-516.0082683945545,11.599680069227702,-55.07186593925039,-46.34636767639356,8.725498262856824,,339,405,369;406,417;446;493,421;449,371;375,365;368;384;452,417;493;505,420;449;455;500,498;501,405;502
7NP1,3,af2,cons,-610.4557209083739,-610.8942630279571,-0.43854211958318956,-34.253989105629856,-27.847282236291846,6.406706869338009,,339;371,,367;369;372;483;485;518,501;505,,375,365;368;374;434;435;452;528,417;493;505,,,
7NP1,3,af2,free,-661.9843106906665,-667.8866380670836,-5.902327376417134,-48.134705795187045,-45.32182498807183,2.8128808071152136,,339;371,483,369;372;393;406;451;480;518,417;446;496;501,449,,374;430;435;444;448;452;526,417;493,415;449;500,498,405;486;502
