pdb,antibody,method,constrained,wt_total,om_total,d_total,wt_interface,om_interface,d_interface,tot_stab_mut_close,tot_stab_mut_distal,tot_stab_other_close,tot_stab_other_distal,tot_destab_mut_close,tot_destab_other_close,tot_destab_mut_distal,tot_destab_other_distal,int_destab_mut,int_destab_other,int_stab_mut,int_stab_other
7CHE,2,rpk,cons,-440.78907770349485,-412.29502722126057,28.494050482234286,-36.07869404315025,-30.535915143578464,5.542778899571786,,339,,,446;484,445,371;373;375,369,484,,,
7CHE,2,rpk,free,-479.96570519618814,-465.49960270760965,14.466102488578485,-40.406099826776035,-33.664459471374734,6.741640355401302,,339;496,,,446;484,445,371,489;502,484,481,,
7CHE,2,af2,cons,-618.3026022487238,-614.2853682260236,4.017234022700222,-31.13026481974642,-18.23574347661774,12.89452134312868,,339;371,483;485,367;372;406;518,,482,375;501,365;368;374;420;434;435;455;499,484,482;483,,
7CHE,2,af2,free,-657.232020573862,-660.8080275766298,-3.576007002767824,-36.4859784934209,-39.574618184183585,-3.088639690762683,,339;371,451;470;483;485,356;369;390;393;406;418;518;527,,,,365;374;391;392;489;528,484,481,,470;471;483
