pdb,antibody,method,constrained,wt_total,om_total,d_total,wt_interface,om_interface,d_interface,tot_stab_mut_close,tot_stab_mut_distal,tot_stab_other_close,tot_stab_other_distal,tot_destab_mut_close,tot_destab_other_close,tot_destab_mut_distal,tot_destab_other_distal,int_destab_mut,int_destab_other,int_stab_mut,int_stab_other
7KFV,2,rpk,cons,-591.8862930564702,-566.1594086525417,25.726884403928466,-63.62619818354432,-47.595356430743934,16.030841752800384,,339,,,405;417;484;498;501;505,,371;373;375,372,417;486;505,496,,
7KFV,2,rpk,free,-614.1983594213755,-590.4124714611851,23.785887960190394,-65.78695620703392,-53.84998730737474,11.936968899659185,,339,421,356;364;392,405;417;498,446;460;490;493,371;373;376,363;372;390;434,417;498;505,460;496,501,415;421;457
7KFV,2,af2,cons,-609.8196589932801,-499.0321223816345,110.78753661164558,-53.78881941386845,-16.738041349005982,37.05077806486247,,339,499;500;502,483;485,405;477;478;498;501;505,446;448;453;455;456;473;474;475;476;479;480;488;493;494;495;497;503;504;506,452,351;365;387;389;442;451;467;469;491;492,417;478;498;501;505,453;455;456;473;475;476;493;495;496;502,477,421;457;499;503
7KFV,2,af2,free,-658.6296124235553,-615.7713762515136,42.85823617204164,-66.54009986507484,-24.721256284099216,41.818843580975624,,339,489;499;500;502,320;367;369;372;389;390;407;436;443;466;481;483;485;490,405;501,445;446;447;448;449;455;456;457;473;474;487;495;496;497,,326;365;386;391;392;442;451;465;469;491;492;506,417;505,416;421;449;453;455;456;460;473;487;493;496;502,478;498,503
