pdb,antibody,method,constrained,wt_total,om_total,d_total,wt_interface,om_interface,d_interface,tot_stab_mut_close,tot_stab_mut_distal,tot_stab_other_close,tot_stab_other_distal,tot_destab_mut_close,tot_destab_other_close,tot_destab_mut_distal,tot_destab_other_distal,int_destab_mut,int_destab_other,int_stab_mut,int_stab_other
7KMH,1,rpk,cons,-568.4501848777326,-538.6949994676861,29.755185410046465,-52.35325647726325,-42.809730664989466,9.543525812273785,,339,,,405;501;505,,371;373;375,372;446,417;505,,,
7KMH,1,rpk,free,-591.0765922874625,-572.3516129085897,18.72497937887283,-57.16079290943187,-49.348791237645216,7.812001671786653,,339,403,,498;501,,371;373,372;434;499,417;505,,,
7KMH,1,af2,cons,-617.9087623351296,-494.0840607977012,123.82470153742838,-43.80220126133096,-30.430833618017488,13.37136764331347,,339,500;502,483;490;518,405;501,453;454;456;457;473;474;475;476;479;487;488;489;494;495;506,371;373,346;351;365;372;389;446;449;451;469;480;491;492;497;520;522;538;541,501;505,473;476;489;502,477;498,457;503
7KMH,1,af2,free,-665.1922107690536,-609.5111677608883,55.681043008165375,-56.367447549909286,-28.99151002214609,27.375937527763195,,339,458;500;502,320;338;354;367;380;390;443;471;483;490;508;518;527,405;493;501,449;453;454;456;457;475;487;495;506,371;452,365;374;377;391;436;442;445;446;448;451;465;491;492;497;517;519;520;528,417;501;505,415;420;421;455;456;473;475;487;502,,453;495;503
