pdb,antibody,method,constrained,wt_total,om_total,d_total,wt_interface,om_interface,d_interface,tot_stab_mut_close,tot_stab_mut_distal,tot_stab_other_close,tot_stab_other_distal,tot_destab_mut_close,tot_destab_other_close,tot_destab_mut_distal,tot_destab_other_distal,int_destab_mut,int_destab_other,int_stab_mut,int_stab_other
7DK6,2,rpk,cons,-472.82722160310095,-435.80744614453783,37.01977545856312,-71.61311877112543,-60.38782912953539,11.225289641590038,,339,,508,405;493;498;501,,371;373,368;372,493;501;505,,,
7DK6,2,rpk,free,-526.8338720133764,-519.0541863810312,7.779685632345263,-89.41124206678548,-71.91177263602395,17.499469430761522,,339,453,434,405;493,483;502,371,,484;493;505,449;494,452,446;490
7DK6,2,af2,cons,-562.5814861076935,-498.62117245751324,63.9603136501803,-42.27891405046388,-35.7582934380425,6.520620612421382,,339,458;472;473;481;482;483;486;489;490;502,443;518,405;477;493;505,421;445;446;449;455;456;457;459;474;475;476;491;492;494;495;497;503;504;506,371;373,346;351;365;372;442;451;454;467;469;471;479;520;522;541,493;505,445;475;476;483;489,478;498;501,457;486;487;502
7DK6,2,af2,free,-656.7702330821207,-618.6360732735438,38.1341598085769,-85.05910179022665,-72.40709490724896,12.652006882977687,,376,476;482;483;485;490;499;500;502;503,338;354;367;380;390;508;518;528,405;452;493;505,445;446;447;449;453;456;481;489;492;495;497;506,371,365;374;377;391;420;424;425;433;436;448;451;465;509;517;519;520,484;493;505,444;449;455;456;473;481;489;490,498;501,476;487;494;495;503
