pdb,antibody,method,constrained,wt_total,om_total,d_total,wt_interface,om_interface,d_interface,tot_stab_mut_close,tot_stab_mut_distal,tot_stab_other_close,tot_stab_other_distal,tot_destab_mut_close,tot_destab_other_close,tot_destab_mut_distal,tot_destab_other_distal,int_destab_mut,int_destab_other,int_stab_mut,int_stab_other
7VND,1,rpk,cons,-184.2824678513973,-180.85601617885567,3.4264516725416456,-39.86549875776085,-36.906003444907434,2.959495312853413,,339;373;408,,497,452,446,405,,452,,,
7VND,1,rpk,free,-434.5249307825178,-401.1464150568497,33.37851572566808,-45.598292743027415,-48.748193262421026,-3.1499005193936114,,339;373,442;453;454;473;490,353;401;436;457;506,452,446;451;455;470;488;491,375;405,333;342;355;369;402;421;429;465;495;507,452,449,,469;490
7VND,1,af2,cons,-606.4626629139569,-506.21394837243366,100.24871454152327,-24.04496276291931,-18.151929810516044,5.893032952403267,,339,470;483;490;496;499,502;508;518,493;501,346;446;448;449;451;469;471;491;492;494;495;497,371;373;405,365;372;453;454;455;456;457;461;473;475;479;487;506;520;522;541,,346;354;444;449;450;490;494,,351;445;470;492;495;497
7VND,1,af2,free,-662.6119458041562,-612.9072226557914,49.70472314836479,-49.4128766588271,-47.258947234877354,2.153929423949748,,339;478,340;483;490;500;502,338;367;390;418;458;518;528,452;493,446;451;468;491;494;495;497,371;405;498,365;374;377;391;453;465;486;488;503;506;519;520;526,452,346;444;449;490;494,493;501,352;354;445;492
