pdb,antibody,method,constrained,wt_total,om_total,d_total,wt_interface,om_interface,d_interface,tot_stab_mut_close,tot_stab_mut_distal,tot_stab_other_close,tot_stab_other_distal,tot_destab_mut_close,tot_destab_other_close,tot_destab_mut_distal,tot_destab_other_distal,int_destab_mut,int_destab_other,int_stab_mut,int_stab_other
7ORA,3,rpk,cons,-540.1217041523507,-526.2619110454702,13.859793106880488,-54.357640433519215,-54.308969114973664,0.0486713185455514,,339;408,,,,,371;373;375;405;484,372;455,,,,
7ORA,3,rpk,free,-560.7050822857627,-549.4261730454575,11.278909240305211,-54.14988655112691,-53.33662512256693,0.8132614285599828,,339;408,,508,,,371;373;405;484,365;372;374,,,,
7ORA,3,af2,cons,-611.5087413535432,-542.3906946268611,69.11804672668211,-37.21533776748854,-40.02531860168594,-2.809980834197397,,339,519,481;483;485;490;500;502,,394;457;467;469;492,405;452;477;501,365;442;446;448;449;451;453;454;455;456;474;475;479;480;487;489;491;494;495;497;506,,354;360;462,,357;468
7ORA,3,af2,free,-663.6672115349961,-633.3234436641405,30.343767870855572,-48.85148661847388,-46.727939166390925,2.1235474520829527,,478,468,320;363;369;372;390;407;421;443;472;483;485;489;490;500;502;508;518,,457;466;467;469;492,405;486;501,326;342;391;403;420;445;446;447;448;451;453;456;480;487;488;491;495;497;503;506,,354;466;519,,468;516
