pdb,antibody,method,constrained,wt_total,om_total,d_total,wt_interface,om_interface,d_interface,tot_stab_mut_close,tot_stab_mut_distal,tot_stab_other_close,tot_stab_other_distal,tot_destab_mut_close,tot_destab_other_close,tot_destab_mut_distal,tot_destab_other_distal,int_destab_mut,int_destab_other,int_stab_mut,int_stab_other
6YZ7,2,rpk,cons,-509.6305072514897,-499.7771320404688,9.853375211020875,-60.13473083169603,-59.725499064052194,0.4092317676438384,,339;446,,,375,372,373;484;501,,,,,
6YZ7,2,rpk,free,-547.8304597787542,-544.7355812746134,3.094878504140752,-67.9051411291583,-68.0264848210031,-0.12134369184479965,,339;446,,508,,372,484,,,,,428
6YZ7,2,af2,cons,-596.1367885021044,-599.2256794454547,-3.088890943350293,-53.319782700808936,-55.09927666717155,-1.7794939663626153,,339,372;517;518,367;387;406;483;485,375,369;374;384;519,496;501,365;420;435;455;528,,321;519,373,322;372;408
6YZ7,2,af2,free,-656.6360683817819,-659.8230465135489,-3.1869781317669776,-76.71457881716292,-67.02723716590691,9.687341651256006,,339;484,369;372;377;383;518,360;393;406;451;483;527,,374;386;434;519,446;501,358;366;424;435;448;497;528,375,369;374;377;378;386;408;517;519,373,372;376;383;390
