pdb,antibody,method,constrained,wt_total,om_total,d_total,wt_interface,om_interface,d_interface,tot_stab_mut_close,tot_stab_mut_distal,tot_stab_other_close,tot_stab_other_distal,tot_destab_mut_close,tot_destab_other_close,tot_destab_mut_distal,tot_destab_other_distal,int_destab_mut,int_destab_other,int_stab_mut,int_stab_other
7DEO,2,rpk,cons,-565.1177406900703,-553.6897392063422,11.428001483728053,-43.03365156349208,-35.67927371268621,7.354377850805868,,339;408,403,406,493;501,446;455,371,,493;501;505,,,
7DEO,2,rpk,free,-585.0625532655408,-583.873685685842,1.1888675796988082,-46.802439384217415,-45.57853712837831,1.223902255839107,,339;373,403;486,406,484;493,446;455;489;491,371;375,,484,487,,486;489;494
7DEO,2,af2,cons,-618.9337221249098,-525.3278909662318,93.60583115867792,-36.31329159141661,-31.698080204416335,4.615211387000272,,339,483;490;500;502,518,405;493;501,446;449;455;456;473;475;487;489;491;492;494;495;497;506,371;373;375,346;351;365;372;442;451;454;457;469;471;479;520;522;541,493;505,449;483;489;490,498;501,486;487;495
7DEO,2,af2,free,-661.8383580399175,-623.069020290972,38.76933774894542,-51.282368677494766,-56.60909131483506,-5.326722637340296,,,473;475;483;486;490;500;502,320;358;367;369;390;407;436;466;518,405;493,446;449;455;489;491;492;495;497;506,,374;391;430;451;454;469;480;519;520;526,493;505,449;483;489;490,417;498;501,455;486;494;495;500;503
