pdb,antibody,method,constrained,wt_total,om_total,d_total,wt_interface,om_interface,d_interface,tot_stab_mut_close,tot_stab_mut_distal,tot_stab_other_close,tot_stab_other_distal,tot_destab_mut_close,tot_destab_other_close,tot_destab_mut_distal,tot_destab_other_distal,int_destab_mut,int_destab_other,int_stab_mut,int_stab_other
6ZER,3,rpk,cons,-521.5256458323818,-515.7861687669837,5.739477065398091,-56.831292863294124,-57.1636300036405,-0.3323371403463753,,339;446;496,,340,375,372;374,371;373;484;501,,,,,
6ZER,3,rpk,free,-556.748223749008,-567.8444920112169,-11.09626826220881,-66.07796102808265,-66.52184869737135,-0.44388766928869927,,339;446;496;505,,340;508,373,372,371,,,,,427
6ZER,3,af2,cons,-612.1888086934016,-622.69651850684,-10.507709813438396,-49.120396277503616,-55.014259865957264,-5.893863588453648,,339;371,372;377;387;518,367;406;483;485,375,369;374;528,501,420;434;435;455;489,,,,372;377
6ZER,3,af2,free,-659.3161717165128,-666.7869037323044,-7.470732015791555,-65.04316531497399,-65.1953675180245,-0.15220220305050702,,339;484,372;377;384;518,393;406;483;485;527,,374,446,332;448;519,,385;427,,372;377
