pdb,antibody,method,constrained,wt_total,om_total,d_total,wt_interface,om_interface,d_interface,tot_stab_mut_close,tot_stab_mut_distal,tot_stab_other_close,tot_stab_other_distal,tot_destab_mut_close,tot_destab_other_close,tot_destab_mut_distal,tot_destab_other_distal,int_destab_mut,int_destab_other,int_stab_mut,int_stab_other
7N9B,2,rpk,cons,-466.5090882818496,-460.4355642701502,6.073524011699362,-34.933531590684645,-29.117295634607434,5.816235956077211,,339;505,,,452;498,,371;373,,484,,,490
7N9B,2,rpk,free,-568.7682922441396,-562.218890719889,6.549401524250584,-49.43268892074211,-42.600852096231755,6.831836824510354,,339;505,449;496,372;418;434;474;479;508;517,478,455,371;405,338;342;436;437,484;486,494,,
7N9B,2,af2,cons,-607.2252878433003,-527.167282873429,80.05800496987126,-22.337765901505673,-16.715353599221654,5.622412302284019,,339,450;485;500;502,,452;501;505,446;448;449;455;456;487;488;489;491;492;493;495;497,405;477,365;403;442;451;454;457;465;467;469;474;479;506,484;486,483;490;492,498;501,450;494;495
7N9B,2,af2,free,-656.6040711154988,-623.6265286304745,32.97754248502429,-41.15772245436595,-46.55402386785894,-5.396301413492985,,339;478,485;488;499;502,320;338;347;358;367;369;374;390;418;422;434;436;443;473;500;508,,351;446;447;448;449;456;470;489;491;492;493;495;497,375;405,326;353;368;442;451;457;465;466;467;479;503;506,,351;449;470;483;489;490,452;498;501,455;487;493;494;495
