pdb,antibody,method,constrained,wt_total,om_total,d_total,wt_interface,om_interface,d_interface,tot_stab_mut_close,tot_stab_mut_distal,tot_stab_other_close,tot_stab_other_distal,tot_destab_mut_close,tot_destab_other_close,tot_destab_mut_distal,tot_destab_other_distal,int_destab_mut,int_destab_other,int_stab_mut,int_stab_other
7E5R,9,af2,cons,-822.5898345174317,-778.1822906945586,44.407543822873095,-8.242555594113371,-18.923293414103203,-10.680737819989831,,,144;248,20;21;22;41;75;76;78;79;111;138;153;228;229;272,,140;141;145;147;149;242;244;245;249;250;251;252;256,19;24;25,160;197;253;254;255;257;258;259,,148;252;253,,248;250;251;254;256
7E5R,9,af2,free,-893.5199327745597,-876.8767171375165,16.643215637043227,-11.340565303993777,-23.778319473617746,-12.437754169623968,,,151;154;248;251,18;20;41;44;84;95;97;139;153;180;186;212;222;228;237;242;272,,144;149;249;258,19;24;25;69;70,22;68;98;183;214;221;253;257;259;261;262;271,,148;246,,250;251;255
