pdb,antibody,method,constrained,wt_total,om_total,d_total,wt_interface,om_interface,d_interface,tot_stab_mut_close,tot_stab_mut_distal,tot_stab_other_close,tot_stab_other_distal,tot_destab_mut_close,tot_destab_other_close,tot_destab_mut_distal,tot_destab_other_distal,int_destab_mut,int_destab_other,int_stab_mut,int_stab_other
7N62,1,af2,cons,-825.5230479983015,-800.1018175739831,25.421230424318424,-7.769810274455576,-4.850694340425543,2.9191159340300334,,,150;153,41;79;97;111;228;229;237;248,,245;251,19;24;25;26,17;18;23;29;80;140;147;244;249;250;256;257;258;259;270,,144;158,,248
7N62,1,af2,free,-879.6465381645571,-867.6319485584663,12.014589606090794,-16.451430658443037,-28.896158978819876,-12.44472832037684,,,16;139;144;151;154;246;248,38;41;68;84;108;180;222;237;252;256,,158;244;245;249;250,19;25;26,29;55;64;77;98;140;147;183;191;200;221;226;233;259,,153;155;158;161,,15;248;251;252
