pdb,antibody,method,constrained,wt_total,om_total,d_total,wt_interface,om_interface,d_interface,tot_stab_mut_close,tot_stab_mut_distal,tot_stab_other_close,tot_stab_other_distal,tot_destab_mut_close,tot_destab_other_close,tot_destab_mut_distal,tot_destab_other_distal,int_destab_mut,int_destab_other,int_stab_mut,int_stab_other
7LXX,1,af2,cons,-823.8674537929608,-783.9163999124427,39.95105388051809,-12.882465304590141,3.0650930995744488,15.94755840416459,,,144;246,20;21;22;41;75;76;78;79;97;111;153;228;229;272,19,17;244;245;247;249;250;251;252;253;254;255;256;257;258,24;25,141;160;259;271,,17;144;250;253;255;256,,249;252
7LXX,1,af2,free,-898.5961947191953,-866.1881121378925,32.40808258130278,-20.053888398196857,-43.6416577575525,-23.587769359355644,,,138;242;248;254,81;110;123;141;184;222;228;291;298,19,17;140;152;155;156;245;249;250;253;255,25;70,55;68;146;148;181;183;221;226;259,19,17;256,,249;250;251;252;253;254;255
