pdb,antibody,method,constrained,wt_total,om_total,d_total,wt_interface,om_interface,d_interface,tot_stab_mut_close,tot_stab_mut_distal,tot_stab_other_close,tot_stab_other_distal,tot_destab_mut_close,tot_destab_other_close,tot_destab_mut_distal,tot_destab_other_distal,int_destab_mut,int_destab_other,int_stab_mut,int_stab_other
7SOB,5,af2,cons,-838.8715388413293,-822.4559711665006,16.415567674828708,-31.05761376547196,-30.41774923638072,0.6398645290912413,,,21;22;79;272,20;75;76;97;153;228;253,19;24;25;26,23;80,,29;66;140;141;146;160;183;197;244;245;248;249;257;258;259,25,,,
7SOB,5,af2,free,-904.5402939197957,-892.2266844925746,12.313609427221081,-39.71371041586201,-38.465637646044755,1.2480727698172558,,142,80;272,20;41;71;75;96;97;144;145;146;147;150;153;162;180;212;222;246;248;253;256,24;25;26,23;54;88;263,19,57;73;77;140;179;221;244;245;249;254;257;258;259,,63;88,,23;113
