pdb,antibody,method,constrained,wt_total,om_total,d_total,wt_interface,om_interface,d_interface,tot_stab_mut_close,tot_stab_mut_distal,tot_stab_other_close,tot_stab_other_distal,tot_destab_mut_close,tot_destab_other_close,tot_destab_mut_distal,tot_destab_other_distal,int_destab_mut,int_destab_other,int_stab_mut,int_stab_other
7LOP,2,rpk,cons,-555.0314068267712,-541.0368237366927,13.99458309007855,-53.92368187846974,-51.15510292876761,2.768578949702132,,339,,340,446;493;501,447;455,371;373;375,370;372,484,,498,
7LOP,2,rpk,free,-574.4039074042939,-567.7957263563328,6.608181047961125,-58.33766595648942,-54.65107390963246,3.6865920468569584,,339,,390;502;508,446;501,445;455,371;373,372;506,484,,496,
7LOP,2,af2,cons,-611.9739302881082,-619.0023541584612,-7.028423870352981,-39.615689569518686,-36.25599054161173,3.359699027906956,,339;371,481;483;485,367;369;372;406;518,496;501,452,375,365;368;374;420;434;435;528,493,,,
7LOP,2,af2,free,-661.5909519112784,-667.2282773169325,-5.63732540565411,-60.97470752984611,-53.44537882145565,7.529328708390459,,339;371,481;485,369;372;393;406;451;480;518,501,448;452,,332;374;435;519;526;528,484,447;483,496,
