pdb,antibody,method,constrained,wt_total,om_total,d_total,wt_interface,om_interface,d_interface,tot_stab_mut_close,tot_stab_mut_distal,tot_stab_other_close,tot_stab_other_distal,tot_destab_mut_close,tot_destab_other_close,tot_destab_mut_distal,tot_destab_other_distal,int_destab_mut,int_destab_other,int_stab_mut,int_stab_other
7CYP,3,rpk,cons,-106.91928878209399,-98.64253223148093,8.276756550613058,-11.917218858233479,-10.03945096340301,1.8777678948304697,,339;408,,,375;405;440,,371;373,,440,,,
7CYP,3,rpk,free,-228.40457658101926,-236.8769182112846,-8.472341630265333,-25.868235395888114,-30.444745268790204,-4.57650987290209,,339,441,361;396;410;420,405,,371,336;409;423;427,440,,,439;446
7CYP,3,af2,cons,-607.2710149383531,-516.4378257860616,90.83318915229154,-21.813943371936073,-4.439160694574487,17.374782677361587,,339,437;443;502,483;490;518,375;405;501;505,445;449;494;503;506,371;373;493,346;351;365;372;442;448;451;453;454;455;456;457;461;471;473;475;479;487;491;492;495;497;520;522;541,498;501;505,445;449;499;500;503,,446;506
7CYP,3,af2,free,-655.4708781393542,-609.3674006625336,46.10347747682067,-28.332970163320667,-24.8883706420164,3.4445995213042657,,339;478,502,320;338;367;390;401;421;473;474;483;490;518;527,375;405,445;446;449;453;455;494;495;506,371,356;365;391;448;451;454;457;459;471;479;480;491;492;497;519;520;525;528,505,445;446;449;499;500,405;498;501,503;506
