pdb,antibody,method,constrained,wt_total,om_total,d_total,wt_interface,om_interface,d_interface,tot_stab_mut_close,tot_stab_mut_distal,tot_stab_other_close,tot_stab_other_distal,tot_destab_mut_close,tot_destab_other_close,tot_destab_mut_distal,tot_destab_other_distal,int_destab_mut,int_destab_other,int_stab_mut,int_stab_other
7NXB,1,rpk,cons,-541.6180827036981,-535.3596167115115,6.2584659921865295,-47.02988109786128,-43.4547854246466,3.575095673214676,,339,,,,500,371,,408;505,,501,
7NXB,1,rpk,free,-562.0752199043623,-562.758227940019,-0.6830080356567123,-57.321638160621276,-55.96707466907814,1.3545634915431393,,339;373,,508,405;505,,,370,417;505,,493,489;500
7NXB,1,af2,cons,-612.6344509954686,-465.19331885520137,147.4411321402672,-43.16780309419501,-11.73334453515753,31.43445855903748,,339,489;496;500;502,481;483;490;518,405;477;478;498;501;505,449;454;455;456;457;459;472;473;474;475;476;479;487;488;494;495;497;503,371;373;452,351;365;372;446;451;465;467;469;491;492;506;520;541,477;478;505,455;460;473;475;476,498,457;486;487;489;504
7NXB,1,af2,free,-658.7503641701346,-617.6935734331944,41.05679073694023,-57.43499716797069,-6.547119981885253,50.88787718608544,,339,474;485;489;500;502,320;328;358;367;369;390;407;418;424;436;437;443;472;483;490;499;518;527;541,405;493;501;505,420;447;449;455;456;460;475;486;487;495;497;503,452,368;374;377;391;430;435;442;445;446;448;451;467;479;480;491;492;506;519;520;528,417;501;505,420;455;456;460;473;475;486;495;502,478,
