pdb,antibody,method,constrained,wt_total,om_total,d_total,wt_interface,om_interface,d_interface,tot_stab_mut_close,tot_stab_mut_distal,tot_stab_other_close,tot_stab_other_distal,tot_destab_mut_close,tot_destab_other_close,tot_destab_mut_distal,tot_destab_other_distal,int_destab_mut,int_destab_other,int_stab_mut,int_stab_other
7CWU,2,rpk,cons,-415.6427945512236,-397.9959162403378,17.646878310885768,-42.4191352065579,-41.751732317991696,0.6674028885662011,,,,506;508,,,371;373;501,377,484;493,,478,
7CWU,2,rpk,free,-537.7211638977917,-541.140349138102,-3.4191852403102985,-51.890051313577004,-57.40547001038362,-5.515418696806613,,373;505,445,326;340;342;365;377;379;382;387;388;467;515;526,493,455,371;405;501,380;474;502,484,446;486,478,445;447;449;483
7CWU,2,af2,cons,-611.2517064631296,-511.06211242458596,100.18959403854365,-32.100502364828245,-17.45171628784754,14.648786076980706,,339,483;485;490,434;500;502;518,501,351;446;449;455;456;469;471;473;479;480;487;488;489;491;492;494;495;497,371;373;375;405,346;365;372;442;451;453;454;457;467;474;475;506;520;522;538;541,484,481;483;487;489;490;492,493;498,495
7CWU,2,af2,free,-653.892019055294,-614.5257588144407,39.36626024085331,-51.908258282607086,-42.22579065284751,9.682467629759579,,,450;474;483;485;486;490;499,320;322;326;367;369;390;407;418;436;443;500;502;518,501,445;446;447;448;449;455;456;475;491;492;495;497,405,374;391;442;451;467;479;506;519;520,,447;449;472;481;483;489;490,493,486;494;495
