pdb,antibody,method,constrained,wt_total,om_total,d_total,wt_interface,om_interface,d_interface,tot_stab_mut_close,tot_stab_mut_distal,tot_stab_other_close,tot_stab_other_distal,tot_destab_mut_close,tot_destab_other_close,tot_destab_mut_distal,tot_destab_other_distal,int_destab_mut,int_destab_other,int_stab_mut,int_stab_other
7KS9,1,rpk,cons,-561.0151999523302,-526.8473270535582,34.16787289877209,-52.56029216952146,-50.95141845077231,1.6088737187491517,,339,,,446;498;501,,371;373;375,370;372,417;496;501,,478;493,500
7KS9,1,rpk,free,-610.9328339031988,-606.0489472819409,4.883886621257943,-65.05989918032284,-65.42593301215352,-0.36603383183067706,,339,,508,446;498,449,371;375,,417;496;498;505,,478;493,405
7KS9,1,af2,cons,-611.7015283221945,-612.865349425068,-1.1638211028734986,-42.79704107387238,-39.123477702856135,3.673563371016243,,339;371;484,406,367;369;372;472;481;483;485;518,417;498,494,375,365;368;374;434;435,417;493;496;498;501;505,,478,421;453;489
7KS9,1,af2,free,-659.93840834904,-666.0901019724176,-6.151693623377696,-63.30795270762299,-61.998005211938846,1.309947495684142,,339,406;485;488,369;372;380;390;451;472;483;516;518;527,417;446;498,486,,332;365;368;374;381;384;528,417;493;496;505,486;487,477;478;501,421;453
