pdb,antibody,method,constrained,wt_total,om_total,d_total,wt_interface,om_interface,d_interface,tot_stab_mut_close,tot_stab_mut_distal,tot_stab_other_close,tot_stab_other_distal,tot_destab_mut_close,tot_destab_other_close,tot_destab_mut_distal,tot_destab_other_distal,int_destab_mut,int_destab_other,int_stab_mut,int_stab_other
7KFV,3,rpk,cons,-579.4487962886421,-560.1926226914535,19.25617359718865,-64.24983669402285,-45.809014720991605,18.44082197303124,,339;408,,,405;417;484;498;501,406,371;375,372,417;486;498;505,496,,
7KFV,3,rpk,free,-603.4092043873577,-591.2219405478207,12.187263839536968,-66.98100213827645,-60.25134684879148,6.729655289484974,,339;408,,,405;417;484,,371;373;375,372,417;484;486;505,496,,421;490
7KFV,3,af2,cons,-611.829722728675,-499.5393496601145,112.29037306856054,-56.2742344448668,-8.67613315290726,47.59810129195954,,339,421;499;500;502,383;483;490,405;477;478;498;501;505,420;448;449;454;455;456;457;460;473;474;475;476;479;480;487;489;493;494;495;497;504,,365;442;451;465;467;469;491;492;506,417;498;501;505,453;455;456;460;474;475;476;489;493;495;496,,421;457;499;503
7KFV,3,af2,free,-659.2703033321086,-597.4985920726594,61.77171125944915,-63.9463561112247,-16.23174924829868,47.71460686292602,,339,489;500;502,320;338;347;367;369;372;389;390;436;483;490;527;541,405;501,446;447;448;449;455;456;460;474;475;487;493;495;497,375,322;325;326;391;392;424;425;442;445;451;465;469;491;492;506;528;538;540,417;501;505,416;421;449;453;455;456;460;473;475;487;489;493;495;496;502,478;498,503
