pdb,antibody,method,constrained,wt_total,om_total,d_total,wt_interface,om_interface,d_interface,tot_stab_mut_close,tot_stab_mut_distal,tot_stab_other_close,tot_stab_other_distal,tot_destab_mut_close,tot_destab_other_close,tot_destab_mut_distal,tot_destab_other_distal,int_destab_mut,int_destab_other,int_stab_mut,int_stab_other
7MZL,1,rpk,cons,-497.0187872483169,-474.20892968517717,22.809857563139758,-65.72968113825611,-57.74987649978431,7.979804638471805,,339;408,,368,484;498;501,455,371;373;375;405,365;372,417;484;493;498;505,,452;501,
7MZL,1,rpk,free,-544.3614969453233,-524.5119359688215,19.849560976501834,-70.91296850282903,-74.34686855083898,-3.4339000480099457,,339;408,,368;369;436,484;498,449;494;496,371;373;405,372;499,417;484,449,452;477;501,489;490;492
7MZL,1,af2,cons,-619.2468358925537,-497.53105532184577,121.71578057070792,-52.132692842652965,-54.35128307289423,-2.2185902302412686,,339,483;490;500;502;503,383;518,452;478;498;501,403;446;449;453;455;456;457;473;474;475;479;487;489;491;492;494;495;497;506,371;373;405,346;351;365;372;420;448;451;454;467;469;471;520;522;541,417;477;505,449;455;456;457;475;489;494,478;501,474;487;495;497;499;502;503
7MZL,1,af2,free,-661.7940161978364,-597.2876420948892,64.50637410294723,-68.24957587879122,-64.47178058257202,3.777795296219196,,339,421;450;476;483;485;490;500;502,320;338;354;356;367;380;390;401;419;466;482;518;527,452;493;505,445;446;451;453;456;457;487;489;491;492;494;495;497,371;375;405,365;374;377;381;391;418;420;436;442;448;461;469;480;506;511;517;519;520;528,417;493;505,446;449;456;486;489;490;494,498;501,475;495;499;500;502;503
