pdb,antibody,method,constrained,wt_total,om_total,d_total,wt_interface,om_interface,d_interface,tot_stab_mut_close,tot_stab_mut_distal,tot_stab_other_close,tot_stab_other_distal,tot_destab_mut_close,tot_destab_other_close,tot_destab_mut_distal,tot_destab_other_distal,int_destab_mut,int_destab_other,int_stab_mut,int_stab_other
7F63,1,rpk,cons,-315.27282616398134,-303.24622882572237,12.026597338258966,-28.349869714666042,-26.934835766339248,1.4150339483267942,,339;408,479,490,477,,371;373;375,372,477,,,
7F63,1,rpk,free,-429.57568482117154,-423.41713431364326,6.158550507528275,-33.798606900815706,-29.70918592570817,4.0894209751075365,,339,456;479,334;336;364;366;369;437;453;529,477;478,455,371;375;405;501,370;372;435;444;447,477;478,,493,473
7F63,1,af2,cons,-610.31614830371,-515.6455722130356,94.67057609067433,-17.348812051330643,-11.20367007765975,6.145141973670894,,339,483;485,443;490;502;518,,455;456;473;475;479;480;486;487;495,371;373;405;493;501,346;351;365;372;442;446;449;451;453;454;457;461;471;491;492;494;497;506;520;522;541,,486;489,484,
7F63,1,af2,free,-658.625853999539,-611.095871000565,47.52998299897399,-35.9187508547429,-12.827213529988997,23.091537324753908,,339,473;479;481;483;485;489,338;354;366;367;380;390;421;443;490;499;500;502;518,,480;486;487,371;405;493;501,365;381;391;433;442;445;446;447;448;449;451;457;468;491;492;495;497;506;517;519;520,477,474;475;476;486;487,,481
