pdb,antibody,method,constrained,wt_total,om_total,d_total,wt_interface,om_interface,d_interface,tot_stab_mut_close,tot_stab_mut_distal,tot_stab_other_close,tot_stab_other_distal,tot_destab_mut_close,tot_destab_other_close,tot_destab_mut_distal,tot_destab_other_distal,int_destab_mut,int_destab_other,int_stab_mut,int_stab_other
7CAH,1,rpk,cons,-206.6749600656226,-189.0756285091532,17.599331556469394,-32.539865470040006,-33.86722197978768,-1.3273565097476734,,339,,,371;373;375,379,501,,408,,,377
7CAH,1,rpk,free,-336.7012870649879,-332.6762386156531,4.025048449334804,-56.43663690992591,-58.32892155768631,-1.8922846477603983,,417,370;374;410;413,334;341;361;367;416;424;523,371;405,368;372;436;502,,337;388;392;420;421;446;524,405;408,368;434,375,370;412;414;504
7CAH,1,af2,cons,-601.2961242711593,-520.138049736557,81.15807453460229,-24.896294179316538,-28.617449852217604,-3.721155672901066,,339,366;369,367;443;483;490;496;500;502;518,371;373;375;405,374;503;506,501,346;351;365;391;446;449;451;453;454;455;456;457;467;469;471;473;474;475;479;487;491;492;494;495;497;520;522;541,,385,,369;378
7CAH,1,af2,free,-667.1880246957812,-611.8586359047579,55.32938879102335,-55.66763804063199,-55.36251149872122,0.3051265419107736,,339;478,412,354;390;421;423;434;436;443;474;483;490;499;500;502;518,371;375;405,369;374;379;383;384;385;503;506,493;501,391;420;442;445;446;448;449;451;453;461;491;492;495;497;517;519;520;525;526,405;408,370;372;374;379;389;503,373,377;412;508
