pdb,antibody,method,constrained,wt_total,om_total,d_total,wt_interface,om_interface,d_interface,tot_stab_mut_close,tot_stab_mut_distal,tot_stab_other_close,tot_stab_other_distal,tot_destab_mut_close,tot_destab_other_close,tot_destab_mut_distal,tot_destab_other_distal,int_destab_mut,int_destab_other,int_stab_mut,int_stab_other
7KMG,2,rpk,cons,-521.0072899443153,-516.417015886293,4.59027405802226,-50.101325362767085,-43.51959097638702,6.581734386380063,,339;373,,,446;493;501,455,375,,484;493,,478,
7KMG,2,rpk,free,-549.4057516208464,-542.3144247731718,7.0913268476746225,-61.129961939368734,-50.63181599546571,10.498145943903026,,339;373;505,,,446;478;493;501,447,375,,478;484;493,,,
7KMG,2,af2,cons,-614.0920412340358,-622.9902237240908,-8.898182490054978,-42.55086628633542,-47.05416684106874,-4.503300554733322,,339;371,472;483;485;486,367;369;372;518,496;501,,375,365;368;374;420;434;435;448;528,493,,,483;485;486
7KMG,2,af2,free,-667.908604583542,-671.1092245807471,-3.200619997205081,-63.50379830574618,-58.28648387457152,5.217314431174657,,339;371,451;483;485,369;406;518;527,446;478;493,444,,374;434;435;526,484;493,481;488,,483;485
