pdb,antibody,method,constrained,wt_total,om_total,d_total,wt_interface,om_interface,d_interface,tot_stab_mut_close,tot_stab_mut_distal,tot_stab_other_close,tot_stab_other_distal,tot_destab_mut_close,tot_destab_other_close,tot_destab_mut_distal,tot_destab_other_distal,int_destab_mut,int_destab_other,int_stab_mut,int_stab_other
7KFW,2,rpk,cons,-564.5627477509877,-537.5909030471023,26.97184470388538,-59.77120212655055,-45.73293911068879,14.038263015861759,,339,,,405;417;484;493;501,,371;373;375,372,417;493;505,,,494
7KFW,2,rpk,free,-594.7312840525873,-580.4581437864535,14.273140266133737,-66.78360235792567,-52.957239844301476,13.826362513624197,,339,,366,405;417;484;498,446;489,371;375,369;434;499,417;484;493,460;496;502,501,415
7KFW,2,af2,cons,-606.5152546959278,-466.12852100021723,140.38673369571052,-38.83221772249617,2.02045754668082,40.852675269176984,,339,490;500;502,437;483;518,405;417;477;478;493;498;501,454;455;456;473;474;475;476;479;480;487;488;492;494;495;497,371;373;375;452,346;351;365;372;391;442;445;446;451;465;469;491;506;520;538;541,417;477;478;493;505,455;456;474;475;476;487;489,,457;495;503
7KFW,2,af2,free,-668.2946189568406,-610.7752026263281,57.51941633051251,-66.28107127933833,-27.847726647154847,38.43334463218349,,339,474;483;490;499;500;502;503,320;338;354;367;380;390;472;518,405;417;493;501,406;446;447;448;453;455;456;457;475;487;489;492;495;497,371;452,342;365;374;377;381;391;445;451;465;479;506;517;519;520,417;493;505,403;420;453;455;456;460;473;475;487;490;496;502,477,503
