pdb,antibody,method,constrained,wt_total,om_total,d_total,wt_interface,om_interface,d_interface,tot_stab_mut_close,tot_stab_mut_distal,tot_stab_other_close,tot_stab_other_distal,tot_destab_mut_close,tot_destab_other_close,tot_destab_mut_distal,tot_destab_other_distal,int_destab_mut,int_destab_other,int_stab_mut,int_stab_other
7M3I,2,rpk,cons,-522.2018759301426,-514.7354048305594,7.466471099583146,-43.09524743817119,-43.235107994299284,-0.13986055612809167,,339;505,,,375;405,,498;501,,,,,378
7M3I,2,rpk,free,-562.7660153640982,-567.7814927345958,-5.015477370497592,-45.76994994074608,-50.282896641669545,-4.5129467009234645,,339;505,368;370;374;508,366;367,375;405,372,498,365;490,,,,437;508
7M3I,2,af2,cons,-617.5881680276989,-523.0225751926341,94.56559283506476,-37.70754770450365,-31.218164205027737,6.48938349947591,,339,502,483;485;490;496;518,371;373;405,369;370;372;374;503;506,493;501,346;351;365;389;446;449;451;453;454;455;456;457;467;468;469;473;475;479;487;491;492;494;495;497;520;541,,369;378;503;508,,377;386
7M3I,2,af2,free,-663.4686703204071,-620.8272247579716,42.64144556243548,-51.30711127304882,-46.32758609009086,4.979525182957957,,339;477;478,378;407;502,367;390;421;436;473;474;483;490;500;518,405,434;503;506,493,336;337;358;365;391;442;445;446;451;454;455;457;479;491;492;495;497;519;520,,370;372;503;508,,378
