pdb,antibody,method,constrained,wt_total,om_total,d_total,wt_interface,om_interface,d_interface,tot_stab_mut_close,tot_stab_mut_distal,tot_stab_other_close,tot_stab_other_distal,tot_destab_mut_close,tot_destab_other_close,tot_destab_mut_distal,tot_destab_other_distal,int_destab_mut,int_destab_other,int_stab_mut,int_stab_other
7CWS,2,rpk,cons,-81.51202227193129,-3.0471250318506833,78.4648972400806,-23.488321244506032,-25.902604561682004,-2.414283317175972,,339,,,371;373;375,372,,,408,,375,
7CWS,2,rpk,free,-213.14796305407629,21.941251668297767,235.08921472237404,-41.73776661716906,-39.13051560381229,2.607251013356766,,,374;380,442;443,373;375;405,365;369;370;372;407;427;437,,366;386;389;397;400;402;410;444;447,375;405;408,,371,377
7CWS,2,af2,cons,-599.7228820711207,-522.4230751645506,77.2998069065701,-19.655524923119703,-23.411212182714966,-3.7556872595952626,,339,370;502,347;443;481;483;485;490;496,371;373;375;405,503;508,477;501,351;365;442;446;448;451;453;454;456;457;465;467;469;474;475;479;480;487;491;492;493;494;495;497;506,408,370,,369;377
7CWS,2,af2,free,-652.6714675204164,-606.4094088885142,46.262058631902164,-38.1369650110779,-51.44778253202775,-13.310817520949854,,,370;374;380,320;347;390;443;472;483;490;499;500;502,375;405,377;406;413;503,501,389;391;392;442;445;446;447;448;451;453;456;457;465;467;479;480;487;491;492;495;497;506,405;408,370;503,373,369;374;378;379;380;383;385;386;427
