pdb,antibody,method,constrained,wt_total,om_total,d_total,wt_interface,om_interface,d_interface,tot_stab_mut_close,tot_stab_mut_distal,tot_stab_other_close,tot_stab_other_distal,tot_destab_mut_close,tot_destab_other_close,tot_destab_mut_distal,tot_destab_other_distal,int_destab_mut,int_destab_other,int_stab_mut,int_stab_other
7R8L,1,rpk,cons,-531.0410956044796,-511.22467313956236,19.816422464917196,-51.11308563350632,-51.12632540921339,-0.013239775707070578,,339,,406,371;373;375,372,446;501,447,,,,
7R8L,1,rpk,free,-566.7361351358884,-563.0168067631648,3.7193283727235666,-60.80550232342249,-63.032515265291075,-2.227012941868587,,339,372;374;508,450;502,371;375,,446;484;501,449;489;506,,369,371;375,372
7R8L,1,af2,cons,-606.5667536386719,-607.4440779864265,-0.877324347754552,-50.91789554773587,-53.219157918667165,-2.3012623709312976,,339,372;518,366;367;393;406;483;485,375,321;369;374,501,365;420;435;455;489;499,,321;378,373,369;372;408;517
7R8L,1,af2,free,-660.6092011985603,-668.0814317459033,-7.472230547342974,-65.39491213820317,-63.79223629354017,1.602675844662997,,339,369;372;378;383;429,326;393;406;451;483;516,,370;374;387;434;435;517;519,446,365;388;405;420;444;448;455;526;528,,321;374;377;518,373,325;372;386;428;429
