pdb,antibody,method,constrained,wt_total,om_total,d_total,wt_interface,om_interface,d_interface,tot_stab_mut_close,tot_stab_mut_distal,tot_stab_other_close,tot_stab_other_distal,tot_destab_mut_close,tot_destab_other_close,tot_destab_mut_distal,tot_destab_other_distal,int_destab_mut,int_destab_other,int_stab_mut,int_stab_other
7M6H,1,rpk,cons,-341.5811199723911,-317.6968686817378,23.88425129065331,-44.95907485149441,-43.164374082839245,1.7947007686551615,,339,,497,417;493,490,371;373;375,372,417,494,498,
7M6H,1,rpk,free,-482.83608963769365,-492.96494094110625,-10.128851303412603,-52.03291627387618,-47.96840985762919,4.064506416246992,,339,,365;374;377;379;384;438;439,,,371;375,372;376;387;402,,449;487,493,
7M6H,1,af2,cons,-587.098196172547,-593.467643570881,-6.369447398334046,-34.90315503273317,-44.94349534143092,-10.04034030869775,,339;371,451;483;485;486,367;369;372;406;518,496;501,492,375,365;368;374;420;434;435;528,,483,493;498,486;490
7M6H,1,af2,free,-674.4491029297785,-657.0978050849715,17.35129784480705,-67.60971447593083,-47.60773351179597,20.00198096413486,,339;371,,369;372;390;406;418;425;451;518;527,446;478;484,449;452;489,,374;389;391;392;430;435,478;484,449;450;483;489,496;498,486;487
