pdb,antibody,method,constrained,wt_total,om_total,d_total,wt_interface,om_interface,d_interface,tot_stab_mut_close,tot_stab_mut_distal,tot_stab_other_close,tot_stab_other_distal,tot_destab_mut_close,tot_destab_other_close,tot_destab_mut_distal,tot_destab_other_distal,int_destab_mut,int_destab_other,int_stab_mut,int_stab_other
7MJH,2,rpk,cons,-575.0293417936721,-559.5065973112817,15.522744482390408,-38.945519675586326,-24.921850903630236,14.023668771956089,,339,403,406,484;501,,371;375;376,372,484;486,,,
7MJH,2,rpk,free,-618.4978397128177,-604.3559041686394,14.141935544178295,-45.0764816259561,-30.12868619395429,14.947795432001808,,339;408,,406;508,484;501,489,371;375,372;378,484;486,403;449,,493
7MJH,2,af2,cons,-603.9321959848662,-522.101738921815,81.8304570630512,-18.628608595872198,-9.478845934204926,9.149762661667271,,339,481;483;485;500;502,347;421,501,403;449;487;488;489;492;494;495;497;503,405;477,365;442;448;451;454;455;456;457;469;474;475;479;491;506,484,449;483;490,501,494;495
7MJH,2,af2,free,-652.1751817130328,-621.6159429797722,30.5592387332606,-26.54069415497879,-25.94474180805357,0.5959523469252197,,339,483;485;490;499;500;502,358;367;369;372;389;390;407;418;436;481,501,403;446;449;455;487;488;492;495;497,405,368;377;430;442;445;448;451;466;467;491;506;526,484,403;449;483;489;490,486;498;501,495
