pdb,antibody,method,constrained,wt_total,om_total,d_total,wt_interface,om_interface,d_interface,tot_stab_mut_close,tot_stab_mut_distal,tot_stab_other_close,tot_stab_other_distal,tot_destab_mut_close,tot_destab_other_close,tot_destab_mut_distal,tot_destab_other_distal,int_destab_mut,int_destab_other,int_stab_mut,int_stab_other
7MZN,1,rpk,cons,-528.740670325742,-518.5883035734678,10.152366752274247,-55.09387796412372,-47.966525935319034,7.127352028804687,,339,,,405;417;501,,373;375;376,372,417;484;501;505,,493,
7MZN,1,rpk,free,-552.0297533148073,-540.6615984648497,11.368154849957591,-65.31182103081598,-57.54300234514774,7.768818685668236,,339,,369,405;417;477;484;498;501,,371;373;375,366;372,417;484;505,415,,490
7MZN,1,af2,cons,-610.780787421572,-469.0466988518083,141.73408856976368,-51.980875991959635,-5.131129109385949,46.84974688257368,,339,481;485;490;500;502,518,405;477;478;493;501;505,403;449;453;454;455;456;471;473;474;475;476;479;487;494;495;497;506,371;373,346;351;365;372;442;446;451;465;468;469;491;492;520;522;541,417;477;478;505,403;456;460;475;476;483;487;489;502,498,457;486;495;503
7MZN,1,af2,free,-657.6522370231638,-618.2921902302078,39.36004679295604,-65.78358503171489,-32.66639132155818,33.11719371015671,,339,476;490;500;502;503,320;338;358;367;369;390;407;436;443;450;518;527,405;493;498,403;406;420;448;454;455;456;457;487;489;495;497;506,,368;374;391;430;442;445;446;451;469;491;492;519;520,405;417;505,420;421;455;473;483;489;496;502,498,403;476;497;503
