pdb,antibody,method,constrained,wt_total,om_total,d_total,wt_interface,om_interface,d_interface,tot_stab_mut_close,tot_stab_mut_distal,tot_stab_other_close,tot_stab_other_distal,tot_destab_mut_close,tot_destab_other_close,tot_destab_mut_distal,tot_destab_other_distal,int_destab_mut,int_destab_other,int_stab_mut,int_stab_other
7LXZ,4,rpk,cons,-632.2744698909489,-609.5106827379947,22.76378715295425,-47.54625018018487,-37.719016352343715,9.827233827841155,,339,,,501,446,371;373;375;405,372,484;493,,,
7LXZ,4,rpk,free,-649.9238908842235,-641.5426608167006,8.381230067522893,-50.748855544433624,-45.50951371156054,5.239341832873087,,339,,406;502;508,498;501,446,371;373;405,372;374;434;506,484;493,,,494
7LXZ,4,af2,cons,-611.2213255661322,-503.6808202966165,107.54050526951573,-34.745483627515796,-23.66308575684905,11.082397870666746,,339,490;500;502,481;508;518,493;501,446;448;449;456;473;475;487;491;492;494;495;497,371;373;405,346;365;372;451;454;457;461;471;479;506;520;522;541,484;493,449;483;489;490;494,501,486
7LXZ,4,af2,free,-660.5663305941982,-609.0090764896613,51.55725410453692,-39.871527188483626,-36.53717217347024,3.3343550150133865,,339,473;483;486;499;500;502,320;367;380;390;474;518,484;493;501,403;446;448;449;453;456;487;492;495;497,371;405,365;377;381;391;442;451;454;457;465;491;506;519;520,484;493,449;456;483;489;490,498;501,486;495;499;503
