pdb,antibody,method,constrained,wt_total,om_total,d_total,wt_interface,om_interface,d_interface,tot_stab_mut_close,tot_stab_mut_distal,tot_stab_other_close,tot_stab_other_distal,tot_destab_mut_close,tot_destab_other_close,tot_destab_mut_distal,tot_destab_other_distal,int_destab_mut,int_destab_other,int_stab_mut,int_stab_other
7NKT,1,rpk,cons,-527.7393301326393,-493.2242030857791,34.51512704686024,-47.16519822960317,-48.83195723323002,-1.6667590036268507,,339;496,,,371;373;375,372;374,446;498;501,,,,375,
7NKT,1,rpk,free,-557.9052222741922,-528.3306415649279,29.574580709264296,-48.14422780434491,-50.37643222486181,-2.2322044205169007,,339;496,,,371;373;375,372,446;498;501,447,,,375,
7NKT,1,af2,cons,-616.5404396835985,-594.5629786402232,21.977461043375342,-35.04478800204692,-33.6639239375964,1.3808640644505203,,339;484,,406;483;485;518,371;375,368;372;374;434;435;436,446;496;501,365;420;455;499;528,375,372,,369;408
7NKT,1,af2,free,-666.0847210042747,-660.1089547689448,5.975766235329843,-42.70587079966719,-30.760164386649567,11.945706413017621,,339,372;503,393;406;483;516;518,,374;405;508,446,342;365;448;519;526,,370;376;378;383;405;508,373,408
