pdb,antibody,method,constrained,wt_total,om_total,d_total,wt_interface,om_interface,d_interface,tot_stab_mut_close,tot_stab_mut_distal,tot_stab_other_close,tot_stab_other_distal,tot_destab_mut_close,tot_destab_other_close,tot_destab_mut_distal,tot_destab_other_distal,int_destab_mut,int_destab_other,int_stab_mut,int_stab_other
7CWS,6,rpk,cons,-278.13948041954836,-190.18744611251628,87.95203430703208,-38.31772788431693,-41.09011275543267,-2.77238487111574,,339;496,436,,371;373;375,372;374;504,,,,,375,
7CWS,6,rpk,free,-457.3817344434649,-372.2573317629893,85.12440268047561,-68.41564608787552,-68.07582205530981,0.3398240325657014,,339,389;408;412;414;434,334;360;364;390;511,371;373;375,372;374;379;388,,362;409;419;420;526,371,369;370;374;388,373;375,
7CWS,6,af2,cons,-604.536960124543,-576.3718806087381,28.165079515804905,-26.47252672065719,-33.02403490215411,-6.551508181496924,,339,372;377;378;406;412,367;483;485;518,371;373;375,368;369;370;374;435,501,365;420;434;452;499,373;375,,,376;377;408;412;414
7CWS,6,af2,free,-664.8076750589858,-665.8448447879798,-1.0371697289940585,-57.47229212988253,-52.0990978453035,5.373194284579036,,339,382;406,451;483;518;527,,374;414;528,446,332;338;358;365;368;435;449;455;526,,374;376;377;503,373,369
