pdb,antibody,method,constrained,wt_total,om_total,d_total,wt_interface,om_interface,d_interface,tot_stab_mut_close,tot_stab_mut_distal,tot_stab_other_close,tot_stab_other_distal,tot_destab_mut_close,tot_destab_other_close,tot_destab_mut_distal,tot_destab_other_distal,int_destab_mut,int_destab_other,int_stab_mut,int_stab_other
7RW2,3,af2,cons,-825.9453725497333,-832.1865402422288,-6.241167692495537,-34.1198468582288,-38.54592312782623,-4.426076269597431,,,96;97;153;180;190,20;21;75;76;78;79;111;228;229;272,,,19;24;25,140;141;160;233;244;245;249;257;258;259;271,,,,
7RW2,3,af2,free,-914.8961897581516,-895.7609264338736,19.13526332427807,-60.780923622049244,-54.23276983651384,6.548153785535405,,142,41;95;119;153;167;184;222,18;20;75;76;78;81;110;133;137;228;229;246;248;256;269;271,,97;98;121;175;176;183,19;24;25;69,29;66;77;134;140;141;181;202;216;244;245;249;259;260;261;262;272,,149;150;151;173;176;188;224,,99;170
