pdb,antibody,method,constrained,wt_total,om_total,d_total,wt_interface,om_interface,d_interface,tot_stab_mut_close,tot_stab_mut_distal,tot_stab_other_close,tot_stab_other_distal,tot_destab_mut_close,tot_destab_other_close,tot_destab_mut_distal,tot_destab_other_distal,int_destab_mut,int_destab_other,int_stab_mut,int_stab_other
7MZM,1,rpk,cons,-541.8883514862267,-536.3956526861011,5.492698800125595,-72.94337027378396,-64.30135790984146,8.642012363942499,,339,351,,452;484,,371;405;501,,452;484,490,,351
7MZM,1,rpk,free,-567.852221176381,-572.675914236145,-4.8236930597639684,-73.01478559304556,-64.83115896899768,8.183626624047875,,339,,,484,,405,343,484,,,351
7MZM,1,af2,cons,-620.7323883692284,-542.8082216093654,77.92416675986294,-51.12612423545128,-42.01665671562897,9.10946751982231,,339,450;466;481;483,383;443;485;500;502,452;484;501,446;448;449;451;469;472;490;492;493;495;497,405;477,365;394;442;453;455;456;457;467;473;474;475;479;487;491;506,484,346;444;449;483;490,452,340;354;445;450;493;495
7MZM,1,af2,free,-675.6129527986847,-621.5059081378768,54.1070446608079,-60.442645708311346,-58.514302284981014,1.9283434233303325,,339;478,483;490;499,367;369;372;390;407;421;425;500;502;508;518;527,452,353;356;357;444;446;447;449;451;492;493;495;497,371;405,368;381;391;392;394;420;457;467;480;488;491;506;528,484,351;356;444;449;468;483;490,,340;346;445;492;493;494;495
