pdb,antibody,method,constrained,wt_total,om_total,d_total,wt_interface,om_interface,d_interface,tot_stab_mut_close,tot_stab_mut_distal,tot_stab_other_close,tot_stab_other_distal,tot_destab_mut_close,tot_destab_other_close,tot_destab_mut_distal,tot_destab_other_distal,int_destab_mut,int_destab_other,int_stab_mut,int_stab_other
7KN6,1,rpk,cons,-453.58914645063464,-432.21665201855967,21.372494432074973,-38.66527779952482,-32.71843074782413,5.9468470517006935,,339,,368,405;498;501,,371;373;375;376,372,498;505,,,
7KN6,1,rpk,free,-498.4912074811432,-481.31791193987675,17.17329554126644,-52.012900216019816,-54.59342516591221,-2.580524949892393,,339,475,364;391,405;484;493,,371,366;372;492,405;417;498,,501,421
7KN6,1,af2,cons,-604.6439943497054,-476.6425568371636,128.00143751254177,-25.5766340986221,1.6531834927708253,27.229817591392926,,339,496;500;502,483;490;518,405;477;478,449;453;454;456;473;475;476;479;487;494;495,371;373;452,346;351;365;372;446;451;465;467;469;491;492;497;506;520;522;541,477;478;505,473;475;476,498,421;457;474
7KN6,1,af2,free,-658.2564793143733,-622.0634109827763,36.19306833159703,-55.8486030591405,-16.99073502808048,38.85786803106002,,339,458;483;490;502;503,320;367;369;390;407;436;437;443;472;518;527,405;493,420;447;453;455;456;459;460;475;486;487;495,,356;368;391;430;435;442;445;446;448;451;480;491;492;497;506;519;520;528,505,420;453;455;456;457;460;473;475;486;487;489,,503
