pdb,antibody,method,constrained,wt_total,om_total,d_total,wt_interface,om_interface,d_interface,tot_stab_mut_close,tot_stab_mut_distal,tot_stab_other_close,tot_stab_other_distal,tot_destab_mut_close,tot_destab_other_close,tot_destab_mut_distal,tot_destab_other_distal,int_destab_mut,int_destab_other,int_stab_mut,int_stab_other
7KXJ,3,rpk,cons,-471.0343062692964,-461.8992012624792,9.135105006817184,-40.58336784074647,-36.033090871528145,4.550276969218324,,,403;406,,484;498,,375;446,447,417;484;505,,,403
7KXJ,3,rpk,free,-505.4203726893362,-502.10992336035247,3.3104493289837365,-49.296248879066,-65.37581589951205,-16.07956702044605,,,403,,446;484;498,,375,,417;505,,493;501,403;453;455;489
7KXJ,3,af2,cons,-606.759821820828,-603.0566987072102,3.703123113617835,-38.436914485695375,-38.89389440238535,-0.4569799166899742,,339;371,483;485,367;372;518,493,420;486;494,375;446;501,365;368;434;435;499;528,417,483,484,403
7KXJ,3,af2,free,-658.6853272278486,-662.9796748122349,-4.294347584386287,-43.61317988362374,-48.03263019888111,-4.419450315257372,,339;371,403;406;421;483;485,369;372;481;518;528,,455;492,446,374;435;526,417;505,483;492,,403;420;456;489;490
