pdb,antibody,method,constrained,wt_total,om_total,d_total,wt_interface,om_interface,d_interface,tot_stab_mut_close,tot_stab_mut_distal,tot_stab_other_close,tot_stab_other_distal,tot_destab_mut_close,tot_destab_other_close,tot_destab_mut_distal,tot_destab_other_distal,int_destab_mut,int_destab_other,int_stab_mut,int_stab_other
7M7W,2,rpk,cons,-538.0732262683339,-511.06023713118486,27.01298913714902,-64.38847269008772,-59.817797221975574,4.5706754681121495,,,,,371;373;501,372,,455,408,,375,
7M7W,2,rpk,free,-573.2107320929882,-553.5037184214882,19.70701367150002,-63.022510229869646,-55.84309160533424,7.179418624535408,,339,385,363;387;420;434,371;373;376;501,369;372,,366;446;457;467,408,369;374,371;375,378
7M7W,2,af2,cons,-619.7643266615687,-539.9517591159228,79.81256754564595,-47.58468392978055,-34.54808754181586,13.036596387964693,,339,369;500;502,421;481;483;485;490,375;405;501,372;374;503;506,452;477,365;442;448;451;453;454;455;456;457;467;469;474;475;479;480;487;488;491;492;493;494;495;497;538,405;408,502;503,,369
7M7W,2,af2,free,-668.1720465014109,-625.8242655774586,42.347780923952314,-62.16763553632531,-56.61895039523477,5.548685141090537,,339,369;502;508,390;422;443;472;483;490;500,371;376;405;501,404;503;504;506,,351;365;391;421;434;442;445;446;448;451;455;456;467;469;471;479;487;491;492;495;497,405;408,372;502;503,375,369;384;385;508
