pdb,antibody,method,constrained,wt_total,om_total,d_total,wt_interface,om_interface,d_interface,tot_stab_mut_close,tot_stab_mut_distal,tot_stab_other_close,tot_stab_other_distal,tot_destab_mut_close,tot_destab_other_close,tot_destab_mut_distal,tot_destab_other_distal,int_destab_mut,int_destab_other,int_stab_mut,int_stab_other
7EJ4,1,rpk,cons,-388.96154547280673,-370.3292430816791,18.63230239112761,-32.131157773333996,-29.42468893203792,2.7064688412960756,,339,,,405;498;501,,371;373;375;376,372,405,,,
7EJ4,1,rpk,free,-476.3683727744584,-468.7681065397619,7.600266234696505,-49.732686085999006,-42.82610199289013,6.906584093108876,,339,490;503,323;347;364;366;368;369;435;541,405;417,403;406;489;499,371;375;452,370;372;385,440;498,499;500,501,
7EJ4,1,af2,cons,-606.7420307874936,-514.4456207915657,92.29640999592789,-21.1211419374143,-16.906224763069936,4.2149171743443645,,339,483;490;500;502,421;518,405;498;501;505,446;453;455;456;475;487;489;494;495;497;506,371;373;452,346;351;365;372;451;454;457;465;469;473;474;479;491;492;520;522;541,498;505,453;495;500,501,486;502;503
7EJ4,1,af2,free,-654.8771250088437,-618.0822422938402,36.794882715003496,-37.807540917884936,-30.027507562745487,7.780033355139448,,339;478,483;486;490;499;502,320;328;367;369;389;390;407;418;436;466;473;518,405;493;501,445;446;455;487;494;495;497;506,,374;377;391;442;448;451;454;457;469;488;491;492;519;520,405;505,445;446;449;500,498;501,486;499;503
