pdb,antibody,method,constrained,wt_total,om_total,d_total,wt_interface,om_interface,d_interface,tot_stab_mut_close,tot_stab_mut_distal,tot_stab_other_close,tot_stab_other_distal,tot_destab_mut_close,tot_destab_other_close,tot_destab_mut_distal,tot_destab_other_distal,int_destab_mut,int_destab_other,int_stab_mut,int_stab_other
7LAB,3,af2,cons,-803.8185570953151,-746.5423348688389,57.27622222647619,-34.41398304671821,-19.01835726576533,15.395625780952876,,,22;71;75;76;184;213;215;216;260,18;19;21;77;111;124;150;154;265,,64;73;179;185;214;245;249;257,142;143;144;145,20;23;80;102;140;146;147;149;151;152;153;156;nan;229;246;254;255;256;266;272,69,64;73;74;76;213;214;nan,212,71;72;183;184;215
7LAB,3,af2,free,-883.8365186411392,-887.3331730329915,-3.496654391852303,-48.544924951975844,-48.490881581077446,0.05404337089839828,,,29;74;76;97;213;215;216,18;19;55;77;94;111;124;147;155;156;186;193;201;210;nan;222;226;227;242;248;260;271,70;211;212,24;28;183;184;206;259,142;143;144,17;20;23;58;84;98;99;101;120;140;146;152;153;191;221;243;249;253;255;272,70,71;183;184;213;214,,32;64;73;74;97;nan;218
