pdb,antibody,method,constrained,wt_total,om_total,d_total,wt_interface,om_interface,d_interface,tot_stab_mut_close,tot_stab_mut_distal,tot_stab_other_close,tot_stab_other_distal,tot_destab_mut_close,tot_destab_other_close,tot_destab_mut_distal,tot_destab_other_distal,int_destab_mut,int_destab_other,int_stab_mut,int_stab_other
7L2F,2,af2,cons,-821.0590974519303,-785.1468346264892,35.912262825441076,-8.78837363802165,-18.217740684744545,-9.429367046722895,,,144;150;248,41;97;111;215;228;229,19,17;140;147;156;245;249;250;256;257,24;25;26,18;23;80;233;244;254;258;259,,,,144;153
7L2F,2,af2,free,-882.5951347265225,-893.1351842722399,-10.540049545717466,-10.03488282467153,-29.40156049564988,-19.366677670978348,,27,145;158;246;248,41;66;97;119;154;180;222;228;255;272,,140;148;155;245;249,19;25;26,29;64;77;98;179;181;191;221;250;254;271,,155,,134;144;145;146;154;156;158;254
