pdb,antibody,method,constrained,wt_total,om_total,d_total,wt_interface,om_interface,d_interface,tot_stab_mut_close,tot_stab_mut_distal,tot_stab_other_close,tot_stab_other_distal,tot_destab_mut_close,tot_destab_other_close,tot_destab_mut_distal,tot_destab_other_distal,int_destab_mut,int_destab_other,int_stab_mut,int_stab_other
7LQ7,3,rpk,cons,-538.5885666378574,-525.0099557833316,13.578610854525778,-46.20213587238362,-43.76486942279875,2.437266449584868,,339,,,371;373,372,484;501,,408,,,
7LQ7,3,rpk,free,-572.6373517812335,-561.1476226929628,11.489729088270678,-57.0189287481892,-49.65808931483312,7.360839433356077,,339;498,,495,371;373;375,,501,,408,374,,
7LQ7,3,af2,cons,-611.9908557587992,-523.3553950120395,88.63546074675969,-30.23070083675615,-28.033686668452606,2.197014168303543,,339,414,367;443;483;490;496;500;502;518,371;373;405,372;374,493;501,346;351;365;442;446;449;451;453;454;455;456;457;469;471;473;475;479;487;491;492;494;495;497;506;520;522;541,408,374;413,,414
7LQ7,3,af2,free,-661.2077932801631,-612.8913750708782,48.31641820928485,-53.59364365371678,-57.597813443022076,-4.004169789305294,,339,369;380;389;390;474;486,338;367;443;458;483;490;499;500;502;518;541,371;375;405,374;377;378;379;381;386;487,493;501,353;365;391;425;442;445;446;447;448;449;451;453;454;457;465;480;491;492;495;497;506;517;519;520;526,408;477,386;429,478,369;377;412;414;486
