pdb,antibody,method,constrained,wt_total,om_total,d_total,wt_interface,om_interface,d_interface,tot_stab_mut_close,tot_stab_mut_distal,tot_stab_other_close,tot_stab_other_distal,tot_destab_mut_close,tot_destab_other_close,tot_destab_mut_distal,tot_destab_other_distal,int_destab_mut,int_destab_other,int_stab_mut,int_stab_other
7P77,4,rpk,cons,-269.05490058430456,-251.69787917231483,17.357021411989734,-25.090657436089177,-27.09826805644596,-2.0076106203567825,,339,,367;406,371;373;375,372,446;484;493;501,,,,,
7P77,4,rpk,free,-443.5715418253212,-433.03121375608094,10.540328069240275,-28.408682059494332,-39.27508157455328,-10.866399515058951,,339;496,502,324;326;449;451,371,368;384;504,446;493,365;406;439;461;489;499;507,,,375,370;372;408;502;503
7P77,4,af2,cons,-617.0469402331385,-615.8634393749842,1.1835008581542752,-22.313949220370088,-23.10879848240436,-0.7948492620342726,,339,370;372,367;406;483;485;518,375,368;369;374,446;501,420;434;435;455;489;499;528,375,369,373,370;372
7P77,4,af2,free,-665.5587682005289,-666.7875612584326,-1.2287930579036583,-48.947986028583415,-33.28767648137349,15.660309547209927,,339,372;380;383;406,390;393;483;518,501,369;374;435;503,446,365;381;455;519;528,375,369;374;377;408;502;503,373,372;383;385
