pdb,antibody,method,constrained,wt_total,om_total,d_total,wt_interface,om_interface,d_interface,tot_stab_mut_close,tot_stab_mut_distal,tot_stab_other_close,tot_stab_other_distal,tot_destab_mut_close,tot_destab_other_close,tot_destab_mut_distal,tot_destab_other_distal,int_destab_mut,int_destab_other,int_stab_mut,int_stab_other
7ORB,3,rpk,cons,-512.0695390304116,-490.3923920525824,21.67714697782924,-40.469353277498335,-37.08908249159065,3.3802707859076833,,339,,,446;484;493;501,490,371;375,372,446;493,,496,
7ORB,3,rpk,free,-541.4417251562236,-527.4025267549225,14.039198401301064,-43.588977904555584,-46.48948278038875,-2.900504875833164,,339,,335;406;502;508,446;501,447,371;375,372;506,493,,440;446;496,
7ORB,3,af2,cons,-611.4714073018731,-600.1606617398372,11.31074556203589,-36.61376475132229,-27.922050869520238,8.691713881802055,,339;371,483,367;369;372;406;485;518,446,443;444;448,375;501,365;368;374;434;435;528,446;493,444,,445;494
7ORB,3,af2,free,-664.2884412449735,-658.4935904878851,5.794850757088398,-52.13468077268495,-42.67744444925218,9.457236323432774,,339;371,451;483,369;372;406;518;527,446;498,444;450;452;455;490;499,501,374;435;526,440;493,444,,494
