pdb,antibody,method,constrained,wt_total,om_total,d_total,wt_interface,om_interface,d_interface,tot_stab_mut_close,tot_stab_mut_distal,tot_stab_other_close,tot_stab_other_distal,tot_destab_mut_close,tot_destab_other_close,tot_destab_mut_distal,tot_destab_other_distal,int_destab_mut,int_destab_other,int_stab_mut,int_stab_other
7KLH,2,rpk,cons,-500.9873797613448,-487.239296416814,13.748083344530812,-62.69468234862704,-47.468639202019986,15.226043146607054,,339,,367,484;486,,371;373;375;376,,484;486;505,,,
7KLH,2,rpk,free,-542.5756684189887,-523.9864878393755,18.589180579613185,-61.242192948627505,-46.55292906262082,14.689263886006685,,339,420,418;436;451,405;486,449,371;375;501,338,417;484;486;505,,,421
7KLH,2,af2,cons,-616.3168599043322,-518.7493798554137,97.56748004891847,-43.034206117001276,-21.722238099790882,21.311968017210393,,339,483;502,383;481;485;500,405;477;505,449;453;456;457;473;474;475;476;479;487;489;493;494;495;497,452,365;442;446;448;451;465;467;469;480;491;492;506,417;505,473;475;476;487;489;490;493,478;498;501,403;495
7KLH,2,af2,free,-659.629298315585,-619.5191949576767,40.1101033579082,-54.168162788114074,-59.56571898070694,-5.397556192592866,,,485;490;499;500;502,358;367;369;372;390;434;436;443;450;472;508,405;452,420;449;453;455;456;475;487;491;492;493;494;495;497,,391;438;442;445;446;447;448;451;465;480;506;507;509;526,408;417;484;505,415;473;475;483;487;490;493,477;478;486;498;501,403;476;495;497;503
