pdb,antibody,method,constrained,wt_total,om_total,d_total,wt_interface,om_interface,d_interface,tot_stab_mut_close,tot_stab_mut_distal,tot_stab_other_close,tot_stab_other_distal,tot_destab_mut_close,tot_destab_other_close,tot_destab_mut_distal,tot_destab_other_distal,int_destab_mut,int_destab_other,int_stab_mut,int_stab_other
7E5S,3,af2,cons,-822.1146098307572,-773.2321417720112,48.882468058745985,-11.158667963707282,-6.445923474172039,4.712744489535243,,,144;153;248,20;21;41;75;76;78;79;111;138;228,,140;141;145;147;156;244;245;249;250;251;252;253;256;257,19;24;25,160;183;197;233;254;255;258;259,,147;148;246;252;255,,248;250;251
7E5S,3,af2,free,-893.9377347605471,-880.8171452911699,13.120589469377137,-12.273689247535499,-13.817953262258813,-1.5442640147233142,,142,,20;79;97;106;110;139;154;180;187;212;222;228;229;252,,144;146;148;245;249;257,19;24;25;70,23;115;136;140;181;202;227;244;259;272,,146;147;246;257,,250;251;252;254
