pdb,antibody,method,constrained,wt_total,om_total,d_total,wt_interface,om_interface,d_interface,tot_stab_mut_close,tot_stab_mut_distal,tot_stab_other_close,tot_stab_other_distal,tot_destab_mut_close,tot_destab_other_close,tot_destab_mut_distal,tot_destab_other_distal,int_destab_mut,int_destab_other,int_stab_mut,int_stab_other
7CZY,2,rpk,cons,-450.3437528073613,-431.2231518214344,19.1206009859269,-24.531294305154976,-24.524975473822202,0.006318831332773556,,339,,,477;484,,371;373;375;405,372,,,,
7CZY,2,rpk,free,-528.9924638569373,-509.80388598792433,19.18857786901299,-39.11157850649825,-45.31574835733011,-6.20416985083186,,,,351;491,477;493,446;489,371;375;405;452,347;370;402;407,477;505,,498,453;473;487
7CZY,2,af2,cons,-608.8177037265768,-504.8923483168864,103.92535540969044,-23.968550368459237,-28.509246793345476,-4.540696424886239,,339,475;483;485;490;502,443;518,477;484;501,449;453;456;457;473;476;479;487;488;489;494;495;497,371;373;375;405,346;351;365;372;442;446;451;454;461;469;471;491;492;506;520;522;541,477;484,456;476;489,478;498;501,475;486;487;495
7CZY,2,af2,free,-654.9115892218931,-611.5075329451761,43.40405627671703,-64.46989847006266,-50.70152732975009,13.768371140312567,,339,474;486;490;499;500;502,320;356;363;367;390;399;419;443;466;481;518,493,420;447;449;456;457;472;489;492;494;495;497,371;375;405;452,342;365;377;391;442;445;446;448;451;454;469;491;506;519;520;526,477;484;493,473;483;489,498;501,475;486;495
