pdb,antibody,method,constrained,wt_total,om_total,d_total,wt_interface,om_interface,d_interface,tot_stab_mut_close,tot_stab_mut_distal,tot_stab_other_close,tot_stab_other_distal,tot_destab_mut_close,tot_destab_other_close,tot_destab_mut_distal,tot_destab_other_distal,int_destab_mut,int_destab_other,int_stab_mut,int_stab_other
7NEG,1,rpk,cons,-503.2170852710312,-489.6459123413208,13.571172929710372,-49.98794777839842,-40.29162717830663,9.696320600091788,,339,,508,405,,371;373,372;374,417;486;505,421,501,
7NEG,1,rpk,free,-539.0304231159878,-515.6728850958962,23.357538020091624,-64.03785325490179,-53.021311547561226,11.016541707340565,,339,403,,405;498;505,446;449,371;373;375;484,372;389;490,417;486;498;505,495;496,478,403
7NEG,1,af2,cons,-615.3217256265668,-508.5713395856086,106.75038604095823,-42.646859328365885,-19.825548849082384,22.8213104792835,,339,500;502,483;485;490,405;477;478;505,453;454;455;457;473;474;475;476;479;480;487;494;495,452,365;442;445;446;448;451;467;469;491;492;497;506,417;486;505,453;455;475;476;487,498,479;503
7NEG,1,af2,free,-655.8114869625399,-618.4647216464807,37.34676531605919,-65.55152790193249,-30.863725538893434,34.687802363039054,,339,458;483;485;499;500;502;503,338;358;367;369;372;382;390;436;443;466;472;490;508,405;486;501;505,403;421;454;456;457;474;475;487;495;497;506,,326;370;442;445;446;448;451;469;480;491;492;516;518;526,417;484;486;505,420;421;455;456;460;473;474;475;487;489;502,477;498,453;503
