pdb,antibody,method,constrained,wt_total,om_total,d_total,wt_interface,om_interface,d_interface,tot_stab_mut_close,tot_stab_mut_distal,tot_stab_other_close,tot_stab_other_distal,tot_destab_mut_close,tot_destab_other_close,tot_destab_mut_distal,tot_destab_other_distal,int_destab_mut,int_destab_other,int_stab_mut,int_stab_other
7BEL,1,rpk,cons,-513.1280318410503,-501.14078299515086,11.987248845899444,-46.68774255996212,-39.830349274334274,6.857393285627843,,339;446,,,484,455,371;373;375;498,372,417;505,,,489
7BEL,1,rpk,free,-541.8730526041202,-531.6948544156373,10.178198188482838,-50.11975660068596,-47.85804672074446,2.261709879941499,,339;446,403,508,498,,373,368;372;452,417;505,,,403
7BEL,1,af2,cons,-618.4573024771547,-617.6615010324933,0.7958014446613788,-39.98562809460208,-39.38336327349608,0.6022648211059973,,339;371,403;406;483;485,367;369;372;451;481;518,417;493;501;505,455,375;446,365;368;389;420;434;435;499,417;505,,484,403;485
7BEL,1,af2,free,-663.9053355280323,-660.3790973211787,3.526238206853577,-56.214941112519426,-57.2642334762964,-1.0492923637769707,,339,403;485,369;372;390;451;518;527,417;496,453;455;492,446,365;374;391;392;448;528,417;505,415;483;487,501,403;485;489;490
