pdb,antibody,method,constrained,wt_total,om_total,d_total,wt_interface,om_interface,d_interface,tot_stab_mut_close,tot_stab_mut_distal,tot_stab_other_close,tot_stab_other_distal,tot_destab_mut_close,tot_destab_other_close,tot_destab_mut_distal,tot_destab_other_distal,int_destab_mut,int_destab_other,int_stab_mut,int_stab_other
7P7A,2,rpk,cons,-277.08178999796985,-256.24637456002404,20.835415437945812,-24.222498424402517,-25.278890711137404,-1.0563922867348872,,339;496,,449,371;373;375,372;374,446;484;493;501,,,,,
7P7A,2,rpk,free,-425.80372982383346,-430.8762295406397,-5.072499716806249,-33.38248594430586,-35.39705969536774,-2.0145737510618744,,339;496;498,374;434;503,340;350;351;406;416;436;437;441;449;463;464;500,371;373;375,378;405;408,446;477,354;398;513,,370;408,,372;374;383
7P7A,2,af2,cons,-614.6700779367789,-611.7256209087,2.9444570280788867,-27.910056574121565,-21.17950408499492,6.730552489126644,,339,,367;406;483;485;518,375,368;369;374;434,446;501,420;435;455;489;499,375,369;377;408,373,
7P7A,2,af2,free,-665.2294339829691,-657.3370655851375,7.89236839783166,-40.730591961627646,-34.23881106879939,6.4917808928282525,,339,372;383;406,393;451;483;518;527,,369;374;435;503,446,389;430;455;528,375,369;374;377;502;503,373,370;372;383;385
