pdb,antibody,method,constrained,wt_total,om_total,d_total,wt_interface,om_interface,d_interface,tot_stab_mut_close,tot_stab_mut_distal,tot_stab_other_close,tot_stab_other_distal,tot_destab_mut_close,tot_destab_other_close,tot_destab_mut_distal,tot_destab_other_distal,int_destab_mut,int_destab_other,int_stab_mut,int_stab_other
7JV4,2,rpk,cons,-481.34802700178864,-460.0230089399565,21.32501806183211,-43.10655151322318,-36.671470847537364,6.435080665685817,,339;505,,,484,,371;373;375;405;501,372,484,,,
7JV4,2,rpk,free,-512.1955187177166,-487.22166130559594,24.97385741212065,-46.3408694301447,-39.53067990415832,6.810189525986381,,339;505,,370;434;436;499,484,449,371;373;375;405;501,361;372;374;377,484,449,498,
7JV4,2,af2,cons,-600.3803350763952,-524.7446505268949,75.6356845495003,-18.85727089891935,-15.882772446396284,2.974498452523065,,339,483;485;486;490;496;500;502,443;518,493,448;449;479;487;491;492;494;495;497,371;373;405,346;351;365;372;451;453;454;455;456;457;461;471;473;475;506;520;522;541,,449;481;490;494,501,446;495
7JV4,2,af2,free,-653.4988051467435,-626.8957707956755,26.603034351068004,-24.92120757008604,-28.929376842537852,-4.008169272451813,,339;478,483;486;490;502,320;358;367;369;392;407;436;437;443;474;500;518,493,445;446;447;449;487;495,405,368;374;403;430;435;442;451;453;455;479;491;492;497;506;519;520;526,,445;446;449,501,483
