pdb,antibody,method,constrained,wt_total,om_total,d_total,wt_interface,om_interface,d_interface,tot_stab_mut_close,tot_stab_mut_distal,tot_stab_other_close,tot_stab_other_distal,tot_destab_mut_close,tot_destab_other_close,tot_destab_mut_distal,tot_destab_other_distal,int_destab_mut,int_destab_other,int_stab_mut,int_stab_other
7DZY,2,af2,cons,-741.3288854173737,-712.4876190004895,28.841266416884196,-15.665856096099356,-2.8424305656674926,12.823425530431862,,67,76;98;181;182;183;185;210;214;215;242;247;248;250;251;260,18;19;21;22;77;81;111;124;138;154;nan;216;271,70;212,64;72;73;74;152;179;245;254;255;256;257;264,142;143;144;145,20;23;115;141;146;148;149;151;153;192;nan;227;233;266,70;211,73;74;213;nan;249,212,68;72;181;214;nan;215;248;250;251;253
7DZY,2,af2,free,-890.8160964755099,-879.7003541954131,11.11574228009681,-36.89377655889823,-5.94868055156852,30.94509600732971,,67;95,73;76;213;215;216;248,15;19;77;94;96;98;108;111;121;123;138;139;154;155;nan;217;222;227;237;242;259;260;266,70;212,24;28;66;71;183;218;249;262,142;143;144,20;21;53;84;152;153;180;181;187;221;229;246;253;255;257,70,24;27;28;66;74;184;213;218,,73;251
