pdb,antibody,method,constrained,wt_total,om_total,d_total,wt_interface,om_interface,d_interface,tot_stab_mut_close,tot_stab_mut_distal,tot_stab_other_close,tot_stab_other_distal,tot_destab_mut_close,tot_destab_other_close,tot_destab_mut_distal,tot_destab_other_distal,int_destab_mut,int_destab_other,int_stab_mut,int_stab_other
7EJ5,2,rpk,cons,-366.75885648696504,-349.476586876281,17.282269610684068,-27.16420242911907,-25.215109113297697,1.9490933158213721,,339;408,,406;490,477;478,,371;373;405,372;374,477,,,
7EJ5,2,rpk,free,-475.10752147935136,-468.14726488467295,6.9602565946784125,-37.99969403162504,-26.458018024811835,11.541676006813205,,339;505,486,342;358;370;434;436;515,477;478,,373;375;405,366;377;382;517,477;478,474;475;476,,486
7EJ5,2,af2,cons,-610.824631312719,-511.7027837365355,99.12184757618354,-20.83754905175834,-13.308031401036612,7.529517650721729,,339,483,443;490;496;502;508;518,484,455;456;473;475;479;480;486;487;495,371;373;405;493;501,346;351;365;372;446;449;451;453;454;457;459;461;467;469;471;491;492;494;497;506;520;541,,486;489,478,
7EJ5,2,af2,free,-665.9529504007419,-616.7105732425633,49.242377158178556,-45.996303431222955,-21.9611466700925,24.035156761130455,,339,458;473;481;482;483,351;354;367;369;390;407;418;436;437;490;499;500;502;518,,475;480;486;487,405;452;493;501,327;353;374;377;391;435;442;446;447;448;449;451;454;455;459;460;469;491;492;494;495;497;506;519;520;526,477,474;475;476;486;487;489,,458;479;481;483
