pdb,antibody,method,constrained,wt_total,om_total,d_total,wt_interface,om_interface,d_interface,tot_stab_mut_close,tot_stab_mut_distal,tot_stab_other_close,tot_stab_other_distal,tot_destab_mut_close,tot_destab_other_close,tot_destab_mut_distal,tot_destab_other_distal,int_destab_mut,int_destab_other,int_stab_mut,int_stab_other
7M6I,2,rpk,cons,-574.2081680904294,-564.4197669024809,9.788401187948466,-53.06675844200997,-47.40415908603268,5.662599355977292,,339;478;496,,,375;493;501;373;484,372,371,,505;484,,,
7M6I,2,rpk,free,-890.478945583236,-891.3922545475566,-0.9133089643205494,-71.91571844833182,-64.651240122443,7.264478325888817,,339,435;490;492;377;455;489;491,341;347;475;442,484;493;371;373;501,483;503;506;372;470;487,,342;379;383;385;402;410;434;356;365;366;369;476,,437;503;450;456;490,375,372;508;483
7M6I,2,af2,cons,-1219.6326198751688,-1214.4019602733092,5.230659601859543,-40.06154282673522,-36.57326654671045,3.4882762800247704,,339,376;406;483;485;372,367;518,373;446;501;375;493;496,435;455;374;456,,365;368;420;434;499;528;453,373;505;484,483;486,375,374;376;502;485;489
7M6I,2,af2,free,-1315.1911064110147,-1322.65730155027,-7.4661951392552055,-64.88757764937529,-68.14697074313187,-3.259393093756586,,339,372;376;450;483;485;472;480,390;393;518;369;406;516;527,375;501,374,446;496,391;392;435;448;424;430;528,375;505;484,489;490,373;478,374;456;470;480;483
