pdb,antibody,method,constrained,wt_total,om_total,d_total,wt_interface,om_interface,d_interface,tot_stab_mut_close,tot_stab_mut_distal,tot_stab_other_close,tot_stab_other_distal,tot_destab_mut_close,tot_destab_other_close,tot_destab_mut_distal,tot_destab_other_distal,int_destab_mut,int_destab_other,int_stab_mut,int_stab_other
7LRT,1,rpk,cons,-213.20831650160068,-213.2857902915183,-0.07747378991763298,-32.19404236758188,-30.326247134705994,1.867795232875885,,339;376;408;505,,374;419;447,478;493,,371;375;501,415;420,,,,
7LRT,1,rpk,free,-372.6990378944097,-382.7334189417685,-10.034381047358806,-48.57176898235566,-41.834612704179214,6.7371562781764425,,339;373;408;505,490,328;345;347;372;384;399;401;415;435;441;449;472;527,417;478,476;479,375;405,350;385;402;432;438;443,478,479,493,487
7LRT,1,af2,cons,-614.3724605906928,-486.8737675977517,127.49869299294107,-32.092376892113464,-18.357062863747434,13.73531402836603,,339,483;485;490,496;500;502;518,477;478;493,453;456;473;474;475;476;479;480;486;487;488;495,371;373;405;501,351;365;372;442;446;449;451;457;459;461;467;469;491;492;494;497;506;520;522;541,477,475;476,498,474;495
7LRT,1,af2,free,-660.699861448475,-596.2141129438769,64.48574850459806,-64.93155272916432,-24.946273045979108,39.98527968318521,,339,481;482;483,367;369;390;407;424;436;443;450;454;500;502;518;527,477;478;484;493;501,453;456;474;475;479;486;487;495;497,405;452,337;368;374;377;386;391;418;425;430;435;442;445;446;447;448;451;492;506;519;520,477;478;484,455;456;475;476;479;483;485;486;487;488;489,498,481;495
