pdb,antibody,method,constrained,wt_total,om_total,d_total,wt_interface,om_interface,d_interface,tot_stab_mut_close,tot_stab_mut_distal,tot_stab_other_close,tot_stab_other_distal,tot_destab_mut_close,tot_destab_other_close,tot_destab_mut_distal,tot_destab_other_distal,int_destab_mut,int_destab_other,int_stab_mut,int_stab_other
7KN4,1,rpk,cons,-508.2553378377121,-476.11803411618223,32.13730372152986,-48.45945100339618,-38.698106026345215,9.761344977050967,,339;408,,,484;486;498;501,446,371;373;375;376,372;499,486;501;505,,,
7KN4,1,rpk,free,-533.5195649829616,-512.8389193121884,20.680645670773174,-55.8222851151352,-46.50199973831433,9.32028537682087,,339,489;496,368;508,405;484;501,499,371;373,365;369;370;372;374;439;450;506,417;478;486;501,,,496
7KN4,1,af2,cons,-616.8942694507659,-515.6837648313434,101.21050461942252,-37.67160629826145,-23.618393923991952,14.0532123742695,,339,481;483;485;500;502,,405;452;477;478;501,446;454;455;456;475;479;487;488;489;492;493;494;495;497;503,,365;442;445;448;451;457;461;467;469;472;480;491;506,484;486;501;505,456;475;487;489,478,474;495
7KN4,1,af2,free,-663.6294894326975,-616.0836720451348,47.54581738756269,-60.9854710724507,-47.284913944513605,13.700557127937095,,339,483;485;490;500;502,320;338;358;367;369;390;423;427;436;518,405;477;484;505,446;448;449;479;487;488;489;491;492;493;494;495;496;497,375,326;368;430;445;451;460;471;480;506;528,484;505,449;475;488;489;490;493;494;496,501,487;495;503
