pdb,antibody,method,constrained,wt_total,om_total,d_total,wt_interface,om_interface,d_interface,tot_stab_mut_close,tot_stab_mut_distal,tot_stab_other_close,tot_stab_other_distal,tot_destab_mut_close,tot_destab_other_close,tot_destab_mut_distal,tot_destab_other_distal,int_destab_mut,int_destab_other,int_stab_mut,int_stab_other
7CAC,1,rpk,cons,-805.0792935196582,-611.1920761403601,193.88721737929814,-57.54474900466242,-49.72004895015288,7.824700054509542,,339;496,,490;442,371;373;375;478;484,372;374,501;493,449;452,478,,375,
7CAC,1,rpk,free,-1016.6818640019457,-846.3382676251734,170.3435963767722,-72.03840610188965,-74.46362398215078,-2.4252178802611297,,493;496,369;479;368;436,454;491;497;336;366;393;409;428;434;517;518,371;373;375;484,372;374,498,449;490;323;331;334;362;367;499;516;524,478,369,375,486;487
7CAC,1,af2,cons,-1197.9582042418683,-1187.1779748487415,10.780229393126774,-44.13461257846535,-52.15307453631323,-8.018461957847876,,339,369;372;406;483;485,367;518,375;478;373,368;374;389;435;486;369;384;528,496;501;446,365;420;434;452;489,478,479;486;385,375,369;374;508
7CAC,1,af2,free,-1310.434523295904,-1311.8013483916511,-1.3668250957471173,-75.67216695298049,-54.03227822773166,21.63988872524883,,339,369;372;406;483;485;503,393;516;518;527;338;358;367;390;436,478,374;435;489;528;369;379;383;407;412,446;501,455;332;365;387;391;402;444,478;484;375,369;370;372;377;380;383;385;389;412;414,477;373,503;504
