pdb,antibody,method,constrained,wt_total,om_total,d_total,wt_interface,om_interface,d_interface,tot_stab_mut_close,tot_stab_mut_distal,tot_stab_other_close,tot_stab_other_distal,tot_destab_mut_close,tot_destab_other_close,tot_destab_mut_distal,tot_destab_other_distal,int_destab_mut,int_destab_other,int_stab_mut,int_stab_other
7BEP,3,rpk,cons,-537.7671168619416,-521.7540093211601,16.01310754078156,-43.5111747511006,-38.78391105168585,4.727263699414749,,339;408,,,484,,371;373;375;501,372,484,490,,
7BEP,3,rpk,free,-555.3760151856794,-545.6154520445417,9.760563141137709,-54.954199969887725,-56.41790710975326,-1.4637071398655337,,339;505,450,,484,490,371;373;375;405,372;434,484,490;493,478,449;494
7BEP,3,af2,cons,-611.8952446164456,-536.778242361226,75.11700225521952,-23.84395567386468,-17.282924972772804,6.561030701091877,,339,485,443;500;502,452,446;449;456;475;479;487;488;492;494;495;497,405;477,365;420;442;448;451;453;454;457;467;469;474;491;506,486,481;483;488;489;490,484,493;495
7BEP,3,af2,free,-659.175395739101,-630.579574078376,28.595821660724937,-30.76806510216208,-42.88058968980653,-12.112524587644447,,339,483;485;490;493;499,320;338;346;347;358;367;369;382;389;390;392;421;436;500;502,452;501,446;453;480;487;492;495;497,375;405,326;368;406;442;445;447;448;451;457;460;461;466;467;479;491;503;506;526,484,481;489;490,486;498,475;483;492;493;495
