pdb,antibody,method,constrained,wt_total,om_total,d_total,wt_interface,om_interface,d_interface,tot_stab_mut_close,tot_stab_mut_distal,tot_stab_other_close,tot_stab_other_distal,tot_destab_mut_close,tot_destab_other_close,tot_destab_mut_distal,tot_destab_other_distal,int_destab_mut,int_destab_other,int_stab_mut,int_stab_other
7CWT,3,af2,cons,-814.7793495328143,-795.4946247590826,19.284724773731682,-14.9483247261512,-13.652746026847915,1.2955786993032845,,67;95,147,18;19;21;22;75;76;77;111;124;138;213;nan;215;216;260,142;143;144,146;149;152;153;156;246;249;254;256;257,212,20;23;102;179;187;210;245;255;259;272,,146;148;155;248,,147;149;257
7CWT,3,af2,free,-878.1648135714806,-883.298916397712,-5.134102826231356,-26.502626048562362,-10.310644310810405,16.19198173775196,,67;95,77;147;248,19;54;76;81;94;97;111;114;122;128;138;186;213;nan;215;216;222;242;259;260;301,142;143;144,20;146;151;153;246;249;255;256,70;212,17;21;23;48;98;100;152;179;180;183;191;262,144;145,147;148;246;248;256;257,,150
