pdb,antibody,method,constrained,wt_total,om_total,d_total,wt_interface,om_interface,d_interface,tot_stab_mut_close,tot_stab_mut_distal,tot_stab_other_close,tot_stab_other_distal,tot_destab_mut_close,tot_destab_other_close,tot_destab_mut_distal,tot_destab_other_distal,int_destab_mut,int_destab_other,int_stab_mut,int_stab_other
7MJJ,1,rpk,cons,-532.6111782301884,-532.4033453281232,0.20783290206520633,-43.412564814457546,-37.2781516155788,6.134413198878747,,339,496,497,405,489,371;375;376,372,477;493,,498,
7MJJ,1,rpk,free,-580.018056593404,-581.4954602622431,-1.477403668839088,-53.934140078256675,-42.31349130091267,11.620648777344002,,339,474;490,434;451;480;497,,495,371;375,372,417;493;505,403;456,478,
7MJJ,1,af2,cons,-611.3845479502123,-496.9799582442202,114.40458970599212,-32.22692726855681,-18.580050431826713,13.646876836730094,,339,490;500;502,434;483;518,405;477;478;493;501;505,453;456;457;473;475;476;479;480;487;488;492;494;495;506,371;373,346;351;365;372;446;449;451;454;461;467;469;471;491;497;520;522;538;541,478;493;501;505,456;476;489,498,473;486;503
7MJJ,1,af2,free,-658.246081031095,-615.5580808442087,42.688000186886256,-58.163046941945325,-21.237954611867746,36.925092330077575,,339,458;474;490;500;502;503,320;367;369;390;407;436;443;471;482;499;518;527,405;493,403;447;449;453;456;457;460;475;487;489;492;495,452,374;391;425;435;445;446;451;454;465;467;472;491;497;506;519;520;528,417;493;505,403;415;420;421;453;455;456;457;460;473;475;487;489,498;501,495;503
