pdb,antibody,method,constrained,wt_total,om_total,d_total,wt_interface,om_interface,d_interface,tot_stab_mut_close,tot_stab_mut_distal,tot_stab_other_close,tot_stab_other_distal,tot_destab_mut_close,tot_destab_other_close,tot_destab_mut_distal,tot_destab_other_distal,int_destab_mut,int_destab_other,int_stab_mut,int_stab_other
7MMO,1,rpk,cons,-574.8861650267868,-562.6226889269171,12.26347609986965,-49.494820282488135,-51.131609460962636,-1.6367891784745012,,339,,,,,371;373;375;376;405,372;455,,,498,
7MMO,1,rpk,free,-594.7733201611157,-594.6334564434628,0.13986371765292915,-51.463718733105935,-53.02374573067827,-1.5600269975723364,,339,502,368;369;434;508,,,376;405,372;455,,,498,
7MMO,1,af2,cons,-617.0799925714275,-514.5976971082766,102.48229546315088,-47.601266535135636,-13.550476139225275,34.05079039591036,,339,502,483;490;518,501,442;444;445;447;448;451;506,371;373;405;493,351;365;372;453;454;455;456;457;461;471;473;475;479;487;491;492;494;495;497;520;522;541,498,345;444;445;450;499;500,,346;446
7MMO,1,af2,free,-665.2421868199768,-611.0399195404997,54.202267279477155,-51.37347545265709,-30.923530302717886,20.449945149939204,,339;478,450;502;504,338;354;367;390;421;483;490;518,501,441;444;445;446;447;448;506,371;405;493,365;374;377;391;403;420;453;454;455;456;457;465;467;479;480;487;491;492;495;497;517;519;520,,345;439;441;444;445;499;500,,446;503;504
