pdb,antibody,method,constrained,wt_total,om_total,d_total,wt_interface,om_interface,d_interface,tot_stab_mut_close,tot_stab_mut_distal,tot_stab_other_close,tot_stab_other_distal,tot_destab_mut_close,tot_destab_other_close,tot_destab_mut_distal,tot_destab_other_distal,int_destab_mut,int_destab_other,int_stab_mut,int_stab_other
7JV6,3,rpk,cons,-548.0848494289426,-530.9860160202926,17.098833408649966,-44.999296574363036,-38.66292898176869,6.33636759259435,,339,,406,484;501,,371;373;375,372;455,484,,,
7JV6,3,rpk,free,-569.6262521233609,-557.6071343464043,12.019117776956591,-46.57338149329446,-42.497385978646335,4.0759955146481275,,339;408,,403;409,484;501,,371;373;375,372,484,,,489
7JV6,3,af2,cons,-602.3804894785629,-534.7290473422961,67.65144213626684,-18.10092597412758,-17.458822424034597,0.6421035500929833,,339,446;483;485;500;502,,452,448;449;479;480;488;491;494;495;497,405;477,365;442;451;454;456;457;465;467;469;474;475;487;492;506,,449;481;490,501,446;495
7JV6,3,af2,free,-656.6100669604991,-616.8059342940717,39.80413266642745,-30.773959291724246,-30.825121625655726,-0.05116233393147951,,339;478,483;485;496;499;500;502,320;338;358;367;369;382;390;392;407;418;436;443;527,,445;446;447;449;487;489;493;495;497,405,326;356;368;377;402;403;442;451;453;454;471;491;492;506;528,484,446;449;483;490,501,495;502;503
