pdb,antibody,method,constrained,wt_total,om_total,d_total,wt_interface,om_interface,d_interface,tot_stab_mut_close,tot_stab_mut_distal,tot_stab_other_close,tot_stab_other_distal,tot_destab_mut_close,tot_destab_other_close,tot_destab_mut_distal,tot_destab_other_distal,int_destab_mut,int_destab_other,int_stab_mut,int_stab_other
7VND,1,rpk,cons,-184.31284168020943,-177.94181105944182,6.371030620767613,-39.80506391995999,-39.49162515432429,0.31343876563570205,,339;373;408,,497,452,446,405,455,,,,
7VND,1,rpk,free,-431.1194766848782,-416.81862160660995,14.300855078268228,-48.387267522977325,-51.324771039169576,-2.937503516192251,,339;373,353;448;453;466,342;365;398;401;422;423;512,452,345;354;446;468;472;491,405,370;374;403;406;424;435;439;499;509,452,354;444;468,,348;454;492;494
7VND,1,af2,cons,-606.4626629139569,-527.6170183575127,78.8456445564442,-24.04496276291931,-13.267188631772044,10.777774131147268,,339,347;470;472;481;483;490;496,443;485;502;508,452;501,446;448;449;451;467;469;491;492;493;494;495;497,405;477,365;442;453;454;455;456;457;474;475;479;487;506,,346;354;444;449;450;494,,445;470;492;497
7VND,1,af2,free,-662.6119458041562,-610.7518062546909,51.860139549465316,-49.4128766588271,-34.094179162346194,15.318697496480908,,339;478,443;472;483;499,367;369;390;436;500;502,452,354;446;451;491;493;494;495;497,375;405,326;337;368;430;442;453;465;487;506,,346;444;449;450;494,,356;445;492
