pdb,antibody,method,constrained,wt_total,om_total,d_total,wt_interface,om_interface,d_interface,tot_stab_mut_close,tot_stab_mut_distal,tot_stab_other_close,tot_stab_other_distal,tot_destab_mut_close,tot_destab_other_close,tot_destab_mut_distal,tot_destab_other_distal,int_destab_mut,int_destab_other,int_stab_mut,int_stab_other
7CZY,1,rpk,cons,-443.7192614806121,-423.1779538352436,20.541307645368477,-24.954814726717874,-21.716799421955574,3.2380153047622997,,339,,,477;484,,371;373;375;405,372,486,,,
7CZY,1,rpk,free,-519.5400771396219,-510.20450776610954,9.335569373512328,-37.702621320826026,-32.27428554293504,5.428335777890986,,,473,386,405;477;484;501,,371;375,370,486;505,,498,473
7CZY,1,af2,cons,-607.81777645083,-534.3367278219165,73.48104862891353,-22.832523939820152,-24.53080344091575,-1.6982795010955982,,339,481;483;485;502,383,477;501,453;455;456;457;473;474;476;479;489;494;495,405,365;442;445;446;448;451;454;467;469;488;491;492;497;506,477;484;486,473;476;489,498;501,475;495
7CZY,1,af2,free,-660.8348175693636,-600.7834253471907,60.05139222217292,-61.510022015607824,-50.6276245402511,10.882397475356726,,339,472;481;485;499;502,320;347;367;372;382;390;443;508;517;527,452;477,453;456;457;480;487;489;492;493;495;497,371;405,326;407;442;445;446;447;448;451;454;491;506;507;518;522,477;484;486,456;473;476;483;487;489;493,478;498;501,474;479;481;494;495
