pdb,antibody,method,constrained,wt_total,om_total,d_total,wt_interface,om_interface,d_interface,tot_stab_mut_close,tot_stab_mut_distal,tot_stab_other_close,tot_stab_other_distal,tot_destab_mut_close,tot_destab_other_close,tot_destab_mut_distal,tot_destab_other_distal,int_destab_mut,int_destab_other,int_stab_mut,int_stab_other
7CWS,3,rpk,cons,-255.81324415530025,-232.8650397734737,22.948204381826542,-46.03507221028427,-43.289759333387686,2.745312876896584,,339,436,,371;373;375,372;374,498,497,376;408,508,373,414
7CWS,3,rpk,free,-482.24471784001474,-478.32223267954936,3.922485160465385,-58.01729726501591,-48.02138522042686,9.995912044589055,,339;505,365;366;369;387;388;433;436,336;361;364;393;410;451,371;373;375;405,370;374;378;412,452;484,367;422;454;491;492,405;408,377;378;380;414,375,368;369
7CWS,3,af2,cons,-580.1479290899995,-501.8964771096864,78.2514519803131,-24.500215541613695,-29.185709707676192,-4.685494166062497,,339,367;368;372;377;384;387;502;508,443;481;483;485;490;496,371;373;375;405,374;434;503;506,477;501,357;394;442;446;448;451;453;454;455;456;457;465;467;469;474;475;479;480;487;491;492;493;494;495;497,373;405,370;383;385;503,375,369;372;377
7CWS,3,af2,free,-659.2878653914366,-614.7019806192102,44.58588477222645,-54.900815646506736,-60.43315359732807,-5.532337950821336,,339;478;484,381;388;508;528,347;354;390;421;425;473;483;485;490;499;502,405,369;380;503;506,477;501,356;438;442;445;446;448;451;456;457;465;469;475;480;487;491;492;493;495;497;515;518,408,370;372;412,373,369;374;377;386;389;427
