pdb,antibody,method,constrained,wt_total,om_total,d_total,wt_interface,om_interface,d_interface,tot_stab_mut_close,tot_stab_mut_distal,tot_stab_other_close,tot_stab_other_distal,tot_destab_mut_close,tot_destab_other_close,tot_destab_mut_distal,tot_destab_other_distal,int_destab_mut,int_destab_other,int_stab_mut,int_stab_other
7E8F,3,rpk,cons,-470.30051007650377,-440.03688895083184,30.263621125671932,-54.297062832497716,-47.93103672503967,6.3660261074580475,,339,,,501,,371;373;375,372;446,408;417;505,,478,
7E8F,3,rpk,free,-510.2417189188657,-500.4069391312687,9.834779787596972,-64.3007298725147,-59.62671220792903,4.674017664585662,,339,,450,405;498;501,421;490,371;375,,417;505,489,478;501,500
7E8F,3,af2,cons,-614.0911430286224,-460.0746503806665,154.01649264795583,-42.66602635263132,4.185538036937389,46.85156438956871,,339,490;496;500;502,483;518,405;477;478;493;498;501,449;453;454;455;456;473;474;475;476;479;480;487;488;494;495;497;503;506,371;373,346;351;365;372;442;446;451;465;467;491;492;520;522;541,477;478;501;505,455;474;475;476;480;489;502,,457;486;495
7E8F,3,af2,free,-662.1190812305498,-616.0961825564968,46.02289867405295,-67.96669047634884,-14.931041941545171,53.03564853480367,,339,474;483;490;500;502;503,320;338;367;380;390;518;527,405;493;501;505,403;421;446;453;456;475;489;495;497,371;452,365;374;377;381;391;442;445;448;451;479;492;506;517;519;520;528,417;501;505,403;420;421;455;456;460;473;475;476;489,,503
