pdb,antibody,method,constrained,wt_total,om_total,d_total,wt_interface,om_interface,d_interface,tot_stab_mut_close,tot_stab_mut_distal,tot_stab_other_close,tot_stab_other_distal,tot_destab_mut_close,tot_destab_other_close,tot_destab_mut_distal,tot_destab_other_distal,int_destab_mut,int_destab_other,int_stab_mut,int_stab_other
7KKK,1,rpk,cons,-716.0190231023431,-679.5533682679709,36.46565483437223,-47.419945555013356,-29.657629271927483,17.762316283085873,,339,,,446;493;496,447;455,371;373;375,,493;496;498;505,,501,
7KKK,1,rpk,free,-729.2674204081434,-712.5983144561092,16.669105952034215,-52.26771263109868,-36.32589606676582,15.94181656433286,,339,,372;374,446;493;496,447;449;452,371;375,,446;493;496;498;505,489,501,
7KKK,1,af2,cons,-613.3263591360983,-594.7549562266544,18.57140290944392,-35.68411099576934,-22.03673630862162,13.647374687147718,,339;371,483;485,367;369;372;481;518,493;496,448;449;452;453;494;495,375,365;368;374;434;435;528,493;496;498;505,483,501,486;489
7KKK,1,af2,free,-654.6274632399172,-657.2047923511323,-2.577329111215022,-55.11338923704746,-37.78226621845351,17.33112301859395,,339;371,485,326;369;393;406;481;518,496;505,448;486;489;490;497,,356;374;435;444;499;519,493;498;505,403;489;490,484;501,485
