pdb,antibody,method,constrained,wt_total,om_total,d_total,wt_interface,om_interface,d_interface,tot_stab_mut_close,tot_stab_mut_distal,tot_stab_other_close,tot_stab_other_distal,tot_destab_mut_close,tot_destab_other_close,tot_destab_mut_distal,tot_destab_other_distal,int_destab_mut,int_destab_other,int_stab_mut,int_stab_other
7KML,3,rpk,cons,-585.2940872990099,-567.3476898665099,17.94639743250002,-44.516169341463545,-34.60285112955324,9.913318211910308,,,403,,405;452;486;501,,371;373;375,496,417;486,,,
7KML,3,rpk,free,-600.0040353407605,-587.5992177925141,12.404817548246456,-44.60823164958759,-36.75952758035611,7.848704069231481,,,403;406,389,405;486;501,490,371,446,417;486,,505,403
7KML,3,af2,cons,-608.2978727217571,-530.0301007800823,78.26777194167482,-28.96936479630556,-21.18073006916197,7.788634727143588,,339,483;485;490;502,481;500,405;477,449;453;455;457;473;475;479;487;488;492;493;494;495;497,,365;442;445;446;448;451;454;467;469;491;506,417;505,456;473;475;489,478,403;495
7KML,3,af2,free,-656.6320633762887,-629.868096680067,26.7639666962217,-48.31231022590327,-47.4487488510402,0.8635613748630675,,339,455;485;490;499;500;502,338;347;358;367;369;374;390;436;443;472,405;417;452;501,421;456;487;491;492;495;497,375,356;365;368;391;442;445;446;447;448;451;465;479;480;506,417;484;505,421;473;475;483;487;489;493,478;486;498,485;495;503
