pdb,antibody,method,constrained,wt_total,om_total,d_total,wt_interface,om_interface,d_interface,tot_stab_mut_close,tot_stab_mut_distal,tot_stab_other_close,tot_stab_other_distal,tot_destab_mut_close,tot_destab_other_close,tot_destab_mut_distal,tot_destab_other_distal,int_destab_mut,int_destab_other,int_stab_mut,int_stab_other
7LS9,1,rpk,cons,-527.7472014596252,-518.4171978316231,9.330003628002146,-47.02607264687809,-42.79689690261903,4.229175744259059,,339;373,,436,446;484;498;501,,375,502,498,,,
7LS9,1,rpk,free,-577.6734557456598,-583.1576981380387,-5.48424239237886,-47.089709380556,-43.05716621071592,4.032543169840082,,339;373,,365;369;377;390;392;404;406,446;484,447;490,371;375,502,446;484,447,,445
7LS9,1,af2,cons,-615.6698058320012,-612.4670049902566,3.202800841744647,-33.23826803573783,-29.382838454862597,3.855429580875235,,339;371,483;485,367;369;372;406;518,496;501,444;448,375,365;368;374;420;434;435;455;528,,490,,
7LS9,1,af2,free,-662.8301912857637,-660.3751589683998,2.45503231736393,-43.51314242747626,-45.220304526681744,-1.7071620992054832,,339;371,447;483,369;406;418;481;516;518;527,446,444;449;455;489;494,,332;356;374;528,,444;445;449;483;490,446;501,351;450;470
