pdb,antibody,method,constrained,wt_total,om_total,d_total,wt_interface,om_interface,d_interface,tot_stab_mut_close,tot_stab_mut_distal,tot_stab_other_close,tot_stab_other_distal,tot_destab_mut_close,tot_destab_other_close,tot_destab_mut_distal,tot_destab_other_distal,int_destab_mut,int_destab_other,int_stab_mut,int_stab_other
7LD1,2,rpk,cons,-273.75471461572585,-250.3074918880866,23.447222727639257,-43.95710374180184,-39.53264411194425,4.424459629857587,,339,,,371;373;375;405;501,372,484,,376;408,,,
7LD1,2,rpk,free,-374.877222822738,-384.9815647602001,-10.104341937462095,-59.7726294932456,-59.82838406317003,-0.0557545699244244,,339;478;498,437;439,326;347;438;442;454;496;497,371;373;376;405,372;499,,351;434;448;487;495,376;405;408,,375,369;370
7LD1,2,af2,cons,-603.3940959426643,-535.7946010292993,67.59949491336499,-29.025801550813338,-18.767168348605786,10.258633202207552,,339,380;502,390;481;483;485;490;541,405,369;377;503;506,477,442;445;446;448;451;454;456;457;461;465;467;469;474;475;479;480;487;491;492;494;495;497,,369;372;377;378;503,375,374
7LD1,2,af2,free,-658.0185540367553,-615.990697899946,42.027856136809305,-41.08930214506655,-30.531942507158018,10.55735963790853,,,382;407;436;500;502,320;347;358;367;390;443;472;483;490,405;501,378;379;420;503,,368;393;402;442;445;446;448;451;453;456;465;479;480;487;491;492;495;497,405;408;501;505,372;378;380;503,373;375,374;377;504;506
