pdb,antibody,method,constrained,wt_total,om_total,d_total,wt_interface,om_interface,d_interface,tot_stab_mut_close,tot_stab_mut_distal,tot_stab_other_close,tot_stab_other_distal,tot_destab_mut_close,tot_destab_other_close,tot_destab_mut_distal,tot_destab_other_distal,int_destab_mut,int_destab_other,int_stab_mut,int_stab_other
6ZLR,3,rpk,cons,-519.834924258509,-502.81053664890374,17.024387609605242,-61.58565256571886,-61.40036664314143,0.18528592257742815,,339;446,,,371;375,372,373;484;501,,,,,
6ZLR,3,rpk,free,-551.236322530624,-547.6219887342843,3.614333796339679,-69.40239394468179,-68.08072541899419,1.321668525687599,,339;446;496,,492,371;373;375,368,,452;490,,,,372
6ZLR,3,af2,cons,-597.7935115926955,-605.5369840957297,-7.743472503034241,-52.904744664375244,-57.20543931300439,-4.300694648629147,,339;484,372;377;517;518,367;393;406;483;485,375,369;374;385;435,496;501,420;455;528,,385;386;390,,369;372;430
6ZLR,3,af2,free,-665.1054437781766,-659.1560913316339,5.949352446542662,-62.16040415411837,-73.02381062402087,-10.8634064699025,,339,372;377;378;390;393;428;430;516;518,360;406;425;483,375,374;382;383;384;434;435;519,446,338;342;358;365;388;455;528,375,369;370;374;377;384,373,372;385;392;428;430;516
