pdb,antibody,method,constrained,wt_total,om_total,d_total,wt_interface,om_interface,d_interface,tot_stab_mut_close,tot_stab_mut_distal,tot_stab_other_close,tot_stab_other_distal,tot_destab_mut_close,tot_destab_other_close,tot_destab_mut_distal,tot_destab_other_distal,int_destab_mut,int_destab_other,int_stab_mut,int_stab_other
7JV4,1,rpk,cons,-572.1272535500582,-551.4553473926763,20.67190615738184,-38.06060856362779,-34.127270768706666,3.9333377949211226,,339;408;505,,503,484;498,496,371;373;375;405;501,372;455;499,484,,,
7JV4,1,rpk,free,-591.1047404539573,-575.9715722626377,15.133168191319669,-40.56095414369108,-34.05828347860842,6.502670665082654,,339;408;501;505,,436;503,484;498,449,371;375,372;374;437,484,,,450
7JV4,1,af2,cons,-602.2181874549979,-526.5928974558698,75.62528999912809,-19.823348909835794,-17.83019166954472,1.9931572402910724,,339,483;485;490;500;502,383;443;508;518,,449;479;487;489;491;494;495;497,371;373;405,365;372;451;453;454;456;457;471;473;492;506;520;522;541,484,449;481;490,501,446;495
7JV4,1,af2,free,-653.6440168754496,-612.565995116867,41.07802175858251,-26.317631129560773,-31.53236813499655,-5.214737005435776,,339;477;478,483;486;490;500;502,320;367;390;407;436;437;443;466;518;527,493,445;446;447;449;487;495,405,368;374;377;391;403;420;435;442;454;455;456;457;469;471;475;491;492;497;506;519;520;528,484,445;449,501,483;494
