pdb,antibody,method,constrained,wt_total,om_total,d_total,wt_interface,om_interface,d_interface,tot_stab_mut_close,tot_stab_mut_distal,tot_stab_other_close,tot_stab_other_distal,tot_destab_mut_close,tot_destab_other_close,tot_destab_mut_distal,tot_destab_other_distal,int_destab_mut,int_destab_other,int_stab_mut,int_stab_other
7BEL,4,rpk,cons,-520.9235547913083,-513.0255243668742,7.898030424434182,-50.82339100856864,-42.837147178959555,7.986243829609087,,339;446,403,374,484,490,371;373;375,372,417;505,,,489
7BEL,4,rpk,free,-544.5669094366389,-538.8184234820837,5.748485954555122,-52.010381975472455,-45.982999196675244,6.027382778797211,,339,403;455,367,498,453,371;373,372;452;499,417;505,405;408,,403;489
7BEL,4,af2,cons,-619.6027199822445,-621.0732767313752,-1.4705567491307647,-39.79503959216424,-38.21555350174857,1.5794860904156636,,339;371,406;483;485,367;369;372;481;518,493;501;505,,375;446,365;368;374;420;434;435;499;528,417;505,,484,403;485
7BEL,4,af2,free,-664.7108535136183,-661.3024735458182,3.4083799678001014,-52.90308337172368,-52.44383561534505,0.45924775637863036,,339,403;480;485,369;372;390;393;451;481;516;518;527,493;501,453,446,332;365;374;389;391;420;448,417;505,483;487,493,403;485;489;490
