pdb,antibody,method,constrained,wt_total,om_total,d_total,wt_interface,om_interface,d_interface,tot_stab_mut_close,tot_stab_mut_distal,tot_stab_other_close,tot_stab_other_distal,tot_destab_mut_close,tot_destab_other_close,tot_destab_mut_distal,tot_destab_other_distal,int_destab_mut,int_destab_other,int_stab_mut,int_stab_other
7LQW,1,af2,cons,-768.4245014986705,-697.928062763431,70.49643873523951,-19.559786987749735,31.08519454875555,50.644981536505284,,,18;20;21;22;75;77;78;153;246,80;111;228;229,,140;158;244;245;248;249;250;251;252;253;254;255;256;258;259;260,25,90;160;197;261;270,,244;249;250;252;253;254;255;258,19,20;77;251;257
7LQW,1,af2,free,-889.9337290903657,-873.8480055666626,16.08572352370311,-16.214163338148524,-26.38818620912558,-10.174022870977055,,142,17;21;144;145;154;256,41;97;108;110;141;153;180;186;212;222;223;237;272,19,77;140;158;242;245;249;257;258,24;25;70,84;115;120;181;221;226;244;259;266,19,,,17;18;244;249;258
