pdb,antibody,method,constrained,wt_total,om_total,d_total,wt_interface,om_interface,d_interface,tot_stab_mut_close,tot_stab_mut_distal,tot_stab_other_close,tot_stab_other_distal,tot_destab_mut_close,tot_destab_other_close,tot_destab_mut_distal,tot_destab_other_distal,int_destab_mut,int_destab_other,int_stab_mut,int_stab_other
7CWT,5,rpk,cons,-366.120414750023,-371.5492052605439,-5.428790510520912,-34.94920530925995,-35.01214766005812,-0.06294235079816701,,339,497,,375;498;501,449,493,,498;505,,446;496,
7CWT,5,rpk,free,-476.87982086776975,-496.85885785067467,-19.979036982904915,-42.16632715737406,-36.97035525993119,5.195971897442874,,339,495,365;368;374;450;451;455;497,375;498,504,371,,,449;499,,
7CWT,5,af2,cons,-609.6098456081772,-605.9354799087719,3.674365699405371,-20.931188059007315,-29.05039180894213,-8.119203749934815,,339;371,503,367;369;372;406;483;485;518,375;446;496;501,499,,365;368;374;420;434;435;455;528,498;505,,501,439;506
7CWT,5,af2,free,-662.6825063003639,-658.725038007422,3.9574682929419396,-41.340816506004344,-37.016788329371686,4.324028176632659,,339;371,,369;390;406;436;451;483;518;527,,439;506,,356;365;374;377;391;392;420;430;455;528,505,405;439;445,446,504
