pdb,antibody,method,constrained,wt_total,om_total,d_total,wt_interface,om_interface,d_interface,tot_stab_mut_close,tot_stab_mut_distal,tot_stab_other_close,tot_stab_other_distal,tot_destab_mut_close,tot_destab_other_close,tot_destab_mut_distal,tot_destab_other_distal,int_destab_mut,int_destab_other,int_stab_mut,int_stab_other
7B14,1,rpk,cons,-355.63098688805087,-335.8644921606432,19.76649472740769,-32.10743784029111,-27.966218470086922,4.14121937020419,,339,,,417;452;484;501,,371;405,372;502,417;452;484;498,,478;493,
7B14,1,rpk,free,-468.57278734365644,-460.68701477667,7.885772566986418,-58.06610914975722,-54.89854668657451,3.167562463182705,,339;408,351;497,365;407;409;410;423;442;508,417;484,453;489;492,371,366;372;377;401;419;433;506,417,486;489;492,478;493,447;448
7B14,1,af2,cons,-614.9345827182813,-519.0562943219857,95.8782883962956,-27.622133981862284,-31.551272273571044,-3.9291382917087603,,339,483;490;500;502,518,417;452;484;493;498;501,351;403;446;449;453;456;475;487;489;491;492;494;495;497,371;373;405,346;365;372;391;448;451;454;457;461;469;471;473;474;479;506;520;538;541,417;452;493,483;490;494,501,486;495;497
7B14,1,af2,free,-660.0867451708532,-619.8927160357107,40.1940291351425,-69.45572884087967,-53.7220440380875,15.733684802792169,,339,474;486;499;502,320;338;354;367;389;390;422;443;473;518;527;541,417;452;493,445;446;449;455;489;492;494;495;497,371;405,365;374;377;391;392;424;433;448;451;454;465;491;506;517;528,417;452;484;493,351;403;444;446;449;483;489;490;492;494,498;501,486;487;495;499;503
