pdb,antibody,method,constrained,wt_total,om_total,d_total,wt_interface,om_interface,d_interface,tot_stab_mut_close,tot_stab_mut_distal,tot_stab_other_close,tot_stab_other_distal,tot_destab_mut_close,tot_destab_other_close,tot_destab_mut_distal,tot_destab_other_distal,int_destab_mut,int_destab_other,int_stab_mut,int_stab_other
7BEO,4,rpk,cons,-484.8999586132439,-464.40721813272296,20.492740480520922,-42.476310211767284,-43.44747292812446,-0.9711627163571777,,339,,406,478;493,,371;375;446;501,372,,,493,
7BEO,4,rpk,free,-528.7848225629558,-509.75277535491784,19.032047208037966,-48.78201340015052,-47.60992181546128,1.172091584689241,,339,491,406,478;484;493,,375;446,372;374;452,478;484,,,
7BEO,4,af2,cons,-615.222941829489,-616.3563778987624,-1.1334360692734435,-36.95269697515385,-38.82191630603423,-1.8692193308803837,,339;371,481;483;485,367;369;372;406;409;451;518,478,490,375;496;501,365;368;374;434;435;452,,487,,489
7BEO,4,af2,free,-664.337622423363,-668.5377024165416,-4.200079993178633,-44.88165737792103,-43.41355678719875,1.4681005907222797,,339;371,483;485,369;389;406;450;518,,,446,374;430;448;526,484,487,,489
