pdb,antibody,method,constrained,wt_total,om_total,d_total,wt_interface,om_interface,d_interface,tot_stab_mut_close,tot_stab_mut_distal,tot_stab_other_close,tot_stab_other_distal,tot_destab_mut_close,tot_destab_other_close,tot_destab_mut_distal,tot_destab_other_distal,int_destab_mut,int_destab_other,int_stab_mut,int_stab_other
7D30,1,rpk,cons,-490.28825502099744,-466.05891719483856,24.229337826158883,-68.32229300112925,-62.942759766133705,5.379533234995549,,,,,417;484;486,,371;373;375;405,370;372,417;484;486;505,,478;501,
7D30,1,rpk,free,-560.6541635350088,-531.762092385377,28.892071149631875,-70.15231696298251,-70.73718079751,-0.5848638345274964,,408,,,417;484;486,,371;373;375,370;372,417;486,,452;478;498;501,488
7D30,1,af2,cons,-597.8445571686501,-516.4173151065677,81.42724206208243,-34.064509692120865,-25.046133950621254,9.01837574149961,,339,481;482;483;485;499;500;502,,417;452;498;501;505,446;449;451;453;455;456;487;488;489;492;494;495;497;506,405;477,365;442;448;454;457;465;467;469;474;475;479;491,417;505,449;453;483;485;490;494,484;498;501,493;495;499;500;503
7D30,1,af2,free,-658.9990697511914,-617.6606263358369,41.338443415354504,-51.40866679661725,-28.74661010401589,22.662056692601357,,339,472;485;489;490;499;500;502,320;338;358;367;369;374;390;401;421;436;481,417,406;445;446;449;453;487;492;494;495;497,375;405,326;357;368;394;418;420;442;451;457;465;475;479;491;506,417;505,449;453;483;490;500,486;498;501,499;503
