pdb,antibody,method,constrained,wt_total,om_total,d_total,wt_interface,om_interface,d_interface,tot_stab_mut_close,tot_stab_mut_distal,tot_stab_other_close,tot_stab_other_distal,tot_destab_mut_close,tot_destab_other_close,tot_destab_mut_distal,tot_destab_other_distal,int_destab_mut,int_destab_other,int_stab_mut,int_stab_other
7FG3,1,rpk,cons,-87.8982973282984,-74.80200218555021,13.09629514274819,-24.482664431205507,-25.019718982418556,-0.5370545512130498,,339;446,,369,,449,371;373;375;493,372;377;480,,,,
7FG3,1,rpk,free,-288.83022617649124,-282.52325201282565,6.306974163665586,-48.37020850314488,-43.15456096098305,5.2156475421618325,,339,,405;407;418;438;483;486;509;536;539,,354;448;466;472;490,373;417,372;374;432;439;443;462;467;480;481;482;537,496,354;449;452;488,493,450
7FG3,1,af2,cons,-606.2670535117406,-617.7951094514586,-11.528055939718001,-35.99740732454296,-32.98193176427938,3.0154755602635817,,339;371,451;472;481;483;485,367;369;372;406;518,446,449;494,375;501,365;368;374;389;434;435;489;499,,450;482,,483
7FG3,1,af2,free,-661.7299293104859,-668.8202053039431,-7.090275993457226,-48.16804499818594,-51.86689279805685,-3.6988477998709115,,339;371,349;450;483;485,369;393;406;518;528,446,444;489,501,356;374;435;526,,346;354,,349;449;450
