pdb,antibody,method,constrained,wt_total,om_total,d_total,wt_interface,om_interface,d_interface,tot_stab_mut_close,tot_stab_mut_distal,tot_stab_other_close,tot_stab_other_distal,tot_destab_mut_close,tot_destab_other_close,tot_destab_mut_distal,tot_destab_other_distal,int_destab_mut,int_destab_other,int_stab_mut,int_stab_other
6ZXN,2,rpk,cons,-434.20324917290964,-415.1740598282293,19.029189344680333,-30.806445021126393,-36.31215723197376,-5.5057122108473635,,339,,,446;496,447,371;373;375;501,370;372,,,,449
6ZXN,2,rpk,free,-501.5076115092724,-508.0823030225652,-6.574691513292805,-51.7656796602181,-64.72801263552158,-12.962332975303482,,339,451;488,403;405;406;418,446,455;472,375,,,450;472,484;493,349;487;488;489
6ZXN,2,af2,cons,-617.2009385807921,-613.7450784931889,3.4558600876032415,-36.82092019692257,-27.889394041724795,8.931526155197776,,339;371,481;485,367;369;372;406;518,,447;494,375;501,365;368;374;389;420;434;435;455;499,484,447;482;483,446,
6ZXN,2,af2,free,-670.2133559951417,-659.8870782816675,10.326277713474155,-67.76250412741179,-61.86752068534623,5.894983442065559,,339;371,485,369;372;390;393;406;480;518;527,446;496,455;482;494,501,332;350;365;374;497;499;519;528,484,483;487,,349;449;450
