pdb,antibody,method,constrained,wt_total,om_total,d_total,wt_interface,om_interface,d_interface,tot_stab_mut_close,tot_stab_mut_distal,tot_stab_other_close,tot_stab_other_distal,tot_destab_mut_close,tot_destab_other_close,tot_destab_mut_distal,tot_destab_other_distal,int_destab_mut,int_destab_other,int_stab_mut,int_stab_other
7CH5,1,rpk,cons,-476.2885555134963,-462.89094404770276,13.397611465793545,-52.03408854794476,-51.3058012256714,0.7282873222733599,,339,,,405;498;501,,371;375;376;484,372;446,,,478,
7CH5,1,rpk,free,-509.6545485113937,-501.947427480483,7.707121030910741,-69.03650881772224,-74.30329563100493,-5.2667868132826925,,339,475;496,370;374,405;498,489,371;375,372;377;446,405,456;489,505,421;475;502
7CH5,1,af2,cons,-608.8666211431403,-457.15314930393413,151.71347183920614,-43.479898997279314,0.775277361055549,44.255176358334865,,339,481;482;489;490;500;502,483;518,405;477;478;493;501;505,453;456;471;473;474;475;476;479;480;486;487;488;495,371;373,346;351;365;372;446;449;451;465;467;469;491;492;494;497;506;520;522;541,417;477;478;493;501;505,453;473;474;475;476;480,,457;472;479;503
7CH5,1,af2,free,-656.8211327364604,-610.9903146054214,45.830818131038995,-58.41463380429372,-31.795533975410372,26.61909982888335,,339,407;483;490;500;502;508,320;338;367;382;436;443;466;472;518,405;493;501;505,453;455;456;457;460;475;486;487;489;495;506,452,368;374;391;442;445;446;448;451;454;469;491;492;497;519;520,477;493;501;505,420;453;455;456;458;460;473;475;476;486;487;489,405;408;417;498,416;503;504;506
