pdb,antibody,method,constrained,wt_total,om_total,d_total,wt_interface,om_interface,d_interface,tot_stab_mut_close,tot_stab_mut_distal,tot_stab_other_close,tot_stab_other_distal,tot_destab_mut_close,tot_destab_other_close,tot_destab_mut_distal,tot_destab_other_distal,int_destab_mut,int_destab_other,int_stab_mut,int_stab_other
7CAI,1,rpk,cons,-328.8661166820915,-236.18859149847157,92.67752518361993,-29.365187868403535,-29.696220321125647,-0.3310324527221127,,339,,,371;373;375,370;372;374,,,373;408,,375,369
7CAI,1,rpk,free,-472.61438909734676,-378.39860201636156,94.2157870809852,-41.971664264089235,-40.518932232707314,1.4527320313819203,,,368;504,493,371;373;375;376,372;374;506,484,364;365;366;492;494;495,405;408,506,373;375,368;369;504
7CAI,1,af2,cons,-587.7400292907669,-494.9649619604721,92.77506733029475,-27.297636588101966,-30.561571075292168,-3.263934487190202,,339,380,347;443;481;483;485;490;500;502,371;373;375;405,368;374;378;385;389;434;503;506,452;477;501,365;403;442;446;448;449;451;453;454;456;457;461;465;467;469;474;475;479;480;487;488;491;492;494;495;497,408,368;370;380;503,373;375,369
7CAI,1,af2,free,-657.4274043873439,-608.0153924618887,49.412011925455204,-38.802562869221035,-40.02404504125281,-1.2214821720317772,,339,369;370;374;380;383;385;412;437,320;347;367;421;483;490;502;528,371;375;405,384;389;414;503;506,501,351;365;391;394;420;433;442;445;446;451;453;454;465;479;487;491;492;493;495;497,375;405;408,372;378;414;503,373,369;374;381;383;385;427
