pdb,antibody,method,constrained,wt_total,om_total,d_total,wt_interface,om_interface,d_interface,tot_stab_mut_close,tot_stab_mut_distal,tot_stab_other_close,tot_stab_other_distal,tot_destab_mut_close,tot_destab_other_close,tot_destab_mut_distal,tot_destab_other_distal,int_destab_mut,int_destab_other,int_stab_mut,int_stab_other
7N0H,1,rpk,cons,-526.0725467315319,-505.7593143712943,20.313232360237635,-51.74220025502948,-44.41653078594311,7.325669469086371,,339,,,446;484;501,494,371;373;375,369,484;505,494,498,
7N0H,1,rpk,free,-590.8985516132284,-579.9245053806534,10.974046232575006,-60.32818443147721,-56.43103632489268,3.897148106584531,,339,453,442,446;484;505,455,371;375,499,484;505,,496;498,
7N0H,1,af2,cons,-603.9252156809295,-611.8565610538982,-7.931345372968735,-35.88453496812989,-32.34594206800297,3.538592900126922,,339;371,472;481;482;485,367;372;406;518,446;496;501,444;448;494,375,365;368;389;420;434;435;499,446,450;483,498,482
7N0H,1,af2,free,-658.490777972408,-668.8889716382998,-10.398193665891881,-52.219240096472355,-52.68554362403195,-0.4663035275595959,,339;371,406;481;483;488,369;372;389;480;518;527,446,448;455;489;494,,332;342;374;430;434;435;526;528,493;505,403,498,405;449
