pdb,antibody,method,constrained,wt_total,om_total,d_total,wt_interface,om_interface,d_interface,tot_stab_mut_close,tot_stab_mut_distal,tot_stab_other_close,tot_stab_other_distal,tot_destab_mut_close,tot_destab_other_close,tot_destab_mut_distal,tot_destab_other_distal,int_destab_mut,int_destab_other,int_stab_mut,int_stab_other
7LY3,2,af2,cons,-804.3973875930608,-748.2932866717667,56.10410092129405,-24.87249894212249,-17.455504390210905,7.416994551911586,,,16;158;246;248,97;111;228;237;272,19,17;141;143;144;145;245;249;250;251;252;253;254;255;256;257;258,24;25;26,23;29;80;140;193;259;270,19,17;144;247;252;253;256,,155;246;248;250;254;255
7LY3,2,af2,free,-899.150053016007,-884.2445511991218,14.905501816885135,-38.65258819147606,-38.7252892842642,-0.07270109278813663,,,15;16;141;145;148;155;158;247;248;252,41;63;79;84;110;138;157;180;184;222;228;272,19,17;140;144;147;154;156;249,25;26,55;64;71;77;80;98;115;170;183;191;202;259;260;261;262;271,19,17;147;246,142,15;16;148;155;158;252
