pdb,antibody,method,constrained,wt_total,om_total,d_total,wt_interface,om_interface,d_interface,tot_stab_mut_close,tot_stab_mut_distal,tot_stab_other_close,tot_stab_other_distal,tot_destab_mut_close,tot_destab_other_close,tot_destab_mut_distal,tot_destab_other_distal,int_destab_mut,int_destab_other,int_stab_mut,int_stab_other
7M8J,1,af2,cons,-818.4789777435855,-792.0093451255627,26.46963261802273,-6.357083400926463,-8.03878934726393,-1.6817059463374662,,,153;248,21;97;111;180;228;229;272,,146;245;249;250,19;24;25;26,17;18;23;77;80;140;193;233;244;256;257;258;259;270,,,,248;251
7M8J,1,af2,free,-899.8645899732121,-875.4059799149618,24.458610058250315,-4.952009406363889,-13.482637043032952,-8.530627636669063,,27;142,246;248;252,15;41;44;95;108;111;151;180;184;222;228;237;242;267;298,,245;249,19;24;25;26,17;23;29;71;77;80;98;140;170;181;183;221;244;254;258;261;262;300,,,,147;251;252
