pdb,antibody,method,constrained,wt_total,om_total,d_total,wt_interface,om_interface,d_interface,tot_stab_mut_close,tot_stab_mut_distal,tot_stab_other_close,tot_stab_other_distal,tot_destab_mut_close,tot_destab_other_close,tot_destab_mut_distal,tot_destab_other_distal,int_destab_mut,int_destab_other,int_stab_mut,int_stab_other
6ZER,1,rpk,cons,-523.1085629518113,-509.97621697478553,13.132345977025807,-56.810079158230444,-57.16720895745506,-0.35712979922461585,,339,,340,,372;374,371;484;501,,,,,
6ZER,1,rpk,free,-557.6093464560669,-551.6355327172942,5.973813738772719,-61.54393215113003,-60.14775798421138,1.396174166918648,,339;408,,450;508,,372;374;434,371;373,,,,,
6ZER,1,af2,cons,-610.1985892689004,-534.262383254649,75.93620601425141,-49.321486210409894,-48.42322609145202,0.8982601189578716,,339,377;384;387;518,367;443;483;490;502;508,373,378,371;405;493;501,346;351;372;446;449;451;453;454;455;456;457;471;473;475;479;487;491;492;494;495;497;506;520;538;541,,378;383,,369;374;377
6ZER,1,af2,free,-658.5197929826606,-621.4805488069508,37.03924417570988,-63.539319299324575,-60.93364009747964,2.6056792018449357,,339;478,383;384;389;515,358;360;367;423;425;443;466;473;483;490;499;502;527,,369;370;378;381;517,371;405;493;501,365;424;442;445;446;447;448;451;454;455;456;457;469;480;487;488;491;492;494;495;497;506;519;520,,385;386;428,,369;374;377;412
