pdb,antibody,method,constrained,wt_total,om_total,d_total,wt_interface,om_interface,d_interface,tot_stab_mut_close,tot_stab_mut_distal,tot_stab_other_close,tot_stab_other_distal,tot_destab_mut_close,tot_destab_other_close,tot_destab_mut_distal,tot_destab_other_distal,int_destab_mut,int_destab_other,int_stab_mut,int_stab_other
7MZJ,4,rpk,cons,-545.181906588564,-519.6950649209214,25.48684166764258,-51.21692935439253,-48.86691374395884,2.350015610433694,,339,,,446;484,,371;373;375;501,369;372,493,,,441
7MZJ,4,rpk,free,-570.2954749091691,-557.2245501539837,13.070924755185388,-52.48013494558083,-50.46771920513653,2.012415740444297,,339;505,452,366;367;406,446;484,,371;375,342;365;368,484,,,
7MZJ,4,af2,cons,-617.7393290685307,-612.3949177411712,5.344411327359467,-46.45962512750189,-39.16321143129155,7.296413696210337,,339;371,483,367;369;372;406;485;518,446,445;447;499,375;501,365;368;374;420;434;435;455,446;484,445,,346
7MZJ,4,af2,free,-665.9411195185853,-666.6285204076298,-0.6874008890445111,-56.66777231650114,-56.53326358219839,0.13450873430275578,,339;371,452;481,356;369;372;406;425;518;527,,346;445,496;501,374;435;526,,347;441;445;483,446;484,351;452;482;494
