pdb,antibody,method,constrained,wt_total,om_total,d_total,wt_interface,om_interface,d_interface,tot_stab_mut_close,tot_stab_mut_distal,tot_stab_other_close,tot_stab_other_distal,tot_destab_mut_close,tot_destab_other_close,tot_destab_mut_distal,tot_destab_other_distal,int_destab_mut,int_destab_other,int_stab_mut,int_stab_other
7ND7,3,rpk,cons,-569.4981714907104,-550.2577825647139,19.240388925996513,-46.657496047719256,-35.6558202276962,11.001675820023053,,339;408,,,484,,371;373;375;405,372,484;486,,,487
7ND7,3,rpk,free,-604.3465633176431,-591.0551982621926,13.29136505545057,-57.0910082085708,-40.61587910277528,16.475129105795517,,339;408,,377;458,484,449,371;375;405,369;372;450,484;486,449,,
7ND7,3,af2,cons,-599.1915019461912,-510.32891900269385,88.86258294349739,-37.91614672421439,-22.88271301525862,15.033433708955773,,339,481;483;485;500;502,443,498;501,446;449;455;456;475;487;488;492;493;494;495;497;503,405;477,346;351;365;448;451;457;467;469;474;479;491;506,486,449;456;483;489;490;493;494,452;498;501,
7ND7,3,af2,free,-656.4505190078866,-618.3185390256706,38.13197998221597,-45.97743834482604,-40.165326655383865,5.812111689442176,,339;478,485;502,320;347;369;372;390;443;472,,446;448;449;455;456;489;491;492;493;494;495;497,405,386;391;442;451;457;461;466;480;506,484,449;483;489;490;493;494,452;501,487;499
