pdb,antibody,method,constrained,wt_total,om_total,d_total,wt_interface,om_interface,d_interface,tot_stab_mut_close,tot_stab_mut_distal,tot_stab_other_close,tot_stab_other_distal,tot_destab_mut_close,tot_destab_other_close,tot_destab_mut_distal,tot_destab_other_distal,int_destab_mut,int_destab_other,int_stab_mut,int_stab_other
7LXZ,4,rpk,cons,-632.4580985461187,-611.8149681922657,20.64313035385294,-47.61130140840598,-41.24902719142945,6.36227421697653,,339,,,501,446;455,371;373;375;405,372,484,,452,
7LXZ,4,rpk,free,-651.632269103051,-639.6259146780692,12.00635442498185,-52.00090073686091,-43.4980849110435,8.502815825817414,,339,495,502;508,484;498;501,446,371;373;405,342;372;374;434;506,484;486,,452,
7LXZ,4,af2,cons,-611.2213255661322,-521.3289834262298,89.89234213990244,-34.745483627515796,-21.240697852616762,13.504785774899034,,339,483;485;500;502,481,452;501,446;448;449;456;475;487;488;491;492;493;494;495;497,405;477,351;365;442;451;457;467;469;474;479;480;506,484,449;483;489;490;493,452;498;501,495
7LXZ,4,af2,free,-660.5663305941982,-619.791695579248,40.77463501495026,-39.871527188483626,-49.296918349652266,-9.42539116116864,,339,450;472;483;490;499;500;502,320;367;369;390;436;481;508,,445;446;448;449;453;487;492;495;497,405,353;368;391;425;442;451;454;466;467;479;491;506;507,484,449;483;489;490;493,452;478;486;498;501,475;487;495;499
