pdb,antibody,method,constrained,wt_total,om_total,d_total,wt_interface,om_interface,d_interface,tot_stab_mut_close,tot_stab_mut_distal,tot_stab_other_close,tot_stab_other_distal,tot_destab_mut_close,tot_destab_other_close,tot_destab_mut_distal,tot_destab_other_distal,int_destab_mut,int_destab_other,int_stab_mut,int_stab_other
7CZT,1,rpk,cons,-465.4859539237252,-446.0378740893585,19.448079834366695,-47.8461867032946,-42.554854536788106,5.291332166506493,,,,,446;484,,371;373;375,369;372,417;498;505,494,,
7CZT,1,rpk,free,-543.6550350323985,-534.9873899495235,8.66764508287497,-68.18569139780519,-68.00470201442617,0.18098938337901416,,339,421;491;497,386,446;484;505,449;455;485;488;490,371;375,370;434,505,455;456;487;490,417;446;498;501,486
7CZT,1,af2,cons,-615.0451653037592,-611.6165359730323,3.428629330726835,-37.62824356656267,-38.33650354306189,-0.7082599764992139,,339;371,483;485,367;369;372;518,498,455;494;495,375,365;368;374;434;435;448;452;528,505,494;495,496;498;501,
7CZT,1,af2,free,-666.8565235279159,-655.3621734865806,11.494350041335338,-59.736447860287925,-74.20014833893501,-14.463700478647084,,339;371,483;495,369;390;450;451;518;527,417;446;477;496,449;453;489;492,,374;391;392;433;448;528,,,498;501,408;420;500
