pdb,antibody,method,constrained,wt_total,om_total,d_total,wt_interface,om_interface,d_interface,tot_stab_mut_close,tot_stab_mut_distal,tot_stab_other_close,tot_stab_other_distal,tot_destab_mut_close,tot_destab_other_close,tot_destab_mut_distal,tot_destab_other_distal,int_destab_mut,int_destab_other,int_stab_mut,int_stab_other
7RKV,1,rpk,cons,-485.73570415470755,-481.45090021639214,4.284803938315406,-48.55628626884332,-48.98914747587109,-0.43286120702777,,339;446,,,371;375,372,484;493;501,,,,,
7RKV,1,rpk,free,-578.7227909191286,-576.3160515676204,2.406739351508122,-55.7770281273578,-52.77349410338222,3.0035340239755826,,339;446;496,405;508,338;366;368;406;452,371;373;375,369;370;372,,455;492,375,403;413,,405
7RKV,1,af2,cons,-607.7147841434448,-604.837273173462,2.8775109699828363,-39.77602161919028,-44.118160776480316,-4.342139157290035,,339,370,367;406;483;485;518,373;375,368;408;435,501,420;434;489;497;499,375,408,373,369;415
7RKV,1,af2,free,-659.9145314439636,-666.3175795859117,-6.4030481419481475,-67.70696096892117,-67.2548085737495,0.45215239517166594,,339,369;377;427,406;418;451;483;518,,374;382;408;428;430;435,446,365;389;448;455,375,383;385;405;408;415;428,373,376;427;508
