pdb,antibody,method,constrained,wt_total,om_total,d_total,wt_interface,om_interface,d_interface,tot_stab_mut_close,tot_stab_mut_distal,tot_stab_other_close,tot_stab_other_distal,tot_destab_mut_close,tot_destab_other_close,tot_destab_mut_distal,tot_destab_other_distal,int_destab_mut,int_destab_other,int_stab_mut,int_stab_other
6ZLR,2,rpk,cons,-522.9680550006033,-494.85775185982095,28.11030314078232,-67.86122689803351,-65.83502913493987,2.0261977630936343,,339;505,,,371;375;376,372,373;484;501,,408,,,
6ZLR,2,rpk,free,-553.0934405143744,-541.9938828230275,11.099557691346831,-77.29005200125887,-79.37912603546154,-2.0890740342026675,,339;505,,506,371;373;375,368,501,366;504,,,,
6ZLR,2,af2,cons,-593.5576756620982,-518.6758076784444,74.88186798365382,-46.53580024088767,-46.23324308419264,0.30255715669503047,,339,377;516;517;518,366;483;490;502,371;373,370,405;493;501,346;351;365;446;449;451;453;454;455;456;457;461;471;473;475;479;487;491;492;494;495;497;506;520;522;541,,321;370,,386;517
6ZLR,2,af2,free,-663.1385692513036,-623.6044515525668,39.534117698736736,-59.41873435696466,-51.72233146493697,7.696402892027692,,339;478,383;392;518,320;326;387;443;483;490;499;500;502,371,368;369;370;386;517;519,405;493;501,420;442;445;446;447;448;449;451;453;457;465;480;491;492;495;497;506;520;526,408,321;370;378;385;386;519,,374;383;428
