pdb,antibody,method,constrained,wt_total,om_total,d_total,wt_interface,om_interface,d_interface,tot_stab_mut_close,tot_stab_mut_distal,tot_stab_other_close,tot_stab_other_distal,tot_destab_mut_close,tot_destab_other_close,tot_destab_mut_distal,tot_destab_other_distal,int_destab_mut,int_destab_other,int_stab_mut,int_stab_other
7CWT,6,af2,cons,-822.3441265640085,-778.4415948626676,43.90253170134099,-14.923972419790488,6.69355451753052,21.61752693732101,,,,18;20;21;22;75;76;78;79;97;111;153;228,,140;146;149;244;245;248;249;251;252;253;256;257,19;24;25,197;254;255;258;259,,144;147;148;251;252;253,,145;249;250
7CWT,6,af2,free,-890.693693834532,-883.2377178224888,7.455976012043266,-10.311243900394704,-34.67122821094921,-24.359984310554506,,,138;242;252;256,20;54;66;71;75;80;97;153;180;212;222;228;260,,145;147;245;249;257;258,19;25,22;55;68;77;78;115;179;181;221;263,,,,147;246;248;249;250;251;252
