pdb,antibody,method,constrained,wt_total,om_total,d_total,wt_interface,om_interface,d_interface,tot_stab_mut_close,tot_stab_mut_distal,tot_stab_other_close,tot_stab_other_distal,tot_destab_mut_close,tot_destab_other_close,tot_destab_mut_distal,tot_destab_other_distal,int_destab_mut,int_destab_other,int_stab_mut,int_stab_other
7BEJ,1,rpk,cons,-565.994237735035,-542.5967188023436,23.397518932691355,-56.58560074034697,-46.68491474154633,9.90068599880064,,339,,,405;417;498;501;505,,371;373,372,417;498;505,,,
7BEJ,1,rpk,free,-584.5849145195104,-569.9930056825087,14.59190883700171,-67.32367647118437,-53.06397512790934,14.259701343275033,,339,496,480,405;417;477;498;505,476,371;373;375,365;368,417;498;505,420;495,478;501,415
7BEJ,1,af2,cons,-617.0868666288675,-479.449770457908,137.63709617095947,-44.65978968761336,-3.0878000752373804,41.57198961237598,,339,481;500;502,483;490;518,405;477;478;505,449;453;454;456;457;459;473;474;475;476;479;487;488;494;495;497,371;373;452,346;351;365;372;391;442;445;446;451;461;465;467;469;491;492;506;520;538;541,417;477;478;505,456;474;475;476;495;502,501,487;489;503
7BEJ,1,af2,free,-666.8757077632556,-614.5587859372691,52.31692182598647,-67.0910539594792,-22.573957515772122,44.517096443707075,,339;478,407;418;474;485;500;502,320;338;358;367;369;390;436;443;450;483;490;518;527,405;417;493;505,455;456;460;487;495;497;506,452,368;374;377;391;430;442;445;446;448;451;465;467;491;492;519;520,405;417;505,403;409;420;455;456;460;473;475;486;487;489;502,498;501,503
