pdb,antibody,method,constrained,wt_total,om_total,d_total,wt_interface,om_interface,d_interface,tot_stab_mut_close,tot_stab_mut_distal,tot_stab_other_close,tot_stab_other_distal,tot_destab_mut_close,tot_destab_other_close,tot_destab_mut_distal,tot_destab_other_distal,int_destab_mut,int_destab_other,int_stab_mut,int_stab_other
6XCN,1,rpk,cons,-450.14021695517266,-419.69142104510445,30.448795910068213,-34.50167005747828,-31.217953476827436,3.283716580650843,,339,,,501,447;449;455,371;373;375;446,370,417;505,,493,
6XCN,1,rpk,free,-526.3450253120268,-522.8704673771323,3.4745579348945057,-44.11271365419857,-39.67069063244242,4.44202302175615,,339,,340;341;347;372;374;376;377;399,,409;415;419;447;455;497,371;375;446;484,336;385,,415,,
6XCN,1,af2,cons,-613.1029226004264,-614.7198788773865,-1.6169562769600816,-28.978540997400074,-26.364120029792158,2.6144209676079164,,339;371,,367;369;372;406;483;485;518,496;501,,375,365;368;374;434;435,417;498,486;500,,405
6XCN,1,af2,free,-652.8089512447815,-650.0286248785808,2.780326366200711,-42.23568911181204,-40.936953559810135,1.298735552001908,,339;371;484,,382;393;483;485;518;527,417;446,403;486,,326;358;365;374;377;389;391;392;448,417;505,475;486;487,,405;453;455;457;458
