pdb,antibody,method,constrained,wt_total,om_total,d_total,wt_interface,om_interface,d_interface,tot_stab_mut_close,tot_stab_mut_distal,tot_stab_other_close,tot_stab_other_distal,tot_destab_mut_close,tot_destab_other_close,tot_destab_mut_distal,tot_destab_other_distal,int_destab_mut,int_destab_other,int_stab_mut,int_stab_other
7MFU,2,rpk,cons,-571.6567260682347,-534.4841831829548,37.17254288527988,-66.80469594671763,-53.3459307952032,13.458765151514427,,339,,,405;484;498;501,496,371;373;375,372,405;417;484;498;501;505,,452,449
7MFU,2,rpk,free,-597.6610259592503,-554.1468095134865,43.51421644576385,-80.95314164777491,-60.656289846749445,20.29685180102547,,339,,,405;417;484;501,,371;373;375,369;372,405;417;484;486;498;501;505,455,452,
7MFU,2,af2,cons,-621.9550962990113,-520.9422899158913,101.01280638312005,-49.23217509998077,-19.60109708863488,29.631078011345892,,339,483;500;502,383;437;481;485,405;417;501;505,445;446;447;453;454;455;456;457;487;489;491;492;493;494;495;497;503;504;506,375,351;365;424;442;448;451;467;469;474;479;507,405;417;505,421;445;446;456;489;490;493;502;503;504,452;501,403;475
7MFU,2,af2,free,-668.7296961416394,-621.7640581625805,46.9656379790589,-70.75554082367493,-46.730518318400826,24.02502250527411,,339,421;476;500;502;503,338;347;358;367;369;382;390;436;443;472,405;417;505,420;424;446;447;453;454;456;457;487;489;491;492;493;495;497;504,,326;351;368;442;448;451;469;506;518;526,405;417;484;505,420;445;446;455;456;489;490;493;504,452;501,475;476;494;495;503
