pdb,antibody,method,constrained,wt_total,om_total,d_total,wt_interface,om_interface,d_interface,tot_stab_mut_close,tot_stab_mut_distal,tot_stab_other_close,tot_stab_other_distal,tot_destab_mut_close,tot_destab_other_close,tot_destab_mut_distal,tot_destab_other_distal,int_destab_mut,int_destab_other,int_stab_mut,int_stab_other
7MF1,1,rpk,cons,-524.9370795895036,-505.0608741409961,19.876205448507505,-47.541108914812135,-37.999196125810776,9.541912789001358,,339;408,,,452;484,,371;375;405;501,372;374,452;484;493,,,
7MF1,1,rpk,free,-558.359446262371,-535.762235349017,22.597210913353933,-49.42239030982706,-44.226142202284294,5.196248107542765,,339;376,488,,484,446,371;375;405;501,365;368;369;372;431;434,452;484,,,
7MF1,1,af2,cons,-618.9086656746451,-514.6961676210826,104.21249805356251,-34.361334295823326,-9.196472045714165,25.16486225010916,,339,481;496,443;502;508;518,452;493;501,351;446;448;449;451;469;471;480;491;492;494;495;497,371;373;405,365;372;442;453;454;456;457;467;473;479;487;488;506;520;522;538;541,,444;449;470;472;481;482;483;490;494;499,493,495
7MF1,1,af2,free,-666.8421808200371,-607.3238076715395,59.51837314849763,-45.300112316456236,-23.51794986774181,21.782162448714427,,339;478,450;481,320;338;340;367;390;443;474;500;502;518,452;493,446;448;449;451;470;480;491;492;494;495;497,371;405,342;365;374;377;391;420;453;454;455;457;459;479;506;511;517;519;520,484,449;470;472;482;483;490,493,445;495
