pdb,antibody,method,constrained,wt_total,om_total,d_total,wt_interface,om_interface,d_interface,tot_stab_mut_close,tot_stab_mut_distal,tot_stab_other_close,tot_stab_other_distal,tot_destab_mut_close,tot_destab_other_close,tot_destab_mut_distal,tot_destab_other_distal,int_destab_mut,int_destab_other,int_stab_mut,int_stab_other
7EH5,2,rpk,cons,-358.0265728052914,-350.44752971658363,7.579043088707749,-15.846719964800036,-20.318403955801838,-4.471683991001802,,339;496,,,371;373,372,493,,,,375,
7EH5,2,rpk,free,-480.4600034249753,-483.08729862654576,-2.627295201570462,-37.645350573236996,-40.748647307234364,-3.103296733997368,,496,434;508,338;341;369;442;497,371;373;501,372,493,336;337;365;388,505,,375,408
7EH5,2,af2,cons,-608.0001884019853,-591.5821628082706,16.418025593714674,-11.071234300193433,-6.92095963481799,4.150274665375443,,339,,406;483;485;518,371;373;375;501,368;370;374,,365;420;434;435;489;494;499,373,372,,
7EH5,2,af2,free,-658.5215658372856,-653.8783844904233,4.64318134686232,-40.55579985334512,-9.977604942187789,30.578194911157333,,339;484,369;408,406;451;481;483;518;527,375;501,374;503,446;496,356;453,375,374;377;378;385;405;408;502;503,373,
