pdb,antibody,method,constrained,wt_total,om_total,d_total,wt_interface,om_interface,d_interface,tot_stab_mut_close,tot_stab_mut_distal,tot_stab_other_close,tot_stab_other_distal,tot_destab_mut_close,tot_destab_other_close,tot_destab_mut_distal,tot_destab_other_distal,int_destab_mut,int_destab_other,int_stab_mut,int_stab_other
7ND6,1,rpk,cons,-591.1723203883346,-559.5913114517623,31.58100893657229,-60.37981371097082,-47.36301903450955,13.016794676461274,,339,,,405;498;501,496,371;373;375,372,417;498;501;505,,,
7ND6,1,rpk,free,-621.2457202117062,-598.5019674503117,22.74375276139449,-64.86146063929385,-53.37073182959658,11.490728809697274,,339,,,405;505,458;496,371;373;375,366;368;390;471,505,415;460;503,501,420;489
7ND6,1,af2,cons,-616.2591158740206,-505.510216287247,110.74889958677363,-50.38322048551326,-32.53098855774382,17.852231927769445,,339,458;474;500;502,483;490;518,405;417;477;493;501;505,453;454;456;457;459;473;475;476;479;487;494;495;497;503,371;373,346;351;365;372;391;442;446;451;465;467;469;471;480;488;491;492;506;520;541,417;493;505,456;475;476;495;502,405,460;474;503
7ND6,1,af2,free,-666.5011722206187,-613.5425593254781,52.95861289514062,-65.55366229141046,-27.59656568112222,37.95709661028824,,339,407;474;485;500;502,320;367;369;390;436;437;443;458;472;483;490;518;527,405;493;498;501;505,406;456;460;487;495;497;506,,351;368;374;391;425;430;442;445;446;448;480;491;492;517;519;520;528,405;417;501;505,403;409;420;455;456;460;473;502,,503
