pdb,antibody,method,constrained,wt_total,om_total,d_total,wt_interface,om_interface,d_interface,tot_stab_mut_close,tot_stab_mut_distal,tot_stab_other_close,tot_stab_other_distal,tot_destab_mut_close,tot_destab_other_close,tot_destab_mut_distal,tot_destab_other_distal,int_destab_mut,int_destab_other,int_stab_mut,int_stab_other
7MY3,1,rpk,cons,-486.7831395563949,-475.69928970837645,11.083849848018417,-38.54236987231125,-40.50336088926288,-1.9609910169516311,,339,,,371;373;375;501,372;502,,,408,,375;440,
7MY3,1,rpk,free,-567.3383711573374,-563.0114629756538,4.326908181683621,-57.37034286823243,-61.04842031434608,-3.6780774461136545,,339,434,,371;375,499;502,,455,408,503;506,375;405;440,
7MY3,1,af2,cons,-616.3261927243815,-532.956457050205,83.36973567417647,-36.95005517185229,-20.36793810912543,16.582117062726862,,339,370;502,481;483;485;490;500,373;375;405,369;372;503;506,477;501,365;442;448;451;453;454;456;457;465;467;469;474;475;479;480;487;488;491;492;493;494;495;497,373;408,372;503,375,
7MY3,1,af2,free,-660.1586967926106,-626.6437882190401,33.51490857357055,-51.69174858694457,-32.55625026299058,19.13549832395399,,339;478,369;374;378;436;439;502,320;347;356;367;390;483;485;490;496;500,375;405;501,370;435;503;506;508,,353;391;442;445;446;448;451;453;454;466;467;469;487;488;489;491;492;493;495;497,408,369;370;372;377;502;503;504;506,373,374;410;439
