pdb,antibody,method,constrained,wt_total,om_total,d_total,wt_interface,om_interface,d_interface,tot_stab_mut_close,tot_stab_mut_distal,tot_stab_other_close,tot_stab_other_distal,tot_destab_mut_close,tot_destab_other_close,tot_destab_mut_distal,tot_destab_other_distal,int_destab_mut,int_destab_other,int_stab_mut,int_stab_other
7OAY,4,rpk,cons,-568.9968565805539,-548.0089994487857,20.987857131768124,-50.14849118756955,-44.92930075000613,5.2191904375634195,,339,,,371;373;375,372,452;501,,376;408,,,
7OAY,4,rpk,free,-586.387037673474,-572.7081025207042,13.678935152769782,-54.3803740126849,-46.68065833495221,7.699715677732684,,339,,,373;375,372,,365;455,376;408,,,
7OAY,4,af2,cons,-617.2423726738145,-542.418882347562,74.82349032625257,-29.29888795092375,-34.579056694827244,-5.280168743903495,,339,,390;481;483;485;490;500;502,,368,405;477;501,365;420;442;448;451;453;455;456;457;467;469;474;475;479;480;487;488;491;492;493;494;495;497;506,,,,369;377
7OAY,4,af2,free,-662.6260513412915,-633.608307034895,29.01774430639648,-37.09132707184376,-38.59390335390617,-1.5025762820624138,,339;505,369;374,320;338;347;358;367;390;436;481;483;485;490;500;502,375,368;370;430,405;501,391;442;445;446;448;451;453;457;467;479;487;488;491;492;495;497;506;507,,370,,374
