pdb,antibody,method,constrained,wt_total,om_total,d_total,wt_interface,om_interface,d_interface,tot_stab_mut_close,tot_stab_mut_distal,tot_stab_other_close,tot_stab_other_distal,tot_destab_mut_close,tot_destab_other_close,tot_destab_mut_distal,tot_destab_other_distal,int_destab_mut,int_destab_other,int_stab_mut,int_stab_other
7S0B,2,rpk,cons,-536.8607917065086,-521.2894014260373,15.571390280471292,-38.16924430263998,-38.27330601339149,-0.10406171075150894,,339,,,,,371;373;446;501,372;374;447;455,,,,
7S0B,2,rpk,free,-570.6331172897545,-570.8190016783803,-0.1858843886258228,-41.69380492180004,-42.29613893324429,-0.6023340114442561,,339,,377;502;508,,,371;373;446;484;501,372;374;434;506,,,,
7S0B,2,af2,cons,-615.2918875913094,-616.0905293504868,-0.7986417591773716,-31.620373309838527,-31.489194282081833,0.1311790277566942,,339;371,,367;369;372;406;483;485;518,,,375;446;501,365;368;374;420;434;435;455;499;528,,,,
7S0B,2,af2,free,-660.7856138528007,-663.3176206117131,-2.5320067589124164,-48.94896012139503,-50.208236943126714,-1.2592768217316817,,339;371,356;450;451,369;372;393;406;418;480;483;518;527,,,446,332;342;374;430;435;444;455;528,,,,
