pdb,antibody,method,constrained,wt_total,om_total,d_total,wt_interface,om_interface,d_interface,tot_stab_mut_close,tot_stab_mut_distal,tot_stab_other_close,tot_stab_other_distal,tot_destab_mut_close,tot_destab_other_close,tot_destab_mut_distal,tot_destab_other_distal,int_destab_mut,int_destab_other,int_stab_mut,int_stab_other
7B17,2,rpk,cons,-552.3616593530546,-507.80915975536817,44.55249959768645,-57.87846416664262,-49.558066975893226,8.320397190749397,,339;408,,,484,,371;373;376;405,368;372;374,417;452;484;498,,478;493,
7B17,2,rpk,free,-586.4414283495072,-559.1516913388035,27.289737010703675,-68.63607711882497,-65.2196089725555,3.416468146269466,,408,,,417;484;498,,371;373;375,342;368;369;372;377,417;452;484,,478;493,403
7B17,2,af2,cons,-622.097858874353,-515.762423958738,106.335434915615,-43.791134659689526,-23.28325066815272,20.507883991536804,,339,483;490;496;502,518,484;493;501,351;446;447;449;455;456;475;487;491;492;494;495;497,371;373;405,346;365;372;391;448;451;454;457;459;461;467;469;471;473;474;479;506;520;538;541,417;493,446;449;490;492;494,501,486;489;495;503
7B17,2,af2,free,-664.2411523380456,-621.9803987500989,42.26075358794674,-61.77289175753286,-41.19639953278825,20.576492224744612,,,481;483;486;500;502;503,320;356;367;390;407;421;424;436;437;518,417;493;501,403;446;449;454;455;468;492;494;495;497,405,365;374;381;391;448;451;491;506;519;520,417;452;493,403;446;449;468;470;483;489;490;492,501,486;487;495;499;502;503
