pdb,antibody,method,constrained,wt_total,om_total,d_total,wt_interface,om_interface,d_interface,tot_stab_mut_close,tot_stab_mut_distal,tot_stab_other_close,tot_stab_other_distal,tot_destab_mut_close,tot_destab_other_close,tot_destab_mut_distal,tot_destab_other_distal,int_destab_mut,int_destab_other,int_stab_mut,int_stab_other
7KQE,3,rpk,cons,-535.0836987368916,-530.0332726434011,5.0504260934905005,-42.049714250632704,-41.363083887092266,0.6866303635404378,,339;452;478,,479,371;373;375,372,501,,371,,,
7KQE,3,rpk,free,-570.6423929572444,-569.132241043429,1.5101519138154345,-53.37363403651159,-51.58890705942242,1.7847269770891714,,339;478,,338;436;479,371;375,372;437,501,335;337,371;408,,,
7KQE,3,af2,cons,-615.7666397402306,-528.6374662857845,87.12917345444612,-29.407123063148767,-20.992748276213977,8.41437478693479,,339,369;385,367;390;443;483;490;502;508;518,371;373;405,365;370;372;374,493;501,346;351;446;449;451;453;454;455;456;457;469;471;473;475;479;487;491;492;494;495;497;506;520;522;538;541,371,370;374;384,,385
7KQE,3,af2,free,-659.9414353765515,-612.8204804664499,47.120954910101545,-36.962178720742585,-29.790296518054138,7.1718822026884474,,339;478,383;385,367;390;443;458;473;483;490;500;502;518;527,371;405,370;382;386,493;501,365;391;392;420;442;445;446;448;449;451;453;465;467;480;487;491;492;495;497;506;517;519;520,371,369;370;372;374;385,373,378;414
