pdb,antibody,method,constrained,wt_total,om_total,d_total,wt_interface,om_interface,d_interface,tot_stab_mut_close,tot_stab_mut_distal,tot_stab_other_close,tot_stab_other_distal,tot_destab_mut_close,tot_destab_other_close,tot_destab_mut_distal,tot_destab_other_distal,int_destab_mut,int_destab_other,int_stab_mut,int_stab_other
7L2C,1,af2,cons,-818.6110060926196,-782.9058412984081,35.705164794211555,-13.36297148269887,-15.551285213108951,-2.1883137304100817,,,153;248,97;111;180;228;229;253,,148;156;245;249;251;256,19;24;25;26,18;23;29;77;80;140;182;233;244;254;257;258;259;270,,144;155,,248;252
7L2C,1,af2,free,-911.5244516429898,-876.7959059000912,34.72854574289863,-13.465037378079922,-32.647941287445974,-19.182903909366054,,,248;253,41;95;108;123;180;184;222;228;242,,144;147;245;249,19;24;25;26,23;55;64;69;71;77;80;98;101;140;170;181;183;221;244;255;258;259;260;262;266,,144;155,,146;248;251;252;253;254
