pdb,antibody,method,constrained,wt_total,om_total,d_total,wt_interface,om_interface,d_interface,tot_stab_mut_close,tot_stab_mut_distal,tot_stab_other_close,tot_stab_other_distal,tot_destab_mut_close,tot_destab_other_close,tot_destab_mut_distal,tot_destab_other_distal,int_destab_mut,int_destab_other,int_stab_mut,int_stab_other
6XC7,1,rpk,cons,-519.4903087835849,-495.4219565832979,24.068352200286938,-39.002360191808265,-33.48946653821699,5.512893653591277,,339,,,405;498;501,,371;373;375,372,505,,,
6XC7,1,rpk,free,-553.5194174185232,-540.6508222236457,12.868595194877457,-52.37712591212436,-51.379901221727934,0.997224690396429,,339,,434,405;501,,371;373;375,368;372;377;449,417,421,493,502
6XC7,1,af2,cons,-598.7640999315918,-473.5959365509821,125.16816338060966,-28.452533858600468,-3.044363336564353,25.408170522036116,,339,500;502,483;490;518,405;477;478;501,453;454;456;459;471;473;474;475;479;487;494;495,371;373;375,346;365;372;406;446;449;451;465;468;491;492;497;506;520;522;541,477;478;505,456;474;475;487;489,498,457;503
6XC7,1,af2,free,-654.8462787168401,-628.2651234209153,26.58115529592476,-45.706209804672866,-29.74556311669953,15.960646687973338,,339,489;490;502;503,320;338;358;367;369;390;407;436;443;483;499;508;518,405;501,456;457;475;487;495;506,452,351;368;374;377;391;402;430;435;442;445;446;447;451;492;494;497;509;519;520,505,420;455;456;457;473;475;487,417;498,415;486;503;504
