pdb,antibody,method,constrained,wt_total,om_total,d_total,wt_interface,om_interface,d_interface,tot_stab_mut_close,tot_stab_mut_distal,tot_stab_other_close,tot_stab_other_distal,tot_destab_mut_close,tot_destab_other_close,tot_destab_mut_distal,tot_destab_other_distal,int_destab_mut,int_destab_other,int_stab_mut,int_stab_other
6ZXN,2,rpk,cons,-433.45139164269676,-411.1911976096769,22.260194033019843,-30.23652274920149,-28.94485772629149,1.2916650229099993,,339;408,,,452,,371;373;375,370;372,452,,,
6ZXN,2,rpk,free,-505.6709805439971,-505.7636836549668,-0.09270311096975092,-58.82720464752198,-55.620884083317776,3.206320564204205,,339;408,,,452,472,371;375,511,452,450;472,484,
6ZXN,2,af2,cons,-617.2009385807921,-524.8686174397458,92.33232114104635,-36.82092019692257,-19.158508560771416,17.662411636151155,,339,481;485;496;499;502,421;443;508,452;501,446;448;449;451;487;488;489;492;493;494;495;497,405;477,365;442;454;455;456;457;467;469;474;475;479;480;491;506,484,444;447;449;450;470;482;483;490;493,498,445;495;499
6ZXN,2,af2,free,-670.2133559951417,-610.6304347041412,59.5829212910005,-67.76250412741179,-34.3681425421167,33.39436158529509,,339;478,472;499;502,320;338;368;369;372;389;390;421;443;500;527,452;484,444;446;449;451;470;482;483;487;488;491;492;493;494;495;497,375;405,356;365;386;391;442;453;454;457;506;528,452;484,444;449;470;472;482;483;487;488;489;490,501,445;494;495;499
