pdb,antibody,method,constrained,wt_total,om_total,d_total,wt_interface,om_interface,d_interface,tot_stab_mut_close,tot_stab_mut_distal,tot_stab_other_close,tot_stab_other_distal,tot_destab_mut_close,tot_destab_other_close,tot_destab_mut_distal,tot_destab_other_distal,int_destab_mut,int_destab_other,int_stab_mut,int_stab_other
7K43,1,rpk,cons,-641.7292282700305,-623.5574874663778,18.17174080365271,-45.285049375000625,-34.82429569726098,10.460753677739646,,339,,,484;501,,371;373;375,372,484;493,,,
7K43,1,rpk,free,-659.491663311769,-646.6825649345886,12.809098377180362,-43.938525816446415,-37.48215963653477,6.456366179911647,,339,453,,484;501,449;455;487,371;373,372;434,484;493,,,494
7K43,1,af2,cons,-613.8973686809741,-616.6885216059216,-2.7911529249474825,-35.30056675569514,-33.642052326044265,1.6585144296508716,,339;371,483;485,367;369;372;406;481;518,496;501,455,375,365;368;374;434;435;528,493,483,,485
7K43,1,af2,free,-658.1825648451204,-665.2673992191162,-7.084834373995818,-45.108288660124316,-40.516713510302836,4.59157514982148,,339;371,485,360;369;372;389;393;406;518;527,446,444;449;455,,374;430;435;526;528,484,444;449;483;486,496,494
