pdb,antibody,method,constrained,wt_total,om_total,d_total,wt_interface,om_interface,d_interface,tot_stab_mut_close,tot_stab_mut_distal,tot_stab_other_close,tot_stab_other_distal,tot_destab_mut_close,tot_destab_other_close,tot_destab_mut_distal,tot_destab_other_distal,int_destab_mut,int_destab_other,int_stab_mut,int_stab_other
7EKG,1,rpk,cons,-490.7782316599664,-464.34484435163483,26.43338730833159,-51.92487781893315,-40.67713800358262,11.247739815350528,,339;408,,,405;484;493;498,446,371;373;375,372,417;493;505,,501,
7EKG,1,rpk,free,-515.1840739199877,-509.817486398106,5.366587521881684,-60.265142682219064,-51.64600110405486,8.619141578164204,,339;408;452,502,508,405;417;484;493,446;490,371;375,,417;493;505,,477;501,
7EKG,1,af2,cons,-622.884967080849,-486.47816512047314,136.4068019603759,-49.126455111732454,-11.99423102895651,37.13222408277595,,339,490;496;502,443;483;518,405;417;477;478;493;498;501;505,403;446;449;455;456;473;474;475;479;486;487;489;491;492;494;495;497;499;506,371;373,346;351;365;372;448;451;454;457;459;461;467;471;480;520;522;541,417;477;478;493;505,449;456;475;487;489;499;500,498,495;503
7EKG,1,af2,free,-661.9189456949872,-616.4783201162929,45.44062557869427,-52.960101607039896,-31.394069016746776,21.56603259029312,,339,474;490;502;503,320;367;369;390;407;421;436;443;466;483;518,405;417;493;501,445;446;447;449;455;456;475;487;491;492;495;497;506,,374;377;391;418;420;430;435;442;448;451;454;457;465;469;480;519;520;528,417;493;505,449;453;455;456;475;487;489;500,478;498,474;503
