pdb,antibody,method,constrained,wt_total,om_total,d_total,wt_interface,om_interface,d_interface,tot_stab_mut_close,tot_stab_mut_distal,tot_stab_other_close,tot_stab_other_distal,tot_destab_mut_close,tot_destab_other_close,tot_destab_mut_distal,tot_destab_other_distal,int_destab_mut,int_destab_other,int_stab_mut,int_stab_other
7D0C,1,rpk,cons,-249.83821835153242,-238.67649993260477,11.161718418927649,-32.67361687648516,-31.216954206952174,1.4566626695329887,,339,,406;490,501,,371;373;375,,505,,498,
7D0C,1,rpk,free,-400.8984773822027,-406.7539294168688,-5.8554520346660865,-56.33743017681644,-62.34972247945747,-6.012292302641029,,,419,327;338;344;347;365;369;372;380;404;432;530;531,405;486,415;473;476;496;504,371;452,341;342;349;418;434;509;511,405;486,496,477;478;501,416;420;453;475
7D0C,1,af2,cons,-602.7646496048843,-536.1515869963733,66.61306260851097,-20.645147133554303,-23.304232598649822,-2.6590854650955187,,339,481;483;500;502,383;485;490;508,405;417;477;478;505,453;457;473;474;479;480;487;493;494;495,,365;442;448;451;454;467;469;491;492;497;506;538,417;505,415;476;487;493,498,456;457;475;503
7D0C,1,af2,free,-649.0124082009293,-617.167993041116,31.844415159813252,-45.13896592641105,-7.77853332276979,37.360432603641264,,339,458;472;473;483;496;500;502,338;346;347;358;367;369;374;390;436;443;490;499;518;527;541,405;501;505,420;447;456;457;475;480;487;495,375;452,351;368;430;442;445;446;448;451;466;467;491;492;497;506;528,417;477;486;505,415;420;421;455;456;460;475;476;487;489;493,478,458;479
