pdb,antibody,method,constrained,wt_total,om_total,d_total,wt_interface,om_interface,d_interface,tot_stab_mut_close,tot_stab_mut_distal,tot_stab_other_close,tot_stab_other_distal,tot_destab_mut_close,tot_destab_other_close,tot_destab_mut_distal,tot_destab_other_distal,int_destab_mut,int_destab_other,int_stab_mut,int_stab_other
7DET,2,rpk,cons,-514.2163511239961,-418.6190607342319,95.59729038976423,-33.790302300743036,-34.354238435728526,-0.5639361349854894,,339;496,,,373;440,,375;501,372;374;455,,,,
7DET,2,rpk,free,-544.444998998878,-458.6110818283632,85.83391717051478,-32.94347356876613,-36.58850134682176,-3.6450277780556277,,339;496,,,373,,,372;374;455,,445,440,
7DET,2,af2,cons,-614.8879188969686,-613.7828465729542,1.1050723240143725,-29.61644836089882,-30.706151132575172,-1.0897027716763539,,339;371,,367;369;372;406;483;485;518,440;446,448;499,375;501,365;368;374;420;434;435;455;528,,444,,346
7DET,2,af2,free,-657.7411948884826,-659.4487751965149,-1.707580308032334,-32.20370035794482,-39.22272777079557,-7.019027412850754,,339,346,372;390;393;406;483;518;527,,347;444,496,332;365;374;389;391;494,,444,440,345;346;445
