pdb,antibody,method,constrained,wt_total,om_total,d_total,wt_interface,om_interface,d_interface,tot_stab_mut_close,tot_stab_mut_distal,tot_stab_other_close,tot_stab_other_distal,tot_destab_mut_close,tot_destab_other_close,tot_destab_mut_distal,tot_destab_other_distal,int_destab_mut,int_destab_other,int_stab_mut,int_stab_other
7OAQ,2,rpk,cons,-570.8705343203412,-556.0962776163138,14.77425670402738,-50.850889431397725,-41.540499217330144,9.310390214067581,,339;408,,,484;493,,371;373;375;376;405,372,484;493,,,
7OAQ,2,rpk,free,-597.569951584667,-580.7149881190312,16.85496346563582,-50.015590683067295,-41.87394223261327,8.141648450454028,,339,,368;406;453;506,452;484,446;449;494,371;373;376;405,372,484;493,,,
7OAQ,2,af2,cons,-602.3121607814826,-505.9803868895238,96.33177389195879,-32.996053559923965,-6.355922585052724,26.64013097487124,,339,480;482;483;485,502;518,452;493;501,351;449;456;471;473;487;488;489;490;491;492;494;495;497;499,371;373;405,346;365;372;442;446;451;454;457;461;469;475;479;506;520;522;541,493,449;470;483;490;492;494;495;499,484;498,482
7OAQ,2,af2,free,-664.2046952042491,-617.6056977296315,46.59899747461759,-43.9397016933476,-18.829316476669618,25.110385216677983,,339;478,450;481,320;367;369;390;407;418;422;436;474;500;502;508;518,452;493,445;446;449;455;487;489;491;492;494;495;497,405,374;377;391;403;435;438;442;448;457;459;467;469;506;509;519;520,484;493,449;470;483;489;490;492,,495
