pdb,antibody,method,constrained,wt_total,om_total,d_total,wt_interface,om_interface,d_interface,tot_stab_mut_close,tot_stab_mut_distal,tot_stab_other_close,tot_stab_other_distal,tot_destab_mut_close,tot_destab_other_close,tot_destab_mut_distal,tot_destab_other_distal,int_destab_mut,int_destab_other,int_stab_mut,int_stab_other
7ND8,1,rpk,cons,-564.4989283835955,-551.4356141912097,13.06331419238586,-40.72836416340813,-35.35883920629361,5.369524957114521,,339,,,484,,371;373;375;498;501,372,484,,,
7ND8,1,rpk,free,-594.5326392681264,-586.2231651684606,8.309474099665863,-50.587570852514304,-46.146395069118924,4.44117578339538,,339;496,450,434;451;502,484,490,371;375;498,370,484;493,455;490,,489
7ND8,1,af2,cons,-603.3573294778744,-618.6339626957397,-15.27663321786531,-17.083234669247,-29.064646745220152,-11.981412075973154,,339;371,472;485;486,367;369;372;406;518,,455,375;501,365;368;420;434;435;499;528,,483,478;484,482;485;486
7ND8,1,af2,free,-653.1789086083957,-665.8836762516105,-12.704767643214836,-23.244426817308373,-44.56154880526686,-21.317121987958487,,339;371,456;472;485;486,369;372;518,446,444;452,,374;435;526,,455,478,456;482;483;485;486;492
