pdb,antibody,method,constrained,wt_total,om_total,d_total,wt_interface,om_interface,d_interface,tot_stab_mut_close,tot_stab_mut_distal,tot_stab_other_close,tot_stab_other_distal,tot_destab_mut_close,tot_destab_other_close,tot_destab_mut_distal,tot_destab_other_distal,int_destab_mut,int_destab_other,int_stab_mut,int_stab_other
7MY2,2,rpk,cons,-277.2934912993521,-255.35701296120206,21.936478338150067,-18.314364642116196,-20.180979088805234,-1.866614446689038,,339;505,,374,371,372,373;484;501,490,,,408,
7MY2,2,rpk,free,-417.51019398470174,-411.5481064621001,5.962087522601621,-33.8263043692074,-28.7148936218049,5.111410747402498,,339;440,374;378,351;364;368;401;420;422;467;485;491;508;529,371;373;375,369;372;384;409;416,501,436;456;506;507;509;525;526,375,370;372;427,408,378
7MY2,2,af2,cons,-610.2515557595771,-534.6249625341126,75.62659322546449,-23.291060928926555,-18.63372090296621,4.657340025960345,,339,,481;483;485;490;500;502,375;405,,452;477;501,365;442;448;451;453;454;456;457;467;469;474;475;479;480;487;488;491;492;494;495;497;506,,383,,
7MY2,2,af2,free,-661.1216524149979,-623.3915138448799,37.730138570118015,-38.605752490649564,-44.33058778961937,-5.724835298969808,,339;478,,356;367;390;436;443;473;483;485;490;499;500;502;518,405,379,501,365;388;391;392;420;442;445;446;447;448;451;453;456;465;480;487;491;492;493;495;497;506,,369;379,375,383;407
