pdb,antibody,method,constrained,wt_total,om_total,d_total,wt_interface,om_interface,d_interface,tot_stab_mut_close,tot_stab_mut_distal,tot_stab_other_close,tot_stab_other_distal,tot_destab_mut_close,tot_destab_other_close,tot_destab_mut_distal,tot_destab_other_distal,int_destab_mut,int_destab_other,int_stab_mut,int_stab_other
7MY3,2,rpk,cons,-406.92537164893815,-400.7514281761318,6.173943472806343,-36.829204169012456,-35.67487825619516,1.1543259128172991,,339;452;486;505,436,441;442,375;376,372;439,,447;455,408,,375,
7MY3,2,rpk,free,-495.31458828997546,-490.90064187116997,4.413946418805494,-55.89465479770627,-54.61950944274257,1.2751453549637048,,339;452,,487,375,372;410;508,,481;488,373,410;437,375,
7MY3,2,af2,cons,-609.0671065632025,-524.8777840907075,84.18932247249506,-27.452478747469403,-12.698273905894247,14.754204841575156,,339,370;502,481;483;485;490;500,373;375;405,372;503;506,477,365;442;446;448;451;453;454;455;456;457;461;465;467;469;474;475;479;480;487;491;492;493;494;495;497,373;408,372;503,,374
7MY3,2,af2,free,-665.1237994547928,-623.3509818661771,41.77281758861568,-47.859286233950414,-40.52226458224118,7.337021651709236,,339,377;378;436;437;502,367;382;390;421;443;481;483;485;490;499;500,375;405;501,365;372;435;503;506,,353;391;425;434;442;445;446;448;451;453;456;471;479;487;491;492;495;497,,370;372;404;502;503,375,374;378;437
