pdb,antibody,method,constrained,wt_total,om_total,d_total,wt_interface,om_interface,d_interface,tot_stab_mut_close,tot_stab_mut_distal,tot_stab_other_close,tot_stab_other_distal,tot_destab_mut_close,tot_destab_other_close,tot_destab_mut_distal,tot_destab_other_distal,int_destab_mut,int_destab_other,int_stab_mut,int_stab_other
7MFU,1,rpk,cons,-570.4383389595453,-533.01266051023,37.42567844931523,-65.11627807747671,-42.42276751226926,22.693510565207447,,339,,,446;484;493;496;498;501,447;455,371;373;375,372,484;493;498;501;505,490,,
7MFU,1,rpk,free,-589.8490700687827,-560.3738506336285,29.475219435154145,-75.02742095805593,-57.64352037741877,17.38390058063716,,339,,,446;493;496;501,447;500,371;373,368;372;434,484;493;498;501;505,487;490,,449;453
7MFU,1,af2,cons,-621.5428297159021,-613.3165322267002,8.226297489201897,-53.150593989026575,-33.92973302771157,19.220860961315005,,339;371,483,367;369;372;485;518,493;498;505,489;494,375,365;368;374;434;435;528,484;493;498;505,445;490,501,
7MFU,1,af2,free,-670.6098416049413,-665.0720309657296,5.537810639211671,-79.03136766951323,-63.94329770643445,15.08806996307878,,339;371,406,369;372;450;451;480;516;518;527,505,420;424;455;456;489;494,,332;342;368;374;435;528,417;484;498;505,405;420;421;445;455;490,501,449;487
