pdb,antibody,method,constrained,wt_total,om_total,d_total,wt_interface,om_interface,d_interface,tot_stab_mut_close,tot_stab_mut_distal,tot_stab_other_close,tot_stab_other_distal,tot_destab_mut_close,tot_destab_other_close,tot_destab_mut_distal,tot_destab_other_distal,int_destab_mut,int_destab_other,int_stab_mut,int_stab_other
7L5B,1,rpk,cons,-319.0729414575636,-314.2863236167432,4.7866178408204405,-31.559071215051716,-38.84929737139867,-7.290226156346954,,339,,,446,,371,372;500,,,446;478;493,
7L5B,1,rpk,free,-430.3872765868713,-427.888865730373,2.4984108564982535,-46.58669785234152,-50.63479516704199,-4.04809731470047,,339;373,452,341;360;377;503;508,446;477;484,445;447;449;489,371,342;367;368;434;506,478;484,449;489,446;493,452;483
7L5B,1,af2,cons,-597.9701052261912,-613.5295783487286,-15.559473122537383,-17.602243769393205,-22.603315880843184,-5.001072111449979,,339;371,481;483;485,367;369;372;406;518,501,455;489,375,365;368;420;434;435;499;528,,483,484;496,449;485
7L5B,1,af2,free,-660.6041866345172,-667.6746919050015,-7.070505270484318,-52.23677986075894,-47.32750841685665,4.909271443902291,,339;371,481;483;485,340;369;372;389;406;425;480;518;527,446;501,444;449;486;489,,342;374;434;435;497;526,493,444;483;486;489,,455;494
