pdb,antibody,method,constrained,wt_total,om_total,d_total,wt_interface,om_interface,d_interface,tot_stab_mut_close,tot_stab_mut_distal,tot_stab_other_close,tot_stab_other_distal,tot_destab_mut_close,tot_destab_other_close,tot_destab_mut_distal,tot_destab_other_distal,int_destab_mut,int_destab_other,int_stab_mut,int_stab_other
7JV6,1,rpk,cons,-547.252595879792,-530.505729591418,16.746866288374008,-45.02044369827147,-38.6679401415685,6.35250355670297,,339,,403,484;501,,371;373;375,372;455,484,,,
7JV6,1,rpk,free,-571.1816341432097,-554.979106576068,16.202527567141715,-45.41415404203626,-41.8538701742776,3.560283867758656,,339;408,,,484;501,,371;373;375,372;455,484,,,489
7JV6,1,af2,cons,-601.6442813113335,-531.6709797254143,69.97330158591922,-17.698424894343272,-16.930538556102427,0.7678863382408458,,339,446;483;485;500;502,,452,448;449;479;480;488;491;494;495;497,405;477,365;442;451;454;456;457;467;469;474;475;487;492;506,,449;481;490,484;501,446;495
7JV6,1,af2,free,-655.663666686778,-617.7365082155231,37.92715847125487,-30.583591537876096,-26.80863996502749,3.7749515728486074,,339,483;485;490;499;500;502,320;338;347;358;367;369;374;390;421;436;443,,445;446;447;448;449;480;487;488;489;495,375;405,326;351;368;430;442;451;453;454;456;457;465;473;474;491;492;497;506,,445;446;449;481,501,495
