pdb,antibody,method,constrained,wt_total,om_total,d_total,wt_interface,om_interface,d_interface,tot_stab_mut_close,tot_stab_mut_distal,tot_stab_other_close,tot_stab_other_distal,tot_destab_mut_close,tot_destab_other_close,tot_destab_mut_distal,tot_destab_other_distal,int_destab_mut,int_destab_other,int_stab_mut,int_stab_other
7KLH,2,rpk,cons,-500.9332945208844,-485.78109085337223,15.15220366751214,-62.71057472660549,-56.25851262199775,6.452062104607741,,339,,,484;493,,371;373;375;446;501,,484;505,,,
7KLH,2,rpk,free,-540.5146419488514,-529.9195058322,10.59513611665136,-64.92004659722299,-56.09616629065468,8.823880306568313,,339;496,420,436,484,,371;375;446;501,,417;484;505,408,,
7KLH,2,af2,cons,-616.3168599043322,-620.3071924248347,-3.990332520502534,-43.034206117001276,-44.868867619822325,-1.8346615028210493,,339;371,403;406;483;485;486,367;369;372;518,,,375;496;501,365;368;434;435;452;499;528,417;505,,,403;408;486
7KLH,2,af2,free,-659.629298315585,-668.2971929273101,-8.66789461172516,-54.16816278811408,-48.46109275590187,5.707070032212208,,339;371,403;406;421;485;488,369;372;390;451;518;527,,489,446,332;374;389;435;526,417;505,415;455;483;490,,403;475;485;486;494
