pdb,antibody,method,constrained,wt_total,om_total,d_total,wt_interface,om_interface,d_interface,tot_stab_mut_close,tot_stab_mut_distal,tot_stab_other_close,tot_stab_other_distal,tot_destab_mut_close,tot_destab_other_close,tot_destab_mut_distal,tot_destab_other_distal,int_destab_mut,int_destab_other,int_stab_mut,int_stab_other
7LY2,2,rpk,cons,-609.3771612961874,-586.8605434541312,22.516617842056235,-46.82256535812269,-36.70459431403952,10.11797104408317,,339;408,,,501,446,371;373;375;405,372,484;493,,,
7LY2,2,rpk,free,-626.4907326825565,-617.685156326722,8.805576355834546,-51.12719001884719,-47.87165378437719,3.25553623447,,339;408,453,406;451;502;508,484;501,446;455,371;373;405,372;506,484;493,,,494;495
7LY2,2,af2,cons,-611.7611621796214,-505.51173697731815,106.2494252023032,-34.64582024907079,-18.028980113212683,16.616840135858105,,339,485;500;502,383;481;518,452;493;501,446;447;448;449;456;473;475;487;491;492;494;495;497,371;373;375;405,346;351;365;372;451;454;457;461;479;506;520;522;541,493,449;483;489;490;494,498;501,
7LY2,2,af2,free,-659.2863015000673,-606.8104225307119,52.47587896935545,-37.88167905500413,-41.79599129741741,-3.9143122424132812,,339;478,486;499;500;502,320;338;367;380;390;458;474;508;518;527,484;493;501,446;449;456;487;492;494;495;497,371;405,355;365;374;377;381;391;442;451;454;491;506;519;520;528,484;493,449;483;489;490,498;501,486;495;499;503
