pdb,antibody,method,constrained,wt_total,om_total,d_total,wt_interface,om_interface,d_interface,tot_stab_mut_close,tot_stab_mut_distal,tot_stab_other_close,tot_stab_other_distal,tot_destab_mut_close,tot_destab_other_close,tot_destab_mut_distal,tot_destab_other_distal,int_destab_mut,int_destab_other,int_stab_mut,int_stab_other
7CHO,1,rpk,cons,-509.1289855859773,63.753201586249645,572.882187172227,-47.109936437283196,-27.237302895028556,19.87263354225464,,339;446,,,417;493;496;501;505,421;455;490;503,371;373;375,347;353;358;364;365;367;368;369;372;374;382;387;390;395;398;422;423;426;452;497;507;511;515,417;505,421;475,,
7CHO,1,rpk,free,-537.4541858623679,-529.4068444904793,8.047341371888592,-54.261486566739876,-56.6650583536814,-2.4035717869415265,,339;446,,,417,,373;375,366;434,417,,493,403;421
7CHO,1,af2,cons,-606.8119279887856,-607.34943469461,-0.5375067058243985,-36.06846756747986,-37.97150159326844,-1.9030340257885854,,339;371,403,367;369;372;406;481;483;485;518,493;501,420;494,375;446,365;368;374;434;435;528,,,,
7CHO,1,af2,free,-659.5702910069351,-657.4436642036994,2.1266268032356948,-54.46164727707309,-58.118315060097615,-3.656667783024524,,339;484,403,340;369;372;406;483;518,493,405;456,446,332;365;368;374;389;448;499;528,,,493,403
