pdb,antibody,method,constrained,wt_total,om_total,d_total,wt_interface,om_interface,d_interface,tot_stab_mut_close,tot_stab_mut_distal,tot_stab_other_close,tot_stab_other_distal,tot_destab_mut_close,tot_destab_other_close,tot_destab_mut_distal,tot_destab_other_distal,int_destab_mut,int_destab_other,int_stab_mut,int_stab_other
7S0D,1,af2,cons,-668.4126454616157,-715.9430008413259,-47.53035537971016,-7.955141343600911,-12.692772177791692,-4.737630834190782,,,68;71;75;97;98;178;180;183;184;185;213;215;242;247;249;250;252;253;254;259;260,18;19;21;22;79;81;111;124;138;154;nan;216,144;212,72;73;179;214;246;251;256;257,142,17;20;23;102;146;148;149;151;153;nan,211,72;73;147;183;184;213;214;248;251;262,212,71;247;250;252;253;254;255;259
7S0D,1,af2,free,-903.2095889683235,-887.643638788189,15.56595018013445,-25.938742218176802,-32.65868336523453,-6.719941147057728,,,73;213;247;248;261,18;19;37;77;110;111;122;147;154;155;170;nan;215;216;220;222;229;242;258,69;70,66;68;71;97;180;183;245;249;251,142;143;144;212,20;23;80;85;96;100;141;146;152;153;203;221;269,70,71;74;183;251;254,,73;214;nan;250
