pdb,antibody,method,constrained,wt_total,om_total,d_total,wt_interface,om_interface,d_interface,tot_stab_mut_close,tot_stab_mut_distal,tot_stab_other_close,tot_stab_other_distal,tot_destab_mut_close,tot_destab_other_close,tot_destab_mut_distal,tot_destab_other_distal,int_destab_mut,int_destab_other,int_stab_mut,int_stab_other
7KLW,2,rpk,cons,-537.6378011673261,-509.0403476619495,28.597453505376563,-61.33101441776762,-53.039194421802456,8.291819995965163,,339,,,446;484;501;505,449;455,371;373;375,369;372,484;493;505,,496;498,
7KLW,2,rpk,free,-558.026758440906,-563.0942222080373,-5.067463767131358,-67.17997588822348,-68.66295201090936,-1.4829761226858835,,339,506,377,446;484,447;455,371;375,370;434,484;493;505,,496;498;501,
7KLW,2,af2,cons,-600.0912350566964,-611.6027830758172,-11.511548019120823,-38.00749925919119,-42.659451195605705,-4.6519519364145125,,339;371,406;472;481;483;485,367;372;518,,449;489,375,365;368;374;434;435;528,,486,484;501,494;502
7KLW,2,af2,free,-667.7592540666076,-671.564326405337,-3.805072338729474,-54.322877204354654,-53.48062085351142,0.8422563508432361,,339;371,406;483;485,369;372;424;480;506;518;527,446,489;502,,332;374;435;508;526;528,501;505,403,498,494
