pdb,antibody,method,constrained,wt_total,om_total,d_total,wt_interface,om_interface,d_interface,tot_stab_mut_close,tot_stab_mut_distal,tot_stab_other_close,tot_stab_other_distal,tot_destab_mut_close,tot_destab_other_close,tot_destab_mut_distal,tot_destab_other_distal,int_destab_mut,int_destab_other,int_stab_mut,int_stab_other
7EZV,1,rpk,cons,-478.04572663029796,-462.18438169984296,15.861344930455004,-49.00388031703907,-37.1461141541744,11.857766162864671,,339,,,417;478;486,,371;375;376;405,372,417;478;486,,,
7EZV,1,rpk,free,-521.2639990400521,-505.7291286274087,15.534870412643386,-54.60255518959312,-45.297425881127026,9.305129308466093,,339,455,508,417;478;484,,371;405;501,362;372;374,417;478,455,,489
7EZV,1,af2,cons,-607.8548143296175,-504.2149395320289,103.63987479758862,-38.2871142288651,15.761734052631207,54.048848281496305,,339,421;481;483;485;490,500;502,477;478;501,456;457;474;475;476;479;487;488;489;492;494;495;497,405,365;442;446;448;451;454;467;469;491;506,417;477;478;486,473;474;475;476;485;489,484;498,483
7EZV,1,af2,free,-672.1652768382351,-587.5679822970702,84.59729454116484,-58.95040680264536,-35.66911517618392,23.28129162646144,,339,472;483;490;499,320;367;369;372;390;436;500;502;508,417;477;478,456;471;473;474;475;476;479;480;487;489;495;497,405;501,326;351;365;394;407;420;425;430;435;442;445;446;447;448;451;453;461;468;491;492;503;506,417;477;478;486,476;479;481;485;489,484;498,456;474;495
