pdb,antibody,method,constrained,wt_total,om_total,d_total,wt_interface,om_interface,d_interface,tot_stab_mut_close,tot_stab_mut_distal,tot_stab_other_close,tot_stab_other_distal,tot_destab_mut_close,tot_destab_other_close,tot_destab_mut_distal,tot_destab_other_distal,int_destab_mut,int_destab_other,int_stab_mut,int_stab_other
7CZZ,1,rpk,cons,-439.80686759060734,-419.46063882359147,20.346228767015873,-24.216390729218833,-21.309467735922677,2.906922993296156,,339,,,477,,371;373;375,372,486,,,
7CZZ,1,rpk,free,-527.2313823195681,-504.28856262722746,22.942819692340606,-50.036011338718204,-45.11027504138895,4.925736297329252,,339;408,449,347;508,484;501,,371,370;433;434;436;442;524,484;486;505,475,477;498,449
7CZZ,1,af2,cons,-605.936214730501,-534.4157346529739,71.52048007752705,-22.473336313300205,-24.20229603417152,-1.728959720871316,,339,481;483;485;490;500;502,443,477;478,453;457;474;476;479;487;488;494;495,405,351;365;442;445;446;448;451;454;465;469;491;492;497;506,477;484;486,473;476;489,498;501,475;487;495
7CZZ,1,af2,free,-662.6623137019717,-607.1100409479648,55.552272754006935,-62.16755395223319,-34.76545183815848,27.402102114074715,,339,485;490;500;502,320;326;354;367;372;390;399;443;481;508,486,421;446;449;453;456;457;473;475;487;489;492;493;494;495;497;506,375;405,356;381;391;406;425;433;442;445;447;448;451;454;469;480;491;526,477;484;486,456;473;475;476;483;487;489;493,501,403;495;502;503
