pdb,antibody,method,constrained,wt_total,om_total,d_total,wt_interface,om_interface,d_interface,tot_stab_mut_close,tot_stab_mut_distal,tot_stab_other_close,tot_stab_other_distal,tot_destab_mut_close,tot_destab_other_close,tot_destab_mut_distal,tot_destab_other_distal,int_destab_mut,int_destab_other,int_stab_mut,int_stab_other
7L7E,4,rpk,cons,-537.6050103562832,-525.1882281129076,12.416782243375565,-43.36809930089685,-38.962976909552296,4.405122391344555,,339,,,452;484,,371;375;405,502,452;484,,,
7L7E,4,rpk,free,-564.170320179726,-553.81320962221,10.357110557515966,-47.200789005747914,-41.527933439646944,5.672855566100971,,339,,342;508,452;484,490,405;501,338,452;484,,,
7L7E,4,af2,cons,-614.9090637010023,-491.6698065663585,123.23925713464382,-31.686202651299695,-1.6139014334808106,30.072301217818882,,339,346;483;502,481;485,452;501,442;444;445;446;447;448;449;491;492;493;494;495;497,405;477;505,365;451;453;454;456;457;461;465;467;469;474;475;479;480;487;489;506,452,444;445;446;447;449;490,,346
7L7E,4,af2,free,-656.7407335792427,-615.7343105266094,41.006423052633295,-35.98201057462307,-18.08335763159044,17.898652943032626,,339;478,346;443;483;490;499,320;356;367;369;390;421;436;466;500;502,452;501,442;444;445;446;448;449;492;495;497,405,355;368;403;451;454;456;457;465;469;480;491;506;526,,345;444;445;449;450;490,,441;494
