pdb,antibody,method,constrained,wt_total,om_total,d_total,wt_interface,om_interface,d_interface,tot_stab_mut_close,tot_stab_mut_distal,tot_stab_other_close,tot_stab_other_distal,tot_destab_mut_close,tot_destab_other_close,tot_destab_mut_distal,tot_destab_other_distal,int_destab_mut,int_destab_other,int_stab_mut,int_stab_other
7CZQ,1,rpk,cons,-457.10751820585443,-427.2506438705843,29.856874335270106,-46.04969780937493,-37.75535088624817,8.29434692312676,,339,,,493;498;501,447,371;373;375;446,369;372,417;493;505,,,
7CZQ,1,rpk,free,-539.7653795773601,-517.0279093636495,22.737470213710594,-55.510110127321745,-53.77141758226779,1.7386925450539579,,339,405,386,477;505,449;503,371;375;446;484,361;370;434,477;493;505,449;502,501,405
7CZQ,1,af2,cons,-607.8620670531672,-606.6953824937073,1.1666845594598954,-41.24729512630104,-37.7760146024468,3.47128052385424,,339;371,406,367;369;372;481;483;485;518,496,403;494,375,365;368;374;434;435;528,417;493,403,501,
7CZQ,1,af2,free,-667.9102971578643,-659.2136462249609,8.696650932903367,-64.29922108806208,-56.04666472813864,8.252556359923446,,339;371;484,405,356;369;480;483;518;527,417;446;493;496;501;505,420;449;452;455;494,,374;434;435;528,417;505,416;421;494,,405;489
