pdb,antibody,method,constrained,wt_total,om_total,d_total,wt_interface,om_interface,d_interface,tot_stab_mut_close,tot_stab_mut_distal,tot_stab_other_close,tot_stab_other_distal,tot_destab_mut_close,tot_destab_other_close,tot_destab_mut_distal,tot_destab_other_distal,int_destab_mut,int_destab_other,int_stab_mut,int_stab_other
6YOR,2,rpk,cons,-540.2052210740651,-529.3227310830746,10.882489990990507,-63.83687361476864,-63.850456456924746,-0.013582842156104391,,339;446,,,371;373;375,372,501,,,,,
6YOR,2,rpk,free,-562.5285333545987,-553.0791559985349,9.449377356063792,-71.67138579320566,-73.80134979248955,-2.1299639992838877,,339;446,,,371;373;375,368,501,489,,369,,372;518
6YOR,2,af2,cons,-600.7838489044772,-605.7096524594599,-4.9258035549827355,-65.0114140018409,-67.3856834579314,-2.374269456090502,,339,372;378;517;518,367;393;406;483;485,,369;374;384,501,365;434;435;436;455;499;528,,,373,369;372;517
6YOR,2,af2,free,-657.6723726586259,-662.070013569573,-4.397640910947075,-75.96661692573159,-66.61292691617999,9.353690009551599,,339,428;430;516;518,393;406;483;485;527,,374;434;435,446,358;424;455;528,375,374;377;430,,321;372;428
