pdb,antibody,method,constrained,wt_total,om_total,d_total,wt_interface,om_interface,d_interface,tot_stab_mut_close,tot_stab_mut_distal,tot_stab_other_close,tot_stab_other_distal,tot_destab_mut_close,tot_destab_other_close,tot_destab_mut_distal,tot_destab_other_distal,int_destab_mut,int_destab_other,int_stab_mut,int_stab_other
7PHG,1,rpk,cons,-165.41194092201508,-145.71202848336972,19.699912438645356,-35.93290157816326,-33.42146766565724,2.511433912506021,,339,,,478,,371;375;446;498;501,447,478,,,
7PHG,1,rpk,free,-296.15934849749965,-284.57094606630767,11.58840243119198,-46.52010992070921,-44.93033175536666,1.5897781653425511,,339;373;440,453;490,342;351;407;410;439;497;508;509,,492,371;375;446;501,345;347;362;366;369;372;378;379;413;436;437,477;505,,493,
7PHG,1,af2,cons,-574.1381035855389,-588.8547962113394,-14.71669262580042,-33.58813102120429,-25.555944800359395,8.032186220844896,,339;371,453;456;480;481;483;485;487,367;369;372;406;518,478;496,479,375;501,365;368;374;434;435;448;497;528,478;484,479;486;488,477,
7PHG,1,af2,free,-657.2597730224157,-651.032617127303,6.227155895112787,-35.68174188675188,-40.87593764836454,-5.1941957616126615,,339;371,485;487;489,369;406;425;482;483;518,478;493,455;479,446;496;501,342;356;374;430;435;452;526,478,479,,486;489;490
