pdb,antibody,method,constrained,wt_total,om_total,d_total,wt_interface,om_interface,d_interface,tot_stab_mut_close,tot_stab_mut_distal,tot_stab_other_close,tot_stab_other_distal,tot_destab_mut_close,tot_destab_other_close,tot_destab_mut_distal,tot_destab_other_distal,int_destab_mut,int_destab_other,int_stab_mut,int_stab_other
7P78,5,rpk,cons,-283.80925663851576,-276.22472418103473,7.584532457481032,-26.921577312033197,-21.977260929756277,4.94431638227692,,339;505,,,371;373;375,,484;501,,408,,,
7P78,5,rpk,free,-441.6059916670637,-409.654529856057,31.951461811006652,-37.766388715483714,-33.02319713630948,4.743191579174237,,452;498,370;372;374,334;338;451;489;492,371;373;375;376;405,406;433;504;506;508,484,342;349;410;446;458;461;471;474;482;487;507;510;539,375;408,502;503,,370;372;377
7P78,5,af2,cons,-616.360159853969,-536.5999118755453,79.76024797842365,-27.988190720506946,-20.5151325050983,7.473058215408646,,339,,481;483;485;490;496;500;502,375,369,405;452;477;501,365;442;445;446;448;451;453;454;456;457;465;467;469;474;475;479;480;487;488;491;492;494;495;497;506;538,408,369,,
7P78,5,af2,free,-661.5104789288011,-618.7474605692853,42.763018359515854,-46.759466867120466,-39.11205120709505,7.647415660025416,,339,372;374;383,338;347;350;363;367;390;418;443;473;483;490;500,371;405;501,377;433;434;503;506,,351;365;391;392;442;445;446;448;451;453;456;466;471;479;491;492;493;495;497,375;408,369;370;502;503,373,374;383;385
