pdb,antibody,method,constrained,wt_total,om_total,d_total,wt_interface,om_interface,d_interface,tot_stab_mut_close,tot_stab_mut_distal,tot_stab_other_close,tot_stab_other_distal,tot_destab_mut_close,tot_destab_other_close,tot_destab_mut_distal,tot_destab_other_distal,int_destab_mut,int_destab_other,int_stab_mut,int_stab_other
7MFU,4,rpk,cons,-565.3489785328472,-543.9337924535527,21.415186079294585,-34.58332442321043,-37.031076325391375,-2.447751902180947,,339,,,371;373,372,446;501,447;455,,,375,
7MFU,4,rpk,free,-587.3802780560277,-573.9607213042632,13.419556751764503,-46.42704310016801,-48.16261737006158,-1.7355742698935757,,339,406;502,,371;373;375,369;372,446,455,,369,375,
7MFU,4,af2,cons,-619.2589562536299,-608.965030687112,10.293925566517942,-25.856917995825118,-24.436315800943962,1.4206021948811554,,339,372,367;406;483;485;518,375,368;369;374;377;434,496;501,389;420;435;455;489;528,375,370;374,373,372;378
7MFU,4,af2,free,-667.5838501575298,-654.2632332404482,13.320616917081566,-44.04809697019655,-30.897177397080426,13.150919573116127,,339,372;386,390;406;483;518,375,369;370;374;378;385;435,446,332;391;430;448;528,375,369;370;374;377;378;408;502;503,373,372;380;383;386
