pdb,antibody,method,constrained,wt_total,om_total,d_total,wt_interface,om_interface,d_interface,tot_stab_mut_close,tot_stab_mut_distal,tot_stab_other_close,tot_stab_other_distal,tot_destab_mut_close,tot_destab_other_close,tot_destab_mut_distal,tot_destab_other_distal,int_destab_mut,int_destab_other,int_stab_mut,int_stab_other
7CWN,6,rpk,cons,-400.9638011691851,-379.0518882109545,21.91191295823063,-44.41568028640992,-44.12129727899448,0.29438300741544055,,,,,478,,371;373;501,372,,,,487
7CWN,6,rpk,free,-533.5730672288548,-521.0967776831249,12.47628954572997,-50.64822206942993,-52.04205619566779,-1.3938341262378628,,373,,368;385;467,,453;456,371;375;501,338;350;388;402,486,446,452,487;488
7CWN,6,af2,cons,-610.1750177813121,-529.5147986479809,80.66021913333122,-32.4730074943948,-26.330247694353215,6.142759800041585,,339,483;485,383;502,501,351;446;455;456;469;475;479;487;491;492;493;494;495;497,405;477,365;387;389;442;448;451;453;454;457;467;474;506,484,481;489;490;493;494,486;498,485;492;495
7CWN,6,af2,free,-656.5455955045771,-628.5667278786465,27.97886762593066,-41.807290917834116,-53.65806765787261,-11.85077674003849,,339,351;483;485;499,320;347;358;367;369;374;389;390;436;466;500;502;527,501,445;446;447;454;455;456;470;487;491;492;495,375;405,326;353;355;368;395;406;442;451;469;473;479;503;506,484,470;472;481;483;490,498,489;492;493;494;495;496
