pdb,antibody,method,constrained,wt_total,om_total,d_total,wt_interface,om_interface,d_interface,tot_stab_mut_close,tot_stab_mut_distal,tot_stab_other_close,tot_stab_other_distal,tot_destab_mut_close,tot_destab_other_close,tot_destab_mut_distal,tot_destab_other_distal,int_destab_mut,int_destab_other,int_stab_mut,int_stab_other
7SO9,1,rpk,cons,-608.1542321255042,-586.4137327617168,21.74049936378742,-39.65441061456925,-33.918007377368355,5.736403237200896,,339,,406,484;501,446;455,371;373;375;405,372,484,,,
7SO9,1,rpk,free,-630.4924731848757,-613.9669634114086,16.525509773467093,-46.655356508818315,-35.08425869414835,11.571097814669962,,339,,434;502,484;501,446;455,371;373;375;405,372,484;486,,,
7SO9,1,af2,cons,-614.3262958874435,-521.1357880714429,93.1905078160006,-31.44476613620832,-17.348120133958304,14.096646002250015,,339,483;485;500;502,443;481;508,452;501,446;449;455;456;475;487;492;493;494;495;497,405;477,346;365;442;448;451;454;457;467;469;474;479;491;506,,449;483;489;490;494,501,495;499
7SO9,1,af2,free,-654.5128141814939,-618.4275895308867,36.08522465060719,-47.568210276731385,-39.93618505010572,7.6320252266256645,,339,485;490;499;500;502,320;338;358;367;369;382;407;436;481;508,501,446;447;449;453;456;473;487;491;492;495;497,405,368;442;448;451;457;465;467;479;506,484,449;483;485;489;490;493;494,478;498;501,475;487;495;503
