pdb,antibody,method,constrained,wt_total,om_total,d_total,wt_interface,om_interface,d_interface,tot_stab_mut_close,tot_stab_mut_distal,tot_stab_other_close,tot_stab_other_distal,tot_destab_mut_close,tot_destab_other_close,tot_destab_mut_distal,tot_destab_other_distal,int_destab_mut,int_destab_other,int_stab_mut,int_stab_other
7DD2,1,rpk,cons,-380.9405567748271,-346.68084922668464,34.259707548142444,-31.177152001143313,-25.95247010188551,5.224681899257803,,,,,371;373;375;405;501,372;502,493,,376;505,,,
7DD2,1,rpk,free,-476.07943243072856,-469.88094937292175,6.198483057806811,-32.49529015605719,-28.83307025603814,3.6622199000190463,,339,506,436;451,371;373;376;405,370,484;493,402;446;491;518,376;405;505,,375;501,
7DD2,1,af2,cons,-592.6021395207401,-506.91102850090743,85.6911110198327,-15.546087763933922,-12.062259681102844,3.483828082831078,,339,369;380;502,443;483;490;496;518,371;373;375;376;405;501,370;372;385;503;506,493,346;351;365;442;446;449;451;453;454;455;456;457;469;471;473;475;479;487;491;492;494;495;497;520;522;538;541,376,370,375;405,369;377
7DD2,1,af2,free,-646.5360241660611,-602.2867606765009,44.249263489560235,-33.45545617916192,-21.06952412807737,12.385932051084552,,339;478,380;383;500;502,320;326;360;367;389;424;430;443;458;474;483;490;499;518;527,371;405;501,374;503;506,493,351;358;365;381;391;425;442;445;446;448;449;451;453;454;465;467;491;492;495;497;517;519;520;528;540,376;505,370;385;503;504,375,377;415
