pdb,antibody,method,constrained,wt_total,om_total,d_total,wt_interface,om_interface,d_interface,tot_stab_mut_close,tot_stab_mut_distal,tot_stab_other_close,tot_stab_other_distal,tot_destab_mut_close,tot_destab_other_close,tot_destab_mut_distal,tot_destab_other_distal,int_destab_mut,int_destab_other,int_stab_mut,int_stab_other
6Z43,3,rpk,cons,-570.8483312805636,-542.7855997308384,28.062731549725186,-41.35963704099438,-29.36752615942263,11.992110881571747,,339,,,446;484;493,447,371;373;375;501,372,484;493,444,,
6Z43,3,rpk,free,-603.2583748101184,-584.9958234091932,18.26255140092519,-44.9320941443346,-35.82186643035026,9.110227713984337,,339,,364;366,446;484;493,,371;373;501,335;342;367;372;374;379;445;502,484;493,,,
6Z43,3,af2,cons,-612.4395941892717,-620.0703103790169,-7.630716189745158,-33.391711620363814,-27.783973502374007,5.607738117989808,,339;371,472;481;483;485,367;369;372;406;518,446,452;455;494,375;501,365;368;374;434;435;499;528,493,483,484,
6Z43,3,af2,free,-661.0455297641442,-668.312805212981,-7.267275448836699,-38.59482602146209,-33.80509971744104,4.789726304021052,,339;371,485,360;369;372;393;518,446;493;496,,501,374,493,483,484,489
