pdb,antibody,method,constrained,wt_total,om_total,d_total,wt_interface,om_interface,d_interface,tot_stab_mut_close,tot_stab_mut_distal,tot_stab_other_close,tot_stab_other_distal,tot_destab_mut_close,tot_destab_other_close,tot_destab_mut_distal,tot_destab_other_distal,int_destab_mut,int_destab_other,int_stab_mut,int_stab_other
7K9H,1,rpk,cons,-731.6012816026525,-81.54972106709471,650.0515605355579,-48.61200636425802,-18.79036439013452,29.8216419741235,,339,,,375;405;493;498;452;484,406;453;495;508;404;449;475;486;489;490;492,371;373;501,326;327;329;336;338;342;350;353;358;367;368;372;382;395;400;402;403;410;418;423;425;429;439;448;464;466;497;506;514;515;524;531;534;537;541;324;347;364;369;374;377;389;392;398;434;435;436;457;461;473;509;528;539,408;484,449;486;489,,
7K9H,1,rpk,free,-926.6497403468913,-919.9806219221907,6.669118424700628,-52.90011732477598,-58.60831083688828,-5.708193512112302,,339;376,503;506;380,347;364;386;387;424;436;508;541,,380;409;415;416;446;486;489;502,371;375,372;401;431;443;448;374;379;381,408;417,415;421,405;505,413;502;503;504;449;483
7K9H,1,af2,cons,-1209.4511320552583,-1035.6289119961552,173.82222005910307,-38.49069273806071,-22.83922965039609,15.65146308766462,,339,483;490;496;502,500;518,405;501;452;484;493,446;449;455;456;492;494;495;497;506;489,371;373,346;351;365;372;448;451;454;457;459;461;467;469;473;474;475;479;487;491;520;522;541;420;471,408;484,449;483;489;490;494,501,506;486;495
7K9H,1,af2,free,-1317.742245103221,-1231.7479008106206,85.99434429260032,-59.938504420911094,-76.57163130159164,-16.633126880680543,,339;477,421;450;483;486;490;500;502;481;499,320;338;358;367;369;390;399;407;436;518;326;354;418;437;473,405;501;493,446;456;460;472;489;491;492;494;495;497;503;420;449;453;454;487;488,,368;374;377;391;418;435;445;448;451;459;465;479;480;506;519;520;528;442;471;526,408;505,502;504;449;482;483;489;490;494,498;501,415;420;455;456;486;487;495;499
