pdb,antibody,method,constrained,wt_total,om_total,d_total,wt_interface,om_interface,d_interface,tot_stab_mut_close,tot_stab_mut_distal,tot_stab_other_close,tot_stab_other_distal,tot_destab_mut_close,tot_destab_other_close,tot_destab_mut_distal,tot_destab_other_distal,int_destab_mut,int_destab_other,int_stab_mut,int_stab_other
7OAO,1,rpk,cons,-566.4362206245203,-546.8026864634326,19.63353416108771,-47.61990065039824,-35.38224277526912,12.237657875129123,,339;408,,368,452;484;501,,371;373;375;405,372,484;501;505,,,
7OAO,1,rpk,free,-590.7006079777336,-576.3305062896447,14.37010168808888,-51.970279610576924,-40.31049405198662,11.6597855585903,,339,,368,452;484;501,446,371;375;405,372,452;484;501;505,,,
7OAO,1,af2,cons,-611.4417527501546,-527.8333193506479,83.60843339950668,-26.840348066060084,-24.39229057089209,2.448057495167994,,339,483;485;500;502,383;481,405;452;505,446;453;475;487;488;492;493;494;495;497,477,351;365;442;445;448;451;454;457;461;465;467;468;469;474;479;480;491;506,484;505,449;490;493;499,498;501,495;503
7OAO,1,af2,free,-659.1929604063841,-618.9421751011382,40.25078530524593,-39.82017150358483,-48.17845626697208,-8.358284763387246,,339,499;500;502,320;338;367;369;390;421;436;443;481,452,446;447;449;455;487;491;492;493;494;495;497;506,405,368;420;424;442;451;454;457;474,484;505,449;483;487;490;493;494,486;498;501,495;499;502;503
