pdb,antibody,method,constrained,wt_total,om_total,d_total,wt_interface,om_interface,d_interface,tot_stab_mut_close,tot_stab_mut_distal,tot_stab_other_close,tot_stab_other_distal,tot_destab_mut_close,tot_destab_other_close,tot_destab_mut_distal,tot_destab_other_distal,int_destab_mut,int_destab_other,int_stab_mut,int_stab_other
7LQ7,6,rpk,cons,-530.1856997805044,-509.17326708102826,21.012432699476108,-38.433849713879866,-41.270872338333746,-2.83702262445388,,339;408,,,478,,371;373;501,372;492,478,,493,489
7LQ7,6,rpk,free,-557.6975309449992,-548.0768481239868,9.620682821012451,-44.58841200758677,-41.40856619212269,3.179845815464077,,339;408,,,478;484,492,371;373;375;501,368,477;478,,,486
7LQ7,6,af2,cons,-614.3896040962769,-515.0009406832811,99.38866341299581,-39.41154333748532,-31.488344421577615,7.9231989159077045,,339,483;490;502,383;443;496;518,493;501,449;455;456;457;473;474;479;482;486;487;492;494;495,371;373;405,346;351;365;372;442;446;451;453;454;459;461;467;469;471;491;497;506;520;522;541,,456;486;487;489,,474;481;495
7LQ7,6,af2,free,-657.9585131381655,-605.8618683202861,52.09664481787934,-48.38966812465394,-34.810784029493334,13.578884095160603,,339,473;482;483;489;490;499;502,320;351;367;390;421;443;466;472;508;518;527,452;493,455;456;475;486;487;492;495;497,371;405,365;368;374;381;391;403;442;445;446;447;448;451;454;457;469;491;506;519;520,477;478;493,456;481;486;487;489,498;501,483;495;502;503
