pdb,antibody,method,constrained,wt_total,om_total,d_total,wt_interface,om_interface,d_interface,tot_stab_mut_close,tot_stab_mut_distal,tot_stab_other_close,tot_stab_other_distal,tot_destab_mut_close,tot_destab_other_close,tot_destab_mut_distal,tot_destab_other_distal,int_destab_mut,int_destab_other,int_stab_mut,int_stab_other
7BEL,3,rpk,cons,-524.227670277275,-509.0131866509567,15.214483626318327,-47.795681340752836,-47.72153485541325,0.07414648533958257,,339;408;505,,,,,371;373;375,372,,,,
7BEL,3,rpk,free,-545.2317478396376,-538.129579573184,7.102168266453646,-48.39144676671448,-48.25018805042635,0.14125871628812803,,339;408;505,,,,,371;375;405;498,342;369;374;434,,,,
7BEL,3,af2,cons,-622.431461119899,-548.93456198681,73.49689913308907,-47.292444201570916,-45.56398019254418,1.7284640090267374,,339,,347;383;443;481;483;485;490;496;502,,394;457;465;467;469;492,405;477;501,365;442;446;448;451;453;454;455;456;474;475;479;480;487;491;493;494;495;497;506;538,,354;357;519,,468;516
7BEL,3,af2,free,-660.8091303049003,-624.5982282063958,36.21090209850456,-50.5597257123469,-55.44409105863612,-4.884365346289215,,339;478,,320;366;367;368;372;443;481;483;490;499;500;502,,353;394;457;466;492,405;501,351;365;377;420;442;445;446;447;451;453;454;473;487;488;491;495;497;506,,466,,357;465;468
