pdb,antibody,method,constrained,wt_total,om_total,d_total,wt_interface,om_interface,d_interface,tot_stab_mut_close,tot_stab_mut_distal,tot_stab_other_close,tot_stab_other_distal,tot_destab_mut_close,tot_destab_other_close,tot_destab_mut_distal,tot_destab_other_distal,int_destab_mut,int_destab_other,int_stab_mut,int_stab_other
7KFX,1,rpk,cons,-575.2770876805091,-549.0140206590572,26.26306702145189,-62.45781386385258,-47.39224902179532,15.065564842057256,,339;408,494,,405;417;484;493;498,,371;373;375,372,417;493;498;505,496,,494
7KFX,1,rpk,free,-597.9709849263892,-571.4905721737146,26.480412752674624,-67.0199564747067,-51.245557409070805,15.774399065635897,,339;408,418;494,444,405;417;484;493;498,446;489,371;373;375,374;377,417;493;498;505,496,501,494
7KFX,1,af2,cons,-610.9776646813992,-461.96972974413103,149.0079349372682,-42.12959584541579,12.204275862247638,54.333871707663434,,339,486;490;502,437;443;483;518,405;477;478;501,446;447;449;453;454;455;456;473;474;475;476;479;487;488;492;494;495;497;503,371;373;375,346;351;365;372;448;451;465;469;491;506;520;522;541,417;477;478;493;501;505,453;455;473;474;475;476;487;494,,457;486;503
7KFX,1,af2,free,-664.853669229275,-614.1094102763419,50.74425895293314,-61.57650817648339,-6.216417330002742,55.360090846480645,,339,483;490;500;502,320;367;390;407;436;443;499;518;527,405;417;501,403;446;447;448;449;453;456;475;487;495;497,,356;365;374;391;430;442;445;451;465;491;492;506;519;520,417;493;501;505,420;453;455;456;460;473;475;487;489;496;502,,486
