pdb,antibody,method,constrained,wt_total,om_total,d_total,wt_interface,om_interface,d_interface,tot_stab_mut_close,tot_stab_mut_distal,tot_stab_other_close,tot_stab_other_distal,tot_destab_mut_close,tot_destab_other_close,tot_destab_mut_distal,tot_destab_other_distal,int_destab_mut,int_destab_other,int_stab_mut,int_stab_other
7VND,1,rpk,cons,-182.69371490885027,-181.3456303701471,1.3480845387031763,-39.730936273852905,-40.83459054241232,-1.103654268559417,,339;373;496,,497,446,351;452,,455,,,,351
7VND,1,rpk,free,-442.18159746350716,-418.82953826062294,23.35205920288422,-47.09535174838171,-51.871704738809214,-4.776352990427505,,339;373;417;496,350;351;353;491,342;367;403;407;408;410;455;479;497,446,347;349;447;466;467;472;489,478,335;336;337;361;369;370;400;409;412;421;510,,351;352;449;468;494,,450;470;489
7VND,1,af2,cons,-606.4626629139568,-601.9823324268123,4.480330487144556,-24.04496276291931,-26.702968691690515,-2.6580059287712032,,339;371,452;472;483,367;369;372;406;485;518,446,444;470;494,375;501,365;368;374;420;434;435;455;499;528,,,,468
7VND,1,af2,free,-662.6119458041562,-677.1814801816946,-14.569534377538389,-49.4128766588271,-59.05638530235228,-9.64350864352518,,339;371,346;348;349;450;470;480;483,369;372;406;418;516;518;528,446,444;494,,374;435;455;526,,444;452;494,,346;348;349;450;470;482;492
