pdb,antibody,method,constrained,wt_total,om_total,d_total,wt_interface,om_interface,d_interface,tot_stab_mut_close,tot_stab_mut_distal,tot_stab_other_close,tot_stab_other_distal,tot_destab_mut_close,tot_destab_other_close,tot_destab_mut_distal,tot_destab_other_distal,int_destab_mut,int_destab_other,int_stab_mut,int_stab_other
7P77,1,rpk,cons,-276.2812276271854,-256.5500580852341,19.73116954195126,-23.976814707757757,-27.54418098395289,-3.567366276195134,,339,406,508,484;498;501,,371;373,372;434,,,417;452,403
7P77,1,rpk,free,-429.6931059123636,-398.3313072858986,31.361798626464974,-35.87352798703664,-46.19774895623696,-10.324220969200319,,339,456;485;489;490,338;340;368;451;472;508,405;484;498;501,403;455;495,371,342;350;369;402;454;466;468;474;480;488;509;516,408;484;498;505,,405;417;486,487;489
7P77,1,af2,cons,-601.6742695566195,-507.29968388466295,94.37458567195654,-22.312468127502868,-24.309805546085595,-1.9973374185827275,,339,483;500;502,437;481;485;490,405;452;477;498;501;505,420;446;449;451;453;475;489;494;495;497;503;504;506,375,365;442;448;457;467;468;469;473;474;479;480;487;491;492;538,498;505,421;445;446;493,417;452,403;453;502;503
7P77,1,af2,free,-648.8606113057107,-609.586206736802,39.27440456890872,-43.893131435241976,-12.589115985299234,31.304015449942742,,339,421;457;483;499;503,320;338;347;358;367;369;390;401;436;490;528,405;501,445;446;449;454;455;473;487;495;506,375,351;368;425;442;448;451;467;469;474;488;491;492;497;526,484;498;505,416;421;445;446;449;455;487;489;493;500,,503
