pdb,antibody,method,constrained,wt_total,om_total,d_total,wt_interface,om_interface,d_interface,tot_stab_mut_close,tot_stab_mut_distal,tot_stab_other_close,tot_stab_other_distal,tot_destab_mut_close,tot_destab_other_close,tot_destab_mut_distal,tot_destab_other_distal,int_destab_mut,int_destab_other,int_stab_mut,int_stab_other
7RA8,2,rpk,cons,-486.38305281251195,-465.8924038091112,20.490649003400733,-53.114737490520454,-53.60630283207539,-0.4915653415549386,,339,,,371;375;501,372;502,,449;455,,,,
7RA8,2,rpk,free,-520.065791899655,-512.7845976890308,7.281194210624221,-59.07488360166914,-56.018287038187665,3.0565965634814773,,339,368;378;384,,373;501,369;502,,367;449;455,,374;377,375,
7RA8,2,af2,cons,-616.7958527988012,-600.5150895388704,16.280763259930836,-44.245383033344005,-38.60645742944398,5.638925603900027,,339,372;406,483;485;518,373;375;501,368;369;374;435,496,420;434;455;499;528,373,369,,372
7RA8,2,af2,free,-665.4285066872287,-663.7357476767663,1.692759010462396,-57.36752232340017,-67.12539890950929,-9.757876586109113,,339;484,369;378;382;406,356;390;393;451;483;518,501,374;376;502,446,326;389;448;497;499,,377;405,373,369;372;384
