pdb,antibody,method,constrained,wt_total,om_total,d_total,wt_interface,om_interface,d_interface,tot_stab_mut_close,tot_stab_mut_distal,tot_stab_other_close,tot_stab_other_distal,tot_destab_mut_close,tot_destab_other_close,tot_destab_mut_distal,tot_destab_other_distal,int_destab_mut,int_destab_other,int_stab_mut,int_stab_other
7R7N,1,rpk,cons,-524.9746851076595,-501.80887411606204,23.165810991597482,-44.48127655134123,-43.60265228777973,0.8786242635614983,,339,,,446,455,371;373;375;501,367;372,,,,
7R7N,1,rpk,free,-545.4520685132209,-530.8315159575716,14.620552555649283,-57.28649215615726,-65.27401980156228,-7.987527645405017,,339,,434,417;446,,373;375;501,372,493,,446;478,455;456
7R7N,1,af2,cons,-609.9850349410989,-614.3872729980905,-4.402238056991564,-36.33530321601255,-38.581240001961156,-2.245936785948608,,339;371,483;485;488,367;369;372;406;518,496,489;490,375;501,365;368;374;420;434;435;499;528,,487;489,484,485;486
7R7N,1,af2,free,-663.1987897482181,-666.4555672767214,-3.256777528503221,-53.819872563038665,-48.53585314906426,5.284019413974406,,339,475;483,358;367;372;406;518;528,446;496,,501,365;374;444;453;526,484,455;456;481;483;487,,475;485;486
