pdb,antibody,method,constrained,wt_total,om_total,d_total,wt_interface,om_interface,d_interface,tot_stab_mut_close,tot_stab_mut_distal,tot_stab_other_close,tot_stab_other_distal,tot_destab_mut_close,tot_destab_other_close,tot_destab_mut_distal,tot_destab_other_distal,int_destab_mut,int_destab_other,int_stab_mut,int_stab_other
7RA8,1,rpk,cons,-488.5826646124717,-466.32429358194395,22.25837103052777,-53.27548426501474,-46.78036671226283,6.495117552751907,,339,,,371;375;405;501,372;502,,455,405;408,,,
7RA8,1,rpk,free,-522.4148253987495,-507.32681841542455,15.08800698332493,-61.15332079726748,-55.06690900753285,6.086411789734633,,339,374,367,371;405;501,372;434;502,,448;455,405;408,,375,
7RA8,1,af2,cons,-617.3195075727815,-524.3015392334673,93.01796833931417,-41.733401441006684,-31.39192064059816,10.341480800408526,,339,369;383;502,367;443;483;490;496;518,371;375;405;501,372;503;506,493,346;351;365;442;446;449;451;453;454;455;456;457;461;469;471;473;475;479;487;491;492;494;495;497;520;522;538;541,405;408,502;503,,369
7RA8,1,af2,free,-659.9652721815793,-622.1783595580575,37.786912623521744,-60.13315591207269,-45.92881115456893,14.204344757503755,,339;478,366;369;502,320;354;358;367;421;443;458;483;490;499;500;518,371;376;405,385;503;506,501,326;365;391;434;442;445;446;447;448;449;451;453;454;457;480;487;491;492;495;497;519;520;526,408,370;372;385;503,375,369
