pdb,antibody,method,constrained,wt_total,om_total,d_total,wt_interface,om_interface,d_interface,tot_stab_mut_close,tot_stab_mut_distal,tot_stab_other_close,tot_stab_other_distal,tot_destab_mut_close,tot_destab_other_close,tot_destab_mut_distal,tot_destab_other_distal,int_destab_mut,int_destab_other,int_stab_mut,int_stab_other
7E7Y,1,rpk,cons,-524.1210865127666,-510.6752844348207,13.445802077945928,-46.98673246940006,-41.00752437985028,5.979208089549779,,339;373;408,,,477;478;484;486,,371;375;501,,486,,,
7E7Y,1,rpk,free,-553.2556819543515,-545.5723118756657,7.683370078685812,-49.142767604331276,-41.94420578927311,7.198561815058163,,339;373;408;505,,406,484;486,,405;501,360;391;446,478;486,,,
7E7Y,1,af2,cons,-610.4630036477756,-531.5688405119553,78.89416313582035,-19.549405047434778,-16.654451372639564,2.8949536747952145,,339,481;483;485;490,383;421;443;502,477;486;501,455;456;474;479;487;489;494;495,405;452,365;387;389;442;445;446;448;451;453;454;457;467;469;491;492;497;506,484;486,483,478,487
7E7Y,1,af2,free,-661.8174122500578,-612.073432102562,49.74398014749579,-41.612430033631725,-34.74673876949659,6.865691264135137,,339,473;481;483;485,320;367;369;372;382;390;421;436;443;499;500;502;517,477;486,487;493;495,405;501,326;365;420;425;435;442;445;446;447;448;451;453;454;457;461;471;480;491;492;497;503;506;507;518,477;486,476;488;489,478,481;495
