pdb,antibody,method,constrained,wt_total,om_total,d_total,wt_interface,om_interface,d_interface,tot_stab_mut_close,tot_stab_mut_distal,tot_stab_other_close,tot_stab_other_distal,tot_destab_mut_close,tot_destab_other_close,tot_destab_mut_distal,tot_destab_other_distal,int_destab_mut,int_destab_other,int_stab_mut,int_stab_other
7EJ5,3,rpk,cons,-362.40410537683954,-346.63665826179397,15.76744711504557,-24.401859736681818,-23.647676538495315,0.754183198186503,,339;408,,449,477;478,,371;373;375;501,372,486,,478,
7EJ5,3,rpk,free,-472.82712077138456,-462.74420568539426,10.082915085990294,-36.75331686538087,-28.217605568163087,8.53571129721778,,339;408,489,333;334;335;364;370;377;403;407;447;490;504;508,486,480,371,338;342;347;350;372;374;402;437;482;499,486,,,
7EJ5,3,af2,cons,-609.0316486082122,-522.7222317479512,86.30941686026097,-13.39024008437481,-4.974997250142412,8.415242834232398,,339,481;483;485,383;490;500;502,477;478;486,474;475;479;480;487,405;501,357;365;394;442;446;448;449;451;453;454;455;457;467;469;491;492;493;494;495;497;506,486,489,,
7EJ5,3,af2,free,-657.7015494707083,-604.8411242865513,52.86042518415695,-36.84141214972901,-12.953648099818823,23.88776404991019,,,483,320;326;367;369;372;390;443;490;499;500;502;527,477;478;486,480;487,371;375;405;452;501,351;365;391;442;445;446;447;451;453;454;467;469;491;492;495;497;506;525;528,477;478;486,475;487,,
