pdb,antibody,method,constrained,wt_total,om_total,d_total,wt_interface,om_interface,d_interface,tot_stab_mut_close,tot_stab_mut_distal,tot_stab_other_close,tot_stab_other_distal,tot_destab_mut_close,tot_destab_other_close,tot_destab_mut_distal,tot_destab_other_distal,int_destab_mut,int_destab_other,int_stab_mut,int_stab_other
6ZER,2,rpk,cons,-529.4939727896714,-521.9945720800138,7.499400709657607,-55.162290371908334,-54.96621295109978,0.19607742080855672,,339;446;496,,340,375,372;374,371;484;501,,,,,
6ZER,2,rpk,free,-562.2095207486556,-568.6295958601985,-6.420075111542928,-63.15489742783397,-61.625607981197746,1.529289446636227,,339;446;496;505,368;374,497;508,,385;389;434,371,436,,385;389,,374;377;412;414
6ZER,2,af2,cons,-609.4126681334924,-623.0742699619027,-13.661601828410312,-50.07757909482629,-55.151546522711214,-5.073967427884924,,339;371,372;377;387;518,367;406;483;485,375,369;374;528,496;501,420;434;435;452;489;499,,,,372;377
6ZER,2,af2,free,-662.7015210953563,-667.927581209032,-5.226060113675771,-65.9058520544008,-66.66958611481847,-0.7637340604176757,,339,372;377;384;518,406;451;480;483;527,,374;385;391,446,448,,381;383;385,,372;377;378
