pdb,antibody,method,constrained,wt_total,om_total,d_total,wt_interface,om_interface,d_interface,tot_stab_mut_close,tot_stab_mut_distal,tot_stab_other_close,tot_stab_other_distal,tot_destab_mut_close,tot_destab_other_close,tot_destab_mut_distal,tot_destab_other_distal,int_destab_mut,int_destab_other,int_stab_mut,int_stab_other
7LSS,1,rpk,cons,-490.14234532659816,-473.46481408583077,16.677531240767394,-39.45098900692298,-41.03914993500396,-1.5881609280809812,,339;408;478,,,498;501,502,371;375;477,,,439,,500
7LSS,1,rpk,free,-562.4616358082728,-577.4541798109074,-14.992544002634531,-46.80445042633913,-53.05758867838359,-6.253138252044458,,339;373;408,449;500,367;372;508,,445,371,365,,,498,446
7LSS,1,af2,cons,-615.3632794330705,-514.6850869726135,100.67819246045701,-42.40420413868568,-12.819160087689777,29.5850440509959,,339,346;502,483;490;518,501,442;444;445;446;447;448;449;451;500;503;506,371;373;405;493,351;365;372;420;453;454;455;456;457;461;465;471;473;475;479;487;491;492;494;495;497;520;522;538;541,,444;445;446;450;499;500,440,346
7LSS,1,af2,free,-665.3514431096504,-611.888227319713,53.46321578993741,-50.979532170960255,-25.670551296850316,25.30898087410994,,339;478,346;443;502;503,320;338;354;367;380;390;421;483;490;518,440,442;444;445;446;447;448;449;451;499;506,371;405;493,353;356;365;391;420;425;434;436;456;461;467;487;491;492;495;497;517;519;520,440,345;439;441;444;445;447;499;500,,503;506
