pdb,antibody,method,constrained,wt_total,om_total,d_total,wt_interface,om_interface,d_interface,tot_stab_mut_close,tot_stab_mut_distal,tot_stab_other_close,tot_stab_other_distal,tot_destab_mut_close,tot_destab_other_close,tot_destab_mut_distal,tot_destab_other_distal,int_destab_mut,int_destab_other,int_stab_mut,int_stab_other
7CZZ,2,rpk,cons,-434.90168133283044,-415.8270394726105,19.074641860219913,-25.24652100313103,-22.035127254606742,3.211393748524287,,339,487,,477,,371;373;375;405,372,486,,,
7CZZ,2,rpk,free,-517.6167377561887,-503.52489040114733,14.09184735504141,-47.09245646187951,-54.749452129575836,-7.656995667696329,,339,449;488,380;386;431;515,405;484;501,446;489;490,371;375,370;429,486;505,,477;478;498,449;487
7CZZ,2,af2,cons,-610.9703760368695,-522.3804980311508,88.58987800571879,-25.209769844357588,-15.399380072720785,9.810389771636803,,339,481;483;485;500;502,383;508,477,453;455;456;457;473;474;475;476;479;489;492;495,405;452,365;442;445;446;448;451;454;467;469;488;491;497;506,484;486,456;473;476;489,498;501,487;495
7CZZ,2,af2,free,-661.2240124920714,-602.432238499457,58.79177399261448,-52.50333510371639,-39.02324078217582,13.48009432154057,,339,481;485;490;500;502,320;367;369;372;390;423;427;436;472;508,452;477;486,420;446;449;457;480;489;492;493;495;497,405,337;346;386;391;407;425;435;442;445;448;451;467;491;506;507;541,477;484;486,456;473;476;483;487;489;493,478;498;501,479;495;503
