pdb,antibody,method,constrained,wt_total,om_total,d_total,wt_interface,om_interface,d_interface,tot_stab_mut_close,tot_stab_mut_distal,tot_stab_other_close,tot_stab_other_distal,tot_destab_mut_close,tot_destab_other_close,tot_destab_mut_distal,tot_destab_other_distal,int_destab_mut,int_destab_other,int_stab_mut,int_stab_other
7CJF,1,rpk,cons,-556.8720510420475,-532.6067057683326,24.265345273714843,-62.03563181743665,-53.2847911540889,8.750840663347752,,339;408,,,405;493;498;501,,371;373;375,372,417;505,,,
7CJF,1,rpk,free,-579.7661483876866,-569.1396110336284,10.6265373540582,-76.79685329190433,-62.83198549693664,13.964867794967688,,339,415,471,405;498,449,371;375;376,372,417;498;505,420;449;486;495;496,493,415
7CJF,1,af2,cons,-613.291947551318,-478.925693891195,134.366253660123,-52.8157408881125,-34.00875758356385,18.806983304548652,,339,483;485;490;500;502,437;518,405;477;478;493;498;501;505,453;454;455;456;473;474;475;476;487;488;492;494;495;497;503,371;373;375,346;351;365;372;442;446;451;461;465;469;471;479;491;506;520;522;538;541,417;493;505,455;476;502,477,457;475;487;495;503
7CJF,1,af2,free,-665.5295010728616,-612.3742849132861,53.1552161595755,-74.35855470582183,-17.73140816910887,56.62714653671296,,339,474;490;502,367;369;390;407;436;443;518,405;493;501,406;421;445;446;447;448;449;455;456;475;491;492;494;495;497,,337;351;368;374;391;442;451;467;469;506;519;520;526,417;493;501;505,403;420;421;449;453;455;456;460;473;476;495;496;500;502,,415;486
