pdb,antibody,method,constrained,wt_total,om_total,d_total,wt_interface,om_interface,d_interface,tot_stab_mut_close,tot_stab_mut_distal,tot_stab_other_close,tot_stab_other_distal,tot_destab_mut_close,tot_destab_other_close,tot_destab_mut_distal,tot_destab_other_distal,int_destab_mut,int_destab_other,int_stab_mut,int_stab_other
7NXA,2,rpk,cons,-553.697684967497,-549.5163136184402,4.181371349056803,-55.14210425391797,-54.76070649676218,0.3813977571557885,,339;408,,,375,,371;405;484;501,,,,,
7NXA,2,rpk,free,-568.3885688682905,-566.8629840666147,1.525584801675791,-63.83511143141022,-58.056022309697596,5.779089121712623,,339;373;408,412,347;374;451,,,371;375,343,,378;429,,
7NXA,2,af2,cons,-609.2309592971927,-537.5221171875171,71.70884210967563,-37.778090129663006,-49.87474604350008,-12.096655913837076,,339,370,421;443;481;483;485;490;496;500;502,,,405;452;477;501,442;446;448;449;451;453;454;455;456;457;467;469;474;475;479;487;488;491;492;494;495;497;506,,,,369;377;385
7NXA,2,af2,free,-664.2383165000555,-624.818460171532,39.41985632852345,-65.7097881447802,-56.347854519416565,9.36193362536364,,339,387,356;367;423;443;472;481;483;485;490;500;502,,378;430,405;501,351;365;434;442;445;446;448;451;453;454;468;471;474;479;487;491;492;495;497;506,,378;384;385;414;427,,377
