pdb,antibody,method,constrained,wt_total,om_total,d_total,wt_interface,om_interface,d_interface,tot_stab_mut_close,tot_stab_mut_distal,tot_stab_other_close,tot_stab_other_distal,tot_destab_mut_close,tot_destab_other_close,tot_destab_mut_distal,tot_destab_other_distal,int_destab_mut,int_destab_other,int_stab_mut,int_stab_other
7EJ4,2,rpk,cons,-374.78954116602716,-362.8469043987292,11.942636767297984,-36.07703523889627,-33.88199693265718,2.1950383062390912,,339;373,403,,501,496,371;375;376,372;415,505,494,498,
7EJ4,2,rpk,free,-481.88342369276785,-481.6208159621551,0.2626077306127286,-45.42590824538006,-41.37920862129672,4.046699624083338,,339;373,444,351;368;369;409;418;419;443;451;474;476;487;508,405;417;498;501,449;455;494;496,371;375,341;342;347;372,405;505,449,,403;444
7EJ4,2,af2,cons,-604.8887759804516,-513.9317569340286,90.95701904642294,-25.367758712276718,-17.55227863544072,7.815480076835996,,339,483;490;502,383;481;485,405;498;501;505,449;453;455;456;475;487;489;494;495;497;506,452;477,365;442;448;451;454;457;465;469;473;474;479;491;492,498;505,449;495;500,501,503
7EJ4,2,af2,free,-655.5560024353126,-597.4693150005639,58.08668743474868,-36.96089951576215,-30.240819497305765,6.720080018456386,,339;478;484,483;485;490;499,320;338;358;367;369;372;374;390;434;436;473;527,405;501;505,445;446;447;449;453;487;493;495;497;506,375,351;353;368;391;425;442;448;451;465;479;480;491;492;528;533,405;505,449;453;500,501,403;499;503
