pdb,antibody,method,constrained,wt_total,om_total,d_total,wt_interface,om_interface,d_interface,tot_stab_mut_close,tot_stab_mut_distal,tot_stab_other_close,tot_stab_other_distal,tot_destab_mut_close,tot_destab_other_close,tot_destab_mut_distal,tot_destab_other_distal,int_destab_mut,int_destab_other,int_stab_mut,int_stab_other
7M42,2,rpk,cons,-453.60504383377,-424.28857815031597,29.316465683454055,-44.68167810073693,-39.406542367435975,5.2751357333009565,,339,,,446;484;493,,371;373;375,372;499,484,,,
7M42,2,rpk,free,-523.3412686631937,-519.4449597925718,3.8963088706218514,-54.788621963989165,-47.89288031661444,6.895741647374727,,339,492,372;374;377,446;484;501,452,371;375,,484,494,478,
7M42,2,af2,cons,-611.3826139231442,-612.0506184007788,-0.6680044776346676,-36.342499174304436,-35.29312480783565,1.0493743664687827,,339;371,485,367;369;372;406;481;518,446;501,452,375,365;368;374;420;434;435;499;528,493,483,,485;486
7M42,2,af2,free,-657.6203883388644,-665.0615153797319,-7.441127040867514,-42.41718134910066,-42.132494920552915,0.28468642854774373,,339;371,485;486;488,369;406;516;518;528,446;501,444;455,,374;497;519;526,484,444;483;489;490,478,485;486;494
