pdb,antibody,method,constrained,wt_total,om_total,d_total,wt_interface,om_interface,d_interface,tot_stab_mut_close,tot_stab_mut_distal,tot_stab_other_close,tot_stab_other_distal,tot_destab_mut_close,tot_destab_other_close,tot_destab_mut_distal,tot_destab_other_distal,int_destab_mut,int_destab_other,int_stab_mut,int_stab_other
7E3B,1,rpk,cons,-481.1984529787061,-453.68923895060027,27.509214028105816,-50.66496952446452,-45.27922344377362,5.3857460806909,,,,367,452;484,,371;373;375;501,,484,351,,
7E3B,1,rpk,free,-513.3121339221666,-492.69753737797504,20.614596544191556,-72.0096997340703,-58.351728590644775,13.65797114342552,,,,342;367;419;436;502,484,351;493,371;375;376,369;402;420,484,351;352;441,,
7E3B,1,af2,cons,-613.3280413928105,-515.5150441558814,97.81299723692916,-38.67626010908019,-21.925065133498236,16.751194975581953,,339,347;481;483,485;500;502,,346;442;444;445;446;447;448;449;451;468;491;492;494;495;497,405;477;501,365;453;454;457;461;465;467;469;474;475;479;480;487;488;506,,444;447;448;450;490,,445;446;493
7E3B,1,af2,free,-664.7640671557485,-615.6990641680924,49.06500298765616,-58.262420422126084,-56.614679383195465,1.6477410389306186,,339,347;354;445;472;483;490,360;367;369;372;380;390;418;496;500;502,452,349;353;441;442;444;446;448;451;467;469;470;491;495;497,375;405;501,326;365;381;386;391;392;425;453;456;479;480;487;506,452,349;441;444;448;450;470;483;490,,346;352;445;446;466;492;493;495
