pdb,antibody,method,constrained,wt_total,om_total,d_total,wt_interface,om_interface,d_interface,tot_stab_mut_close,tot_stab_mut_distal,tot_stab_other_close,tot_stab_other_distal,tot_destab_mut_close,tot_destab_other_close,tot_destab_mut_distal,tot_destab_other_distal,int_destab_mut,int_destab_other,int_stab_mut,int_stab_other
7DK4,2,rpk,cons,-465.27324340556873,-429.498480923643,35.774762481925734,-60.50736936835066,-50.39112098337804,10.116248384972621,,339,,,446;493;498;501,447;455,371;373;375,372,484;493;496;505,445,,
7DK4,2,rpk,free,-502.1321073356324,-499.1348530671418,2.9972542684905648,-73.17120321004396,-78.91012274870269,-5.738919538658735,,339,,436;508,446;493,,371;375,441,484;493,445,496,444;449;458;486
7DK4,2,af2,cons,-587.2707302023123,-596.2686935490999,-8.997963346787628,-41.040131281682754,-43.723833948492924,-2.68370266681017,,339;371,406;481;483;485;486,367;369;372;518,498;501,489;494,375,365;368;374;420;434;435;528,501;505,445;489,446;484,485;486
7DK4,2,af2,free,-662.3045162014672,-665.8191283351955,-3.514612133728292,-52.74515951824946,-78.34975552254926,-25.6045960042998,,339;371,472;480;483;485,360;369;372;393;425;451;518;527,446;501,444;447;449;453;473;487;489,,374;435;526,484;501,453;495,446;478;493;496,456;457;473;485;486;489
