pdb,antibody,method,constrained,wt_total,om_total,d_total,wt_interface,om_interface,d_interface,tot_stab_mut_close,tot_stab_mut_distal,tot_stab_other_close,tot_stab_other_distal,tot_destab_mut_close,tot_destab_other_close,tot_destab_mut_distal,tot_destab_other_distal,int_destab_mut,int_destab_other,int_stab_mut,int_stab_other
7LQV,3,af2,cons,-791.7010458214635,-752.9025959427288,38.79844987873469,-4.5022007081804345,-3.500222493477429,1.0019782147030054,,67;95,148;155,19;21;22;29;75;76;77;97;111;124;138;213;nan;215;216;229;260,142;143,147;150;151;152;153;154;156;255;256;257,212,20;23;102;179;187;191;210;233;245;249;258,,153;154;256,,148;155;156;254
7LQV,3,af2,free,-893.843182480332,-880.469444304845,13.373738175487006,-22.266733276828003,-7.892056960308727,14.374676316519276,,67;95,134;154;159,18;19;35;68;76;77;81;97;118;121;139;186;213;nan;215;216;222;242;248;260,142;144,153,143;212,20;21;72;85;98;106;133;152;221;229;238;243;245;249;253;255;262;263;269;289;298,144,147;157;158,,134;154
