pdb,antibody,method,constrained,wt_total,om_total,d_total,wt_interface,om_interface,d_interface,tot_stab_mut_close,tot_stab_mut_distal,tot_stab_other_close,tot_stab_other_distal,tot_destab_mut_close,tot_destab_other_close,tot_destab_mut_distal,tot_destab_other_distal,int_destab_mut,int_destab_other,int_stab_mut,int_stab_other
7E3B,1,rpk,cons,-481.2757564321612,-454.5197135124122,26.756042919749007,-50.55797127517932,-45.16494698725466,5.393024287924661,,,,367,452;484,,371;373;375;501,,484,,,
7E3B,1,rpk,free,-510.8083077676132,-504.98681222009225,5.8214955475209536,-59.120632856282825,-55.08759100876002,4.033041847522803,,408,,356;366;436;502;508,484,,371;375;405;501,365;368;369;432,452;484,,,483
7E3B,1,af2,cons,-613.3280413928105,-511.26803778480473,102.06000360800579,-38.67626010908019,-22.121185147083246,16.555074961996944,,339,483;490;496,502;508;518,452,442;444;445;446;447;448;449;451;468;491;492;494;495;497,371;373;405;501,365;372;453;454;455;456;457;461;469;471;473;475;479;487;506;520;522;541,,444;447;448;450;490,493,445;446
7E3B,1,af2,free,-664.7640671557485,-604.9197475027075,59.844319653041,-58.262420422126084,-49.979748728423374,8.28267169370271,,339,445;466;483;490,338;367;380;390;418;500;502;518,452,349;353;355;441;444;446;448;451;469;470;472;488;491;492;495;497;509,371;405;501,342;365;374;377;391;453;454;456;457;473;479;480;506;519;520,452,441;444;448;450;470;483;490,493,345;346;352;445;446;492;494;495
