pdb,antibody,method,constrained,wt_total,om_total,d_total,wt_interface,om_interface,d_interface,tot_stab_mut_close,tot_stab_mut_distal,tot_stab_other_close,tot_stab_other_distal,tot_destab_mut_close,tot_destab_other_close,tot_destab_mut_distal,tot_destab_other_distal,int_destab_mut,int_destab_other,int_stab_mut,int_stab_other
7K8Y,1,rpk,cons,-876.9922749065556,-852.6216284626842,24.370646443871465,-34.47195669518489,-33.22450157331637,1.2474551218685264,,339,,,375;405;501,,371;376;373,372;374,,,493,
7K8Y,1,rpk,free,-1055.3508755769624,-1060.092988471636,-4.74211289467371,-64.22311919189411,-50.17782260243716,14.045296589456953,,339;371;373;505,407;485;502;383;414;427,335;342;367;436;508;510;385;392;443,405;501,487;489;490;497,371,358;366;368;402;506;344;365;372;374;390;431,405;408,486;487;412;415,452,456;427
7K8Y,1,af2,cons,-1208.8713273263725,-1034.277650560556,174.59367676581655,-33.12744737360193,-25.021020431354145,8.106426942247786,,339,483;485;490;496;502,518,405;501;452,446;449;453;455;456;473;475;486;487;489;492;494;495;497,371;373;375,346;351;365;372;451;454;457;459;461;465;469;471;479;491;506;520;522;541;467;538,484;405;408,444;489;494;415,501,445;450;499
7K8Y,1,af2,free,-1305.9887614323875,-1206.3418597175394,99.64690171484813,-69.29546914551193,-45.81937795367699,23.47609119183494,,339,421;450;473;474;483;490;502;508;499;500,320;338;354;367;380;390;443;518;527;366;466;528,405;452;484;493;501,446;448;449;456;487;492;495;496;497;503;506;420;445;447;455;489;494,371,342;365;374;377;381;391;418;424;436;451;454;457;469;480;491;512;519;520;528;356;479;517,484;493,444;449;456;475;483;489;490;415,498;501,499
