pdb,antibody,method,constrained,wt_total,om_total,d_total,wt_interface,om_interface,d_interface,tot_stab_mut_close,tot_stab_mut_distal,tot_stab_other_close,tot_stab_other_distal,tot_destab_mut_close,tot_destab_other_close,tot_destab_mut_distal,tot_destab_other_distal,int_destab_mut,int_destab_other,int_stab_mut,int_stab_other
7P40,2,rpk,cons,-541.2565308288788,-514.2021369120353,27.054393916843537,-30.98524403261115,-27.13510707877572,3.8501369538354275,,339;408,,,405;484;501,456,371;373;375,372,477;486,,478,
7P40,2,rpk,free,-586.0067975084203,-573.877376522477,12.129420985943284,-57.978601555552245,-51.266103793528586,6.712497762023659,,339;408,487,,452;478,472,371;373;375,368;374;436,477;478;486;505,481,484,485
7P40,2,af2,cons,-597.5017327807722,-499.6442272320485,97.85750554872368,-31.785316924813714,29.627375626697827,61.41269255151154,,339,455;483;493;502,443,405;477;478,453;456;457;474;475;476;479;480;487;488;489;491;492;495;497,,365;442;445;446;448;451;465;467;469;503;506;538,477;478;486,474;475;476;481;489,498;501,455;493;495
7P40,2,af2,free,-662.236261853138,-604.6825135085909,57.5537483445471,-70.54338120618986,-23.577602816294092,46.965778389895775,,339,421;490;496;502,320;326;338;367;368;372;390;443;472;500;527,477;486,453;455;456;479;487;489;492;495;497,375;405,365;377;386;391;420;434;442;445;446;448;451;454;459;465;466;467;468;491;506,477;478;484;486,455;456;473;476;479;481;483;485;489;493,498;501,475;495
