pdb,antibody,method,constrained,wt_total,om_total,d_total,wt_interface,om_interface,d_interface,tot_stab_mut_close,tot_stab_mut_distal,tot_stab_other_close,tot_stab_other_distal,tot_destab_mut_close,tot_destab_other_close,tot_destab_mut_distal,tot_destab_other_distal,int_destab_mut,int_destab_other,int_stab_mut,int_stab_other
7N4L,1,rpk,cons,-431.73687946137255,-419.10494342788127,12.631936033491286,-36.23416240103799,-29.400326981764195,6.833835419273797,,339;408,,,417;477,,371;373;375;376;501,372,417;493,,,
7N4L,1,rpk,free,-514.3304854239149,-503.70277589675817,10.627709527156696,-40.13395728821638,-38.85419626335859,1.279761024857791,,339;408,420;456;489,370;378;508,477,,371;405;501,368;369;372;374;406;410;433;502,417,,,456
7N4L,1,af2,cons,-605.2463278023936,-517.7909796986139,87.45534810377967,-25.341204898816297,-17.722360764454997,7.6188441343613,,339,483;486,490;500;502;518,417;501,449;453;456;473;474;487;494;495,371;373;405,346;351;365;372;442;446;451;454;457;461;471;479;491;492;497;506;520;522;538;541,417;493,486;487;489,477;478;484,475;476
7N4L,1,af2,free,-648.6304506666941,-613.5798409083225,35.05060975837159,-42.86120932642523,-41.36870912530039,1.492500201124841,,339,421;474;486;490,320;354;356;367;380;390;430;443;458;502;518,405;417,420;456;475;487;491;492;495;497,371;501,365;374;377;391;442;445;446;448;451;457;469;506;519;520;526,417;505,473;483;489,477;478;498,455;474;476
