pdb,antibody,method,constrained,wt_total,om_total,d_total,wt_interface,om_interface,d_interface,tot_stab_mut_close,tot_stab_mut_distal,tot_stab_other_close,tot_stab_other_distal,tot_destab_mut_close,tot_destab_other_close,tot_destab_mut_distal,tot_destab_other_distal,int_destab_mut,int_destab_other,int_stab_mut,int_stab_other
7CAI,2,rpk,cons,-671.092488925774,-470.2904550161128,200.8020339096612,-46.37743192141591,-47.417660726744764,-1.0402288053288515,,339;496,434;508,451;452,371;373;375;478;484,372;374;437;439,493;501,422;442;499,478,,375;440,
7CAI,2,rpk,free,-963.7259175682759,-835.5857933443539,128.14012422392204,-59.425962050838756,-67.04524794311217,-7.6192858922734175,,339;496,380;508;370;405,431;338;358;367;451;452;453;488,371;373;484,366;372;439;369;374;479,501;498,332;334;362;364;488;365;490;513;514,,479,373;375,389;414
7CAI,2,af2,cons,-1198.0773289366307,-1176.3315299934698,21.745798943160935,-32.82955693781365,-27.818351313063072,5.011205624750577,,339,406;483;485;369;372;488,367;518;472,375;478,369;372;374;384;434;368;435,501;496,342;420;455;489;499;528;365,478,370;372;378,371;375,374;376
7CAI,2,af2,free,-1305.8234920866807,-1311.1457318316338,-5.3222397449530945,-69.26485905259688,-62.236294624305415,7.02856442829146,,339,377;388;406;425;480;483;502;508;369;372;474;485,356;518;527;392;393,,369;374;383;408;412;435,446;496;501,424;444;448;506;526;389;390;430;455;517;519,375,370;374;378;380;383;385;408;412;479,373;477;478,427;503;486
