pdb,antibody,method,constrained,wt_total,om_total,d_total,wt_interface,om_interface,d_interface,tot_stab_mut_close,tot_stab_mut_distal,tot_stab_other_close,tot_stab_other_distal,tot_destab_mut_close,tot_destab_other_close,tot_destab_mut_distal,tot_destab_other_distal,int_destab_mut,int_destab_other,int_stab_mut,int_stab_other
7K9K,1,rpk,cons,-391.71650537579194,-379.86506533255283,11.851440043239108,-33.054091113387805,-31.235358259443387,1.818732853944418,,,,,,,371;373;375;376;501,372,440,,,
7K9K,1,rpk,free,-444.80022266300034,-437.7195807096325,7.080641953367831,-36.44535457091919,-38.250206907795445,-1.8048523368762517,,,340,404;506,,499,371;405;501,372;418;449;502,,,,
7K9K,1,af2,cons,-615.5372526717365,-533.0171796402257,82.52007303151083,-32.1154941089783,-21.778802798188114,10.336691310790183,,,,383;481;483;485;490;500;502,,346;444;445;446;447;448;449;451,405;477;501,351;365;434;453;454;456;457;467;469;474;475;479;480;487;491;492;493;494;495;497;506,,346;441;444;446,,
7K9K,1,af2,free,-656.6274611745919,-623.0680447761273,33.55941639846458,-38.663464869496934,-45.63094164611217,-6.967476776615236,,478,347;354;499,369;390;472;483;489;490;496;500;502,,442;444;446;447;448,371;375;405;486;501,326;351;353;365;391;392;453;457;466;487;491;492;495;497;506,440,442;443;444,,340;445;446
