pdb,antibody,method,constrained,wt_total,om_total,d_total,wt_interface,om_interface,d_interface,tot_stab_mut_close,tot_stab_mut_distal,tot_stab_other_close,tot_stab_other_distal,tot_destab_mut_close,tot_destab_other_close,tot_destab_mut_distal,tot_destab_other_distal,int_destab_mut,int_destab_other,int_stab_mut,int_stab_other
7K8W,2,rpk,cons,-412.6891979300535,-381.601021192893,31.088176737160552,-40.08344694554328,-40.97227721341434,-0.8888302678710573,,339;408,,,405;484;498,,371;373;375,370;372,484;498,,501,
7K8W,2,rpk,free,-522.7091181184253,-520.8815664402764,1.8275516781488932,-69.76810494220997,-64.05904668382476,5.7090582583852125,,339,,335;366;406;458;471;524;525,405;484;498,346;446;504,371;375,369;434,484;505,,501,449
7K8W,2,af2,cons,-610.7555268341202,-524.6321006054618,86.12342622865845,-37.04340302874372,-18.310346216453798,18.73305681228992,,339,450;483;490;499;500;502,383;518,405;493;498;501,346;444;445;446;447;449;451;453;455;456;492;494;495;497;506,371;373,351;365;372;387;454;457;467;469;471;473;479;487;491;520;522;541,493;498,444;445;446;449;494,,450;495;503
7K8W,2,af2,free,-665.9213585844375,-619.0068582927096,46.914500291727904,-67.64740275997477,-21.654675346640254,45.992727413334514,,339;478,443;450;490;500;502,320;354;358;367;369;390;407;436;466;473;474;518;527,452;493;498;501,445;446;447;448;449;451;455;491;492;494;495;497,405,374;391;442;454;457;469;479;480;506;519;520;528,484;493;498;501;505,445;446;449;481;482;483;490;492;494;502,,450;495;503
