pdb,antibody,method,constrained,wt_total,om_total,d_total,wt_interface,om_interface,d_interface,tot_stab_mut_close,tot_stab_mut_distal,tot_stab_other_close,tot_stab_other_distal,tot_destab_mut_close,tot_destab_other_close,tot_destab_mut_distal,tot_destab_other_distal,int_destab_mut,int_destab_other,int_stab_mut,int_stab_other
7EKC,1,rpk,cons,-495.1500712791401,-467.4559808100388,27.694090469101297,-46.13111143686221,-39.98686949327711,6.144241943585101,,339;408,,,405;417;484;493,446;490,371;373;375,372,417;505,,501,
7EKC,1,rpk,free,-518.1658020939074,-509.78557161294293,8.380230480964428,-48.00381424917261,-52.19221802029689,-4.188403771124278,,339;408,449,508,405;417;484;493,446,371,,417;484;505,,477;501,449;506
7EKC,1,af2,cons,-623.5916154904005,-497.1002584038223,126.4913570865782,-49.78417481239316,-14.369350565490926,35.414824246902235,,339,485;490;502,443;483;518,405;417;477;478;498;501;505,403;446;449;455;456;473;475;479;487;489;492;494;495;497;504;506,371;373,346;351;365;372;420;448;451;454;457;459;461;467;480;491;520;522;541,417;478;505,449;456;475;476;487;489;500,,486;503
7EKC,1,af2,free,-660.5361269397167,-602.8738639754242,57.662262964292495,-55.47466715401927,-25.055855654378146,30.418811499641127,,339,473;474;483;490;500;502;503,320;338;367;390;418;443;518;527,405;493;501,445;446;447;455;475;487;491;492;495;497;506,371;375,342;356;365;377;381;391;442;448;451;454;457;459;519;520;528,417;493;505,446;453;455;456;475;486;487;489;500,498,503
