pdb,antibody,method,constrained,wt_total,om_total,d_total,wt_interface,om_interface,d_interface,tot_stab_mut_close,tot_stab_mut_distal,tot_stab_other_close,tot_stab_other_distal,tot_destab_mut_close,tot_destab_other_close,tot_destab_mut_distal,tot_destab_other_distal,int_destab_mut,int_destab_other,int_stab_mut,int_stab_other
7C8W,1,rpk,cons,-547.9785707293123,-532.3408971237836,15.637673605528676,-54.972365558350035,-57.56286047068536,-2.5904949123353234,,339;408,,,417;501,502,371;373;375,372,417,,478;498,
7C8W,1,rpk,free,-571.0592831375864,-566.2003696526385,4.858913484947834,-64.85660708954316,-67.5722183248387,-2.7156112352955404,,339;408,,508,405;417,449,371,372;499,417;493,,478;498;501,
7C8W,1,af2,cons,-595.3639345648977,-510.9491447319565,84.41478983294121,-33.980931833031654,-30.821985597736354,3.1589462352953,,339,481;482;483;485;486;490;496;499;500;502,518,417;452;498;501,446;449;451;455;456;479;487;492;494;495;497,371;373;405,346;351;365;372;442;448;454;457;461;467;469;471;473;491;506;520;522;541,417,403;449;483;490;494,484;493;501,486;488;499;500
7C8W,1,af2,free,-652.3856841468089,-605.4530240298129,46.932660116995976,-44.543383452620716,-49.511036228977936,-4.96765277635722,,339;478,455;486;490;499;500;502,338;367;380;390;443;473;518,417;493,403;446;449;451;453;483;487;492;494;495,371;375;405,342;365;377;391;420;442;445;448;457;465;467;469;491;497;506;517;519;520;526,417,449;483;489;490;494,484;498;501,486;488;495;499;500;503
