pdb,antibody,method,constrained,wt_total,om_total,d_total,wt_interface,om_interface,d_interface,tot_stab_mut_close,tot_stab_mut_distal,tot_stab_other_close,tot_stab_other_distal,tot_destab_mut_close,tot_destab_other_close,tot_destab_mut_distal,tot_destab_other_distal,int_destab_mut,int_destab_other,int_stab_mut,int_stab_other
6XC7,2,rpk,cons,-523.3588430548684,-503.3121013385273,20.046741716341103,-49.7900628327512,-49.2457156713409,0.5443471614102933,,339,,,371;373;375,372,405;452;501,,,,,
6XC7,2,rpk,free,-553.0375241849615,-548.6228942403625,4.414629944599028,-59.77331831358224,-57.520841405741294,2.2524769078409435,,339,,458,371;373;375,,501,455,408,369,,372
6XC7,2,af2,cons,-603.1425655686018,-527.9756324847252,75.16693308387653,-50.99036047153824,-48.22270813347083,2.767652338067407,,339,377,443;481;483;485;490;496;500;502,,321,405;452;477;501,365;442;446;448;449;451;453;454;456;457;461;465;467;469;474;475;479;480;487;488;491;492;494;495;497;506;538,375,321;370;386,,369;374;377
6XC7,2,af2,free,-662.3442121051894,-634.8820422013468,27.46216990384255,-56.95069135737582,-68.75066167519697,-11.799970317821149,,339;478,321;367;369;383;515,320;347;472;483;490;500;502,,381;385;503,405;486;501,326;356;442;445;446;447;448;451;453;467;487;488;491;492;495;497;506,,,,321;369;374;380;383
