pdb,antibody,method,constrained,wt_total,om_total,d_total,wt_interface,om_interface,d_interface,tot_stab_mut_close,tot_stab_mut_distal,tot_stab_other_close,tot_stab_other_distal,tot_destab_mut_close,tot_destab_other_close,tot_destab_mut_distal,tot_destab_other_distal,int_destab_mut,int_destab_other,int_stab_mut,int_stab_other
7E5S,6,af2,cons,-821.0486696533918,-776.968769540872,44.079900112519795,-10.410462049882177,-15.257878293374832,-4.847416243492654,,,148;153,79;97;111;228;229,,141;145;147;150;156;244;245;247;249;250;254;256;257,19;24;25;26,18;23;80;140;233;258;259;260,,145;155;254,,246;248;251;252
7E5S,6,af2,free,-899.5519225315019,-882.3755287671106,17.176393764391264,-18.72274476841429,-20.236285044513536,-1.5135402760992456,,,247;251;252;255,16;41;79;81;84;95;97;180;186;222;272,,147;245;246;249;250,19;25;26,22;29;55;64;70;71;77;91;98;115;140;167;181;183;191;216;217;221;271,,144;147;149;246,,251;252;254
