pdb,antibody,method,constrained,wt_total,om_total,d_total,wt_interface,om_interface,d_interface,tot_stab_mut_close,tot_stab_mut_distal,tot_stab_other_close,tot_stab_other_distal,tot_destab_mut_close,tot_destab_other_close,tot_destab_mut_distal,tot_destab_other_distal,int_destab_mut,int_destab_other,int_stab_mut,int_stab_other
6WPS,2,rpk,cons,-506.2711822489796,-487.31415007667306,18.957032172306526,-44.414439868677384,-44.25584961526473,0.15859025341265465,,505,,,,,371;373;375;405;501,372,,,,
6WPS,2,rpk,free,-520.2463282235062,-507.30766444673117,12.938663776775059,-46.76952163940289,-45.750242809736456,1.0192788296664332,,408,,368;437;449,,,371;373;375;405;501,372,,444,,
6WPS,2,af2,cons,-613.4733769048191,-533.3197835533107,80.15359335150845,-43.829349072956724,-42.24650903232385,1.582840040632874,,,340;443,383;483;490;496;502;518,371,446,373;405;493;501,351;365;372;448;449;451;453;454;455;456;457;461;469;471;473;479;487;491;492;494;495;497;506;520;541,,343,,340
6WPS,2,af2,free,-669.4136051626721,-620.5324850254115,48.88112013726061,-52.46579064999977,-52.98907812008888,-0.5232874700891088,,478,338,320;366;367;368;380;390;399;436;443;466;473;483;490;496;502;518;527,,345;442;445;446;451,371;405;493;501,365;374;381;391;403;418;453;454;455;456;457;469;472;479;480;487;488;491;492;495;497;506;517;519;520;525;528,,345,440,441;446
