pdb,antibody,method,constrained,wt_total,om_total,d_total,wt_interface,om_interface,d_interface,tot_stab_mut_close,tot_stab_mut_distal,tot_stab_other_close,tot_stab_other_distal,tot_destab_mut_close,tot_destab_other_close,tot_destab_mut_distal,tot_destab_other_distal,int_destab_mut,int_destab_other,int_stab_mut,int_stab_other
7M6G,1,rpk,cons,-380.36680651588404,-359.8838680007941,20.482938515089927,-23.97766513074366,-24.311039130448304,-0.3333739997046443,,,,,446,,371;373;375;417;501,372,,,,
7M6G,1,rpk,free,-465.55174429195847,-459.2351152011355,6.316629090822971,-33.896044962121934,-37.25468430048973,-3.3586393383677944,,339,444;449,377;468;488,446;493,447;490,371;373,372;453;461;491,493,447;492,440,445;449;494
7M6G,1,af2,cons,-609.821645121474,-604.0920341554746,5.729610965999427,-22.271539268374106,-21.133175534535127,1.138363733838979,,339;371,,367;369;372;406;483;485;518,446;496;501,444;499,375,365;368;420;434;435;455;489;528,446,,,
7M6G,1,af2,free,-652.2120971053025,-656.7584261310789,-4.546329025776345,-40.86148550152419,-38.232366976244016,2.6291185252801768,,339;371,451,367;369;372;390;406;483;518;527,,,,365;368;374;528,,345,,
