pdb,antibody,method,constrained,wt_total,om_total,d_total,wt_interface,om_interface,d_interface,tot_stab_mut_close,tot_stab_mut_distal,tot_stab_other_close,tot_stab_other_distal,tot_destab_mut_close,tot_destab_other_close,tot_destab_mut_distal,tot_destab_other_distal,int_destab_mut,int_destab_other,int_stab_mut,int_stab_other
7CZT,1,rpk,cons,-466.0096083204396,-449.42847554558296,16.581132774856655,-47.70309441213101,-43.65891691477745,4.044177497353559,,339,496,,484,,371;373;375,372,417;486;505,494,,496
7CZT,1,rpk,free,-545.3691386821865,-532.4118672628229,12.957271419363678,-61.071632926901316,-67.72965522662493,-6.658022299723612,,339,493;496;497,386,484,473;492;494,371;375,370;433,408;477;505,456;473;500,405;498;501,493;495;496;497
7CZT,1,af2,cons,-615.0451653037593,-538.5343558105029,76.51080949325637,-37.62824356656267,-39.96892751170254,-2.3406839451398653,,339,421;483;490;500;502,481;485,405;477;501;505,446;449;453;455;456;457;474;476;487;492;493;494;495;497;506,452,365;442;448;451;467;469;479;491,417;505,449;456;476;494,478;498;501,421;495;503
7CZT,1,af2,free,-666.8565235279159,-618.2577901378861,48.59873339002979,-59.736447860287925,-59.715911885342,0.020535974945921964,,339,483;490;499;500;502;503,338;358;367;369;372;382;390;436;443;481,405;417;477,445;446;453;456;487;488;489;492;494;495;497;506,,353;370;389;394;425;442;448;451;461;467;491;526;528,477;505,456;473;476;489;493;496;500,478;486;498;501,420;495;502;503
