pdb,antibody,method,constrained,wt_total,om_total,d_total,wt_interface,om_interface,d_interface,tot_stab_mut_close,tot_stab_mut_distal,tot_stab_other_close,tot_stab_other_distal,tot_destab_mut_close,tot_destab_other_close,tot_destab_mut_distal,tot_destab_other_distal,int_destab_mut,int_destab_other,int_stab_mut,int_stab_other
7P7A,2,rpk,cons,-278.1816467131445,-261.5000121286205,16.681634584524033,-24.12519665695776,-20.753380946571717,3.3718157103860413,,339,,,371;373;375,372;374,405;452;484;501,,375,,,
7P7A,2,rpk,free,-436.69841320129706,-423.2013051192988,13.497108081998249,-29.594997277268707,-37.46440467245112,-7.86940739518241,,339,374;503,396;419;420;461;464;466;474;485,371;405,377;407;433,,397;410;437;453;490;491;506;507;514,408,,371;375,503
7P7A,2,af2,cons,-614.6700779367789,-540.2268123935054,74.44326554327347,-27.910056574121562,-19.609268630395665,8.300787943725897,,339,,347;481;483;485;490;500;502,375,,405;477;501,365;389;442;445;446;448;449;451;453;455;456;457;467;469;474;475;479;480;487;488;491;492;493;494;495;497;506,376;408,369,,
7P7A,2,af2,free,-665.2294339829691,-623.7273478331012,41.502086149867864,-40.730591961627646,-39.96149043188705,0.7691015297405954,,339;505,374;502,347;367;436;443;481;483;485;490;499;500,371;375;405;501,377;378;503,,353;442;445;446;447;448;453;471;487;488;491;492;495;497;506,408,369;378;502;503,373,383;385
