pdb,antibody,method,constrained,wt_total,om_total,d_total,wt_interface,om_interface,d_interface,tot_stab_mut_close,tot_stab_mut_distal,tot_stab_other_close,tot_stab_other_distal,tot_destab_mut_close,tot_destab_other_close,tot_destab_mut_distal,tot_destab_other_distal,int_destab_mut,int_destab_other,int_stab_mut,int_stab_other
7E88,3,rpk,cons,-481.83031174518317,-455.3238378663851,26.50647387879809,-50.163173853693465,-39.31517761365397,10.847996240039492,,339;408,,,405;501,,371;373;375;484,,478;505,403,,
7E88,3,rpk,free,-512.1433798016826,-506.8985390982252,5.244840703457385,-59.93464744975806,-49.709078337196026,10.225569112562034,,339;408,,372;374,405;501,,371;375;484,434;472,417;478;505,,,
7E88,3,af2,cons,-659.6559474096643,-616.2304039462264,43.425543463437975,-57.97682457649928,-22.604250893418662,35.37257368308062,,339,458;486;490;496;500;502,320;367;390;407;423;436;471;481;483;518;528,405;417;493;501,403;420;447;453;456;457;460;473;475;489;495;506,,351;374;377;391;430;442;445;446;448;451;479;491;492;497;519;520;526,417;477;505,403;420;421;455;456;457;460;473;474;475;476;489;502,498,486;487;503
7E88,3,af2,free,-659.7237720037111,-620.7208286886936,39.002943315017546,-66.05502424293249,-33.6275074465832,32.42751679634929,,339,458;476;489;490;502,367;390;407;423;427;436;443;471;482;508;518,405;417;493;501;505,447;453;455;457;475;487;495;497;506,,351;374;391;445;446;448;451;467;469;491;492;519;520;526,417;484;501;505,420;421;455;456;457;473;474;475;489;502,498,415;458;503
