pdb,antibody,method,constrained,wt_total,om_total,d_total,wt_interface,om_interface,d_interface,tot_stab_mut_close,tot_stab_mut_distal,tot_stab_other_close,tot_stab_other_distal,tot_destab_mut_close,tot_destab_other_close,tot_destab_mut_distal,tot_destab_other_distal,int_destab_mut,int_destab_other,int_stab_mut,int_stab_other
6YM0,1,rpk,cons,-476.63148355004216,-464.4005206321565,12.230962917885677,-57.74759541132278,-59.60838922791367,-1.860793816590892,,339;446,,,371;375,372,373;417;501,499;502,,,,
6YM0,1,rpk,free,-524.3129996729382,-509.8185387017037,14.494460971234503,-67.8763905749789,-71.0890474019496,-3.2126568269707008,,339;446,369,,371;375,368,501,338;366;452;481;490;502,,369,,370;372
6YM0,1,af2,cons,-596.5355403271382,-605.730574992386,-9.195034665247817,-48.4624896580423,-55.69085293869232,-7.228363280650022,,339,372;377;382;516;517;518,367;393;406;483;485,375,374;381;434;435,446;496;501,365;420;489;499;528,,381;519,373,369;372;386;430
6YM0,1,af2,free,-657.560605070403,-664.5044820869643,-6.943877016561373,-53.432746009950115,-60.857684738420616,-7.424938728470501,,339,369;372;383;392;428;515;516;518,393;406;483;485,,374;434;435;519,446;501,356;497;499;528,,369;374;377;385;408;519,,372;381;428;430;516
