pdb,antibody,method,constrained,wt_total,om_total,d_total,wt_interface,om_interface,d_interface,tot_stab_mut_close,tot_stab_mut_distal,tot_stab_other_close,tot_stab_other_distal,tot_destab_mut_close,tot_destab_other_close,tot_destab_mut_distal,tot_destab_other_distal,int_destab_mut,int_destab_other,int_stab_mut,int_stab_other
6ZER,3,rpk,cons,-521.2098430390313,-509.9538187507063,11.256024288324966,-56.969056119340195,-57.80618972758175,-0.8371336082415581,,339,,340,,372;374,371;484;501,,,,,
6ZER,3,rpk,free,-553.2864090290889,-548.7690249892569,4.517384039831995,-67.96209133337463,-59.328637256161265,8.633454077213365,,339;408;505,,340;451;508,376,372;374;427;434,,358,,374;382;414;427,,
6ZER,3,af2,cons,-612.1888086934016,-547.8930719848017,64.29573670859986,-49.120396277503616,-54.50723920014524,-5.386842922641627,,339,377;385;387,481;483;485;490;502,,369,405;477;501,420;442;448;451;453;455;456;457;467;469;474;475;479;480;487;488;491;492;493;494;495;497;506,,,,374;377;385
6ZER,3,af2,free,-659.3161717165128,-630.5155680758489,28.800603640663894,-65.043165314974,-69.42456426495367,-4.381398949979669,,478,374;382;387;412;515,320;358;421;425;443;472;483;485;490;500;502,,365;368;369;413;427,405;452;486,351;403;424;434;442;445;446;448;451;453;456;457;467;469;473;480;487;491;492;495;497;506,,385;413;414;427,,369;374;377;412
