pdb,antibody,method,constrained,wt_total,om_total,d_total,wt_interface,om_interface,d_interface,tot_stab_mut_close,tot_stab_mut_distal,tot_stab_other_close,tot_stab_other_distal,tot_destab_mut_close,tot_destab_other_close,tot_destab_mut_distal,tot_destab_other_distal,int_destab_mut,int_destab_other,int_stab_mut,int_stab_other
6ZLR,3,rpk,cons,-519.8982189041008,-491.0590044116423,28.83921449245844,-61.71195918960992,-59.867242199970626,1.844716989639295,,339;505,,,371;375;376,372,373;484;501,,408,,,
6ZLR,3,rpk,free,-548.9509391341601,-534.9582329034856,13.992706230674457,-67.98647962170824,-68.72648685193043,-0.7400072302221901,,339,,,371;373;375,368,405;501,364;366;490,,,,
6ZLR,3,af2,cons,-597.7935115926955,-527.5560953695999,70.23741622309558,-52.90474466437524,-47.38127494510386,5.523469719271375,,339,377;390,347;443;481;483;485;490;500;502,,385,405;452;477;501,365;442;446;448;451;453;457;467;469;474;475;479;487;488;491;492;493;494;495;497;506,408,370;385;430,,369
6ZLR,3,af2,free,-665.1054437781767,-628.9560944760815,36.149349302095175,-62.16040415411837,-56.63054093415755,5.529863219960816,,339;478,377;383;407,387;421;443;483;485;490;499;500;502,371,386,405;501,326;420;424;442;445;446;447;451;453;457;465;480;487;491;492;493;495;497;506,375,321;370;385;428,,369;374;430
