pdb,antibody,method,constrained,wt_total,om_total,d_total,wt_interface,om_interface,d_interface,tot_stab_mut_close,tot_stab_mut_distal,tot_stab_other_close,tot_stab_other_distal,tot_destab_mut_close,tot_destab_other_close,tot_destab_mut_distal,tot_destab_other_distal,int_destab_mut,int_destab_other,int_stab_mut,int_stab_other
7N0G,3,rpk,cons,-538.8435178156451,-509.93968146414045,28.90383635150465,-54.98125564744908,-48.49562602772319,6.485629619725891,,339;408,,,405;452;484;501,496,371;373,369;372,484;501,,498,
7N0G,3,rpk,free,-592.9618100087118,-578.5530004427367,14.408809565975162,-60.70408238799523,-49.510720813666225,11.193361574329003,,339,,436,405;484;501,450,371;375,370,484;501;505,453,498,455
7N0G,3,af2,cons,-600.9410057417101,-518.4623290422523,82.47867669945776,-38.04841751234102,-25.207598666800692,12.840818845540326,,339,481;483;485;496;502,421,405;452;501,448;449;455;456;469;475;487;488;491;492;494;495;497;499;506,477,365;442;451;454;457;467;474;479;480,405,449;470;483;490;494,484;498;501,455;495
7N0G,3,af2,free,-661.436275224919,-613.6612227997545,47.77505242516452,-51.19479097389686,-29.86601229590975,21.328778677987106,,339,472;483;485;502,338;367;369;372;390;407;436;443;500,405;452,403;445;446;448;449;451;453;469;489;490;491;492;494;495;497,,365;391;392;394;442;454;457;467;479;487;503;506,405;484,403;406;449;470;483;490,498;501,493;495
