pdb,antibody,method,constrained,wt_total,om_total,d_total,wt_interface,om_interface,d_interface,tot_stab_mut_close,tot_stab_mut_distal,tot_stab_other_close,tot_stab_other_distal,tot_destab_mut_close,tot_destab_other_close,tot_destab_mut_distal,tot_destab_other_distal,int_destab_mut,int_destab_other,int_stab_mut,int_stab_other
7E5R,5,rpk,cons,-366.0855362453611,-346.1149826175546,19.97055362780651,-45.51402356940388,-41.51610621833575,3.997917351068132,,339;417,,,371;373;375,,501,,408,,375,
7E5R,5,rpk,free,-503.0081238178388,-508.47267187531963,-5.46454805748084,-50.8716927034785,-48.83983631310972,2.0318563903687803,,,369;379;508,360;363;364;418;432,371;376,434;506,501,366;387;439,408,,375,
7E5R,5,af2,cons,-606.9194780523641,-518.8462785388108,88.07319951355328,-26.748605874780104,-19.771188361213383,6.977417513566721,,339,369,443;481;483;485;490;500;502,371;373;375;405,374;378;503;506;508,477;501,351;365;442;448;449;451;453;454;455;456;457;461;465;467;469;474;475;479;487;488;491;492;493;494;495;497,408,372;374;503,,
7E5R,5,af2,free,-661.8973014370185,-622.1691286658443,39.728172771174286,-58.2183604338852,-46.655807535057725,11.562552898827477,,339,374;384;528,320;367;430;443;472;483;490;496;500;502,376;405,386;425;503;506,501,351;356;391;420;442;445;446;448;451;453;457;465;471;479;480;487;491;492;495;497;541,405,372;385;389;427,,369;374;412;508
