pdb,antibody,method,constrained,wt_total,om_total,d_total,wt_interface,om_interface,d_interface,tot_stab_mut_close,tot_stab_mut_distal,tot_stab_other_close,tot_stab_other_distal,tot_destab_mut_close,tot_destab_other_close,tot_destab_mut_distal,tot_destab_other_distal,int_destab_mut,int_destab_other,int_stab_mut,int_stab_other
7MZL,1,rpk,cons,-497.04554496311675,-476.42408932548386,20.62145563763289,-65.02242103742563,-56.66532495772514,8.35709607970049,,339,,368;369,446;484;493;498,494,373;375,365;372;377;434,417;484;498;505,453;494,501,
7MZL,1,rpk,free,-535.3116425997869,-527.2563127459337,8.055329853853209,-64.76337520344086,-74.931190081975,-10.167814878534145,,339,489,347,446;493;498,452,373;375,365;372;499,417;484,,477;501,489;490;492
7MZL,1,af2,cons,-619.2468358925537,-617.3386850811769,1.9081508113767995,-52.132692842652965,-39.22655281343996,12.906140029213006,,339;371,483;485,367;369;372;518,446;477,486;494,375,365;368;420;434;435;528,417;477,453;475;486;494,501,
7MZL,1,af2,free,-661.7940161978363,-662.230417721564,-0.4364015237276817,-68.2495758787912,-66.73336409056466,1.516211788226542,,339;371,403;483;485;488,356;369;372;425;516;518;527,446;493;496,486;494,,326;374;424;435;471,417;493;498,486,477;478;501,403;487;489
