pdb,antibody,method,constrained,wt_total,om_total,d_total,wt_interface,om_interface,d_interface,tot_stab_mut_close,tot_stab_mut_distal,tot_stab_other_close,tot_stab_other_distal,tot_destab_mut_close,tot_destab_other_close,tot_destab_mut_distal,tot_destab_other_distal,int_destab_mut,int_destab_other,int_stab_mut,int_stab_other
7M8J,1,af2,cons,-818.4789777435855,-798.6032871306679,19.875690612917538,-6.357083400926463,-7.841266977518597,-1.4841835765921338,,,156;248,20;21;22;41;75;76;78;79;111;138;153;228;229;253;272,,140;141;146;149;245;246;249;250;251,19;24;25,160;197;242;252;257;258;259;271,,246;251;252,,248;250
7M8J,1,af2,free,-899.8645899732121,-874.7959366176387,25.06865335557336,-4.952009406363889,-27.72933454270179,-22.7773251363379,,,256,20;22;75;81;108;110;111;139;151;154;180;184;212;222;228;237;242;243;251;252;291;298,,140;244;245;247;249,19;24;25;69;70,23;71;77;80;113;115;170;181;183;210;221;253;255;257;259;262,,246,,148;248;250;251;252;253
