pdb,antibody,method,constrained,wt_total,om_total,d_total,wt_interface,om_interface,d_interface,tot_stab_mut_close,tot_stab_mut_distal,tot_stab_other_close,tot_stab_other_distal,tot_destab_mut_close,tot_destab_other_close,tot_destab_mut_distal,tot_destab_other_distal,int_destab_mut,int_destab_other,int_stab_mut,int_stab_other
6WPT,2,rpk,cons,-515.1623520944869,-495.11162236305324,20.05072973143365,-47.3981857883838,-45.78004621423285,1.6181395741509519,,408,,,,,371;373;375;405,372,,,,
6WPT,2,rpk,free,-534.6781436446811,-516.0179994896159,18.660144155065154,-48.65665568801211,-48.84196887082779,-0.18531318281568332,,408,,370,,,371;373;375;405,372;374,,,,
6WPT,2,af2,cons,-620.396482729623,-534.555087495957,85.84139523366605,-50.923516925811924,-46.33577117811773,4.587745747694193,,,,443;483;490;502;518,371,346;446,373;375;405;501,351;365;372;442;448;449;451;453;454;456;457;469;471;473;475;479;487;491;492;494;495;497;506;520;538;541,,343;346,,
6WPT,2,af2,free,-669.5621256864272,-615.8119972320387,53.75012845438846,-50.95107358870255,-59.47317537592194,-8.522101787219391,,478;498,,363;366;367;390;399;421;474;483;490;502;518;527,371,346;442;446;447;448,405;493;501,365;374;391;451;453;454;455;456;457;459;472;480;487;488;491;492;494;495;497;506;517;519;520;528,,346,440,335;345;441;444;446
