pdb,antibody,method,constrained,wt_total,om_total,d_total,wt_interface,om_interface,d_interface,tot_stab_mut_close,tot_stab_mut_distal,tot_stab_other_close,tot_stab_other_distal,tot_destab_mut_close,tot_destab_other_close,tot_destab_mut_distal,tot_destab_other_distal,int_destab_mut,int_destab_other,int_stab_mut,int_stab_other
7N0G,1,rpk,cons,-534.736761681231,-518.1209123426505,16.61584933858046,-46.25006774154811,-45.2162203656425,1.0338473759056086,,339,,367,446,,371;373;375,372,493;505,,498,
7N0G,1,rpk,free,-601.6179796520233,-586.9906734174882,14.627306234535126,-59.816601881631165,-61.0538174530854,-1.2372155714542359,,339,453,,446;484,455,375,347;368,484;505,,496;498;501,
7N0G,1,af2,cons,-599.2793157835576,-612.7908165134336,-13.511500729875934,-35.10176348865237,-35.50585839912699,-0.4040949104746261,,339;371,406;472;481;482;483;485,367;369;372;518,,448;494,375,365;368;374;420;434;435;528,493,483,498,405
7N0G,1,af2,free,-661.2085815862365,-670.8188091807897,-9.61022759455318,-57.884119385272115,-57.66886223358516,0.2152571516869557,,339;371,406;453;480;483;485;491,369;372;518;527,446;505,448;455;489;494,,374;435,417;493;505,449,498,450;453;481
