pdb,antibody,method,constrained,wt_total,om_total,d_total,wt_interface,om_interface,d_interface,tot_stab_mut_close,tot_stab_mut_distal,tot_stab_other_close,tot_stab_other_distal,tot_destab_mut_close,tot_destab_other_close,tot_destab_mut_distal,tot_destab_other_distal,int_destab_mut,int_destab_other,int_stab_mut,int_stab_other
7P77,3,rpk,cons,-281.97573153431375,-260.22200771475053,21.75372381956322,-25.97686609041963,-25.171987366000383,0.8048787244192468,,339;505,434,,371;373;375,372,484;493;501,,408,,,
7P77,3,rpk,free,-454.59102788301504,-433.32978974533,21.26123813768504,-30.96772860616961,-34.98766278552278,-4.019934179353168,,417;498,372;381;384;404;407,364;391;485;489;510;529,371;375;405,377;380;406;409,493;501,326;402;403;420;423;442;461;474;480;487;509;526;541,,370;378,375,372;380
7P77,3,af2,cons,-615.7070207007337,-525.6115260769992,90.09549462373445,-22.814376361566293,-17.863633108028715,4.950743253537578,,339,,366;483;490;500;502;518,371;373;375,372,405;493;501,346;351;365;387;442;446;449;451;453;454;455;456;457;461;471;473;475;479;487;491;492;494;495;497;506;520;522;541,375,369,,370
7P77,3,af2,free,-664.372036753652,-613.1759905939427,51.196046159709226,-44.783614018054415,-36.04675723969897,8.736856778355445,,339;478,383;385;434;502,354;367;390;399;421;443;466;474;483;490;500;518,375;405,377;378;503,493;501,353;389;391;420;442;445;446;448;451;454;455;456;457;469;488;491;492;494;495;497;506;519,408,369;370;378;502;503,373;375,
