pdb,antibody,method,constrained,wt_total,om_total,d_total,wt_interface,om_interface,d_interface,tot_stab_mut_close,tot_stab_mut_distal,tot_stab_other_close,tot_stab_other_distal,tot_destab_mut_close,tot_destab_other_close,tot_destab_mut_distal,tot_destab_other_distal,int_destab_mut,int_destab_other,int_stab_mut,int_stab_other
7P77,6,rpk,cons,-260.4491248582834,-234.27179535453774,26.177329503745682,-25.7528794135508,-19.171169631165643,6.581709782385158,,339,,367,446;484;493;498;501,,371;373,372,493;498,,501,
7P77,6,rpk,free,-422.11197981448726,-411.3367484226156,10.775231391871671,-48.87320805541387,-38.57749762651544,10.295710428898431,,339,409;449;489;490,374;388;436;491;508,446;493;498,406;487;504,371,384;474;480;506,493;498,409;456;473;489;500,417;501,
7P77,6,af2,cons,-602.3353868264078,-597.296274676932,5.039112149475841,-21.746381736201055,-20.01248953791235,1.7338921982887037,,339;371,409;483,367;372;485;518,496;498;501,449;494,375,365;368;434;435;528,446;493;498,445,417;496;505,405
7P77,6,af2,free,-654.5609018845142,-662.7248498733721,-8.163947988857899,-50.47539236824368,-30.631566258158646,19.843826110085036,,339;371,406;421;447;483,369;372;425;451;506;518;527,446;493,449,,374;430;435,446;484;493;498,403;445;500,,486
