pdb,antibody,method,constrained,wt_total,om_total,d_total,wt_interface,om_interface,d_interface,tot_stab_mut_close,tot_stab_mut_distal,tot_stab_other_close,tot_stab_other_distal,tot_destab_mut_close,tot_destab_other_close,tot_destab_mut_distal,tot_destab_other_distal,int_destab_mut,int_destab_other,int_stab_mut,int_stab_other
7ME7,2,rpk,cons,-349.069767946275,-338.4630063917085,10.606761554566503,-22.686973517885093,-19.00161034116716,3.6853631767179316,,,,370;403,375,,478;484;501,502,376;408,,,
7ME7,2,rpk,free,-474.0083516288997,-446.8427542354219,27.165597393477753,-39.63476871189343,-29.46905991515564,10.165708796737789,,,370;374;406;436,451;506,371;375;408,369;377;378;380;502,452;478;484;501,334;410;441;493,376;408,378;380;407;414,,369;370;383;385;503;508
7ME7,2,af2,cons,-615.4384108866119,-534.9109534483575,80.52745743825437,-29.97696163862793,-23.514879154680145,6.4620824839477855,,339,,481;483;485;490;500;502,375;405,372;506,477;501,365;442;446;448;451;453;454;456;457;461;465;467;469;474;475;479;480;487;488;491;492;493;494;495;497,408,372,,378
7ME7,2,af2,free,-667.7315047443963,-619.5406726924202,48.19083205197603,-64.86817895940757,-35.388801716559875,29.479377242847697,,339,374;380;436,320;347;367;390;418;443;481;483;485;490;500;502,375;376;405,372;377;386;404;503,501,351;365;425;442;445;446;448;451;453;454;465;471;474;487;488;491;492;495;497;506,371;376,370;372;385;386;508,,374;378
