pdb,antibody,method,constrained,wt_total,om_total,d_total,wt_interface,om_interface,d_interface,tot_stab_mut_close,tot_stab_mut_distal,tot_stab_other_close,tot_stab_other_distal,tot_destab_mut_close,tot_destab_other_close,tot_destab_mut_distal,tot_destab_other_distal,int_destab_mut,int_destab_other,int_stab_mut,int_stab_other
6ZDH,3,rpk,cons,-528.6335528257064,-525.2375428411247,3.396009984581724,-51.70904702889133,-51.62960991101141,0.07943711787991958,,339;446;496,,,373;375,372,501,,,,,
6ZDH,3,rpk,free,-568.3897832544206,-577.4307283432261,-9.040945088805415,-60.94443217806775,-57.79823572233993,3.146196455727818,,446;496,,497;507;508,,385,484,490,,385;414,,386
6ZDH,3,af2,cons,-613.7349208354228,-616.026182946058,-2.2912621106352162,-42.44591732636918,-42.653993177373806,-0.20807585100462944,,339;371;484,367;372;518,406;451;483;485,375,369;528,446;501,368;434;435;455,,370,,377
6ZDH,3,af2,free,-667.6451727714741,-660.0546432595553,7.590529511918817,-54.60230640678973,-66.31997934889567,-11.717672942105942,,339;371;484,377;380;518,358;393;406;425;483;527,,365;374;381;383;384;391;414;528,446,434;435;448;455;519,,381;427,,369;370;372;379;383;412
