pdb,antibody,method,constrained,wt_total,om_total,d_total,wt_interface,om_interface,d_interface,tot_stab_mut_close,tot_stab_mut_distal,tot_stab_other_close,tot_stab_other_distal,tot_destab_mut_close,tot_destab_other_close,tot_destab_mut_distal,tot_destab_other_distal,int_destab_mut,int_destab_other,int_stab_mut,int_stab_other
6Z2M,3,rpk,cons,-522.0180792725092,-502.1314850752684,19.88659419724081,-61.99491888080737,-62.22651898276573,-0.23160010195836378,,339,,,371;373;375,370;372,405;484;501,,,,,
6Z2M,3,rpk,free,-549.3326043995028,-545.6607903149497,3.6718140845530343,-67.83514148741595,-73.46527271371589,-5.6301312262999375,,339,386;428,,371,368,405;501,,,369,,372;428
6Z2M,3,af2,cons,-585.1939319847997,-514.4059220757338,70.78800990906598,-45.01089017101114,-51.10906141378398,-6.098171242772835,,339,369;516;517;518,367;443;483;490;496;502,371;373,370;385,405;493;501,346;351;365;442;446;449;451;453;454;455;456;457;467;469;471;473;474;475;479;487;491;492;494;495;497;506;520;541,,370;385,,369;374;377;428;517
6Z2M,3,af2,free,-661.2327533976354,-623.6106237842249,37.62212961341049,-60.08670953946763,-56.187074347230144,3.899635192237483,,339;478,378;382;383;389;407;518,358;366;367;443;458;474;483;490;500;502,371,369;370;381;517;519,405;493;501,365;434;435;442;445;446;448;449;451;453;454;457;467;487;491;492;495;497;506;520,,321;369;370;381;519,376,374;428;430
