pdb,antibody,method,constrained,wt_total,om_total,d_total,wt_interface,om_interface,d_interface,tot_stab_mut_close,tot_stab_mut_distal,tot_stab_other_close,tot_stab_other_distal,tot_destab_mut_close,tot_destab_other_close,tot_destab_mut_distal,tot_destab_other_distal,int_destab_mut,int_destab_other,int_stab_mut,int_stab_other
7LDJ,1,rpk,cons,-520.9458081136308,-488.6516645712587,32.294143542372126,-74.12221477434841,-66.60659854833546,7.515616226012952,,339,,,446;493;501,,371;373;375,372,417;493;496,,478,
7LDJ,1,rpk,free,-553.7770864778676,-543.5988925838949,10.178193893972661,-86.90732253473575,-74.42402599847608,12.483296536259672,,339,,366,446,,371;375,434,417;484;505,490;492,,
7LDJ,1,af2,cons,-627.9410727068514,-616.5779134098469,11.363159297004472,-64.41695221921408,-42.72059643508509,21.69635578412899,,339;371,483;485,367;369;372;406;518,446;493;501,449;494,375,365;368;374;434;435;528,417;446;493,403;449;483,,
7LDJ,1,af2,free,-668.1738254539521,-666.4495727165165,1.7242527374355632,-84.07920015968787,-63.69364924623922,20.385550913448654,,339;371,485;488,369;406;480;518;527,446;493;498,448;455;486;494,,374;430;499;526;528,417;493;505,403;449;455;483;486;489,478;501,
