pdb,antibody,method,constrained,wt_total,om_total,d_total,wt_interface,om_interface,d_interface,tot_stab_mut_close,tot_stab_mut_distal,tot_stab_other_close,tot_stab_other_distal,tot_destab_mut_close,tot_destab_other_close,tot_destab_mut_distal,tot_destab_other_distal,int_destab_mut,int_destab_other,int_stab_mut,int_stab_other
7JVA,1,rpk,cons,-579.2872871863623,-551.1953635757144,28.091923610647882,-44.33695053453291,-41.878266851740825,2.458683682792085,,339,,,371;373;375,372,405;501,,371,,,
7JVA,1,rpk,free,-595.1413416851626,-577.4046119652436,17.736729719919026,-48.851934426587384,-44.092688690722504,4.75924573586488,,339,,497,371;373;375;405,372,501,495,371;375,372,,
7JVA,1,af2,cons,-616.6516294550179,-530.9555309261805,85.69609852883741,-36.71773523569297,-30.0034913855969,6.7142438500960715,,339,366;367;369;385,390;443;483;490;496;502;518,371;373,365;370;372,405;501,346;351;446;449;451;453;454;455;456;457;465;469;471;473;474;475;479;487;491;492;494;495;497;506;520;538;541,371;376,370;372;384,375,369
7JVA,1,af2,free,-662.0409224538353,-611.1223812183918,50.91854123544351,-43.57236315986128,-32.31286701030654,11.259496149554742,,339;478,367;407;508,320;389;390;421;424;443;458;474;483;490;499;500;502;518;527,371;405,370;434,493;501,365;391;402;425;442;445;446;447;448;451;453;454;465;467;469;479;480;487;491;492;495;497;506;517;519;520;528,371,370;372;378;379,373;375,377
