pdb,antibody,method,constrained,wt_total,om_total,d_total,wt_interface,om_interface,d_interface,tot_stab_mut_close,tot_stab_mut_distal,tot_stab_other_close,tot_stab_other_distal,tot_destab_mut_close,tot_destab_other_close,tot_destab_mut_distal,tot_destab_other_distal,int_destab_mut,int_destab_other,int_stab_mut,int_stab_other
7E3B,1,rpk,cons,-482.34950282784234,-466.25054589562285,16.098956932219494,-48.14608876632278,-46.24296588772398,1.9031228785987935,,,,367,484,,371;373;375;501,,484,,,
7E3B,1,rpk,free,-516.8761745467933,-512.0260469616052,4.850127585188147,-62.508356939731094,-60.576071232378,1.9322857073530955,,339,,367,,,371;375,364;365;388,,441,,
7E3B,1,af2,cons,-613.3280413928105,-613.6680115463973,-0.3399701535868189,-38.67626010908018,-38.80003753189117,-0.12377742281098847,,339;371,483,367;369;372;406;485;518,,444,375;496;501,365;368;374;420;434;435;455;528,,444,446,
7E3B,1,af2,free,-664.7640671557485,-667.5946286489257,-2.830561493177129,-58.2624204221261,-60.29570099879918,-2.0332805766730786,,339;371,450;483,360;369;389;393;406;418;518,446,444;482,,374;455;526,,441;448;482;483,,346
