pdb,antibody,method,constrained,wt_total,om_total,d_total,wt_interface,om_interface,d_interface,tot_stab_mut_close,tot_stab_mut_distal,tot_stab_other_close,tot_stab_other_distal,tot_destab_mut_close,tot_destab_other_close,tot_destab_mut_distal,tot_destab_other_distal,int_destab_mut,int_destab_other,int_stab_mut,int_stab_other
7N9C,2,rpk,cons,-243.703150201852,-220.1617728119566,23.541377389895388,-30.81752173029144,-27.37144391695423,3.446077813337208,,339,,,371;373;375;376,372;374;502,498;501,370,408,,,
7N9C,2,rpk,free,-361.86685669061455,-383.6790977162071,-21.812241025592527,-55.83300119577402,-55.53255044551335,0.3004507502606657,,339,372;374,338;365;402;418;436;509,505,412;502;504,417;498,362,408,372;374;407;413,375;376,427
7N9C,2,af2,cons,-605.8096478268649,-532.4394112315762,73.3702365952887,-19.40504983257714,-15.724100884980261,3.68094894759688,,339,502,481;483;485;490;500,375;405,378;506,452;477;501,365;442;445;446;448;451;453;454;456;457;465;467;469;474;475;479;480;487;488;491;492;494;495;497,408,378,405,374;385
7N9C,2,af2,free,-665.928503072797,-625.4689169167747,40.45958615602228,-57.762435981804124,-32.65754704311595,25.104888938688177,,339;478,436,389;390;472;483;490;500,371;405,374;406;503;504;506,501,391;442;445;446;448;449;451;471;475;487;491;492;495;497;507,376;408,369;372;374;377;407;502;503;504;508,375,414
