pdb,antibody,method,constrained,wt_total,om_total,d_total,wt_interface,om_interface,d_interface,tot_stab_mut_close,tot_stab_mut_distal,tot_stab_other_close,tot_stab_other_distal,tot_destab_mut_close,tot_destab_other_close,tot_destab_mut_distal,tot_destab_other_distal,int_destab_mut,int_destab_other,int_stab_mut,int_stab_other
7JZL,3,rpk,cons,-612.8877744081976,-588.0272062407386,24.860568167459064,-71.79314544399588,-67.57351535413711,4.219630089858768,,339,,,405;484;498,,371;373;375,372;499,417;498;505,,501,
7JZL,3,rpk,free,-635.9263398283213,-626.2341104649396,9.69222936338167,-86.51726959284954,-72.98807211270623,13.52919748014331,,339;408;452,446,434,498,492;494,371;375,499,417;477;484;498;505,449;492,501,
7JZL,3,af2,cons,-625.1410494689814,-509.720838604916,115.42021086406533,-65.39320796400752,-42.41025128734868,22.982956676658837,,339,483;490;500;502,518,405;417;493;498;501;505,446;447;449;453;455;456;457;473;474;486;487;489;492;495;497;503;506,371;373;375;452;484,346;351;365;372;448;451;454;461;467;469;479;491;520;522;541,417;493;501;505,455;456;486;489;503,478,420;475;500
7JZL,3,af2,free,-666.6158472790391,-621.6314805768767,44.98436670216245,-69.69537842067726,-55.05831450988077,14.637063910796485,,339;408,474;483;485;490;500;502,320;338;358;367;369;390;407;436;467;518,405;493,446;448;449;453;456;457;486;487;489;491;495;497;506,,357;368;374;377;391;442;451;454;459;471;480;492;519;526,417;484;493;505,453;456;486;489;490,478;498,420;475;500;503
