pdb,antibody,method,constrained,wt_total,om_total,d_total,wt_interface,om_interface,d_interface,tot_stab_mut_close,tot_stab_mut_distal,tot_stab_other_close,tot_stab_other_distal,tot_destab_mut_close,tot_destab_other_close,tot_destab_mut_distal,tot_destab_other_distal,int_destab_mut,int_destab_other,int_stab_mut,int_stab_other
7LXY,6,rpk,cons,-616.8924362849568,-593.6589348140466,23.233501470910255,-42.14423932151284,-33.67782025975434,8.4664190617585,,339,,,,446,371;373;405,372,484;493,,,
7LXY,6,rpk,free,-635.0393790366361,-623.254124468865,11.785254567771062,-45.808649391054004,-39.337951749673636,6.470697641380369,,339,,508,,446;449;455,371;373;405,372,484;493,,,494
7LXY,6,af2,cons,-612.6961982222629,-506.00535581600377,106.6908424062591,-34.39814240935529,-17.684758442214232,16.713383967141056,,339,485;490;496;500;502,481;518,493;501,403;446;447;448;449;456;473;475;487;491;492;494;495;497,371;373;405,346;351;365;372;451;454;457;469;471;479;506;520;522;541,493,449;483;489;490;494,501,
7LXY,6,af2,free,-658.8120946551749,-614.6470392057511,44.16505544942379,-42.7677561630411,-44.159354262924204,-1.3915980998831046,,339;478,474;483;489;490;499;500;502,320;338;354;367;380;389;390;458;508;518;527,493;501,403;446;447;449;456;492;494;495;497,371;405,365;374;377;381;391;442;448;451;459;465;479;491;506;517;519;520;528,493,449;483;490,498;501,450;485;486;487;488;495;499
