pdb,antibody,method,constrained,wt_total,om_total,d_total,wt_interface,om_interface,d_interface,tot_stab_mut_close,tot_stab_mut_distal,tot_stab_other_close,tot_stab_other_distal,tot_destab_mut_close,tot_destab_other_close,tot_destab_mut_distal,tot_destab_other_distal,int_destab_mut,int_destab_other,int_stab_mut,int_stab_other
7OAN,1,rpk,cons,-551.1111137434591,-529.4138826528242,21.697231090634887,-34.94721949318434,-34.42021735999603,0.5270021331883115,,339;408,,,452;484;501,502,371;373;375;478,372,484;505,,498;501,
7OAN,1,rpk,free,-618.4009158263511,-619.5351423528473,-1.1342265264961497,-51.774094165851025,-37.40177119265974,14.372322973191288,,339;408,456;485;489;497,508,452;484,455,371,372;434,452;484;486;498;505,449,,487;493
7OAN,1,af2,cons,-603.1111173043574,-514.4434260531557,88.66769125120175,-24.888564199124815,-17.606967582644526,7.281596616480289,,339,483;485;500;502,421;481,405;452;498;501,446;449;453;455;456;487;488;492;494;495;497;499;506,477,351;365;442;448;451;454;457;465;467;469;474;479;491,505,449;490;493;499,452;498,483;495
7OAN,1,af2,free,-654.6155766131815,-618.1138309768058,36.50174563637563,-34.72147643968393,-47.635355484835145,-12.913879045151212,,339;478,472;500;502;503,320;347;358;369;372;390;421;434;443;517,452,446;449;455;488;489;492;493;494;495;497;506,375;405,406;424;430;442;445;451;465;480;491,452;484;505,446;449;483;490;493;494,486;498;501,453;487;497;499;500;502;503
