pdb,antibody,method,constrained,wt_total,om_total,d_total,wt_interface,om_interface,d_interface,tot_stab_mut_close,tot_stab_mut_distal,tot_stab_other_close,tot_stab_other_distal,tot_destab_mut_close,tot_destab_other_close,tot_destab_mut_distal,tot_destab_other_distal,int_destab_mut,int_destab_other,int_stab_mut,int_stab_other
7BEM,1,rpk,cons,-321.6282817128517,-298.7038806626086,22.92440105024309,-60.39479572167029,-46.882703206771325,13.512092514898967,,339;446,,384,498;501;505,,371;373;375,372;382,498;505,421,,
7BEM,1,rpk,free,-415.5642774559359,-398.0853887693279,17.478888686608002,-67.57475076162292,-62.15148302079443,5.423267740828493,,339;446,495,365;384;436;451;517,498;505,,371;373;375,338;364;372;374;430;452,417;498;505,473,478;501,474
7BEM,1,af2,cons,-612.3605014182892,-605.5629085094804,6.797592908808838,-48.731268921585,-40.04987993054894,8.681388991036059,,339;371,,367;369;372;483;485;518,496;498;501,486;494;497,375,365;368;374;434;435;452,417;505,406,,
7BEM,1,af2,free,-657.7083869880789,-661.9625852892719,-4.254198301193014,-68.98111962587885,-58.59006101709145,10.391058608787397,,339;371,403,369;389;450;451;481;483;485;518,446;496;498;501;505,420;448,,374;434;435;526,417;498;505,409;421;474;495,501,403;408;453;460
