pdb,antibody,method,constrained,wt_total,om_total,d_total,wt_interface,om_interface,d_interface,tot_stab_mut_close,tot_stab_mut_distal,tot_stab_other_close,tot_stab_other_distal,tot_destab_mut_close,tot_destab_other_close,tot_destab_mut_distal,tot_destab_other_distal,int_destab_mut,int_destab_other,int_stab_mut,int_stab_other
7P78,3,rpk,cons,-282.3469960739127,-264.29112646795534,18.055869605957355,-27.30851871549949,-20.72873905854107,6.579779656958419,,339,406,,446;484;493;498;501,,371;373;375,,498,,496,
7P78,3,rpk,free,-440.5893248059135,-439.43754690793753,1.1517778979759896,-47.95655558134767,-41.804378125313576,6.152177456034096,,339,403;420;475;486,346;376;377;442;472;509,446;484;498,406;421;449;489;504,371;375,356;474,484;498;505,421,501,486;487;489
7P78,3,af2,cons,-602.2074397552717,-600.7421036982453,1.465336057026434,-21.250751903373644,-22.24127000907892,-0.9905181057052772,,339;371,406;483,367;372;485;518,446;498;501,420;449;494,375,365;368;435;528,446;493;498,445,496;501,403;453
7P78,3,af2,free,-658.6654319599991,-666.0021348589592,-7.336702898960084,-40.48614491398144,-46.40372529392435,-5.917580379942912,,339;371;484,403;405;406;418;506,358;369;372;393;450;451;483;518;527,446,454;502;504,,374;430;435;448;452;492;526,446;498,445;500;504,496,403;421;449;456;486;487;489
