pdb,antibody,method,constrained,wt_total,om_total,d_total,wt_interface,om_interface,d_interface,tot_stab_mut_close,tot_stab_mut_distal,tot_stab_other_close,tot_stab_other_distal,tot_destab_mut_close,tot_destab_other_close,tot_destab_mut_distal,tot_destab_other_distal,int_destab_mut,int_destab_other,int_stab_mut,int_stab_other
7K9Z,1,rpk,cons,-497.09203836526933,-471.13690274605176,25.95513561921757,-33.6649847404523,-32.34205575543409,1.3229289850182084,,339,,367,484,,371;373;375;446;498;501,369;372;502,,,,
7K9Z,1,rpk,free,-536.2598732898632,-526.8800134191133,9.379859870749897,-38.906234455054275,-38.747800861118975,0.15843359393529965,,339,,367;437,,,371;375;446;498,436;445;474,,,,
7K9Z,1,af2,cons,-613.358168360975,-611.475084828875,1.883083532100045,-32.42954491063234,-31.779318975412643,0.6502259352196944,,339;371,483,367;369;372;406;485;518,,,375;446;496;501,365;368;420;434;435;489;528,,482,,471
7K9Z,1,af2,free,-665.3410903225897,-670.2315131665059,-4.8904228439162125,-51.016291370435944,-44.32352098340498,6.692770387030961,,339;371,451;470;480,369;372;406;516;518,,,446,332;374;435;448;455,,481;482;483,,
