pdb,antibody,method,constrained,wt_total,om_total,d_total,wt_interface,om_interface,d_interface,tot_stab_mut_close,tot_stab_mut_distal,tot_stab_other_close,tot_stab_other_distal,tot_destab_mut_close,tot_destab_other_close,tot_destab_mut_distal,tot_destab_other_distal,int_destab_mut,int_destab_other,int_stab_mut,int_stab_other
7E5S,3,af2,cons,-822.1146098307572,-784.822658399509,37.29195143124821,-11.158667963707282,-9.67651698580154,1.482150977905743,,,153;248,79;97;111;228;229;272,,147;156;245;249;250;256;257,19;24;25;26,17;18;23;29;80;140;244;254;258;259,,148;155,,248;251;252
7E5S,3,af2,free,-893.9377347605471,-889.769145966532,4.168588794015022,-12.273689247535499,-23.540353358494833,-11.266664110959335,,27,246;248;252;254,41;66;79;97;110;180;222;228;229,,245;249;250,19;24;25;26,17;18;77;115;140;149;156;179;181;202;210;212;227,,257,,144;248;250;251;252;254
