pdb,antibody,method,constrained,wt_total,om_total,d_total,wt_interface,om_interface,d_interface,tot_stab_mut_close,tot_stab_mut_distal,tot_stab_other_close,tot_stab_other_distal,tot_destab_mut_close,tot_destab_other_close,tot_destab_mut_distal,tot_destab_other_distal,int_destab_mut,int_destab_other,int_stab_mut,int_stab_other
7DET,2,rpk,cons,-514.2106408668996,-409.4781261620806,104.73251470481893,-33.769405850810614,-33.85144884149989,-0.08204299068927412,,339,,,373;440,,371;375;405;501,372;374,,,,
7DET,2,rpk,free,-545.2212406162487,-449.16005176330566,96.06118885294302,-36.252155593413,-39.15939893149655,-2.9072433380835463,,339;408,,,373,443,371;375;376;501,372;374;455,,,440,
7DET,2,af2,cons,-614.8879188969686,-517.6344404299546,97.25347846701402,-29.61644836089881,-12.77012900988623,16.846319351012582,,339,500,481;483;485;490;502,,442;444;445;446;447;448;449;451;497,405;477,365;453;454;455;456;457;461;465;467;469;474;475;479;480;487;488;491;492;493;494;495;506,,346;444;446,440,
7DET,2,af2,free,-657.7411948884826,-615.8505373791019,41.89065750938073,-32.20370035794482,-38.061259231105055,-5.857558873160237,,,340;367;372;437;500,338;369;390;472;483;490;502,375,347;442;444;445;446;448;451;497,405;452,349;353;356;381;391;453;456;467;469;480;487;491;492;495;506,,444;445;451,339;440,340;344;345;346;447
