pdb,antibody,method,constrained,wt_total,om_total,d_total,wt_interface,om_interface,d_interface,tot_stab_mut_close,tot_stab_mut_distal,tot_stab_other_close,tot_stab_other_distal,tot_destab_mut_close,tot_destab_other_close,tot_destab_mut_distal,tot_destab_other_distal,int_destab_mut,int_destab_other,int_stab_mut,int_stab_other
7LQ7,1,rpk,cons,-523.6643922394472,-502.7928059797717,20.871586259675553,-43.07075035776223,-32.17622831630896,10.894522041453271,,339;408,,,478;484;501,487,371;373,372,478;486,,,
7LQ7,1,rpk,free,-555.7563582963837,-543.2062722165164,12.550086079867356,-44.3908448384222,-40.49485914010445,3.8959856983177445,,339;408,,502;508,478,480;493,371;373;375;501,368;506,486,473,,489
7LQ7,1,af2,cons,-612.0824351826698,-544.1308923792108,67.951542803459,-34.24550235113944,-28.589805974443692,5.655696376695751,,339,483;485;490;499;502,383;443;500,477;501,456;474;475;479;489;494;495,405;452,365;442;446;448;451;454;457;461;465;467;469;491;492;497;506,484;486,456;489;493,498,485;495
7LQ7,1,af2,free,-658.612864140717,-619.4833242581813,39.12953988253571,-48.46925760372896,-41.62621344202519,6.843044161703773,,339,481;483;485;490;499;502,320;338;347;358;367;369;390;392;436;468;500;508;528,477;501,456;479;487;492;495;497,375;405,357;368;394;406;430;442;445;446;447;448;451;454;457;469;491;503;506;526,477;478;484;486,483;489;493,498,474;487;495
