pdb,antibody,method,constrained,wt_total,om_total,d_total,wt_interface,om_interface,d_interface,tot_stab_mut_close,tot_stab_mut_distal,tot_stab_other_close,tot_stab_other_distal,tot_destab_mut_close,tot_destab_other_close,tot_destab_mut_distal,tot_destab_other_distal,int_destab_mut,int_destab_other,int_stab_mut,int_stab_other
7DZY,1,af2,cons,-752.5322421032748,-753.8540549339349,-1.3218128306600647,-9.612345974266983,-6.286014498771089,3.326331475495894,,,71;97;98;182;183;184;186;215;250;253,18;20;21;41;79;111;153;228;229,24;25,72;73;74;180;245;247;248;249;257;258,19,80;140;160;244;270,70;213,73;74;182;211;254;255;262,,71;75;97;98;183;184;253
7DZY,1,af2,free,-882.1161929837417,-880.343830598461,1.7723623852807577,-26.99395423526186,-26.47538220546877,0.5185720297930914,,142,68;73;76;184,15;18;20;41;54;65;84;138;146;147;153;222;228;246;248;253;291;298,24;25;70,71;179;181;182;183;210;214;249,19,55;97;140;221;244;245;247;269,24;70,71;183,,68;73;184;211
