pdb,antibody,method,constrained,wt_total,om_total,d_total,wt_interface,om_interface,d_interface,tot_stab_mut_close,tot_stab_mut_distal,tot_stab_other_close,tot_stab_other_distal,tot_destab_mut_close,tot_destab_other_close,tot_destab_mut_distal,tot_destab_other_distal,int_destab_mut,int_destab_other,int_stab_mut,int_stab_other
7M7W,1,rpk,cons,-536.7518094203451,-510.54373556635085,26.20807385399428,-48.81178946755119,-48.7573507354669,0.05443873208429295,,408,,,,,371;373;375;501,372;455,,,,
7M7W,1,rpk,free,-570.6847281971504,-561.4756331406944,9.209095056456022,-52.77544083753645,-52.56336560196003,0.21207523557642105,,339;408,,390;488,,,371;375,434;446;455;457,,,,
7M7W,1,af2,cons,-614.2736503306642,-528.101705221519,86.17194510914521,-40.946839900207266,-48.76646548514772,-7.819625584940454,,339,518,383;443;483;490;496;500;502;508,,519;520,371;373;405;493;501,346;351;365;372;446;449;451;453;455;456;457;467;469;471;473;474;475;479;487;491;492;494;495;497;506;522;541,,519,,462;464;518
7M7W,1,af2,free,-661.2512464450929,-624.8256119561913,36.42563448890155,-43.99996482164691,-51.719258462668954,-7.719293641022041,,339;478,423;518,338;367;369;390;407;421;436;443;458;474;483;490;499;500;502,,357;396;460;519;520,405;493;501,351;356;368;374;377;386;391;420;435;442;445;446;447;448;449;451;453;454;456;480;491;492;495;497;506;526,,396;519,,464;466;468;514;518
