pdb,antibody,method,constrained,wt_total,om_total,d_total,wt_interface,om_interface,d_interface,tot_stab_mut_close,tot_stab_mut_distal,tot_stab_other_close,tot_stab_other_distal,tot_destab_mut_close,tot_destab_other_close,tot_destab_mut_distal,tot_destab_other_distal,int_destab_mut,int_destab_other,int_stab_mut,int_stab_other
7CWN,4,rpk,cons,-405.1746455793195,-385.79405512577534,19.38059045354413,-38.57762411135755,-39.49699221204536,-0.9193681006878123,,,,449,371;373;375;376,,478;501,,376,,375,
7CWN,4,rpk,free,-515.4670002602873,-520.1554641655728,-4.688463905285516,-58.30562143950181,-58.42084984915162,-0.1152284096498093,,339,366;388;409,336;343;419;474,371;375,434,484;501,342;363;487,376;408,,375,369;377
7CWN,4,af2,cons,-607.0040973403925,-517.3701750482905,89.63392229210194,-29.50166615250211,-27.242589514687953,2.2590766378141574,,339,502,443;483;490;496;518,371;375;405,370;374;378;503;506,501,346;351;365;387;446;449;451;453;454;455;456;457;461;469;471;473;475;479;487;491;492;494;495;497;520;522;541,,372,,377
7CWN,4,af2,free,-662.4571109346709,-613.1461191827357,49.31099175193526,-55.25915252162834,-49.407081659846206,5.852070861782131,,339;478,369;378,320;354;366;367;390;436;443;458;483;490;499;500;502;518,371;405,380;383;389;410;411;414;503;506,493;501,365;391;403;424;434;442;445;446;448;449;451;453;454;469;480;487;491;492;495;497;519;520;526,376;408,370;372;380;389;411;414,375,369;374;377;385
