pdb,antibody,method,constrained,wt_total,om_total,d_total,wt_interface,om_interface,d_interface,tot_stab_mut_close,tot_stab_mut_distal,tot_stab_other_close,tot_stab_other_distal,tot_destab_mut_close,tot_destab_other_close,tot_destab_mut_distal,tot_destab_other_distal,int_destab_mut,int_destab_other,int_stab_mut,int_stab_other
7KMK,2,rpk,cons,-637.1812527658344,-629.9515432728048,7.229709493029645,-49.85923699639022,-39.955229542979836,9.904007453410387,,339,,449,405;484;501,,371;375;376,,417;484,,,
7KMK,2,rpk,free,-655.300973759022,-647.3003274518944,8.000646307127568,-62.033583943394405,-49.21310750940894,12.820476433985462,,339,,418,405;417;501,,371;375;376,,417;484;505,,,
7KMK,2,af2,cons,-612.618191724764,-518.1453706831534,94.47282104161059,-42.9543509253146,-40.40948730755959,2.544863617755013,,339,483;485;486;490;502,443;518,405;417;477;484;493,453;455;456;457;473;475;487;488;489;494;495;497,371;373,346;351;365;372;446;449;451;454;465;467;469;471;479;491;492;506;520;522;541,417;484;493;505,455;456;487;489;490,477;498;501,403;421;474;486;495
7KMK,2,af2,free,-655.7230783533644,-622.7881033769526,32.93497497641181,-41.66615469324683,-51.774616807395425,-10.108462114148594,,478,483;485;486;489;490;502,338;358;367;369;389;390;407;436;443;450;466;500;518,405;417;493,420;453;454;456;457;473;487;492;495;497,,374;391;442;445;446;448;451;461;469;491;506;519;520;526,417;484;493;505,473;483;487,498;501,403;485;486;488;495;497;503
