pdb,antibody,method,constrained,wt_total,om_total,d_total,wt_interface,om_interface,d_interface,tot_stab_mut_close,tot_stab_mut_distal,tot_stab_other_close,tot_stab_other_distal,tot_destab_mut_close,tot_destab_other_close,tot_destab_mut_distal,tot_destab_other_distal,int_destab_mut,int_destab_other,int_stab_mut,int_stab_other
7R8O,1,rpk,cons,-589.9266000665441,-575.8381242329536,14.08847583359045,-33.95758687868495,-33.98334100193573,-0.02575412325077764,,339,,,484;501,,371;373;375,372;374,484,,446,490
7R8O,1,rpk,free,-634.7642219833576,-629.3584000274021,5.405821955955503,-49.479133073020876,-43.05928984644555,6.419843226575324,,339,490,497,,449;494,373,372;434,484;493,444;449;494,,490
7R8O,1,af2,cons,-606.6963263652419,-615.3164076399943,-8.620081274752351,-23.08803877975735,-26.204212444347505,-3.1161736645901534,,339;371,481;483;485,367;369;372;406;518,501,482,375,365;368;374;434;435;528,493,445;482,,485;490;494
7R8O,1,af2,free,-651.6202567644469,-663.0030208717994,-11.3827641073525,-35.208241390106586,-42.78345368618864,-7.575212296082057,,339;371,449;481;483;485;490,360;369;406;425;480;518;528,446;501,444;445;482;489,,374;526,446;493,445;482,,403;449;470;485;486;489;490
