pdb,antibody,method,constrained,wt_total,om_total,d_total,wt_interface,om_interface,d_interface,tot_stab_mut_close,tot_stab_mut_distal,tot_stab_other_close,tot_stab_other_distal,tot_destab_mut_close,tot_destab_other_close,tot_destab_mut_distal,tot_destab_other_distal,int_destab_mut,int_destab_other,int_stab_mut,int_stab_other
7KQE,3,rpk,cons,-536.5667090797792,-529.9822904602622,6.58441861951701,-43.20048968898644,-43.75013255753064,-0.5496428685442041,,339;478,,479,371;373;375,372,446;501,455,,,,
7KQE,3,rpk,free,-576.1350584292306,-570.2260213779227,5.909037051307905,-54.255661860218105,-50.4123626413001,3.8432992189180055,,339;478;496,369,338;452;479,371;373;375,372,446,337;439,371,376,,
7KQE,3,af2,cons,-615.7666397402306,-616.9389104484871,-1.1722707082565194,-29.407123063148767,-30.627048287683635,-1.2199252245348688,,339,372,367;406;451;483;485;518,375,368;369;370;374;435;528,446;501,420;434;455,371,370,373,385
7KQE,3,af2,free,-659.9414353765515,-657.0753139606704,2.8661214158810253,-36.96217872074258,-39.05953343151595,-2.0973547107733737,,339;484,369;372;378;383,367;390;393;406;483;518;527,,365;370;374;382;435,446,332;356;391;420;448,371;375,370,373,372;378
