pdb,antibody,method,constrained,wt_total,om_total,d_total,wt_interface,om_interface,d_interface,tot_stab_mut_close,tot_stab_mut_distal,tot_stab_other_close,tot_stab_other_distal,tot_destab_mut_close,tot_destab_other_close,tot_destab_mut_distal,tot_destab_other_distal,int_destab_mut,int_destab_other,int_stab_mut,int_stab_other
7E5R,5,rpk,cons,-366.292610650867,-324.80536700320516,41.48724364766184,-45.494241212029614,-47.512321317571136,-2.0180801055415216,,339;417,,,373;375,437,446;498;501,439;447;499,,,375,
7E5R,5,rpk,free,-505.07705282409654,-485.6684945037143,19.408558320382213,-54.54989654616995,-58.9020594857233,-4.352162939553352,,496,365;374;377;405,364;389,371,382;388;408;434;506,446;477;478;501,,,508,,405
7E5R,5,af2,cons,-606.9194780523641,-601.637845510176,5.281632542188049,-26.748605874780104,-21.587393223974594,5.16121265080551,,339,412,367;406;436;483;485;518,373;375,372;374;435,501,420;434;489;499;528,375,372;405;408,,374;412
7E5R,5,af2,free,-661.8973014370185,-666.139780969761,-4.242479532742436,-58.2183604338852,-62.70893675767696,-4.490576323791757,,339,377;384;406,483;485;518,,365;369;374;387,446,356;391;434;448;489;526,375,385;427,373,369;374;377;412
