pdb,antibody,method,constrained,wt_total,om_total,d_total,wt_interface,om_interface,d_interface,tot_stab_mut_close,tot_stab_mut_distal,tot_stab_other_close,tot_stab_other_distal,tot_destab_mut_close,tot_destab_other_close,tot_destab_mut_distal,tot_destab_other_distal,int_destab_mut,int_destab_other,int_stab_mut,int_stab_other
7MZH,1,rpk,cons,-545.3628299861434,-535.7114941149705,9.651335871172932,-54.04777141126701,-54.43048231620782,-0.38271090494081506,,339;446,,,501,455;494,371;375,372,,,,
7MZH,1,rpk,free,-565.7728066445525,-563.161901550749,2.610905093803467,-62.42379166601804,-57.22306341895429,5.200728247063751,,339;446,,,493;501,,371;373;375,372,493,,,
7MZH,1,af2,cons,-583.792358667959,-614.8574356969297,-31.065077028970677,-23.29558958866245,-44.61631923640402,-21.320729647741565,,339;371,472;483;485;486;487;488,367;369;372;406;518,446;501,455;490,375,365;368;374;420;434;435;499,,481,484,483;485;486
7MZH,1,af2,free,-651.2542525833686,-673.7964788031861,-22.542226219817508,-41.96775785008602,-57.92758422347099,-15.959826373384963,,339;371,480;483;485;488,369;372;406;516;518;527,446,449;455;486,,374;435,,449;473,478;484,456;483;486
