pdb,antibody,method,constrained,wt_total,om_total,d_total,wt_interface,om_interface,d_interface,tot_stab_mut_close,tot_stab_mut_distal,tot_stab_other_close,tot_stab_other_distal,tot_destab_mut_close,tot_destab_other_close,tot_destab_mut_distal,tot_destab_other_distal,int_destab_mut,int_destab_other,int_stab_mut,int_stab_other
7L2C,2,af2,cons,-823.5663821021753,-792.7342547985072,30.83212730366813,-7.770541220973669,-9.082231632170952,-1.311690411197283,,67;95,148,18;19;21;22;75;76;77;79;97;111;124;138;213;nan;215;216;242;260,142;143;144,147;149;153;156;246;249;254;255;256;257,212,20;23;102;140;150;152;179;187;210;245;259;272,,146;153,,148
7L2C,2,af2,free,-885.1186827601693,-886.1577627527166,-1.039079992547272,-20.836853047606013,-13.872479605038734,6.964373442567279,,67;95,148;154;247;248,18;19;68;76;77;84;108;111;121;141;182;186;213;nan;215;216;222;242;260;275,142;143;144,149;153;246;253;258,212,20;23;98;113;115;152;179;221;249;255;262,144,146;149;155,,156;249
