pdb,antibody,method,constrained,wt_total,om_total,d_total,wt_interface,om_interface,d_interface,tot_stab_mut_close,tot_stab_mut_distal,tot_stab_other_close,tot_stab_other_distal,tot_destab_mut_close,tot_destab_other_close,tot_destab_mut_distal,tot_destab_other_distal,int_destab_mut,int_destab_other,int_stab_mut,int_stab_other
7NDD,1,af2,cons,-823.1367745555415,-818.3343905690333,4.802383986508175,-0.42661193337104,-1.4590246451017461,-1.0324127117307063,,,,20;21;22;41;75;76;78;79;97;111;153;228;229;253;272,,140;160;245;249,19;24;25,141;146;183;197;244;257;258;259,,,,
7NDD,1,af2,free,-883.6563371660757,-875.6586037701804,7.997733395895239,-3.2168268466934427,-4.788364293625575,-1.5715374469321324,,142,154;246,18;41;79;97;108;110;111;118;128;139;147;180;212;222;237;291,19,247;249,24;25;70,23;84;115;140;146;179;181;210;214;221;226;245,,,,254
