pdb,antibody,method,constrained,wt_total,om_total,d_total,wt_interface,om_interface,d_interface,tot_stab_mut_close,tot_stab_mut_distal,tot_stab_other_close,tot_stab_other_distal,tot_destab_mut_close,tot_destab_other_close,tot_destab_mut_distal,tot_destab_other_distal,int_destab_mut,int_destab_other,int_stab_mut,int_stab_other
6ZLR,2,rpk,cons,-522.5699594480761,-493.7654352082684,28.804524239807733,-69.01445444356118,-65.57226174705033,3.442192696510844,,339;505,,,371;375;376,372,373;484;501,,408,,,
6ZLR,2,rpk,free,-551.2186094272711,-543.1107262492067,8.107883178064412,-76.2290398782938,-78.48700108475498,-2.257961206461175,,339,,,371;373;375,368,405;501,365;366;490,,,,
6ZLR,2,af2,cons,-593.5576756620982,-522.8866758999077,70.67099976219049,-46.53580024088767,-42.674204566162786,3.8615956747248816,,339,377;390;516;517,421;443;481;483;485;490;496;502,,518,405;477;501,365;442;446;448;449;451;453;454;455;456;457;465;469;474;475;479;487;488;489;491;492;493;494;495;497;506,,321;370;386,,390
6ZLR,2,af2,free,-663.1385692513036,-616.7033048540882,46.435264397215406,-59.41873435696466,-46.7978426019853,12.620891754979361,,339,372;374;390;508,320;367;421;436;443;483;485;490;499;500;502,375;376,370;386;391;434,405;501,353;358;365;420;442;445;446;447;448;451;453;454;467;468;469;479;487;491;492;495;497;506;526,375;408,321;370;378;519,,374;381
