pdb,antibody,method,constrained,wt_total,om_total,d_total,wt_interface,om_interface,d_interface,tot_stab_mut_close,tot_stab_mut_distal,tot_stab_other_close,tot_stab_other_distal,tot_destab_mut_close,tot_destab_other_close,tot_destab_mut_distal,tot_destab_other_distal,int_destab_mut,int_destab_other,int_stab_mut,int_stab_other
6ZCZ,2,rpk,cons,-533.402491657357,-523.8266286620342,9.575862995322836,-56.05207648520985,-56.55517976649655,-0.5031032812866982,,339,,,,372,371;373;484;501,,,,,
6ZCZ,2,rpk,free,-565.1182950617253,-552.7414923545235,12.376802707201819,-59.15469455344288,-59.50867081970458,-0.35397626626169654,,339;408;452,368,,375,,371;484;501,372;490,,,,
6ZCZ,2,af2,cons,-616.899137360851,-530.811916131845,86.08722122900599,-48.24480018849258,-47.25071088370251,0.994089304790073,,339,367;369;518,483;490;496;500;502,373,378,371;405;452;501,346;351;372;446;449;451;453;454;456;457;469;471;473;475;479;487;491;492;494;495;497;506;520;522;538;541,,378;381;383,,369;374;384
6ZCZ,2,af2,free,-660.208616711342,-627.045897538572,33.162719172769926,-60.826488161280956,-56.08082386627553,4.745664295005426,,478,389;518,338;367;407;421;436;443;458;483;490;499;500;502;527,,368;414;528,405;493;501,365;402;424;434;442;445;446;447;448;451;453;480;487;491;492;495;497;506;519;520,,428,,374;377
