pdb,antibody,method,constrained,wt_total,om_total,d_total,wt_interface,om_interface,d_interface,tot_stab_mut_close,tot_stab_mut_distal,tot_stab_other_close,tot_stab_other_distal,tot_destab_mut_close,tot_destab_other_close,tot_destab_mut_distal,tot_destab_other_distal,int_destab_mut,int_destab_other,int_stab_mut,int_stab_other
7K8Z,2,rpk,cons,-407.55335688797584,-400.02914485819014,7.524212029785701,-17.161738931225813,-20.157424470045335,-2.9956855388195223,,339;408,,403;406;456,373;375;440,372,371;493,502,,,440,
7K8Z,2,rpk,free,-485.2020723554454,-484.4244261390702,0.7776462163752171,-22.88866135597513,-37.17760939759553,-14.2889480416204,,339,374,328;329;403;406;455;518,371;375;440,372,405;493;501,327;502,,,373;375;440,343
7K8Z,2,af2,cons,-608.6311662573909,-509.97025239199195,98.66091386539892,-20.432396997178948,-18.56960637723707,1.8627906199418796,,339,500,367;483;490;496;502;518,371;373;440,439;444;446;448;449;451,405;493;501,351;365;453;454;455;456;457;459;461;465;467;469;473;474;475;479;487;491;492;494;495;497;506;520;541,,,,
7K8Z,2,af2,free,-654.6092465930205,-599.8597536073044,54.74949298571619,-32.89307393684689,-29.527745615530492,3.3653283213163974,,339;478,345;443;500,366;380;390;421;423;483;490;502;518,371,346;374;445;446,405;493;501,365;381;391;392;425;449;451;453;454;465;480;487;491;492;495;497;506;517;519;520;525,,346;441;445;499,373,436;446
