pdb,antibody,method,constrained,wt_total,om_total,d_total,wt_interface,om_interface,d_interface,tot_stab_mut_close,tot_stab_mut_distal,tot_stab_other_close,tot_stab_other_distal,tot_destab_mut_close,tot_destab_other_close,tot_destab_mut_distal,tot_destab_other_distal,int_destab_mut,int_destab_other,int_stab_mut,int_stab_other
6ZDH,1,rpk,cons,-528.098696851442,-516.5103382873074,11.588358564134637,-54.291968357372625,-54.66030899369919,-0.36834063632656466,,339,,,,372,373;405;484;501,,,,,
6ZDH,1,rpk,free,-570.7487381375529,-564.1757946090615,6.572943528491351,-66.25671584419943,-64.86775066630604,1.3889651778933967,,339;493,,349,,374,371;405;501,434,,,,
6ZDH,1,af2,cons,-607.721165831301,-527.524869642029,80.19629618927206,-37.225311751559744,-35.95793563761404,1.2673761139457014,,339,377;385;387;518,367;443;483;490;502;508,373,369,371;405;452;501,346;351;372;446;449;451;453;454;455;456;457;461;471;473;475;479;487;491;492;494;495;497;506;520;541,,386,,385
6ZDH,1,af2,free,-665.0647290872255,-619.2799780703564,45.78475101686911,-61.87765179778104,-59.328782906349396,2.5488688914316455,,339;478,388;518;528,320;367;423;443;466;473;474;483;490;499;502,,369;391;413,371;405;493;501,355;365;398;420;434;442;445;446;447;448;451;454;455;456;469;480;487;488;491;492;494;495;497;506;512;519;520;526,,381;385;413,,377
