pdb,antibody,method,constrained,wt_total,om_total,d_total,wt_interface,om_interface,d_interface,tot_stab_mut_close,tot_stab_mut_distal,tot_stab_other_close,tot_stab_other_distal,tot_destab_mut_close,tot_destab_other_close,tot_destab_mut_distal,tot_destab_other_distal,int_destab_mut,int_destab_other,int_stab_mut,int_stab_other
7E7Y,1,rpk,cons,-524.6334541389406,-514.7565009464104,9.876953192530209,-47.04454198075001,-48.36495759704219,-1.3204156162921805,,339;373;408,,,477;478;484,489,371;375;501,,,,,
7E7Y,1,rpk,free,-552.3893527352775,-546.866766795046,5.522585940231465,-48.58631180213404,-53.09051418440752,-4.504202382273476,,339;373;408,,502;508,477,,501,446;449;506,,487,478,490
7E7Y,1,af2,cons,-610.4630036477756,-520.7306188186794,89.73238482909619,-19.549405047434778,-20.99361926306392,-1.4442142156291418,,339,483;485;490,383;443;496;502;518,493;501,455;456;473;475;479;486;487;488;494;495,371;373;405,346;351;365;372;442;446;449;451;453;454;457;461;469;471;491;492;497;506;520;522;541,,486,,474;485;487
7E7Y,1,af2,free,-661.8174122500578,-614.5621722690252,47.25523998103267,-41.612430033631725,-32.536711660548555,9.07571837308317,,,483;490,320;338;363;367;368;390;399;430;466;467;499;500;502;518,477;493,486;487;494;495,371;405;501,365;374;377;388;391;433;445;446;447;448;449;451;453;454;455;457;469;491;492;497;503;506;517;519;520,477,475;476;486;488;489,478,495
