pdb,antibody,method,constrained,wt_total,om_total,d_total,wt_interface,om_interface,d_interface,tot_stab_mut_close,tot_stab_mut_distal,tot_stab_other_close,tot_stab_other_distal,tot_destab_mut_close,tot_destab_other_close,tot_destab_mut_distal,tot_destab_other_distal,int_destab_mut,int_destab_other,int_stab_mut,int_stab_other
7LCN,3,af2,cons,-774.1879494463612,-737.2617575101508,36.926191936210444,-0.01835053202399095,-6.844701111101431,-6.82635057907744,,,148;246;247;253,97;111;228;229;272,,18;140;156;245;248;249;250;251;254;255;256;257;259,19;24;25;26,23;29;80;193;233;260;261;270,,144;148;156;248;254,,147;244;246;250;253
7LCN,3,af2,free,-892.9396501945093,-862.9270760856596,30.012574108849776,-22.438712575865353,-29.351601957948894,-6.9128893820835415,,,247;248;252;254,41;67;77;79;85;123;151;184;222;228;242,,140;156;245;249;250,19;25;26,15;29;55;64;70;71;78;118;135;181;183;256;257;259,,16;140;144;153;156;246,,155;248;251;252;254
