pdb,antibody,method,constrained,wt_total,om_total,d_total,wt_interface,om_interface,d_interface,tot_stab_mut_close,tot_stab_mut_distal,tot_stab_other_close,tot_stab_other_distal,tot_destab_mut_close,tot_destab_other_close,tot_destab_mut_distal,tot_destab_other_distal,int_destab_mut,int_destab_other,int_stab_mut,int_stab_other
7P79,2,rpk,cons,-354.9743928625089,-339.46527014895764,15.509122713551278,-27.29514693117973,-23.559387768747868,3.7357591624318616,,339,455,,498;501,,371;375,372,498,,417,
7P79,2,rpk,free,-457.0370066391523,-453.6500075035076,3.3869991356447144,-35.16430910458007,-37.724276078720884,-2.5599669741408135,,339,403;406;409;421,358;368;395;410;422;436;510,498,420;449,371;373;375;376,347;348;508;513;515,498,504,417;501,490;493
7P79,2,af2,cons,-601.0764012399418,-504.1735428646372,96.90285837530456,-24.87053353604441,-29.69769091131124,-4.827157375266832,,339,421;483;490;496;500,443;481;485,501;505,403;446;449;451;455;456;475;489;492;493;494;495;497;503;504;506,477,365;442;448;454;457;467;469;474;479;487;491;538,498;505,445;446;449;492;493,405;417;501,403;453;502
7P79,2,af2,free,-657.5171507690189,-617.6044223838709,39.91272838514806,-44.88224936160077,-35.44746013370584,9.434789227894932,,339,421;476;483;485;490;500;502;503,320;338;346;347;358;367;369;374;390;392;434;436;450;472,405;501,403;406;420;445;446;449;455;456;487;491;492;495;506,375,351;368;442;448;451;465;479;480;497;540,484;486;498;505,445;446;449;455;487;489;492;493,405;417,416;421;453;503;506
