pdb,antibody,method,constrained,wt_total,om_total,d_total,wt_interface,om_interface,d_interface,tot_stab_mut_close,tot_stab_mut_distal,tot_stab_other_close,tot_stab_other_distal,tot_destab_mut_close,tot_destab_other_close,tot_destab_mut_distal,tot_destab_other_distal,int_destab_mut,int_destab_other,int_stab_mut,int_stab_other
7M71,1,rpk,cons,-1135.9432382763691,-1027.4840793222222,108.45915895414691,-58.31836719375415,-52.98767984074628,5.330687353007868,,339,,,375;405;493;484,372;455;374,371;373;501,,493;408,,,508
7M71,1,rpk,free,-1201.9658019045842,-1102.5823746011943,99.38342730338991,-68.19646176797632,-63.134931545690144,5.061530222286173,,339,446;492,367;451,493;375;484,490;506;374,371;373;501,372;509,493,470;490,405,
7M71,1,af2,cons,-1228.536701448652,-1045.2156472126546,183.32105423599728,-50.08936281762652,-24.961052698038714,25.12831011958781,,339,483;485;490;496;499;500;502;508,443;518,371;373;405;493;501;375,351;372;403;446;447;449;453;455;456;469;471;486;487;488;489;491;492;494;495;497;506;503,,346;365;442;451;454;457;461;473;474;479;520;522;541;467;475,484;493;408,449;470;481;482;486;487;489;490;508,,492;495;499;374
7M71,1,af2,free,-1313.5900196493499,-1216.5664690786364,97.0235505707135,-73.4944878819459,-52.06529572661452,21.42919215533138,,339,369;436;490;502;380;474;483;499,320;354;367;389;390;401;421;458;473;500;518;527;338;443,375;405;493;371;501,377;404;406;445;446;447;453;455;456;469;472;480;487;491;492;495;497;503;506;372;378;433;449,,337;342;365;386;391;425;448;451;454;457;479;509;511;517;519;520;528;442,493,449;470;481;482;483;486;487;489;490;372;503;508,484;501;408,492;495;506
