pdb,antibody,method,constrained,wt_total,om_total,d_total,wt_interface,om_interface,d_interface,tot_stab_mut_close,tot_stab_mut_distal,tot_stab_other_close,tot_stab_other_distal,tot_destab_mut_close,tot_destab_other_close,tot_destab_mut_distal,tot_destab_other_distal,int_destab_mut,int_destab_other,int_stab_mut,int_stab_other
7KKK,3,rpk,cons,-711.7925388045616,-678.9038821848827,32.88865661967884,-47.612206660211775,-37.718252781378645,9.89395387883313,,339,,,493,455,371;373;375;405,372,493;498;505,,501,449
7KKK,3,rpk,free,-725.2829661935419,-710.4766045331003,14.806361660441667,-48.09114314234114,-46.69313382635494,1.3980093159862008,,339,,374,493,,371;375;405,,493;498;505,486,478;501,490
7KKK,3,af2,cons,-612.8163860667838,-512.1833289667272,100.63305710005659,-35.449151832609004,-16.018096363661584,19.43105546894742,,339,483;490;496;500;502,481;518,452;493;498;501;505,446;447;448;449;453;456;487;491;492;494;495;497;506,371;373;405,346;351;365;372;451;454;457;461;469;471;473;479;488;520;522;538;541,484;493;498;501;505,449;483;489;490,,486;495;500;503
7KKK,3,af2,free,-658.3391960474196,-627.5977642805133,30.741431766906317,-46.78128772040743,-30.23054673496798,16.550740985439447,,339;478,486;490;500;502,338;354;358;367;369;390;407;436;437;467;473;474;481,405;493;501;505,446;448;449;451;455;489;491;492;495;497;506,,374;391;435;454;465;469;471;479;519;526,493;498;505,449;483;489;490,484,485;486;487;494;495
