pdb,antibody,method,constrained,wt_total,om_total,d_total,wt_interface,om_interface,d_interface,tot_stab_mut_close,tot_stab_mut_distal,tot_stab_other_close,tot_stab_other_distal,tot_destab_mut_close,tot_destab_other_close,tot_destab_mut_distal,tot_destab_other_distal,int_destab_mut,int_destab_other,int_stab_mut,int_stab_other
7L56,1,rpk,cons,-513.423679219102,-490.4654323094807,22.958246909621323,-46.14071026846358,-40.133332514256615,6.0073777542069635,,339;505,,,417;477;484,,371;373;375;405,372;442,417;484,,,
7L56,1,rpk,free,-586.3490414067286,-565.7161636153261,20.632877791402507,-54.73967844829816,-53.518781283895386,1.2208971644027713,,339;408,489,541,477;484,,371;373;375,351;372;402;407;510,417;484;486,,498,483;489
7L56,1,af2,cons,-609.769858321883,-529.5299887066074,80.23986961527567,-32.128658407096935,-26.022131571221454,6.106526835875481,,339,481;483;485;490;499;500;502,421,501,446;448;449;450;456;475;487;488;491;492;494;495;497;503,405;477,365;442;451;454;457;467;469;474;479;506;538,,449;456;483;490;493;494,501,495;499
7L56,1,af2,free,-658.4760353057302,-615.1839594067703,43.292075898959865,-49.89784507574943,-36.62384018369181,13.274004892057619,,339,483;485;490;499;500;502,320;338;358;367;369;390;436;472;508,417,420;446;448;449;453;456;457;474;487;489;492;494;495;497,405,326;368;424;442;451;454;465;467;480;491;506,417;484,421;444;449;455;456;483;489;490;493;494,501,445;475;495;499
