pdb,antibody,method,constrained,wt_total,om_total,d_total,wt_interface,om_interface,d_interface,tot_stab_mut_close,tot_stab_mut_distal,tot_stab_other_close,tot_stab_other_distal,tot_destab_mut_close,tot_destab_other_close,tot_destab_mut_distal,tot_destab_other_distal,int_destab_mut,int_destab_other,int_stab_mut,int_stab_other
7LX5,2,rpk,cons,-508.53996400825383,-490.73609271913006,17.803871289123776,-37.111693677335865,-40.5155936210198,-3.403899943683939,,339,,,371;373;440,372,446,,440,,375,
7LX5,2,rpk,free,-564.3782129569529,-552.7172396784886,11.660973278464326,-44.335926707208614,-49.52661900304393,-5.190692295835319,,339,377;502;508,406,371,372;506,446;484,445;447,371;440,,373;375,
7LX5,2,af2,cons,-620.0513657994004,-604.6052786823474,15.446087117053025,-32.83055588547551,-27.375939729392567,5.454616156082945,,339;484,,367;406;483;485;518,373;375;440,368;374;435;499,496;501,365;420;434;455,375;440,370;372;376,373,374
7LX5,2,af2,free,-656.5648690763039,-660.1870147989737,-3.6221457226697567,-53.73704939189133,-43.9034914118363,9.833557980055033,,339,369;378;406,338;360;390;451;483;485;518;527,,368;374;376;377;384;408;435;503,446,332;365;391;432;528,375,370;376;405;408;503,,369;374;378
