pdb,antibody,method,constrained,wt_total,om_total,d_total,wt_interface,om_interface,d_interface,tot_stab_mut_close,tot_stab_mut_distal,tot_stab_other_close,tot_stab_other_distal,tot_destab_mut_close,tot_destab_other_close,tot_destab_mut_distal,tot_destab_other_distal,int_destab_mut,int_destab_other,int_stab_mut,int_stab_other
7SOC,1,rpk,cons,-571.7160062009114,-562.5107134717191,9.205292729192251,-50.08376313145892,-50.02760449819882,0.05615863326010384,,446,,,,,371;373;375;501,372,,,,
7SOC,1,rpk,free,-588.5186377601185,-583.775547435016,4.743090325102457,-55.943060106338294,-58.02895364434178,-2.0858935380034893,,446,,,,444,371;373;501,372;374;490,,,440,
7SOC,1,af2,cons,-620.4722905684486,-618.4692787845881,2.0030117838604156,-48.83688639030625,-45.518836232846006,3.3180501574602417,,371,,367;369;372;406;483;485;518,,,375;446;501,365;368;374;420;434;435;455;528,,356,,
7SOC,1,af2,free,-665.839812264122,-666.5235193363782,-0.6837070722561975,-56.969151760715704,-56.29251960239153,0.6766321583241748,,371;484,335,369;372;390;393;481;483;518,,342,446;501,374;381;389;391;435;447;489;517,,345,440,
