pdb,antibody,method,constrained,wt_total,om_total,d_total,wt_interface,om_interface,d_interface,tot_stab_mut_close,tot_stab_mut_distal,tot_stab_other_close,tot_stab_other_distal,tot_destab_mut_close,tot_destab_other_close,tot_destab_mut_distal,tot_destab_other_distal,int_destab_mut,int_destab_other,int_stab_mut,int_stab_other
7MJK,1,rpk,cons,-540.4979297974576,-532.9214857649047,7.576444032552899,-47.268894611087305,-43.58880464799185,3.6800899630954547,,339;446,,,493,,371;373;375,367;372,417;505,,,
7MJK,1,rpk,free,-589.6797030018188,-584.3637547450359,5.315948256782917,-53.85157707845305,-57.584854856379394,-3.7332777779263466,,339;446,415;490,448,493;501,495,373;375,372;377;406;452,417;493;505,,477;478,415;421;490
7MJK,1,af2,cons,-606.692310372774,-608.1915552125248,-1.4992448397507587,-41.01635003262368,-38.01232099886819,3.0040290337554865,,339;371;484,475;487,367;372;451;472;481;483;485;518,493;501,420;489,375;446,365;368;434;435;499;528,417;505,,478,475
7MJK,1,af2,free,-658.346531295175,-648.8374169326997,9.509114362475316,-56.17941813674048,-60.41574688336316,-4.236328746622682,,339;371;484,502,390;393;451;485;518,493,492,446,332;342;356;374;389;391;392;434;435;471;499,417;505,,478;493,421;453;502
