pdb,antibody,method,constrained,wt_total,om_total,d_total,wt_interface,om_interface,d_interface,tot_stab_mut_close,tot_stab_mut_distal,tot_stab_other_close,tot_stab_other_distal,tot_destab_mut_close,tot_destab_other_close,tot_destab_mut_distal,tot_destab_other_distal,int_destab_mut,int_destab_other,int_stab_mut,int_stab_other
7L5B,1,rpk,cons,-319.81305131957583,-315.77241511227714,4.040636207298689,-31.545883122869284,-30.521799078613977,1.0240840442553072,,339;408,,,452,,371;376;405,406;500,452;486,,478,
7L5B,1,rpk,free,-431.1920473230788,-418.56196598267513,12.630081340403649,-47.615072840520504,-43.60257897460376,4.0124938659167455,,408,490;496,340;360;369;503;508,477;478;484,403,371,337;347;367;368;396;406;491;500,478;484;486,489,,490
7L5B,1,af2,cons,-597.9701052261912,-511.58875944219415,86.38134578399706,-17.60224376939321,-9.263858888690384,8.338384880702824,,339,481;485;502,,452;501,446;450;455;456;475;487;489;492;493;494;495;497,405;477,351;365;442;448;451;454;457;465;467;469;474;479;491;506,,483;490;493;494,484;498,
7L5B,1,af2,free,-660.6041866345172,-611.9690146793655,48.63517195515169,-52.23677986075894,-31.8847178414531,20.352062019305844,,339,472;476;481;483;490;499;500;502,320;367;369;372;382;389;421;527,478;486,444;446;448;449;455;456;474;487;489;492;495;497,375;405,326;420;451;465;466;467;491;506,478;484;486,444;449;483;489;490;493,498;501,450;494;495;499
