pdb,antibody,method,constrained,wt_total,om_total,d_total,wt_interface,om_interface,d_interface,tot_stab_mut_close,tot_stab_mut_distal,tot_stab_other_close,tot_stab_other_distal,tot_destab_mut_close,tot_destab_other_close,tot_destab_mut_distal,tot_destab_other_distal,int_destab_mut,int_destab_other,int_stab_mut,int_stab_other
7KXJ,2,rpk,cons,-539.7248353095455,-519.0721270808567,20.652708228688766,-54.56457931608352,-42.94371740683533,11.620861909248184,,,,,486;498;501,,371;375;376,446,486;505,,,
7KXJ,2,rpk,free,-564.2495938104729,-548.1997157563359,16.049878054137025,-58.01512519528757,-51.605556077171194,6.409569118116373,,,,497,486;501,403,371;375,,486,,405,
7KXJ,2,af2,cons,-602.046234836657,-517.5999757446587,84.4462590919984,-33.30617377553069,-33.88077872216492,-0.5746049466342313,,339,483;485;489;490;502,500,405;417;452;477;486,453;457;473;475;479;487;488;492;493;494;495;497;506,,365;442;445;446;448;451;454;461;465;467;469;491,417;477;505,475;487,478;498,403;420;474;489;495
7KXJ,2,af2,free,-657.3907475149636,-615.3476347040526,42.043112810911,-49.22037275224427,-50.71332978480442,-1.4929570325601489,,339,421;457;483;485;490;499;502,320;338;347;358;367;369;372;374;390;436;443;472;500;528,405;417;501,415;456;474;475;487;493;495;497,375,351;368;430;442;445;446;447;448;451;454;467;469;471;479;491;492;506;526,417;484;505,415;420;473;475;483,478;498,403;476;495;497;503
