pdb,antibody,method,constrained,wt_total,om_total,d_total,wt_interface,om_interface,d_interface,tot_stab_mut_close,tot_stab_mut_distal,tot_stab_other_close,tot_stab_other_distal,tot_destab_mut_close,tot_destab_other_close,tot_destab_mut_distal,tot_destab_other_distal,int_destab_mut,int_destab_other,int_stab_mut,int_stab_other
7A25,2,rpk,cons,-431.5896521176191,-411.07513441524765,20.51451770237145,-35.35793799387388,-32.61403872872852,2.743899265145366,,339;505,,,484,,371;373;375,,484,,498,
7A25,2,rpk,free,-509.8308408124691,-498.42301317695865,11.407827635510444,-42.617810532146784,-43.668974682338266,-1.0511641501914823,,339;478,,362;367;392;395;432;515;517;524,484,468,371;375,336;337;338;391;394;455;488;516,452,492,498,490
7A25,2,af2,cons,-615.3881320061814,-533.3244996911637,82.06363231501768,-30.626316559074088,-29.424587534733487,1.201729024340601,,339,483;490;496;500;502,383;518,452,346;351;444;445;446;448;449;451;471;491;492;495;497,371;373;405,365;372;453;454;455;456;457;461;469;473;475;479;487;506;520;522;528;541,,346;444;449;470;490,501,445;494;497
7A25,2,af2,free,-663.7759833899884,-629.5861241936788,34.18985919630961,-51.89450532807457,-51.74776322553323,0.1467421025413458,,339;478,490;499;500;502,320;338;358;367;369;390;407;421;436;458;466;473;518,452;484;493,442;446;449;451;472;492;495;497;506,405,332;368;374;377;391;420;435;454;455;457;465;469;480;488;491;519;526;533,452;484,346;441;448;449;450;470;483;490,498;501,445;494;495;499;503;504
