pdb,antibody,method,constrained,wt_total,om_total,d_total,wt_interface,om_interface,d_interface,tot_stab_mut_close,tot_stab_mut_distal,tot_stab_other_close,tot_stab_other_distal,tot_destab_mut_close,tot_destab_other_close,tot_destab_mut_distal,tot_destab_other_distal,int_destab_mut,int_destab_other,int_stab_mut,int_stab_other
7E5S,2,af2,cons,-810.179188689,-787.7002985046894,22.478890184310558,-8.479382381298429,-9.41896119253466,-0.9395788112362311,,67;95,147;148,18;19;21;22;29;75;76;77;79;97;111;124;138;186;213;nan;215;216;260,142;143;144,146;149;150;151;153;156;246;254;256;257,212,20;23;102;141;152;179;191;210;245;249;255;259,144,146;155;246,,147;148;257
7E5S,2,af2,free,-900.1625765906135,-892.1211208720204,8.04145571859317,-17.14951787051941,-10.447400124203028,6.702117746316382,,67;95,148;155;248,18;19;32;75;76;77;81;84;96;111;124;201;213;nan;215;216;222;242,142;143;144,146;151;153;253;257,69;70;212,20;21;71;80;97;98;99;141;152;180;183;187;191;221;245;249;255;258;262,144,146;147;246,,
