pdb,antibody,method,constrained,wt_total,om_total,d_total,wt_interface,om_interface,d_interface,tot_stab_mut_close,tot_stab_mut_distal,tot_stab_other_close,tot_stab_other_distal,tot_destab_mut_close,tot_destab_other_close,tot_destab_mut_distal,tot_destab_other_distal,int_destab_mut,int_destab_other,int_stab_mut,int_stab_other
7LX5,1,rpk,cons,-515.8499911542177,-504.1533614297467,11.696629724470995,-62.986449298869346,-58.95482040344932,4.0316288954200274,,339,,,417;493,,371;375;376;405,372,417;452,,478,
7LX5,1,rpk,free,-575.5139384083944,-556.8818605033765,18.632077905017923,-71.96977886071316,-69.82917142420241,2.1406074365107486,,339,502,,452;493;498,446,371;375;405,372,417;452;484,403,,444
7LX5,1,af2,cons,-626.1248207357187,-522.9582846548126,103.1665360809061,-59.74732566469289,-31.40382945465466,28.34349621003823,,339,500;502,518,484;493;501,351;403;446;448;449;453;456;488;492;494;495;497;499,371;373;405,346;365;372;387;389;451;454;457;471;473;479;487;491;506;520;541,417;452;484;493,403;446;449;483;488;489;490;492;494,501,486;495;497;503
7LX5,1,af2,free,-670.4687025691269,-627.7250033023856,42.74369926674126,-74.81627759126253,-53.19425562671858,21.622021964543954,,339,486;500;502,320;367;369;390;407;436;466;473;518,417;452;493;505,403;445;446;448;455;456;488;492;494;495;497,405,374;391;442;451;454;457;469;491;506;519;520;526,417;452;493;505,403;446;455;483;488;489;490;492,484;501,486;487;495;497;499;502;503
