pdb,antibody,method,constrained,wt_total,om_total,d_total,wt_interface,om_interface,d_interface,tot_stab_mut_close,tot_stab_mut_distal,tot_stab_other_close,tot_stab_other_distal,tot_destab_mut_close,tot_destab_other_close,tot_destab_mut_distal,tot_destab_other_distal,int_destab_mut,int_destab_other,int_stab_mut,int_stab_other
7MZK,4,rpk,cons,-556.5996403429439,-536.2491691880931,20.350471154850766,-37.28403822141117,-36.05308791611181,1.2309503052993662,,339;408,437,,371;373;375;440,372;446,484;493;501,490,440,,,437
7MZK,4,rpk,free,-577.1880771413228,-559.7582672415184,17.429809899804354,-40.269132407425154,-38.177573765173484,2.0915586422516697,,339;408,437,491;492;508,371;373;375;440,372;446;449,405;484,434;490,,372,,437
7MZK,4,af2,cons,-617.4312412050663,-511.4848525670448,105.94638863802146,-36.14887421218104,-16.319721897758285,19.829152314422757,,339,,483;490;502;508;518,371;373;440;501,346;370;439;442;444;445;446;447;449,405,351;365;451;453;454;455;456;457;471;473;475;479;487;491;492;494;495;497;506;520;522;541,,443;444;445;499;500,,372;437
7MZK,4,af2,free,-664.0776392452315,-611.4760861194641,52.601553125767396,-42.280667412119335,-14.153035451079123,28.127631961040212,,339;478,500;502;508,320;367;380;390;421;466;467;473;483;490;518;527;541,371;440;501,372;374;441;444;445;446;447;448;506,405;493,342;365;377;381;391;403;425;451;453;454;455;457;465;480;491;492;494;495;497;517;519;520;525;528,440,372;441;443;444;445;499,,503;508
