pdb,antibody,method,constrained,wt_total,om_total,d_total,wt_interface,om_interface,d_interface,tot_stab_mut_close,tot_stab_mut_distal,tot_stab_other_close,tot_stab_other_distal,tot_destab_mut_close,tot_destab_other_close,tot_destab_mut_distal,tot_destab_other_distal,int_destab_mut,int_destab_other,int_stab_mut,int_stab_other
6ZDH,2,rpk,cons,-511.97126871479185,-506.80302867462626,5.1682400401655855,-53.340761458985874,-53.35924898478525,-0.01848752579937951,,339;446;496,,,375,,373;484;501,372;499,,,,
6ZDH,2,rpk,free,-558.1595242703609,-562.682790838229,-4.523266567868177,-61.38485266021206,-61.054133918380316,0.33071874183174543,,339;446;496,,497,,,373;501,367,,,,
6ZDH,2,af2,cons,-618.4664294769266,-622.4035563080075,-3.9371268310809455,-48.48962942142432,-59.16207041057541,-10.672440989151092,,339,372;429;518,367;406;483;485,375,,496;501,420;434;435;452,,427,,372;377;378;384;429
6ZDH,2,af2,free,-662.4141361264446,-669.3342722521301,-6.920136125685417,-51.96966424403122,-69.43394313199586,-17.46427888796464,,339;484,372;385;386;389;412;518,406;451;483;527,,370;374,446,332;420;435;448,,370,,372;377;379;385
