pdb,antibody,method,constrained,wt_total,om_total,d_total,wt_interface,om_interface,d_interface,tot_stab_mut_close,tot_stab_mut_distal,tot_stab_other_close,tot_stab_other_distal,tot_destab_mut_close,tot_destab_other_close,tot_destab_mut_distal,tot_destab_other_distal,int_destab_mut,int_destab_other,int_stab_mut,int_stab_other
7LOP,3,rpk,cons,-564.1460159376145,-542.7858817726492,21.360134164965302,-53.013484027611995,-52.36818788813626,0.6452961394757324,,339,,449,371;373;375,372,405;484;501,455,,,,
7LOP,3,rpk,free,-574.0735587202648,-569.4170230254961,4.656535694768763,-53.06238002340978,-58.11999246204907,-5.057612438639289,,339;505,434,,371;373,,405;484;501,455,,369,,372
7LOP,3,af2,cons,-611.6314602058158,-516.0889268309201,95.5425333748957,-44.493383603922126,-42.367415143269376,2.12596846065275,,339,,396;483;490;502,371;373,321;370;374;519,405;493;501,346;351;357;365;442;446;449;451;454;455;456;457;461;471;473;475;479;487;491;492;494;495;497;506;520;522;541,,321;370;378,,369;382;383
7LOP,3,af2,free,-666.3863458077951,-612.6103183485557,53.77602745923946,-60.1092293671643,-59.70253190203916,0.4066974651251414,,339;477;478,366;369;380;386;392,367;421;443;466;474;483;490;500;502;541,371;405,370;519;520,493;498;501,356;365;442;445;446;447;448;451;456;457;472;479;489;491;492;494;495;497;506,408,321;370;390;518,376,369;377;385;386
