pdb,antibody,method,constrained,wt_total,om_total,d_total,wt_interface,om_interface,d_interface,tot_stab_mut_close,tot_stab_mut_distal,tot_stab_other_close,tot_stab_other_distal,tot_destab_mut_close,tot_destab_other_close,tot_destab_mut_distal,tot_destab_other_distal,int_destab_mut,int_destab_other,int_stab_mut,int_stab_other
7LAA,1,rpk,cons,-469.8949506532383,-450.4783285026897,19.41662215054862,-22.602372032493413,-25.43126551347602,-2.8288934809826074,,339;408;505,,367,,,371;373;375;405;501,372,,,493,
7LAA,1,rpk,free,-549.8787413545535,-534.3381311391081,15.54061021544544,-41.81538529478881,-28.445459969485768,13.369925325303043,,339;408,479,368;474;508,478;484,449;490,371;373;375;405,372;403;419,484,449;481;483;494,493,482
7LAA,1,af2,cons,-601.1863839945078,-485.889046771033,115.29733722347476,-17.854041491736695,-19.867614812477388,-2.0135733207406936,,339,472;481;483;502,443;518,484;493;501,351;446;448;451;453;455;471;480;490;491;492;494;495;497,371;373;405,346;365;372;454;456;457;459;461;469;473;474;475;479;487;488;503;506;520;522;538;541,484;493,,498;501,492;495
7LAA,1,af2,free,-653.0097254293553,-612.2167187170652,40.793006712290094,-32.81926364158013,-16.997710610913167,15.821553030666962,,339;478,499,320;354;367;382;390;407;436;466;473;500;502;508;518,493;501,445;446;447;488;491;492;495;497,405,337;368;374;391;402;435;442;451;454;455;456;469;506;519;520,484,446;447;449;472;482;483;490,,486;494;495
