pdb,antibody,method,constrained,wt_total,om_total,d_total,wt_interface,om_interface,d_interface,tot_stab_mut_close,tot_stab_mut_distal,tot_stab_other_close,tot_stab_other_distal,tot_destab_mut_close,tot_destab_other_close,tot_destab_mut_distal,tot_destab_other_distal,int_destab_mut,int_destab_other,int_stab_mut,int_stab_other
7DK7,1,rpk,cons,-504.4894920535171,-467.9830547363844,36.50643731713268,-61.462268828600024,-55.203323429964215,6.2589453986358095,,339,,,446;493;498,447;449;502,371;373;375,372,417;493;505,,501,
7DK7,1,rpk,free,-564.1609349972093,-553.6683630443264,10.49257195288294,-76.13701007335682,-69.86293862532486,6.274071448031961,,339,409,368;372;434;508,446;477;493;498;505,449,371,342;436;437,477;498,449;473,496;501,445
7DK7,1,af2,cons,-587.2191933084895,-602.7274514145975,-15.508258106107974,-34.93000487774077,-37.782554697316435,-2.852549819575664,,339;371,472;481;482;483;485,367;369;372;451;518,446;501,444;449,375,365;368;434;435;528,,444;473,484,483;485;486
7DK7,1,af2,free,-664.8998169918154,-659.0839880600104,5.815828931805072,-64.19836837122462,-60.87071704881601,3.327651322408606,,339,406;450;483;485,367;369;372;389;390;425;451;480;518;527,446;493,403;449,,356;365;374;391;392,484,448;449;481;483,417,485;490
