pdb,antibody,method,constrained,wt_total,om_total,d_total,wt_interface,om_interface,d_interface,tot_stab_mut_close,tot_stab_mut_distal,tot_stab_other_close,tot_stab_other_distal,tot_destab_mut_close,tot_destab_other_close,tot_destab_mut_distal,tot_destab_other_distal,int_destab_mut,int_destab_other,int_stab_mut,int_stab_other
7EY0,1,rpk,cons,-418.3475091011171,-409.3060276773291,9.041481423788014,-48.34290302807251,-45.39385146380513,2.9490515642673856,,339,,374,417,455,371;375;452;484,372;446,417,,478;493,
7EY0,1,rpk,free,-476.59561952145447,-465.3899252301619,11.20569429129256,-57.7180961507118,-51.61002818796883,6.108067962742972,,339,406;475,374;508,417;477,421;487,371;373;375,372;449,417;505,403;421,405;478,475;486
7EY0,1,af2,cons,-608.8041227932868,-455.11359955070577,153.69052324258098,-36.763343613126246,-0.1805034810906072,36.58284013203564,,339,455;481;500;502,437;483;490;518,405;417;477;478;505,453;456;473;474;475;476;479;480;487;488;495,371;373;375,346;351;365;372;446;449;451;454;469;491;492;494;497;506;520;522;541,417;477;478;493;505,473;474;475;476;480,498,457;486;487
7EY0,1,af2,free,-657.9307663522736,-605.414197851197,52.51656850107668,-54.17120776540264,-10.890820285492074,43.280387479910566,,339,407;458;490;499;500;502,320;338;358;367;390;436;437;471;483;518,405;417;501,406;420;455;456;457;460;475;487;489;495,,374;377;391;425;442;445;446;448;449;451;465;467;468;472;488;491;492;494;497;506;519;520,408;417;477;505,415;420;421;455;456;457;460;473;475;476;489,498,503
