pdb,antibody,method,constrained,wt_total,om_total,d_total,wt_interface,om_interface,d_interface,tot_stab_mut_close,tot_stab_mut_distal,tot_stab_other_close,tot_stab_other_distal,tot_destab_mut_close,tot_destab_other_close,tot_destab_mut_distal,tot_destab_other_distal,int_destab_mut,int_destab_other,int_stab_mut,int_stab_other
7LM8,2,rpk,cons,-574.3618285052717,-552.4753482728374,21.886480232434224,-36.49579220654461,-35.69466188450497,0.80113032203964,,339;496,,,371;373;446,,375;498;501,372,,,,
7LM8,2,rpk,free,-582.89516229531,-565.8060215289404,17.08914076636961,-36.436930220060184,-35.053896909715164,1.38303331034502,,496,,434,371;373;440;446,,375;498,364;365;372;377,,,,
7LM8,2,af2,cons,-593.1613586974674,-594.9795297457538,-1.818171048286331,-28.664230237030303,-25.584023448886292,3.080206788144011,,339;484,,367;369;372;406;457;483;485;518;541,440;446,342;374;436;499,496;501,365;368;434;435;455;494,373,441,,
7LM8,2,af2,free,-314.0011652238171,-325.8129683182885,-11.811803094471372,0.0,0.0,0.0,,339;484,,321;332;337;338;342;343;349;358;367;369;374;377;378;381;386;388;390;401;404;408;410;418;420;431;434;438;442;443;457;458;460;464;468;475;483;514;524;527;533;537,,,498;505,320;322;327;330;335;351;353;355;362;365;376;379;385;395;396;397;398;399;406;412;415;424;436;437;449;454;503;510;511;513;515;518;519;522;526;541,,,,
