pdb,antibody,method,constrained,wt_total,om_total,d_total,wt_interface,om_interface,d_interface,tot_stab_mut_close,tot_stab_mut_distal,tot_stab_other_close,tot_stab_other_distal,tot_destab_mut_close,tot_destab_other_close,tot_destab_mut_distal,tot_destab_other_distal,int_destab_mut,int_destab_other,int_stab_mut,int_stab_other
7R6X,2,rpk,cons,-549.218037143135,-532.7454047411811,16.472632401953888,-35.37763541081342,-35.57976912504158,-0.20213371422816095,,339;505,,,375;376,,371;373;405;484;501,372;455,,,,
7R6X,2,rpk,free,-575.5683571233724,-564.9738577210102,10.594499402362203,-44.728100793735,-46.7367643350225,-2.008663541287497,,339;505,,418,,,373;484,372;446;455,,,375,
7R6X,2,af2,cons,-613.186564121534,-537.7441167372392,75.44244738429484,-35.13785447959451,-39.10944087822824,-3.9715863986337325,,339,370,347;421;443;481;483;485;490;496;500;502,,377;389,405;477;501,434;442;445;446;448;449;451;453;454;455;456;457;467;469;474;475;479;487;488;491;492;493;494;495;497;506,,,,369;386
7R6X,2,af2,free,-659.7757990870878,-634.3454692383455,25.430329848742304,-49.48830600722784,-47.70786582132281,1.7804401859050287,,339;478,369;370;382;390,358;367;407;418;443;472;483;490;499;500;502;528,,,405;501,353;365;398;442;445;446;447;448;451;453;456;467;473;480;482;487;491;492;495;497;506,,370,,
