pdb,antibody,method,constrained,wt_total,om_total,d_total,wt_interface,om_interface,d_interface,tot_stab_mut_close,tot_stab_mut_distal,tot_stab_other_close,tot_stab_other_distal,tot_destab_mut_close,tot_destab_other_close,tot_destab_mut_distal,tot_destab_other_distal,int_destab_mut,int_destab_other,int_stab_mut,int_stab_other
7JV6,1,rpk,cons,-547.194941545196,-530.7878466398579,16.407094905338113,-45.01782594189602,-38.36302162680588,6.654804315090139,,339,,406,484;501,,371;373;375,372;455,484,,,
7JV6,1,rpk,free,-568.124231468837,-560.574319573092,7.549911895745026,-45.81246504285609,-42.04327669998949,3.769188342866599,,339;408,,368;370;403,484;501,,371;373,372;455,484,,498,489
7JV6,1,af2,cons,-601.6442813113335,-523.9627733107907,77.68150800054286,-17.698424894343272,-15.159408473452608,2.5390164208906647,,339,483;485;490;496;500;502,383;443;518,,449;479;491;494;495;497,371;373;405,346;351;365;372;387;403;451;453;454;456;457;469;471;473;475;487;492;506;520;522;541,,449;481;483;490,501,446;495
7JV6,1,af2,free,-655.663666686778,-615.1475350776337,40.51613160914428,-30.583591537876096,-43.43264092122827,-12.849049383352174,,339,450;483;485;486;490;500;502,320;367;369;390;407;436;437;443;518;527,493,445;446;447;448;449;479;480;495,405,374;377;391;435;442;451;453;455;456;457;459;471;491;492;497;506;517;519;520,,445;446;449;481,484;501,483;485;486;495;502;503
