pdb,antibody,method,constrained,wt_total,om_total,d_total,wt_interface,om_interface,d_interface,tot_stab_mut_close,tot_stab_mut_distal,tot_stab_other_close,tot_stab_other_distal,tot_destab_mut_close,tot_destab_other_close,tot_destab_mut_distal,tot_destab_other_distal,int_destab_mut,int_destab_other,int_stab_mut,int_stab_other
7D30,2,rpk,cons,-515.884623054308,-495.51313730325137,20.37148575105664,-103.08634774441133,-101.62253269139595,1.4638150530153808,,408,,,371;373;375,370;372,405;501,455,,,,
7D30,2,rpk,free,-566.237677234933,-548.6882028182021,17.54947441673096,-103.54870340977766,-105.34732658522938,-1.7986231754517235,,408,,508,371;373;375,370,,343;455;506,,,,
7D30,2,af2,cons,-527.7287095276406,-356.6768434250868,171.0518661025538,-7.547276341090571,50.899362940118316,58.44663928120889,,,370;377;385;389,481;483;485;490;500;502,371;373,338;342;362;363;364;365;367;369;374;384;386;388;434,405;477;501,442;445;446;448;451;453;454;456;457;461;465;468;474;475;479;480;487;491;492;493;494;495;497;506;538,,363;364;365;366;367;384;385;388,,369;370;389
7D30,2,af2,free,-648.1616123263873,-617.087363988167,31.074248338220286,-17.604849672384677,-24.394944959633346,-6.790095287248668,,339,367;369;374,320;360;436;481;483;485;490;500;502,371,370;383,405;501,327;380;391;392;403;433;442;445;446;448;451;453;454;456;457;467;474;479;487;491;492;495;497;503;506,,370;372,373;375,369;374
