pdb,antibody,method,constrained,wt_total,om_total,d_total,wt_interface,om_interface,d_interface,tot_stab_mut_close,tot_stab_mut_distal,tot_stab_other_close,tot_stab_other_distal,tot_destab_mut_close,tot_destab_other_close,tot_destab_mut_distal,tot_destab_other_distal,int_destab_mut,int_destab_other,int_stab_mut,int_stab_other
7K9J,3,rpk,cons,-386.1499250781752,-375.69519232823217,10.454732749943048,-27.621392654685245,-27.033907471151643,0.5874851835336017,,408;505,,437,,,371;373;375;376;405;501,372,,,,
7K9J,3,rpk,free,-448.2474710865349,-438.1134365641351,10.134034522399816,-40.0298650706377,-37.35792038034417,2.671944690293529,,,436;450;451,338;364,,,375,372;374;377;384;414;449;492;493,,,,
7K9J,3,af2,cons,-611.9169394352642,-525.3604969642649,86.55644247099929,-26.777418537164962,-15.603733929201521,11.173684607963441,,,,481;483;485;490;500;502,,345;444;445;446;447;448;449;451,405;477;501,365;453;454;456;457;467;469;474;475;479;480;487;488;491;492;493;494;495;497;506,,345;444;445;446,,
7K9J,3,af2,free,-659.8427393310506,-607.4731187255213,52.369620605529235,-40.257223106394754,-34.10269182095674,6.154531285438011,,,356;369;372;499,338;390;481;483;485;490;500;502,,342;345;442;444;446;448;451,375;405;501,326;332;365;381;389;391;433;453;454;456;469;479;487;491;492;495;497;506,,340;345;346;441,,370;446
