pdb,antibody,method,constrained,wt_total,om_total,d_total,wt_interface,om_interface,d_interface,tot_stab_mut_close,tot_stab_mut_distal,tot_stab_other_close,tot_stab_other_distal,tot_destab_mut_close,tot_destab_other_close,tot_destab_mut_distal,tot_destab_other_distal,int_destab_mut,int_destab_other,int_stab_mut,int_stab_other
7CHF,2,rpk,cons,-510.8799923946512,-483.68651506699234,27.193477327658854,-53.74881316425186,-44.626384231786844,9.122428932465013,,339,,,484;498;501,,371;373;375,372;499,408;417;486;498,496,478,
7CHF,2,rpk,free,-544.1375091306279,-530.0939115751524,14.043597555475458,-68.37685559500738,-51.752085556968865,16.62477003803852,,339,447,372;374;508,417;498,446,371;375,365;369;510,408;417;486;498;505,415;460;496,478;501,420
7CHF,2,af2,cons,-612.4885066942031,-517.9743009794438,94.51420571475933,-41.42795891174611,-20.312758830510113,21.115200081235997,,339,500;502,383;483;485,405;477;478;498;501,453;454;455;456;457;473;474;475;476;479;480;487;494;495;497;503;506,,365;442;446;448;451;467;469;491;492,477;501;505,455;456;476;489;502,478;486,457;503
7CHF,2,af2,free,-658.68515231789,-619.274512131799,39.41064018609097,-66.19301771861285,-41.587843271082754,24.605174447530096,,339,485;490;500;502,338;358;367;369;374;382;390;436;483;508,405;417;498,403;420;446;453;455;493;495;497,,357;368;394;395;442;445;448;451;465;467;469;480;491;492;506;516;526,417;505,403;420;421;455;456;460;473;476;493;502,477;478;501,415;474;475;487;503
