pdb,antibody,method,constrained,wt_total,om_total,d_total,wt_interface,om_interface,d_interface,tot_stab_mut_close,tot_stab_mut_distal,tot_stab_other_close,tot_stab_other_distal,tot_destab_mut_close,tot_destab_other_close,tot_destab_mut_distal,tot_destab_other_distal,int_destab_mut,int_destab_other,int_stab_mut,int_stab_other
7A5R,2,rpk,cons,-343.0787280174914,-338.2694490046614,4.809279012830018,-39.31019460783725,-37.08306025089636,2.227134356940894,,339;373,,439;500,,,371;498;501,437,376;408,,,378
7A5R,2,rpk,free,-468.052216390393,-460.47616434586973,7.576052044523294,-49.68405986383005,-53.53463516341124,-3.8505752995811875,,339;373;505,381;390,393;420;453;491;495;496,,382;386;428,371;405;484;498;501,436;455;487;499,376,428,375,378;381;390;430
7A5R,2,af2,cons,-602.9281735534205,-520.8932309000568,82.03494265336371,-24.505184557911768,-25.715108696219225,-1.209924138307457,,339,518,367;443;483;490;502,371;373,370;372,405;493;501,346;351;365;446;449;451;453;454;455;456;457;465;471;473;475;479;487;491;492;494;495;497;506;520;522;541,,370,,374;377;430
7A5R,2,af2,free,-661.0874380664399,-623.4932263772037,37.594211689236204,-59.13416428501891,-63.11390946279933,-3.9797451777804156,,339;478,383;386;518,354;358;367;399;473;483;490;500;502,371,370;374;519;540,405;493;501,365;420;445;446;447;448;451;453;454;455;457;469;480;491;492;495;497;503;506;513,376;408,385;519,,321;369;374;377;383;390
