pdb,antibody,method,constrained,wt_total,om_total,d_total,wt_interface,om_interface,d_interface,tot_stab_mut_close,tot_stab_mut_distal,tot_stab_other_close,tot_stab_other_distal,tot_destab_mut_close,tot_destab_other_close,tot_destab_mut_distal,tot_destab_other_distal,int_destab_mut,int_destab_other,int_stab_mut,int_stab_other
7A5S,2,rpk,cons,-384.41794079966627,-388.2761026088689,-3.8581618092026133,-41.39901730603549,-42.49602054521796,-1.0970032391824702,,339;446;496,,437;497;500,375,,371;498;501,502,,,,
7A5S,2,rpk,free,-498.650261602368,-505.317005075161,-6.666743472792973,-54.070827722418784,-57.166275937913156,-3.095448215494372,,339;446;496,407;408;432,340;451;453;491;497;500,,,484,455;486;499,,428,,408
7A5S,2,af2,cons,-603.2167551848943,-601.925669024587,1.291086160307259,-26.05082621111389,-30.085748755659512,-4.034922544545623,,339,372;518,367;406;483;485,375,369;374,446;496;501,365;420;434;435;455;499;528,,370,,321;408
7A5S,2,af2,free,-664.649634706504,-671.4710128228089,-6.821378116304913,-59.15522160736759,-69.79028759400732,-10.635065986639738,,339;484,372;378;383;390;516;518,338;393;406;483,,374;377;387;517;519,446,365;388;444;526;528,,517;519,373,372;377;382;392;430
