pdb,antibody,method,constrained,wt_total,om_total,d_total,wt_interface,om_interface,d_interface,tot_stab_mut_close,tot_stab_mut_distal,tot_stab_other_close,tot_stab_other_distal,tot_destab_mut_close,tot_destab_other_close,tot_destab_mut_distal,tot_destab_other_distal,int_destab_mut,int_destab_other,int_stab_mut,int_stab_other
7CZV,3,rpk,cons,-447.20365749941334,-421.04798566244153,26.155671836971806,-34.77511836652471,-27.81118810731833,6.9639302592063785,,339,,,417;501,,371;373;375;446,369;372,417;505,449,493,
7CZV,3,rpk,free,-523.8009398601689,-511.016873404553,12.784066455615914,-54.19027511183925,-46.42465534725194,7.765619764587306,,339,497,,417;446;484;505,447,371;375,370,417;505,449;486,493;498;501,
7CZV,3,af2,cons,-610.7866204499813,-608.6140979419442,2.1725225080371047,-28.850654399116003,-25.653178069841033,3.19747632927497,,339;371,483;485,367;369;372;481;518,417;498,420;495,375,365;368;374;434;435,417;496;498;505,,493,403
7CZV,3,af2,free,-658.5236399762156,-657.0078906002614,1.5157493759542149,-56.173703715637615,-44.13199485173925,12.041708863898364,,339;371,483;485,360;369;372;389;393;425;518;527,417;493;496,453;475;486,,374;435;491,417;484;505,403;405;415;475;486;495,,487;490;494
