pdb,antibody,method,constrained,wt_total,om_total,d_total,wt_interface,om_interface,d_interface,tot_stab_mut_close,tot_stab_mut_distal,tot_stab_other_close,tot_stab_other_distal,tot_destab_mut_close,tot_destab_other_close,tot_destab_mut_distal,tot_destab_other_distal,int_destab_mut,int_destab_other,int_stab_mut,int_stab_other
7KLG,2,rpk,cons,-495.6039533544755,-481.95388818233585,13.650065172139648,-63.63476439255109,-56.64699732509078,6.987767067460311,,339,,367,484;501,,371;373;375;446,,417;484;505,,,
7KLG,2,rpk,free,-529.8520225278928,-524.379798019344,5.472224508548834,-63.39217555251154,-57.57344115545809,5.818734397053447,,339;496,421,368,,489,371;375;446,,417;505,408,,421
7KLG,2,af2,cons,-611.6227868295045,-619.5765232343865,-7.953736404881965,-39.81769977319768,-41.35136710041014,-1.5336673272124557,,339;371,403;406;475;483;485,367;369;372;518,,420;494,375;446;501,365;368;374;389;434;435;499,417;505,,,403;475
7KLG,2,af2,free,-661.990126441762,-668.4995598155474,-6.509433373785441,-56.49520074723034,-48.81612750207216,7.679073245158179,,339;371,403;406;485;488,369;372;393;425;451;518;527,,453,446,374;435;448;519;528,417;505,405;408;415;421;455;483;490,493,403;486;494
