pdb,antibody,method,constrained,wt_total,om_total,d_total,wt_interface,om_interface,d_interface,tot_stab_mut_close,tot_stab_mut_distal,tot_stab_other_close,tot_stab_other_distal,tot_destab_mut_close,tot_destab_other_close,tot_destab_mut_distal,tot_destab_other_distal,int_destab_mut,int_destab_other,int_stab_mut,int_stab_other
7D4G,1,af2,cons,-817.790327055136,-768.1491316761859,49.6411953789501,-7.035337881677986,-10.017443919224473,-2.9821060375464867,,,138;148,20;21;41;65;75;76;79;97;111;153;228;229;272,,140;141;147;149;155;156;242;245;246;249;250;251;252;253;256;257,19;24;25,66;80;160;191;197;254;255;258;259,,147;155;246;252;255,,145;148;248;250;251
7D4G,1,af2,free,-899.3329200117048,-880.8826349948849,18.450285016819862,-8.607100624236864,-9.454957385511246,-0.8478567612743824,,142,145;246;256,78;81;95;106;110;128;139;154;184;222;228;229,,146;249,19;24;25;69;70,23;29;66;98;134;135;140;181;183;202;216;244;245;258;259;260;261;262,,146;148,,250;251;254
