pdb,antibody,method,constrained,wt_total,om_total,d_total,wt_interface,om_interface,d_interface,tot_stab_mut_close,tot_stab_mut_distal,tot_stab_other_close,tot_stab_other_distal,tot_destab_mut_close,tot_destab_other_close,tot_destab_mut_distal,tot_destab_other_distal,int_destab_mut,int_destab_other,int_stab_mut,int_stab_other
7CWN,6,rpk,cons,-400.8671222894046,-379.1004861114444,21.76663617796021,-44.33421285547669,-45.01932529086706,-0.6851124353903657,,,,,,,371;373;501,372,,,478,
7CWN,6,rpk,free,-535.6914134433989,-525.1241546139672,10.567258829431694,-51.16272288541333,-54.12844225350024,-2.9657193680869085,,373,,342;368;436;515,,,371;375,338;369;402;510,484,486,478;493,488
7CWN,6,af2,cons,-610.1750177813121,-517.4156891427161,92.759328638596,-32.4730074943948,-13.290668803390306,19.182338691004496,,339,483;485;490;496,443;500;502;518,501,351;446;449;455;456;469;471;473;479;487;488;489;491;492;494;495;497,371;373;405,346;365;372;403;442;451;453;454;457;461;465;475;506;520;522;541,484,481;487;489;490,493;498,
7CWN,6,af2,free,-656.5455955045771,-610.5629002066765,45.98269529790059,-41.807290917834116,-38.79425452366023,3.013036394173888,,339,483;490;499,320;367;369;390;407;436;437;443;500;502;518;527,501,445;446;447;449;455;456;487;488;489;491;492;495;497,405,355;374;377;391;430;435;442;448;451;453;457;459;506;519;520;528,,470;472;481;483;487;490,493;498;501,486;495
