pdb,antibody,method,constrained,wt_total,om_total,d_total,wt_interface,om_interface,d_interface,tot_stab_mut_close,tot_stab_mut_distal,tot_stab_other_close,tot_stab_other_distal,tot_destab_mut_close,tot_destab_other_close,tot_destab_mut_distal,tot_destab_other_distal,int_destab_mut,int_destab_other,int_stab_mut,int_stab_other
7KFW,1,rpk,cons,-565.8661949448374,-537.4276937917472,28.438501153090215,-63.714237974445986,-48.28553471876809,15.428703255677895,,339,,,405;417;498;501,,371;373;375,370;372,417;486;498;505,496,,
7KFW,1,rpk,free,-591.2002704664902,-575.1194083210585,16.08086214543175,-67.39394628044164,-58.79640467817592,8.597541602265721,,339;408,,368;434,,446,371;375,369;386;389;390;499,417;484;505,460;496,501,415;421
7KFW,1,af2,cons,-612.2619078154033,-505.4866374937993,106.77527032160401,-45.0263495616999,-18.204937051192537,26.821412510507365,,339,458;490;499;500;502,483;485,405;477;478;498;501,420;453;454;455;456;473;474;475;476;479;480;487;488;489;492;494;495;497;503;504,,365;389;442;446;448;451;467;469;491;506;538,417;478;498;505,455;456;475;476;489;493,486,457;499;503
7KFW,1,af2,free,-669.9056129726953,-618.2698894710925,51.6357235016028,-71.81354656807832,-25.353994603081706,46.45955196499662,,339,473;483;490;500;502;503,320;338;358;367;369;436;443;508,405;486;501,406;446;447;448;453;456;475;487;489;492;493;495;497;506,375;452,368;377;442;451;465;469;480,417;486;501;505,403;415;420;421;453;455;456;460;473;487;489;490;493;496;502,405;478;498,503
