pdb,antibody,method,constrained,wt_total,om_total,d_total,wt_interface,om_interface,d_interface,tot_stab_mut_close,tot_stab_mut_distal,tot_stab_other_close,tot_stab_other_distal,tot_destab_mut_close,tot_destab_other_close,tot_destab_mut_distal,tot_destab_other_distal,int_destab_mut,int_destab_other,int_stab_mut,int_stab_other
7LY2,5,af2,cons,-799.3496827758938,-753.1485255052411,46.20115727065274,-25.27064360028341,-27.58611067218221,-2.315467071898798,,,17;18;20;21;143;154;248,22;41;75;76;78;79;97;111;228;237,19,140;145;148;149;152;158;245;247;249;250;251;253;256;257;258,24;25;26,160;183;197;259,19,147;148;251,,16;17;248;250;252;254;255;256
7LY2,5,af2,free,-889.2261780124169,-888.9654084591946,0.26076955322230333,-46.88926419390187,-60.55598350964537,-13.6667193157435,,,138;143;155;242;248,22;41;66;84;97;98;108;150;180;212;222;228;237;260;262,19,77;140;146;147;158;245;249;258,25;69;70,29;55;78;170;181;221;259;263,19,20;73;147;246;258,,17;148;155;248;249;250;251;252;254
