pdb,antibody,method,constrained,wt_total,om_total,d_total,wt_interface,om_interface,d_interface,tot_stab_mut_close,tot_stab_mut_distal,tot_stab_other_close,tot_stab_other_distal,tot_destab_mut_close,tot_destab_other_close,tot_destab_mut_distal,tot_destab_other_distal,int_destab_mut,int_destab_other,int_stab_mut,int_stab_other
7DK5,1,rpk,cons,-492.55642456589317,-448.8167328090959,43.73969175679724,-60.855961633802195,-58.180428090267014,2.675533543535181,,408,,,405;452;486;498,487;502,371;373;375,372;374;436;437,505,,501,
7DK5,1,rpk,free,-528.1681234675709,-523.0570368521512,5.111086615419708,-75.79015955555205,-83.14950496823991,-7.359345412687858,,339;408,492,372;380;503;508,452;486,487;490;502,371;375,437;469,484,485;488,478;501;505,458;473;483;490
7DK5,1,af2,cons,-583.3215192554409,-452.3721945942198,130.94932466122106,-33.42378858704747,30.67748579731788,64.10127438436535,,339,481;483;485;500;502,,405;477;478;498;505,406;448;453;455;456;457;474;475;476;479;480;487;488;489;491;492;493;494;495;497;506,,365;442;451;465;467;469,478;505,456;457;474;475;476;483;488;489;490;493;494,417;486,421;446;473;487;495
7DK5,1,af2,free,-659.4135272316505,-575.0364817672523,84.37704546439818,-64.85944022946283,-66.7639221017949,-1.9044818723320702,,339,499;500;502;503,320;347;367;369;372;390;443;481;508;527,405;477;478,445;446;447;448;455;456;457;474;475;476;479;480;487;488;489;491;492;493;495;497,,353;365;391;420;435;438;442;451;461;467;469;506;507;528,478;484;505,444;449;483;488;489;490;493,486;498;501,453;457;473;475;479;487;494;495;503
