pdb,antibody,method,constrained,wt_total,om_total,d_total,wt_interface,om_interface,d_interface,tot_stab_mut_close,tot_stab_mut_distal,tot_stab_other_close,tot_stab_other_distal,tot_destab_mut_close,tot_destab_other_close,tot_destab_mut_distal,tot_destab_other_distal,int_destab_mut,int_destab_other,int_stab_mut,int_stab_other
7CHP,1,rpk,cons,-491.7740583226745,-399.09000461175253,92.68405371092194,-60.71817970476268,-41.78224925906481,18.93593044569787,,339,,,417;498;501,,373;375,372;374;499,408;417;501;505,494;496,,
7CHP,1,rpk,free,-515.4143534683999,-509.87738858187004,5.536964886529859,-66.85148476181583,-55.92831653238943,10.923168229426395,,339,455;473,365,405;498,489,,364;372;377,417;505,496,501,
7CHP,1,af2,cons,-607.4851358426986,-485.7111202578939,121.77401558480466,-48.13853310049822,-12.768035353334415,35.37049774716381,,339,485;486;496;500,443;483;490;518,405;477;493;498;501;505,449;453;454;455;456;457;473;474;475;476;487;494;495;497;506,371;373;452,351;365;372;442;446;451;461;467;469;479;491;492;520;522;538;541,408;493;501;505,455;475;476;489,,403;457;486
7CHP,1,af2,free,-658.4346947710649,-623.5627212055582,34.871973565506664,-60.83185199085892,-24.196335994098135,36.63551599676079,,339,486;502,320;356;367;369;390;407;422;436;437;443;458;482;483;485;490;515;518;527,405;417;493;505,421;446;453;455;456;460;475;487;495;497,452,351;368;374;391;430;435;442;445;448;451;469;491;492;506;517;519;520,408;417;493;505,415;420;453;455;456;460;473;475;487;489;502,501,403;486;503
