pdb,antibody,method,constrained,wt_total,om_total,d_total,wt_interface,om_interface,d_interface,tot_stab_mut_close,tot_stab_mut_distal,tot_stab_other_close,tot_stab_other_distal,tot_destab_mut_close,tot_destab_other_close,tot_destab_mut_distal,tot_destab_other_distal,int_destab_mut,int_destab_other,int_stab_mut,int_stab_other
7JMP,1,rpk,cons,-447.23575850446286,-420.49355166797227,26.742206836490595,-49.39271042452856,-40.42246540251522,8.970245022013337,,339,,,484;486;501,,371;373;375;405,372,484;486,,498,487
7JMP,1,rpk,free,-480.64788653963,-460.72651912520394,19.921367414426072,-54.147783534600826,-44.80257410641556,9.345209428185264,,339;373,,383,478;484;486,446,371;375;405,372;384,417;478;484;486,,498,487
7JMP,1,af2,cons,-608.0167408565519,-530.9808486904624,77.03589216608952,-28.623287456170758,-19.572539566517175,9.050747889653582,,339,481;483;485;502,500,501,449;455;456;474;475;487;489;492;493;494;495;497,405;477,351;365;442;448;451;457;465;467;469;479;480;491;506,486,456;483;489;493,501,487;495
7JMP,1,af2,free,-655.3699696967988,-621.4575160586608,33.912453638138004,-44.200473595859584,-42.24256890110032,1.9579046947592644,,339,421;476;481;483;485;490;499;500;502,346;347;358;367;369;372;389;390;407;423;427;436;527,417,446;449;456;474;489;492;494;495;497,405,351;368;418;420;430;442;448;451;457;465;467;479;491;506;528;541,417;484,449;456;483;489;493,478;498;501,487;495;499;503
