pdb,antibody,method,constrained,wt_total,om_total,d_total,wt_interface,om_interface,d_interface,tot_stab_mut_close,tot_stab_mut_distal,tot_stab_other_close,tot_stab_other_distal,tot_destab_mut_close,tot_destab_other_close,tot_destab_mut_distal,tot_destab_other_distal,int_destab_mut,int_destab_other,int_stab_mut,int_stab_other
7CZP,1,rpk,cons,-457.15532726609706,-438.1911604150846,18.964166851012465,-41.62999713883923,-25.78306887659412,15.846928262245111,,339,,,405;484;501,,371;373;375,372,405;408;417;501;505,,,
7CZP,1,rpk,free,-527.4896263536341,-514.2446048572511,13.245021496382947,-52.02182077148248,-39.61933267387744,12.402488097605044,,339,449;497,372;374;380;386;431;515,405;498;505,446;494;495,371,350;370;429,405;417;505,,501,487
7CZP,1,af2,cons,-611.7244746518393,-515.9688128040318,95.75566184780746,-34.07029937711971,-24.959295566434022,9.111003810685688,,339,496;500;502,483;490;518,405;493;501;505,420;446;449;453;456;457;473;474;486;487;494;495;497;503;506,371;373;452;484,351;365;372;448;451;454;461;465;471;479;491;492;520;522;541,405;408;501;505,,498,475;503
7CZP,1,af2,free,-654.5940971266923,-615.3606211714005,39.23347595529185,-65.19790491064002,-35.75115394306583,29.44675096757419,,,449;473;474;502;503,320;367;382;390;407;436;443;450;482;490;518,405;417;493;501;505,403;406;418;445;446;448;486;487;494;495;497,,365;374;391;435;442;451;469;491;492;506;517;519;520;526,405;417;493;501;505,403;416;421;449;456;486;494;495;500,498,503
