pdb,antibody,method,constrained,wt_total,om_total,d_total,wt_interface,om_interface,d_interface,tot_stab_mut_close,tot_stab_mut_distal,tot_stab_other_close,tot_stab_other_distal,tot_destab_mut_close,tot_destab_other_close,tot_destab_mut_distal,tot_destab_other_distal,int_destab_mut,int_destab_other,int_stab_mut,int_stab_other
7OAY,6,rpk,cons,-567.590443524657,-547.0219415758686,20.568501948788366,-49.499729107975206,-47.52826602919097,1.9714630787842324,,339,,,371;373;375,372,405;501,,376,,,
7OAY,6,rpk,free,-587.1697936703858,-575.7154403218158,11.454353348570066,-51.971837306415296,-46.37046657081707,5.601370735598223,,339,,406,371;373;375,372,405;501,365,376,,,
7OAY,6,af2,cons,-601.7508947495704,-532.5432239139574,69.20767083561304,-32.47007375791523,-36.61184753373443,-4.141773775819196,,339,369;377;384;387,366;483;490;496;502;518,371;373,372;374,405;493;501,346;351;442;446;449;451;453;454;455;456;457;467;468;469;471;473;475;479;487;491;492;494;495;497;506;520;522;541,371,374,,369;383;384;427
7OAY,6,af2,free,-659.1516881675836,-622.4678991939251,36.68378897365858,-53.97523071332342,-41.1988886389095,12.776342074413918,,478,,320;367;389;443;458;483;490;500;502;518,371,386,405;493;501,391;442;445;446;448;449;451;453;487;488;491;492;495;497;506;519;520;526,376;408,369;384,,374
