pdb,antibody,method,constrained,wt_total,om_total,d_total,wt_interface,om_interface,d_interface,tot_stab_mut_close,tot_stab_mut_distal,tot_stab_other_close,tot_stab_other_distal,tot_destab_mut_close,tot_destab_other_close,tot_destab_mut_distal,tot_destab_other_distal,int_destab_mut,int_destab_other,int_stab_mut,int_stab_other
7E3C,1,rpk,cons,-458.12815179320114,-438.79136260386855,19.336789189332592,-50.29191176941433,-45.988889347881724,4.303022421532603,,339,,445,405;484;501;505,,371;373;375,,498;505,,501,403
7E3C,1,rpk,free,-502.66694765139925,-479.2208096265672,23.446138024832067,-67.89951300822209,-60.9406551151272,6.958857893094887,,339,,367;433;508,405;484;498;505,406;455;489;490;503,371;375,368;402,498;505,455;503,417;501,406
7E3C,1,af2,cons,-611.372205527555,-518.5452297344586,92.82697579309638,-44.30229279771159,-31.228259939289167,13.07403285842242,,339,500;502,383;390;481;483;485,405;477;478;498;505,406;449;453;454;455;456;457;474;475;476;479;487;493;494;495;497;503;506,452,365;442;445;446;448;451;467;468;469;480;491;492;528,505,406;455;475;476;489;493;502,417;486;498,415;495
7E3C,1,af2,free,-663.884176103111,-604.6877620565554,59.196414046555674,-79.17661256659989,-24.50983001274828,54.666782553851604,,339,483;490;500,320;338;358;367;369;390;401;436;481,405;417;498;501,406;446;453;454;455;474;475;479;487;492;494;495;497;503,375,368;391;430;442;445;448;451;491;506,417;501;505,406;415;421;449;453;455;456;460;473;475;489;493;502;503,477;478;486,474
