pdb,antibody,method,constrained,wt_total,om_total,d_total,wt_interface,om_interface,d_interface,tot_stab_mut_close,tot_stab_mut_distal,tot_stab_other_close,tot_stab_other_distal,tot_destab_mut_close,tot_destab_other_close,tot_destab_mut_distal,tot_destab_other_distal,int_destab_mut,int_destab_other,int_stab_mut,int_stab_other
7DCX,1,rpk,cons,-394.14466492915835,-369.6664921645395,24.478172764618876,-41.134831773573794,-40.46092769561264,0.6739040779611543,,339,,,371;373;376,372;374,,,376,,375;501,
7DCX,1,rpk,free,-476.4998660852568,-463.7941924084216,12.705673676835204,-45.32877991682926,-51.761301039768064,-6.432521122938802,,339,,403;470;480,371;376,369,417;484,421;446;456;469;473;489;495,376,,375;405;408;501,
7DCX,1,af2,cons,-599.8983690084091,-518.3128340528596,81.58553495554952,-24.16864057204205,-10.938435159089297,13.230205412952754,,339,502;508,443;481;483;485;490,375;405;501,372;374;403;503;506,452;477,365;442;446;448;449;451;453;455;456;457;467;469;474;475;479;480;487;488;491;492;493;494;495;497,375;408,372;374;500;502,373,377
7DCX,1,af2,free,-651.2268052859686,-624.0039352377016,27.22287004826694,-31.216722168486072,-41.62297935606385,-10.40625718757778,,339;478,500;504,338;347;390;472;483;490;528,405;501,503;506;508,,351;353;389;391;442;445;446;448;449;453;467;471;480;487;491;492;495;497,505,370;437;502,373;375;408,377;378;403;504
