pdb,antibody,method,constrained,wt_total,om_total,d_total,wt_interface,om_interface,d_interface,tot_stab_mut_close,tot_stab_mut_distal,tot_stab_other_close,tot_stab_other_distal,tot_destab_mut_close,tot_destab_other_close,tot_destab_mut_distal,tot_destab_other_distal,int_destab_mut,int_destab_other,int_stab_mut,int_stab_other
6ZDG,3,rpk,cons,-452.67423333195126,-442.4951731773922,10.179060154559068,-53.97581382572941,-54.058732518847776,-0.08291869311836564,,339;408;452,,,,,373;484;501,372;455,,,,
6ZDG,3,rpk,free,-509.883775041292,-503.0745502259338,6.809224815358164,-53.77518329331309,-52.571766654856916,1.2034166384561757,,339;408;452,,497;508,,,371;405;493;501,367;455,,,,
6ZDG,3,af2,cons,-614.9017907012744,-531.0183225538069,83.88346814746751,-39.25075133396334,-39.32781539075616,-0.07706405679281403,,339,367;369;518,443;483;490;500;502,373,391,371;405;501,346;351;372;446;449;451;454;455;456;457;459;461;465;471;473;475;479;487;491;492;494;495;497;506;520;541,,378,,386
6ZDG,3,af2,free,-663.5373351057085,-618.2317702891523,45.30556481655617,-56.33435572013612,-51.18448102563372,5.149874694502394,,339;478,377;382;385,320;367;396;443;466;473;483;490;500;502,375,369;383;391;427;517,371;405;493,358;365;434;442;445;446;448;451;454;455;456;457;469;480;487;488;491;492;494;495;497;506;519;520;526,,370;378;386;390;427,,369;377;382;414
