pdb,antibody,method,constrained,wt_total,om_total,d_total,wt_interface,om_interface,d_interface,tot_stab_mut_close,tot_stab_mut_distal,tot_stab_other_close,tot_stab_other_distal,tot_destab_mut_close,tot_destab_other_close,tot_destab_mut_distal,tot_destab_other_distal,int_destab_mut,int_destab_other,int_stab_mut,int_stab_other
7JVA,1,rpk,cons,-579.8182070644332,-552.060087344695,27.758119719738147,-45.104907608217076,-41.81995244119494,3.284955167022133,,339,,,371;373;375,372,405;501,,371,,,
7JVA,1,rpk,free,-596.6297585376601,-583.137768442354,13.491990095306164,-49.002935497900914,-48.35830079113482,0.6446347067660909,,339,508,,371;373;405,,501,495,371,370,,
7JVA,1,af2,cons,-616.6516294550179,-541.7476684164852,74.90396103853266,-36.71773523569297,-23.572228257562685,13.145506978130285,,339,369,347;390;481;483;485;490;500;502,371,365;370;384,405;452;477;501,442;445;446;448;451;453;454;455;456;457;467;469;474;475;479;480;487;491;492;494;495;497;506;538,371;376,370;372;384,,369
7JVA,1,af2,free,-662.0409224538353,-629.6679554629943,32.37296699084095,-43.57236315986128,-35.45282904307617,8.119534116785111,,339;478,368;369;374;407,390;421;443;472;483;490;496;499;500;502,375;405,370;503;506,486;501,351;391;402;403;442;445;446;447;451;453;457;471;487;488;491;492;493;495;497,371,370;372,375;408,508
