pdb,antibody,method,constrained,wt_total,om_total,d_total,wt_interface,om_interface,d_interface,tot_stab_mut_close,tot_stab_mut_distal,tot_stab_other_close,tot_stab_other_distal,tot_destab_mut_close,tot_destab_other_close,tot_destab_mut_distal,tot_destab_other_distal,int_destab_mut,int_destab_other,int_stab_mut,int_stab_other
7N8H,2,af2,cons,-832.426781910939,-803.1151630412799,29.311618869659128,-33.537840809040674,-30.309712278879058,3.228128530161616,,67;95,21;88,19;22;75;76;77;97;124;138;154;213;nan;215;216;260,,23;270,142;143;144;145;212,17;20;102;140;141;146;149;151;152;153;179;187;210;245;246;249;254;255;256;257;259,,111;270,,88
7N8H,2,af2,free,-906.4918974827893,-903.3607367143763,3.1311607684129967,-36.244791958428685,-34.48682431020133,1.757967648227357,,67;95;145,80;109;266;271,18;19;55;76;77;94;97;104;121;134;138;154;155;186;201;213;nan;215;216;248;256;260;301,,113;272,70;142;143;144;212,17;20;21;23;72;98;146;151;152;153;191;210;214;221;243;246;249;255;257;262,,113,,28
