pdb,antibody,method,constrained,wt_total,om_total,d_total,wt_interface,om_interface,d_interface,tot_stab_mut_close,tot_stab_mut_distal,tot_stab_other_close,tot_stab_other_distal,tot_destab_mut_close,tot_destab_other_close,tot_destab_mut_distal,tot_destab_other_distal,int_destab_mut,int_destab_other,int_stab_mut,int_stab_other
7CZY,1,rpk,cons,-444.20429455839655,-425.31940568775264,18.88488887064392,-25.837423524191816,-25.69897358674495,0.13844993744686818,,339,,,477;484,,371;373;375;405,372,,,,
7CZY,1,rpk,free,-516.7656821186403,-505.4450269944034,11.32065512423685,-31.306688854859605,-36.34408422451765,-5.0373953696580465,,,486;487,351;386,405,449;453,371;375;501,370,505,449,477;498,487
7CZY,1,af2,cons,-607.81777645083,-507.01183861485947,100.80593783597055,-22.832523939820152,-24.79585476208871,-1.9633308222685564,,339,458;475;483;485;490;500;502,518,477;484,449;453;456;457;459;473;479;487;488;489;494;495;497,371;373;405,346;351;365;372;446;451;454;461;465;467;469;491;492;506;520;522;541,477;484,456;476;489,478;498;501,475;486;495
7CZY,1,af2,free,-660.8348175693636,-599.0210938523228,61.81372371704083,-61.510022015607824,-60.91918828151674,0.5908337340910848,,,474;476;481;483;486;490;499;500;502,358;389;390;518,405;493,403;453;456;457;459;489;492;494;495;506,371;452,342;365;374;391;406;407;430;445;446;447;448;451;454;468;471;480;491;497;519;520;528,477;484;493,421;456;473;489,501,475;476;487;495
