pdb,antibody,method,constrained,wt_total,om_total,d_total,wt_interface,om_interface,d_interface,tot_stab_mut_close,tot_stab_mut_distal,tot_stab_other_close,tot_stab_other_distal,tot_destab_mut_close,tot_destab_other_close,tot_destab_mut_distal,tot_destab_other_distal,int_destab_mut,int_destab_other,int_stab_mut,int_stab_other
7R8L,1,rpk,cons,-531.1377897698605,-513.7670346516024,17.370755118258103,-51.163917450019866,-51.34558050129042,-0.18166305127055438,,339,,,371;373;375,,405;501,,,,,
7R8L,1,rpk,free,-565.578438124586,-567.3011620795487,-1.722723954962703,-62.94354484676093,-63.80384251888259,-0.8602976721216606,,339,372;374;508,502,371;375,,405;484;501,489;506,,369;370,371,372
7R8L,1,af2,cons,-606.5667536386719,-517.978506989673,88.58824664899896,-50.917895547735874,-42.33452250223199,8.583373045503883,,339,377;390,366;367;443;483;490;502;508,371;373,321;370;374,405;493;501,346;351;365;442;446;449;451;453;454;456;457;461;471;473;479;487;491;492;494;495;497;506;519;520;541,,321;325;370;390,,
7R8L,1,af2,free,-660.6092011985604,-607.7105402710458,52.898660927514584,-65.39491213820317,-56.321021501381374,9.073890636821794,,339;478,384;427;515,326;367;443;458;466;471;473;474;483;490;500;502;516,371,370;385;390;517;519;520,405;493;501,365;442;445;446;447;448;451;453;454;455;456;457;465;469;480;486;487;491;492;495;497;506;509,,378;390;518,,369;386
