pdb,antibody,method,constrained,wt_total,om_total,d_total,wt_interface,om_interface,d_interface,tot_stab_mut_close,tot_stab_mut_distal,tot_stab_other_close,tot_stab_other_distal,tot_destab_mut_close,tot_destab_other_close,tot_destab_mut_distal,tot_destab_other_distal,int_destab_mut,int_destab_other,int_stab_mut,int_stab_other
7LDJ,4,rpk,cons,-510.9555211306109,-498.0035512406461,12.9519698899648,-75.41883052798487,-62.68185562072064,12.736974907264226,,339;408,,,493;501,446,371;375,372,417;452;493;501;505,,478,
7LDJ,4,rpk,free,-545.9991092372541,-536.4821569281391,9.516952309114913,-91.04101611062977,-60.72117363495228,30.31984247567749,,339;408,502,508,477;493;498;501,446;450;486;490;494,371;405,372,417;452;477;493;505,476;487;490,,485
7LDJ,4,af2,cons,-621.9669353022978,-496.93409199011387,125.0328433121839,-59.587940530316175,-19.44989841971504,40.138042110601134,,339,483;496;502,383;437;518,493;501,351;403;446;453;455;456;475;488;491;492;494;495;497;499;503;504,371;373;375;405,346;365;372;387;451;454;457;461;467;469;471;473;479;487;506;520;522;541,452;493,446;449;483;489;490;492;494;496;499,501,495;497
7LDJ,4,af2,free,-667.6605706475907,-612.9644529893378,54.69611765825289,-78.18720351881439,-25.492838466253907,52.69436505256048,,339,473;474;481;483;486;499;500;502,356;367;369;390;407;436;437;466;518,417;493;498,351;403;445;446;447;448;449;451;487;490;491;492;494;495;497,405,337;374;377;389;391;430;435;442;454;469;506;519;520;525,417;452;484;493;498,403;446;449;455;489;490;492;500,,486;495
