pdb,antibody,method,constrained,wt_total,om_total,d_total,wt_interface,om_interface,d_interface,tot_stab_mut_close,tot_stab_mut_distal,tot_stab_other_close,tot_stab_other_distal,tot_destab_mut_close,tot_destab_other_close,tot_destab_mut_distal,tot_destab_other_distal,int_destab_mut,int_destab_other,int_stab_mut,int_stab_other
7NP1,2,rpk,cons,-361.1068695888997,-267.1579454672106,93.94892412168912,-44.9375112894057,-36.47553347434088,8.46197781506482,,446,,,417;501;505,,339;373;375,340;372;374,417;505,,,403
7NP1,2,rpk,free,-415.659377314793,-331.11134650633085,84.54803080846216,-51.47338162260634,-44.422488751099905,7.050892871506434,,371;446,,436;451;471,417;505,,339;373;375;484,340;369;372;374;452,417;505,457;476;486,,403;415;421;460
7NP1,2,af2,cons,-612.3114932644347,-618.7843529215584,-6.472859657123649,-43.790320783509486,-33.94355360603956,9.846767177469928,,339;371,,367;369;372;406;483;485;518,501,489,375;446,365;368;374;389;434;435;452,417;505,489,501,
7NP1,2,af2,free,-666.2356955918378,-668.6933348600896,-2.4576392682517962,-54.00059329757022,-44.7160759527854,9.284517344784817,,339;371,,369;406;451;480;483;485;491;516;518,477,418;489,446,374;448;452;526,417;477,421;455,,486;502
