pdb,antibody,method,constrained,wt_total,om_total,d_total,wt_interface,om_interface,d_interface,tot_stab_mut_close,tot_stab_mut_distal,tot_stab_other_close,tot_stab_other_distal,tot_destab_mut_close,tot_destab_other_close,tot_destab_mut_distal,tot_destab_other_distal,int_destab_mut,int_destab_other,int_stab_mut,int_stab_other
7MM0,1,rpk,cons,-118.61021391783925,-104.77692685897767,13.833287058861572,-28.576950487104998,-29.044083279532465,-0.4671327924274671,,339,,,493,,371;375;446;501,445;452,,,,
7MM0,1,rpk,free,-262.660505194891,-235.52111525377433,27.13938994111669,-49.043869719531216,-39.162174285027525,9.88169543450369,,339,453;456,351;388;412;424;439;495;497,477;493,420;485;486;492,375;501;505,338;401;403;409;447;500;526,478,490,,476;486
7MM0,1,af2,cons,-608.227360208436,-604.1755079160348,4.051852292401236,-44.74063621819127,-35.27024226839787,9.470393949793397,,339;371,483;485,367;372;406;518,477;478;493,,375;501,365;368;420;434;435;499;528,417;477;478,,484,
7MM0,1,af2,free,-663.9643142604646,-659.3765285265172,4.587785733947385,-50.0698872145091,-40.10928079620026,9.960606418308842,,339;371,480;483,358;369;372;382;393;406;516;518;528,478;493,455,446;496;501,374;387;390;420;435;444;526,477;478,487,,
