pdb,antibody,method,constrained,wt_total,om_total,d_total,wt_interface,om_interface,d_interface,tot_stab_mut_close,tot_stab_mut_distal,tot_stab_other_close,tot_stab_other_distal,tot_destab_mut_close,tot_destab_other_close,tot_destab_mut_distal,tot_destab_other_distal,int_destab_mut,int_destab_other,int_stab_mut,int_stab_other
7D00,1,rpk,cons,-444.93424642276807,-421.2382738565693,23.695972566198748,-38.137898706802865,-31.56192130920179,6.575977397601076,,339,,,493;501,,371;373;375,372,498;505,,,
7D00,1,rpk,free,-509.42414765486734,-495.7704220395966,13.65372561527073,-46.08627413169605,-42.70092382903473,3.3853503026613225,,339,506,528,405;484,489,371;375,370;446;508,505,,478,486
7D00,1,af2,cons,-604.7445757433926,-500.4725158977608,104.27205984563182,-31.882120364341894,-23.961412879253476,7.920707485088418,,339,476;485;486;490;502,437;483;518,405;477;478;501;505,449;453;454;456;457;473;479;489;494;495;497;503;504;506,371;373;375;452,346;351;365;372;442;446;451;461;467;469;491;492;520;522;541,505,421;489;503,,476;486
7D00,1,af2,free,-663.0509553033376,-622.6261811774232,40.42477412591438,-70.87417308335554,-36.82666292266312,34.047510160692426,,339,476;485;490;500;504,320;356;367;369;389;390;407;436;482;518;527,405;493;501,403;406;415;446;453;455;456;457;486;487;494;495;506,,336;351;374;377;391;430;445;448;451;465;492;497;519;520;528,478;505,403;406;409;415;449;455;456;460;473;486;489,477;498,476;503
