pdb,antibody,method,constrained,wt_total,om_total,d_total,wt_interface,om_interface,d_interface,tot_stab_mut_close,tot_stab_mut_distal,tot_stab_other_close,tot_stab_other_distal,tot_destab_mut_close,tot_destab_other_close,tot_destab_mut_distal,tot_destab_other_distal,int_destab_mut,int_destab_other,int_stab_mut,int_stab_other
7KS9,1,rpk,cons,-562.5722420191876,-526.8817215931912,35.6905204259964,-52.3387134096202,-49.61269896762518,2.7260144419950194,,339,,,405;498,,371;373;375,372,417;501,496,478;493,500
7KS9,1,rpk,free,-610.5803707525793,-605.8448777476374,4.735493004941873,-67.52732933444976,-64.766945431284,2.76038390316576,,339,457;495,347;366;402;510,493;498,456;458;460;503,371,365;369;509,417;498;505,496,478;493,457
7KS9,1,af2,cons,-611.7015283221945,-482.0094498655561,129.69207845663834,-42.797041073872386,-10.391032305318383,32.406008768554,,339,502,383;483;485;490;518,405;477;478;493;501;505,448;449;454;455;456;457;473;474;475;476;479;487;494;495;497;506,371;373;375,346;351;365;372;446;451;461;467;469;471;491;492;520;522;541,417;493;501;505,420;455;456;475;476;496,478;498,421;486;487;503
7KS9,1,af2,free,-659.93840834904,-610.2318166818654,49.70659166717451,-63.30795270762299,-42.35134776586747,20.956604941755515,,339,421;476;485;500;503,320;367;369;390;407;436;437;443;450;483;490;518,405;417;493;505,403;418;446;448;453;455;456;460;475;487;495;497;506,,374;391;430;442;445;451;465;469;491;492;519;520,417;493;505,420;455;456;460;473;475;487;496,478,403;476;486;499;503
