pdb,antibody,method,constrained,wt_total,om_total,d_total,wt_interface,om_interface,d_interface,tot_stab_mut_close,tot_stab_mut_distal,tot_stab_other_close,tot_stab_other_distal,tot_destab_mut_close,tot_destab_other_close,tot_destab_mut_distal,tot_destab_other_distal,int_destab_mut,int_destab_other,int_stab_mut,int_stab_other
7E3L,3,rpk,cons,-531.5475969359995,-501.29982593523016,30.247771000769376,-36.771051085357946,-36.5119654152723,0.2590856700856463,,339,,,478;484,,371;373;375;405;501,372,,,493,
7E3L,3,rpk,free,-587.9270112751831,-571.7641791108422,16.162832164340898,-48.23094155840242,-50.620887473314276,-2.3899459149118556,,339;408,,367;374,478;493,,371;375;501,364;365;368,478,,,421;479
7E3L,3,af2,cons,-615.707539615855,-474.0961674794415,141.61137213641354,-33.73291823932786,21.75254318486386,55.48546142419172,,339,483;490,496;502;508;518,477;478;484;493,453;455;456;473;474;475;476;479;480;486;487;495,371;373;405;501,346;351;365;372;446;449;451;454;457;459;461;471;491;492;494;497;506;520;522;541,477;478;484,474;475;476;479;487,,483
7E3L,3,af2,free,-654.7412897704246,-587.5954286141914,67.1458611562332,-50.92527303697306,-30.478687416621884,20.446585620351176,,339;505,481;483;490,320;367;389;390;407;436;443;500;502;518,477;501,455;456;474;475;476;486;487;488;494;495;497,405;452,374;377;391;406;442;445;446;447;451;457;469;491;492;506;519;520;526;540,477;478,475;476;485;486,498,483;495
