pdb,antibody,method,constrained,wt_total,om_total,d_total,wt_interface,om_interface,d_interface,tot_stab_mut_close,tot_stab_mut_distal,tot_stab_other_close,tot_stab_other_distal,tot_destab_mut_close,tot_destab_other_close,tot_destab_mut_distal,tot_destab_other_distal,int_destab_mut,int_destab_other,int_stab_mut,int_stab_other
7KN5,3,rpk,cons,-580.005341399916,-547.5387768116985,32.466564588217466,-44.116991724781585,-41.16100928916502,2.955982435616562,,339;505,,,371;373;375;405,372;374,484,,,372;374,375,
7KN5,3,rpk,free,-589.8243801435448,-568.1591171164741,21.665263027070637,-43.25419194550668,-40.370946532618866,2.883245412887817,,339,,366;406,371;373;375;405,369;372;374,484;498,,,372;374,,
7KN5,3,af2,cons,-619.2067131025922,-537.5743444900188,81.63236861257337,-34.370843650869666,-14.910602694448505,19.46024095642116,,339,383;502,347;481;483;485;490;500,371;375;405,369;370;374;434;503;506;508,452;477;501,420;442;446;448;451;453;454;455;456;457;468;469;474;475;479;480;487;489;491;492;493;494;495;497;538,375,369;370;372;503;508,,383
7KN5,3,af2,free,-658.0254701065655,-613.3103470130375,44.715123093528064,-37.79982032611444,-29.03154805867847,8.768272267435972,,478,366;369;374;502,320;347;358;367;390;424;472;483;490;500,371;376;405,368;377;503;506;508,501,351;391;425;442;445;446;448;451;453;456;457;467;471;487;491;492;495;497;533,371;408,370;372;503;508,,369;377;378
