pdb,antibody,method,constrained,wt_total,om_total,d_total,wt_interface,om_interface,d_interface,tot_stab_mut_close,tot_stab_mut_distal,tot_stab_other_close,tot_stab_other_distal,tot_destab_mut_close,tot_destab_other_close,tot_destab_mut_distal,tot_destab_other_distal,int_destab_mut,int_destab_other,int_stab_mut,int_stab_other
7ND9,1,rpk,cons,-545.6642566319853,-528.7675240831095,16.896732548875775,-41.93193437840359,-43.422966903480116,-1.4910325250765268,,339,,406,,455,371;373;375;446;501,372;374,,,,
7ND9,1,rpk,free,-613.7079786414474,-592.4592984651829,21.248680176264543,-48.88328146633794,-46.17804790108114,2.7052335652567976,,339,491,344;406,478;484,490,373;375;446;501,372,478;484,,,489
7ND9,1,af2,cons,-616.3755451322543,-616.1991030483296,0.17644208392471228,-36.069332602166845,-33.83466545609597,2.2346671460708762,,339;371,481;483;485,367;369;372;406;451;518,478,,375;446;496;501,365;368;374;434;435;499,,487,,
7ND9,1,af2,free,-662.4548732576184,-667.2594983799781,-4.8046251223597665,-59.70509079497216,-48.31625456640374,11.388836228568415,,339;371,483;485,369;372;406;518;527,478;493,455;479;491,446,374;435;526,478;484,479;487,,
