pdb,antibody,method,constrained,wt_total,om_total,d_total,wt_interface,om_interface,d_interface,tot_stab_mut_close,tot_stab_mut_distal,tot_stab_other_close,tot_stab_other_distal,tot_destab_mut_close,tot_destab_other_close,tot_destab_mut_distal,tot_destab_other_distal,int_destab_mut,int_destab_other,int_stab_mut,int_stab_other
7E7X,1,af2,cons,-810.1109738719806,-797.4712392707368,12.639734601243845,-0.6804162708356796,-15.712386484980259,-15.031970214144579,,,138;147,20;21;22;41;75;76;78;79;111;228;229;253;272,,140;141;145;150;151;244;245;249;257,19;24;25,160;197;258;259;271,,252,,147;155;248;249;250;251
7E7X,1,af2,free,-893.3305298132607,-881.9640188937949,11.366510919465782,-17.851921745465308,-33.989447649316595,-16.137525903851287,,,138;251,18;20;75;76;80;81;97;99;180;212;228,,140;154;245;249,19;25;69,23;55;121;139;210;221;258;259,,246,,147;155;249;251;253
