pdb,antibody,method,constrained,wt_total,om_total,d_total,wt_interface,om_interface,d_interface,tot_stab_mut_close,tot_stab_mut_distal,tot_stab_other_close,tot_stab_other_distal,tot_destab_mut_close,tot_destab_other_close,tot_destab_mut_distal,tot_destab_other_distal,int_destab_mut,int_destab_other,int_stab_mut,int_stab_other
7E3O,1,rpk,cons,-480.7671266250178,-460.55560953811147,20.211517086906326,-70.78886238232533,-71.8469140397157,-1.058051657390365,,339,,,446;484;501,455,371;373;375,372,,,,
7E3O,1,rpk,free,-528.9682105840609,-513.2431794503652,15.725031133695666,-77.06858019752447,-74.03930929037392,3.029270907150547,,339,,342,446;484,449;486,373;375;501,372,446;484;493,449,,490
7E3O,1,af2,cons,-611.798969814135,-627.1169626165788,-15.317992802443769,-47.90685274055148,-56.6195266025493,-8.712673861997821,,339;371,472;481;483;485,367;369;372;406;518,501,455,375,365;368;420;434;435,,,484,486
7E3O,1,af2,free,-660.3046621147744,-669.0583641936469,-8.753702078872493,-66.51850387101042,-63.843792672291016,2.6747111987194074,,339;371,480;481;483,369;372;390;393;406;425;451;518;527,446,455,,356;374;389;435;519;526,493,483;488;489,478,482;486
