pdb,antibody,method,constrained,wt_total,om_total,d_total,wt_interface,om_interface,d_interface,tot_stab_mut_close,tot_stab_mut_distal,tot_stab_other_close,tot_stab_other_distal,tot_destab_mut_close,tot_destab_other_close,tot_destab_mut_distal,tot_destab_other_distal,int_destab_mut,int_destab_other,int_stab_mut,int_stab_other
7EAM,2,rpk,cons,-537.7618699561372,-520.9657639471047,16.796106009032428,-42.10973179679055,-42.08294055498453,0.02679124180601633,,339;408,,,,,371;373,372,,,,
7EAM,2,rpk,free,-560.1917364232662,-554.841387392469,5.350349030797247,-42.37540734342334,-43.839890652205085,-1.4644833087817446,,339,,372;406,,,371;405,369,,,,
7EAM,2,af2,cons,-613.4457449069222,-531.4041526412507,82.04159226567151,-36.79691876325205,-30.403794993388715,6.393123769863337,,339,490,347;481;483;485;500;502,452,351;467;468;469;470;491;492,405;477;501,365;374;442;445;446;448;449;451;453;456;457;474;475;479;487;488;494;495;497;506,,346;468;470;471,,466
7EAM,2,af2,free,-657.002143465223,-605.6578179746737,51.344325490549295,-46.61352240496666,-36.105619932534225,10.507902472432434,,339,346;490,338;368;369;390;421;434;443;483;489;493;499;500;502;508;528,,351;352;356;454;462;465;467;469;491;492;497;516,376;405;477;501,365;420;435;438;442;446;447;448;451;453;456;474;475;479;487;488;494;495;506,,346;355;462;469;471;516,,466;467
