pdb,antibody,method,constrained,wt_total,om_total,d_total,wt_interface,om_interface,d_interface,tot_stab_mut_close,tot_stab_mut_distal,tot_stab_other_close,tot_stab_other_distal,tot_destab_mut_close,tot_destab_other_close,tot_destab_mut_distal,tot_destab_other_distal,int_destab_mut,int_destab_other,int_stab_mut,int_stab_other
7LRS,1,rpk,cons,-206.56049287038678,-202.8415333112187,3.71895955916807,-35.075266085727016,-33.428050702465654,1.6472153832613614,,339;376;408;505,,,484,,371;375;501,,,,,
7LRS,1,rpk,free,-389.525653018177,-352.2460263322153,37.279626685961716,-35.23640235708459,-48.75633127160878,-13.519928914524186,,339;373;376,455;486;487,374;420,484,,371;375;452;501,362;368;402;406;407;435;436;438;441;506;507;508;526,478,,493,456;486;489
7LRS,1,af2,cons,-617.0535991524009,-459.8640429080535,157.18955624434744,-28.51563985552307,9.164730050771361,37.68036990629443,,339,483;490,443;496;500;502;518,477;478;493;501,456;472;473;474;475;476;479;480;486;487;488;495,371;373;405,346;351;365;372;442;446;449;451;454;457;461;465;467;471;491;492;494;497;506;520;522;541,477;478,476,498,479
7LRS,1,af2,free,-664.4546067837277,-613.6323476802918,50.822259103435954,-58.58454700160693,-24.953492194610313,33.631054806996616,,339,421;474;476;481;490,320;354;367;369;390;407;423;430;436;496;500;502;518;527,477;493,455;456;475;479;480;487;488;489;491;492;495,405;501,337;365;374;377;386;391;406;420;435;438;442;445;446;447;451;460;465;497;506;509;519;520,477;484;493,455;473;475;479;483;485;487;488;489,478;498,474;481
