pdb,antibody,method,constrained,wt_total,om_total,d_total,wt_interface,om_interface,d_interface,tot_stab_mut_close,tot_stab_mut_distal,tot_stab_other_close,tot_stab_other_distal,tot_destab_mut_close,tot_destab_other_close,tot_destab_mut_distal,tot_destab_other_distal,int_destab_mut,int_destab_other,int_stab_mut,int_stab_other
7CYP,3,rpk,cons,-106.66314114483507,-98.5898678344408,8.07327331039427,-11.78369650599554,-10.032595435842993,1.7511010701525471,,339;408,,,375;405;440,,371;373,372,440,,,
7CYP,3,rpk,free,-226.81443537370944,-231.90575059505215,-5.091315221342711,-26.25120588869403,-29.91832258604347,-3.6671166973494387,,339,403;441,361;396,405,,371,336,440,,,439
7CYP,3,af2,cons,-607.2710149383531,-531.6097292240237,75.66128571432944,-21.813943371936073,-6.1876804664129414,15.62626290552313,,339,437;443;502,347;421;481;483;485;490,375;405;501;505,445;449;494;503;504;506,477,365;442;448;451;453;454;455;456;457;465;469;474;475;479;487;489;491;492;493;495;497,498;505,445;449;499;500;503,,446;506
7CYP,3,af2,free,-655.4708781393542,-615.2947783007794,40.17609983857483,-28.332970163320667,-28.2932170642813,0.03975309903936619,,339;478,450;496;502;503;508,320;338;367;369;374;390;401;436;481;483;485;490,375;405,445;446;449;506,,351;368;391;420;448;451;465;466;467;487;488;489;491;492;495;497,505,445;446;449;500,405;452;501,403;450;503;506;508
