pdb,antibody,method,constrained,wt_total,om_total,d_total,wt_interface,om_interface,d_interface,tot_stab_mut_close,tot_stab_mut_distal,tot_stab_other_close,tot_stab_other_distal,tot_destab_mut_close,tot_destab_other_close,tot_destab_mut_distal,tot_destab_other_distal,int_destab_mut,int_destab_other,int_stab_mut,int_stab_other
7N5H,2,rpk,cons,-505.5620246028191,-491.1748479747587,14.387176628060445,-47.36677308958853,-42.96265593218287,4.404117157405658,,339,,,371,372,373;375;376;484;501,,408,,,
7N5H,2,rpk,free,-564.9476121918137,-550.6596322276163,14.287979964197461,-56.56797405737289,-47.11123088221294,9.45674317515995,,339;486,502,,371;405;505,369;370,375;484,365;455;489;490,405;408;505,370;415,,368;369;428
7N5H,2,af2,cons,-612.7450685466771,-539.9629450333507,72.78212351332638,-39.28332398561487,-29.848855876985596,9.434468108629275,,339,502,443;481;483;485;490;500,405,369,477;501,365;442;446;448;449;451;453;455;456;457;467;469;474;475;479;480;487;488;491;492;493;494;495;497;506;538,408,369;427,,377
7N5H,2,af2,free,-660.2070756610246,-618.1819526251575,42.02512303586718,-40.13698053334525,-39.684279134715254,0.4527013986299977,,339;478,369;372,347;367;390;421;443;472;483;490;496;499;500;502,405,385;424,375;486;501,351;442;445;446;451;453;456;465;467;469;487;488;491;492;495;497;506;518;522,408,370;383;385,,369;380;381;420;427
