pdb,antibody,method,constrained,wt_total,om_total,d_total,wt_interface,om_interface,d_interface,tot_stab_mut_close,tot_stab_mut_distal,tot_stab_other_close,tot_stab_other_distal,tot_destab_mut_close,tot_destab_other_close,tot_destab_mut_distal,tot_destab_other_distal,int_destab_mut,int_destab_other,int_stab_mut,int_stab_other
7K8T,2,rpk,cons,-303.91733094979423,-289.65930034783264,14.258030601961593,-24.782953223891187,-22.37411972736616,2.408833496525027,,339;477;478,483,,484;493;498,,371;373;375;501,372;476,,,,
7K8T,2,rpk,free,-436.20099054387174,-421.4811959076955,14.719794636176232,-59.071429951747135,-42.76459723814286,16.306832713604273,,339,480;487;491,367;376;439;471;508,417;484,448;455;473;485;489;490,371;373,368;369;372;436;458;506,417;484,470;488;489;494;495,,490
7K8T,2,af2,cons,-611.9811546442103,-608.006751099678,3.974403544532265,-23.50076343945327,-19.643161015992348,3.8576024234609214,,339;371,451;481;483;485,367;369;372;406;518,446;493;501,452,375,365;368;374;420;434;435;499;528,484;493,,,483;486
7K8T,2,af2,free,-657.4028295704491,-657.5367547820304,-0.13392521158129966,-40.159401111997866,-51.546561689560065,-11.387160577562199,,339,451;483;485,369;372;390;406;518;527,446;496,444,501,365;374;389;391;392;424;430;448,484;493,481,478,473;483;485;486;489
