pdb,antibody,method,constrained,wt_total,om_total,d_total,wt_interface,om_interface,d_interface,tot_stab_mut_close,tot_stab_mut_distal,tot_stab_other_close,tot_stab_other_distal,tot_destab_mut_close,tot_destab_other_close,tot_destab_mut_distal,tot_destab_other_distal,int_destab_mut,int_destab_other,int_stab_mut,int_stab_other
7BEO,3,rpk,cons,-487.58598836185826,-467.43209292985716,20.153895432001093,-41.11855609616605,-40.825369406439954,0.29318668972609885,,339,,,446;501,447,371;375,372,446;493,,496,445
7BEO,3,rpk,free,-530.5470406020822,-514.4364692106809,16.110571391401322,-43.654220182386275,-47.46891399096706,-3.8146938085807847,,,,338;365;393,446;501,490,375,335;357;361;369;372,493,,496,445
7BEO,3,af2,cons,-612.748356904942,-599.3235729395151,13.424783965426968,-40.847194519564404,-30.15052985895506,10.696664660609343,,339;371,483,367;369;372;406;485;518,446,444;445;448,375,365;368;434;435;528,440;446;493,444,496,445
7BEO,3,af2,free,-664.7315527435806,-661.0839266433213,3.647626100259231,-50.02321845086831,-40.61400479981051,9.409213651057804,,339;371,483,369;372;406;480;518;527,446;501,448;455,,332;374;435;528,493,444;445,,
