pdb,antibody,method,constrained,wt_total,om_total,d_total,wt_interface,om_interface,d_interface,tot_stab_mut_close,tot_stab_mut_distal,tot_stab_other_close,tot_stab_other_distal,tot_destab_mut_close,tot_destab_other_close,tot_destab_mut_distal,tot_destab_other_distal,int_destab_mut,int_destab_other,int_stab_mut,int_stab_other
7LXZ,3,af2,cons,-824.3602468560541,-815.0295840521394,9.33066280391472,-13.244364105098978,-12.12846207386227,1.1159020312367076,,67;95,19,21;22;29;75;76;77;97;111;124;154;213;nan;215;216;242;260,142;143;144,17;20;140;151;153;249;255;256;257,212,23;146;149;152;179;210;233;245,144,247,,147;254
7LXZ,3,af2,free,-896.9376482245967,-890.0975029503406,6.840145274256088,-19.027770806326778,-21.683496457756917,-2.6557256514301386,,67;95,18;147;248,68;76;77;97;111;138;155;158;186;213;nan;215;216;222;242;260;272,142;143;144,17;20;153;249;253;255;256,212,23;78;85;98;100;146;152;179;214;221;245;262;269,144,247;248,,16;147;249;254;255
