pdb,antibody,method,constrained,wt_total,om_total,d_total,wt_interface,om_interface,d_interface,tot_stab_mut_close,tot_stab_mut_distal,tot_stab_other_close,tot_stab_other_distal,tot_destab_mut_close,tot_destab_other_close,tot_destab_mut_distal,tot_destab_other_distal,int_destab_mut,int_destab_other,int_stab_mut,int_stab_other
7K8M,1,rpk,cons,-494.89952021671706,-468.5635171924344,26.33600302428266,-53.65144196585044,-44.07754220968961,9.573899756160827,,339,,,405;501,,371;373;375,372,417;486;501;505,,,
7K8M,1,rpk,free,-531.0066193637874,-526.1345167893135,4.872102574473956,-65.88105530220534,-48.96372229259133,16.917333009614012,,339,406,367;374;434,405;501,,371;375;484,370;377,417;486;501;505,460;493,,457
7K8M,1,af2,cons,-610.1870669238511,-510.82624946683825,99.3608174570129,-42.17999686755786,-28.626996759426802,13.553000108131059,,339,458;490;500;502,483;485,405;477;478;501,403;449;453;454;456;473;474;475;476;479;480;487;492;494;495;497;506,452,365;389;442;445;446;448;451;467;469;491,505,453;455;456;475;476;487,486;498,457;495;503
7K8M,1,af2,free,-651.4708013555905,-613.1006953923309,38.370105963259675,-53.05014001149068,-25.831809333715068,27.218330677775615,,339,450;458;473;485;489;490;499;502,320;338;346;347;358;367;369;374;390;418;423;429;436;443;472;483;500;527,405;417,421;447;455;456;457;460;474;475;491;492;493;495,375;452,365;368;391;442;445;446;448;451;465;466;479;497;506;528,417;505,420;421;455;456;457;460;475;476;493,486;498;501,487;503
