pdb,antibody,method,constrained,wt_total,om_total,d_total,wt_interface,om_interface,d_interface,tot_stab_mut_close,tot_stab_mut_distal,tot_stab_other_close,tot_stab_other_distal,tot_destab_mut_close,tot_destab_other_close,tot_destab_mut_distal,tot_destab_other_distal,int_destab_mut,int_destab_other,int_stab_mut,int_stab_other
7KS9,1,rpk,cons,-562.4658390759658,-529.3440623421568,33.12177673380904,-52.36794835087406,-46.03080307816977,6.337145272704291,,339;408,,,405;498,,371;373;375,372,417;501,496,478,500
7KS9,1,rpk,free,-608.7210248140011,-607.760094991164,0.9609298228371017,-70.54927083270144,-57.870621681032674,12.678649151668765,,339,457,366;402;510,498,458,371,365;369;387;431;471;509,405;417;486;498;505,496,478;501,457
7KS9,1,af2,cons,-611.7015283221945,-525.1610293943005,86.54049892789396,-42.797041073872386,-25.12828169988868,17.668759373983704,,339,489;500;502,383;483;485;490,405;417;477;478;505,448;456;457;473;474;475;476;479;480;487;494;495;497;506,,365;387;389;442;446;451;467;469;491;492,417;505,455;475;476;493;496,498,503
7KS9,1,af2,free,-659.93840834904,-611.328394702579,48.61001364646097,-63.30795270762299,-29.166819333206824,34.141133374416164,,339,485;489;500;502;503,320;356;358;367;369;374;390;401;436;472;483;490;527,405;417;505,446;448;454;455;456;475;487;493;495;497;506,375,337;351;368;377;425;430;442;445;451;480;491;492;528,417;486;505,415;420;421;455;456;460;473;475;487;489;493;496;500;502,477,403;453;503
