pdb,antibody,method,constrained,wt_total,om_total,d_total,wt_interface,om_interface,d_interface,tot_stab_mut_close,tot_stab_mut_distal,tot_stab_other_close,tot_stab_other_distal,tot_destab_mut_close,tot_destab_other_close,tot_destab_mut_distal,tot_destab_other_distal,int_destab_mut,int_destab_other,int_stab_mut,int_stab_other
6ZHD,1,rpk,cons,-567.4895686542964,-538.6934163990526,28.796152255243783,-42.31700757353103,-34.38785324311692,7.929154330414107,,339,,,484,,371;373;375;405;501,372,484;493,,,
6ZHD,1,rpk,free,-608.6150334441579,-586.2219957008679,22.39303774329005,-47.18841007540894,-41.10031003892131,6.088100036487631,,339,,506,484,446;455,371;373;498;501,366;368;372;378;499;502,484;493,444,,
6ZHD,1,af2,cons,-614.469071056791,-513.3784599020287,101.09061115476231,-42.04410036648333,-11.975708766823564,30.068391599659762,,339,481;483;496;502,383;518,452;493;501,346;446;448;449;451;456;473;487;489;491;492;494;495;497;499,371;373;405,351;365;372;403;442;457;469;471;475;479;506;520;541,484;493,449;483;489;490;494;499,501,450;495
6ZHD,1,af2,free,-662.0674231635098,-616.0634381853063,46.00398497820356,-42.269251095536674,-36.05169733687113,6.217553758665545,,339;478,473;481;496;499;500;502,320;338;354;367;380;390;443;518;527,493,446;448;449;451;455;488;489;491;492;494;495;497,371;405,351;356;365;374;377;391;420;424;442;453;454;457;480;506;517;519;520,452;484;493,449;455;483;489;490,501,445;486;495
