pdb,antibody,method,constrained,wt_total,om_total,d_total,wt_interface,om_interface,d_interface,tot_stab_mut_close,tot_stab_mut_distal,tot_stab_other_close,tot_stab_other_distal,tot_destab_mut_close,tot_destab_other_close,tot_destab_mut_distal,tot_destab_other_distal,int_destab_mut,int_destab_other,int_stab_mut,int_stab_other
7CAK,2,rpk,cons,-264.90998951552865,-178.05762783451587,86.85236168101278,-37.37896780449235,-41.69426655021503,-4.315298745722686,,339;496,368,,371;373;375,372;374;504,,,,,373;375,
7CAK,2,rpk,free,-452.380503362617,-361.5882786880288,90.79222467458817,-60.41996291529459,-63.722004913094814,-3.302041997800224,,496,369;436;437,353;403;434;439;448;451;495;512,371;373,365;368;372;374;405;504,,347;398;399;423;449;492,,374;504,375,378
7CAK,2,af2,cons,-605.1671407657304,-556.8665345554011,48.300606210329306,-34.07688051191162,-27.54468902865715,6.5321914832544685,,339,372;412,406;483;485;518,371;373;375,368;370;374;414;436;437;528,496;501,420;434;435;452;489,373,380,,372;412
7CAK,2,af2,free,-659.8330427909355,-655.1908724189802,4.642170371955217,-55.64232032806884,-31.474834802402967,24.167485525665874,,339,369,338;358;425;483;502;518;527,,370;374;377;380;435,446,332;444;506;517;526,375,370;372;376;377;380;383;384;385;389,373,411;503
