pdb,antibody,method,constrained,wt_total,om_total,d_total,wt_interface,om_interface,d_interface,tot_stab_mut_close,tot_stab_mut_distal,tot_stab_other_close,tot_stab_other_distal,tot_destab_mut_close,tot_destab_other_close,tot_destab_mut_distal,tot_destab_other_distal,int_destab_mut,int_destab_other,int_stab_mut,int_stab_other
7KN6,1,rpk,cons,-454.17051022753583,-444.3064931152065,9.86401711232935,-38.70004758207714,-33.39025751920828,5.3097900628688635,,339;446,,,498;501,,371;373;375,372,498;505,,,
7KN6,1,rpk,free,-497.1327664723316,-490.72193606730843,6.410830405023148,-51.11211241591543,-49.80591353524311,1.3061988806723264,,339;446,,,498,,371;375,372,417;498,405,,421;453
7KN6,1,af2,cons,-604.6439943497053,-613.0538040593997,-8.4098097096944,-25.5766340986221,-29.955413629943322,-4.378779531321221,,339;371,,367;369;372;451;483;485;518,,489,375,365;368;374;389;434;435;452,,,,487
7KN6,1,af2,free,-658.2564793143733,-664.4182510213619,-6.1617717069885884,-55.8486030591405,-55.633546521876454,0.21505653726404717,,339,403;406;483;488;490,369;377;451;472;485;518;527,477,447;453;486;489,446,332;356;374;434;435;452;526;528,,453;475;486;489,498,403;421;456
