pdb,antibody,method,constrained,wt_total,om_total,d_total,wt_interface,om_interface,d_interface,tot_stab_mut_close,tot_stab_mut_distal,tot_stab_other_close,tot_stab_other_distal,tot_destab_mut_close,tot_destab_other_close,tot_destab_mut_distal,tot_destab_other_distal,int_destab_mut,int_destab_other,int_stab_mut,int_stab_other
7EAN,1,rpk,cons,-543.8961823208788,-540.8051176991992,3.0910646216796067,-57.141138068942126,-57.412632181199164,-0.271494112257038,,339;408,,,,,371;375;376;501,372,,,,
7EAN,1,rpk,free,-566.4109664039589,-563.1664159338179,3.2445504701410073,-59.87563624862611,-60.0650211399633,-0.18938489133719116,,339,,434,,,371;375;405,372,,,,
7EAN,1,af2,cons,-621.7079101763547,-529.0641987785248,92.64371139782997,-47.75934056630242,-48.232858581197334,-0.4735180148949141,,339,490,347;443;481;483;485;499;500;502,,352;357;457;461;466;467;469;470;471;491;492;497,405;452;477;501,365;389;420;442;446;448;451;453;474;475;479;480;487;488;494;495;506,,469;471,,466
7EAN,1,af2,free,-669.8711592904597,-617.3619394472989,52.509219843160736,-68.65364275836409,-61.90340656918414,6.750236189179944,,339,483;490,320;363;367;369;390;427;436;443;500;502;515;528,,351;352;457;465;467;469;471;479;491;492,375;405;501,337;368;386;391;430;442;446;447;448;451;453;473;480;487;488;495;497;506,,351;465;479;519,,462;470;492
