pdb,antibody,method,constrained,wt_total,om_total,d_total,wt_interface,om_interface,d_interface,tot_stab_mut_close,tot_stab_mut_distal,tot_stab_other_close,tot_stab_other_distal,tot_destab_mut_close,tot_destab_other_close,tot_destab_mut_distal,tot_destab_other_distal,int_destab_mut,int_destab_other,int_stab_mut,int_stab_other
7CHP,1,rpk,cons,-490.913651371768,-402.73238508285243,88.1812662889156,-60.561434967180986,-45.693421976082035,14.86801299109895,,339;446,,,417;498;501,,373;375,372;374,417;501;505,494,,
7CHP,1,rpk,free,-515.6483938132237,-446.69193426471594,68.95645954850778,-64.77522145897751,-52.110655313559505,12.664566145418007,,339,455;473,358;436,484;498,489,373;375,363;372;374,417;498;505,486;494,493,
7CHP,1,af2,cons,-607.4851358426986,-608.6809531948074,-1.195817352108861,-48.13853310049822,-36.16008277587896,11.97845032461926,,339;371,406,367;369;372;483;485;518,496;498;501,494,375;446,365;368;374;434;435;452;499,417;493;498;505,,,421
7CHP,1,af2,free,-658.4346947710649,-663.6588293442798,-5.224134573214883,-60.83185199085892,-54.143098114976006,6.688753875882917,,339;371;484,406;456,356;369;451;480;483;485;518;528,446;498,,,374;434;435;448;452;499;526,493;498;505,486,,403;421
