pdb,antibody,method,constrained,wt_total,om_total,d_total,wt_interface,om_interface,d_interface,tot_stab_mut_close,tot_stab_mut_distal,tot_stab_other_close,tot_stab_other_distal,tot_destab_mut_close,tot_destab_other_close,tot_destab_mut_distal,tot_destab_other_distal,int_destab_mut,int_destab_other,int_stab_mut,int_stab_other
7M7W,3,rpk,cons,-549.6575445066912,-522.6903371011796,26.967207405511658,-48.90466791777456,-48.56024745906517,0.34442045870939353,,339,,,,,371;373;375;446;498;501,372;447,,,,
7M7W,3,rpk,free,-569.084139113851,-553.2983794680789,15.785759645772146,-51.371765886577755,-51.81588887778061,-0.44412299120285326,,339,,406;434;502;508,,,371;373;446;498,368;369;372;489;506,,,,
7M7W,3,af2,cons,-603.6166284700209,-617.0610095925488,-13.44438112252783,-33.353807199403825,-44.941688274762,-11.587881075358176,,339;371,393;394;516;518;520,367;369;372;406;483;485,,517,375;446;501,365;368;374;434;435;452;489;499,,,,518;519;520
7M7W,3,af2,free,-651.6216314496871,-657.7833747071013,-6.161743257414173,-38.579733587449105,-55.85716598711561,-17.277432399666502,,339,425;516;518;521,363;369;372;390;406;451;483,,355;398;462,446,365;374;391;392;435;448;455,,462,,355;396;516;518;519
