pdb,antibody,method,constrained,wt_total,om_total,d_total,wt_interface,om_interface,d_interface,tot_stab_mut_close,tot_stab_mut_distal,tot_stab_other_close,tot_stab_other_distal,tot_destab_mut_close,tot_destab_other_close,tot_destab_mut_distal,tot_destab_other_distal,int_destab_mut,int_destab_other,int_stab_mut,int_stab_other
6XKP,1,rpk,cons,-531.45655394244,-520.9828732310302,10.47368071140977,-46.519740566083584,-38.36197634912751,8.157764216956075,,339;417,,,452;484,,371;373;405,,452;484,,,
6XKP,1,rpk,free,-561.4406995845904,-550.7185140551609,10.722185529429566,-50.500361209547,-43.542208145080416,6.958153064466586,,339,,374;377;508,452;484,,371;375;405,368;369,452;484,,,483
6XKP,1,af2,cons,-610.6586796529398,-530.2041367853154,80.45454286762435,-31.415531547666966,-20.74768441837403,10.667847129292937,,339,450;483,443;481;485;500;502,452;501,351;442;445;446;448;449;451;492;494;495;497,405;477,365;453;454;456;457;465;469;474;475;479;480;487;488;491;506;538,452,444;446;449;450;490,,346;495;497
6XKP,1,af2,free,-655.452182587869,-618.9118271884312,36.54035539943777,-43.417028763562676,-29.945736896582854,13.471291866979822,,339;376,472;483;485;490;499,338;358;367;369;390;436;443;481;500;502,452,351;444;446;447;448;451;491;492;495;497,405;501,368;391;425;442;453;454;460;466;471;474;479;487;506,484,346;444;446;447;449;450;483;490,,349;351;493;495;497
