pdb,antibody,method,constrained,wt_total,om_total,d_total,wt_interface,om_interface,d_interface,tot_stab_mut_close,tot_stab_mut_distal,tot_stab_other_close,tot_stab_other_distal,tot_destab_mut_close,tot_destab_other_close,tot_destab_mut_distal,tot_destab_other_distal,int_destab_mut,int_destab_other,int_stab_mut,int_stab_other
7CZV,1,rpk,cons,-438.32725597871183,-414.4665328721502,23.860723106561636,-34.887899238981475,-27.846930040875975,7.0409691981055005,,339,,,417;501,,371;373;375;446,369;372,417;505,449,493,
7CZV,1,rpk,free,-525.3427391059311,-502.74041709017996,22.6023220157511,-53.91203548205252,-44.28682324373438,9.625212238318134,,339,,451,446;484;493;498;501,445;447,371;375,499,417;498;505,476,,
7CZV,1,af2,cons,-613.8445327167158,-609.1473884689274,4.697144247788401,-27.766698729026523,-23.904607855902647,3.8620908731238757,,339;371,483;485,367;369;372;518,417;493;498,420;495,375,365;368;374;434;435;528,417;496;498;505,,493,403
7CZV,1,af2,free,-654.9935997100108,-659.3014258040399,-4.30782609402911,-44.644809314124444,-46.84278315873171,-2.1979738446072687,,339;371,483;485;489,369;372;516;518,446;493;496;498,448;453;497,,374;435,505,415;449;486;495,493,405;489;490;494
