pdb,antibody,method,constrained,wt_total,om_total,d_total,wt_interface,om_interface,d_interface,tot_stab_mut_close,tot_stab_mut_distal,tot_stab_other_close,tot_stab_other_distal,tot_destab_mut_close,tot_destab_other_close,tot_destab_mut_distal,tot_destab_other_distal,int_destab_mut,int_destab_other,int_stab_mut,int_stab_other
7K8V,1,rpk,cons,-486.6863589360387,-453.59993960896776,33.08641932707093,-24.827499355217892,-25.05408117690231,-0.22658182168441954,,339;373,436;471,403;374,452;498,449,371;373;375,372;414,452,,498,
7K8V,1,rpk,free,-839.5065034977404,-813.315717180603,26.190786317137395,-47.98023292921067,-47.72933703549722,0.2508958937134551,,339;376;505;373;408,349;471;495,336;340;367;374;395;455;361;369;383;402;475,452;501;493,470;492;351,371;375;405,368;378;415;434;475;476;338;358;379;392;400;403;410;425;428;430;510,452,345;346;351,498,
7K8V,1,af2,cons,-1211.4856052072887,-1010.0169861704377,201.468619036851,-23.842215838177705,-16.26800118538765,7.5742146527900545,,339,441;449;483;490;496;502,518;390;434;500,452;498;501,345;351;442;444;446;451;492;494;495;497;509;346;449,371;373;375;405,365;372;454;455;456;457;459;461;467;469;473;474;475;479;487;489;491;506;520;522;538;541;370;385;387;453;471,498,345;444;446;490,,441;445
7K8V,1,af2,free,-1316.6351072498214,-1225.5694793232851,91.06562792653631,-45.08744612898736,-37.61857105929767,7.4688750696896875,,339;478;477,450;490;502;443,338;367;369;390;407;421;436;473;474;481;483;485;486;500;518;354;358,405;493;501;498,346;442;446;449;451;491;492;495;497;509;445;447;448;494,417,356;374;377;391;403;424;454;455;456;457;459;461;475;480;487;506;519;355;368;402;418;435;453;471;472;473;479;488;526;538,405;408,346;444;451,493,445;446;494;499
