pdb,antibody,method,constrained,wt_total,om_total,d_total,wt_interface,om_interface,d_interface,tot_stab_mut_close,tot_stab_mut_distal,tot_stab_other_close,tot_stab_other_distal,tot_destab_mut_close,tot_destab_other_close,tot_destab_mut_distal,tot_destab_other_distal,int_destab_mut,int_destab_other,int_stab_mut,int_stab_other
7E8F,2,rpk,cons,-469.83225683613034,-444.2875999619406,25.54465687418974,-34.66897740049503,-30.122955114361627,4.546022286133404,,339,,,446;484,447,371;373;375;501,369,484,,,
7E8F,2,rpk,free,-507.13118217241,-494.3806433545105,12.750538817899496,-40.316806636186584,-36.67246260713779,3.6443440290487956,,339,,374,446;484,,371;375;501,,484,,,
7E8F,2,af2,cons,-615.0611620198978,-616.1683524829702,-1.1071904630724703,-25.743956171529675,-21.050213908178996,4.6937422633506785,,339;371,481;483;485,367;372;406;518,446,494,375;501,365;368;434;435;489;499;528,484,482,,481
7E8F,2,af2,free,-663.7069858323032,-653.7369203500291,9.970065482274094,-38.371283105143846,-36.45655737433069,1.914725730813153,,339;371,480;483;485,369;372;406;425;518;527,446,479,496;501,332;342;374;435;455;497;528,,481,,444;483
