pdb,antibody,method,constrained,wt_total,om_total,d_total,wt_interface,om_interface,d_interface,tot_stab_mut_close,tot_stab_mut_distal,tot_stab_other_close,tot_stab_other_distal,tot_destab_mut_close,tot_destab_other_close,tot_destab_mut_distal,tot_destab_other_distal,int_destab_mut,int_destab_other,int_stab_mut,int_stab_other
6XC2,1,rpk,cons,-502.7671574443609,-478.16305929205356,24.60409815230736,-70.22484119535184,-50.30579908150723,19.91904211384461,,339,,,498;501;505,496,371;452,499,417;486;498;501;505,403,,
6XC2,1,rpk,free,-529.2010600515792,-532.9610412485763,-3.759981196997046,-75.34627916073899,-68.33383967289903,7.012439487839956,,339;373,,444;449;472,484;498,489;494,375;452,347;366;491;499,408;417;484;486;505,,477;501,
6XC2,1,af2,cons,-606.941852292756,-487.8279828616378,119.11386943111825,-53.12016518927513,-28.28640216846025,24.833763020814878,,339,458;499;500;502,483;485,405;477;478;498;501;505,421;453;456;473;474;475;476;479;480;487;489;492;494;495;497;503;504;506,,365;391;442;448;451;467;469;491,478;501;505,421;455;475;476;487;493;494;496,,403;416;456;457;473;495;499;500;503
6XC2,1,af2,free,-662.6136004976593,-616.1280722210283,46.48552827663093,-66.46201931473142,-40.93295659361012,25.5290627211213,,339;484,403;483;490;500;502;503;504,320;347;367;369;372;390;401;472;485;528,405;486;505,406;446;448;453;455;456;457;474;487;494;495;496;497;506,375,326;351;356;365;381;386;391;433;442;445;451;469;480;491;492,405;486;505,420;455;460;473;489;493;496;502,477;478;498,403;503;504
