pdb,antibody,method,constrained,wt_total,om_total,d_total,wt_interface,om_interface,d_interface,tot_stab_mut_close,tot_stab_mut_distal,tot_stab_other_close,tot_stab_other_distal,tot_destab_mut_close,tot_destab_other_close,tot_destab_mut_distal,tot_destab_other_distal,int_destab_mut,int_destab_other,int_stab_mut,int_stab_other
7NDB,1,rpk,cons,-551.6027013651388,-540.5853479384341,11.017353426704744,-22.30769150531988,-18.688372733999152,3.619318771320728,,339;408,,,484,,371;375;405;501,372,486,,,
7NDB,1,rpk,free,-612.6452904530579,-601.9410104271648,10.704280025893127,-50.21071761879744,-40.767987438820995,9.442730179976444,,339;408,488,508,484,490,371;375;405;501,372,484;486,479,,
7NDB,1,af2,cons,-609.192625077209,-538.5337614800969,70.65886359711203,-14.612831306746239,-15.225056895531784,-0.6122255887855452,,339,481;483;485,347;500;502,477;501,455;456;457;474;487;488;489;494;495,405;452,365;442;445;446;448;451;467;469;479;480;491;492;497;506,477;486,473,478,
7NDB,1,af2,free,-661.6609205259206,-620.1949098061484,41.46601071977216,-46.117226431905664,-42.331341819018576,3.785884612887088,,339,421;483;485;490;499;502,347;369;372;390;443;472;500;528,486;501,456;457;475;479;487;489;492;495;497,375;405,326;351;353;406;424;442;446;447;451;465;466;468;491;506;526,477;484;486,473;485;487;489,452;498,474;483;495
