pdb,antibody,method,constrained,wt_total,om_total,d_total,wt_interface,om_interface,d_interface,tot_stab_mut_close,tot_stab_mut_distal,tot_stab_other_close,tot_stab_other_distal,tot_destab_mut_close,tot_destab_other_close,tot_destab_mut_distal,tot_destab_other_distal,int_destab_mut,int_destab_other,int_stab_mut,int_stab_other
7CHS,1,rpk,cons,-505.65976912804706,-481.44506744687175,24.214701681175313,-53.21180114468078,-44.974670598956315,8.237130545724462,,339;408,,,405;501,,371;373;375,372,417;505,496,,
7CHS,1,rpk,free,-523.2212396036427,-511.809536801656,11.411702801986735,-60.644730625800705,-55.173751879535025,5.470978746265679,,339,497,367,405;417;484;498,495,371;375,368,417,420;457;486;496,501,
7CHS,1,af2,cons,-610.6137992634102,-470.858718114921,139.75508114848924,-43.3314490635111,-10.80959476429039,32.52185429922071,,339,489;490;496;500;502,437;481;483;518,405;477;478;493;501;505,449;454;455;456;457;473;474;475;476;479;487;492;494;495;497;506,371;373;375,346;351;365;372;446;451;461;467;469;491;520;522;541,417;477;478;493;505,455;473;475;476,498,403;457;489;495;503
7CHS,1,af2,free,-661.8050628340051,-613.7258487978063,48.07921403619878,-51.19342265474534,-27.74453769276733,23.44888496197801,,339,415;476;490;500,320;367;369;390;407;418;436;466;483;485;499;518;527,405;417;493;501;505,449;455;456;475;486;487;492;495;497,,374;377;391;435;442;445;446;448;451;454;465;469;480;491;506;519;520;528,417;493;501;505,473;475;486;487;502,477;478;498,415;476;503
