pdb,antibody,method,constrained,wt_total,om_total,d_total,wt_interface,om_interface,d_interface,tot_stab_mut_close,tot_stab_mut_distal,tot_stab_other_close,tot_stab_other_distal,tot_destab_mut_close,tot_destab_other_close,tot_destab_mut_distal,tot_destab_other_distal,int_destab_mut,int_destab_other,int_stab_mut,int_stab_other
7NX7,1,rpk,cons,-554.5433278707137,-548.175084692354,6.368243178359762,-53.9608429760407,-53.730356478351105,0.23048649768959706,,339;373;408,,,375,,371,455;500,,,,
7NX7,1,rpk,free,-573.6998023905251,-573.0913233840406,0.6084790064844583,-60.91078788892618,-61.79537142441657,-0.8845835354903926,,339,,,375,,405,500,,,,
7NX7,1,af2,cons,-607.8444625606942,-528.200874246183,79.64358831451113,-33.32947853650684,-42.940585540582816,-9.611107004075976,,339,370;518,443;483;490;496;502,371;373,389;391,405;452;501,346;351;372;446;449;451;453;454;455;456;457;461;469;471;473;475;479;487;491;492;494;495;497;506;520;541,,,,374;377;385;386
7NX7,1,af2,free,-664.519226160486,-621.9989257282882,42.520300432197814,-51.823348609533625,-65.0068839777459,-13.183535368212276,,339;478,382;390;412;518,338;358;367;443;458;466;483;490;500;502;508;527,,369;383;391;528,371;405;493;501,365;434;442;445;446;447;448;451;455;456;469;480;487;488;491;492;495;497;506;512;519;520,,,,369;374;377;382;386;414
