pdb,antibody,method,constrained,wt_total,om_total,d_total,wt_interface,om_interface,d_interface,tot_stab_mut_close,tot_stab_mut_distal,tot_stab_other_close,tot_stab_other_distal,tot_destab_mut_close,tot_destab_other_close,tot_destab_mut_distal,tot_destab_other_distal,int_destab_mut,int_destab_other,int_stab_mut,int_stab_other
7KN5,1,rpk,cons,-577.476390721454,-527.8965415161917,49.579849205262235,-53.65205951337844,-54.47860359004303,-0.8265440766645895,,339;408,,,484;493;498;501,455,371;373;375,368;372;374,452;498,,478;493,
7KN5,1,rpk,free,-597.8407072637606,-564.5895345366864,33.25117272707416,-62.538749987587714,-59.32374782280484,3.2150021647828737,,339;408,492,406,417;452;484;498,,371;373;375;405,342;369;372;374;377;474;527,417;452;484,486,478;493;501,492
7KN5,1,af2,cons,-618.1120814905765,-511.42493384033185,106.6871476502447,-39.141180819839946,-20.071178114617233,19.070002705222713,,339,483;486;490;496;502,518,484;493;501,351;446;449;455;456;475;487;489;492;494;495;497;499,371;373;405,346;365;372;391;448;451;454;457;459;467;469;471;473;474;479;491;506;520;541,452;493,446;449;489;490;492;494;499,501,486;497
7KN5,1,af2,free,-664.0433944726572,-610.8033073692485,53.240087103408655,-66.92944613173172,-52.38788610559718,14.54156002613454,,339,481;483;490;499;502,320;354;367;369;389;407;436;437;466;518;527,452;493;501,403;446;448;451;455;456;469;487;488;489;492;494;495;497,405,374;377;391;418;435;457;465;491;506;517;519;520;525;528,417;493,403;444;446;449;470;483;489;490;492,498;501,445;486;495;499
