pdb,antibody,method,constrained,wt_total,om_total,d_total,wt_interface,om_interface,d_interface,tot_stab_mut_close,tot_stab_mut_distal,tot_stab_other_close,tot_stab_other_distal,tot_destab_mut_close,tot_destab_other_close,tot_destab_mut_distal,tot_destab_other_distal,int_destab_mut,int_destab_other,int_stab_mut,int_stab_other
7MKL,1,rpk,cons,-309.6965505592347,-300.4685227222182,9.228027837016498,-29.63257558591687,-28.746444281724685,0.8861313041921868,,339;493;496,,,446,,373;375;501,455,,,,
7MKL,1,rpk,free,-427.9746005015066,-440.20522829600554,-12.230627794498957,-41.317913811531184,-33.10720967893372,8.210704132597463,,339;373,500;509,340;351;374;452;454;497,446;501,439;445;447,493,455;490,498,445,,
7MKL,1,af2,cons,-613.6487027197859,-617.8353754035454,-4.186672683759525,-26.29254858991412,-28.774704218776257,-2.482155628862138,,339;371,,367;369;372;406;483;485;518,,449;499,375;501,365;368;374;434;435;452,,,,
7MKL,1,af2,free,-660.6302618178154,-654.1921705821524,6.438091235663023,-39.18211533653754,-33.174297669711265,6.007817666826277,,339;371;484,444,367;369;372;390;406;425;480;483;518;527,446,499,496;501,332;365;368;374;528,,445,,444
