pdb,antibody,method,constrained,wt_total,om_total,d_total,wt_interface,om_interface,d_interface,tot_stab_mut_close,tot_stab_mut_distal,tot_stab_other_close,tot_stab_other_distal,tot_destab_mut_close,tot_destab_other_close,tot_destab_mut_distal,tot_destab_other_distal,int_destab_mut,int_destab_other,int_stab_mut,int_stab_other
7CYP,2,rpk,cons,-354.34209142471843,-346.3747897175193,7.967301707199113,-26.593230290624835,-19.00081494503687,7.592415345587966,,339;417,,418;421;422;453;454,375;498;501,494,371;373,350;372;423,498,,,
7CYP,2,rpk,free,-481.06242475327144,-466.10487912289705,14.957545630374398,-40.47757028112098,-33.64162042792927,6.835949853191714,,339,497,409;418,440,445;449,371;375;484,420;488;490,440;505,444;445,501,502;503
7CYP,2,af2,cons,-608.1511964676497,-603.3978648789785,4.753331588671244,-23.580578349876898,-19.59797952117061,3.982598828706287,,339;371,503,367;369;372;406;483;485;518,375;446;496;498;501,494,,365;368;374;389;420;434;435;455,498;505,,,503
7CYP,2,af2,free,-661.8657937993407,-651.4724821791947,10.39331162014605,-37.873485372893875,-38.09745659204236,-0.2239712191484884,,339;375,,372;390;406;483;518;527,446;498,499,,332;356;365;374;384;391;430;435;455,498,447;500,,445;494;502
