pdb,antibody,method,constrained,wt_total,om_total,d_total,wt_interface,om_interface,d_interface,tot_stab_mut_close,tot_stab_mut_distal,tot_stab_other_close,tot_stab_other_distal,tot_destab_mut_close,tot_destab_other_close,tot_destab_mut_distal,tot_destab_other_distal,int_destab_mut,int_destab_other,int_stab_mut,int_stab_other
7KML,1,rpk,cons,-586.8159239061508,-568.2807424606606,18.535181445490252,-45.07744310985253,-34.71703441024691,10.360408699605621,,,403,,405;452;484;486;501,,371;373;375,372;496,417;486,,,
7KML,1,rpk,free,-602.1357586117418,-587.8524745798311,14.283284031910739,-45.181330587955244,-37.84500374495203,7.336326843003214,,,,,405;501,490,371;375,446,417;486,,505,421
7KML,1,af2,cons,-609.3386299101255,-532.1908374177708,77.14779249235471,-29.17376366170766,-21.63463007031561,7.539133591392051,,339,483;485;502,481;500,405;477;478,449;453;455;457;473;475;479;487;488;494;495;497,,365;442;445;446;448;451;454;467;469;491;492;506,417;505,456;473;475;489;493,478,403;495
7KML,1,af2,free,-658.6438992659914,-622.7052286035973,35.93867066239409,-46.22354596373688,-42.18727647639763,4.036269487339254,,339,490;499;502,338;358;367;369;374;390;418;422;436;443;472;500;528,405;417;501,421;453;456;457;487;492;493;495;497,375,326;351;368;430;442;445;446;447;448;451;467;469;491;506;526,417;505,415;473;483;489;493,452;477;478;498,403;487;495
