pdb,antibody,method,constrained,wt_total,om_total,d_total,wt_interface,om_interface,d_interface,tot_stab_mut_close,tot_stab_mut_distal,tot_stab_other_close,tot_stab_other_distal,tot_destab_mut_close,tot_destab_other_close,tot_destab_mut_distal,tot_destab_other_distal,int_destab_mut,int_destab_other,int_stab_mut,int_stab_other
7MMO,2,rpk,cons,-449.9194311970314,-439.15610545475766,10.763325742273707,-49.55603592132268,-48.69887586629559,0.8571600550270944,,339,,,,,373;375;405;452,372;455,440,,498,
7MMO,2,rpk,free,-492.2037921378298,-487.56068562193394,4.643106515895852,-51.41239336111951,-52.74465046646655,-1.3322571053470398,,339,,,,,373;405,363;372;377;455;490,440,,498,
7MMO,2,af2,cons,-617.6160009708467,-523.3044407000438,94.31156027080294,-43.69786277814274,-9.526854338301405,34.17100843984134,,339,502,383;481;483;485;490,,442;444;445;446;447;448;451;500;506,405;452;477,365;453;454;456;457;461;465;468;469;474;475;479;480;487;488;491;492;494;495;497,440;498,439;444;445;446;499;500,,503
7MMO,2,af2,free,-662.6453085706821,-622.9959107158668,39.649397854815334,-50.09121986771228,-34.106192372724166,15.985027494988117,,339;478,346;502,338;360;367;369;390;436;473;483;485;490,501,444;445;446;447;506,405,365;391;420;453;457;465;467;469;475;480;487;491;492;493;495;497,,444;445;499;500,,346;446;503
