pdb,antibody,method,constrained,wt_total,om_total,d_total,wt_interface,om_interface,d_interface,tot_stab_mut_close,tot_stab_mut_distal,tot_stab_other_close,tot_stab_other_distal,tot_destab_mut_close,tot_destab_other_close,tot_destab_mut_distal,tot_destab_other_distal,int_destab_mut,int_destab_other,int_stab_mut,int_stab_other
6ZHD,1,rpk,cons,-566.9510615348302,-539.841120912819,27.10994062201121,-42.33121395206113,-38.07504649110093,4.256167460960199,,339,,,452;484,,371;373;375;405;501,372,484,,,
6ZHD,1,rpk,free,-602.0970235464833,-584.5777269458549,17.519296600628422,-48.10686649572994,-47.79883552339537,0.30803097233457066,,339,,364;366,452;484,,371;373;375;405;501,369;372;499,484,,,
6ZHD,1,af2,cons,-614.469071056791,-519.2077076044445,95.26136345234647,-42.04410036648333,-20.133973296516828,21.9101270699665,,339,481;483;485;502,,452;501,446;448;449;451;455;456;488;489;490;491;492;493;494;495;497;499,405;477,351;365;442;454;457;467;469;474;475;479;487;506,484,449;483;489;490;493;494,498;501,445
6ZHD,1,af2,free,-662.0674231635098,-617.8861861319581,44.181237031551746,-42.269251095536674,-27.139934387638878,15.129316707897797,,339;478,473;481;496;500;502,320;338;367;369;390;421;436;443;527,,446;448;449;451;487;488;489;490;491;492;493;494;495;497,375;405,351;368;391;420;424;425;442;457;465;467;480;506,484,449;455;483;489;490;493,501,445;495
