pdb,antibody,method,constrained,wt_total,om_total,d_total,wt_interface,om_interface,d_interface,tot_stab_mut_close,tot_stab_mut_distal,tot_stab_other_close,tot_stab_other_distal,tot_destab_mut_close,tot_destab_other_close,tot_destab_mut_distal,tot_destab_other_distal,int_destab_mut,int_destab_other,int_stab_mut,int_stab_other
7D00,2,rpk,cons,-417.7232871487633,-393.7167562556024,24.006530893160914,-35.87182557603806,-29.10472683052867,6.767098745509394,,339,,,405;501,,371;373;375,372;472,498;505,,,
7D00,2,rpk,free,-489.7810454471397,-479.18758773298396,10.593457714155761,-50.39656262896327,-41.79498625345547,8.601576375507797,,,489,332;333;337;361;366;386;436,405;417,403;495,371;375;484,335;340;341;370;390;492,417;486;498,403;503,501,489
7D00,2,af2,cons,-603.9404836906333,-503.41500217656346,100.52548151406984,-30.331991754371934,-19.76214929728178,10.569842457090154,,339,476;481;500;502,483;485,405;477;478;501;505,403;453;454;457;473;474;475;479;480;487;488;494;495;503;504;506,452,346;365;442;446;448;451;467;469;491;492;497,505,475;487;489;503,477,
7D00,2,af2,free,-660.5196681485054,-606.1727684983416,54.34689965016378,-64.24261763446408,-15.150404026652387,49.09221360781169,,339,476;485;490;500,338;347;358;367;369;372;374;390;434;436;443;450,405;417;486;501;505,420;446;449;453;455;456;474;487;489;493;495;497;506,375,351;357;365;368;386;391;392;394;442;445;448;451;465;469;480;491;492;508,417;486;505,403;409;415;416;421;449;455;456;460;473;487;489;502,477,503
