pdb,antibody,method,constrained,wt_total,om_total,d_total,wt_interface,om_interface,d_interface,tot_stab_mut_close,tot_stab_mut_distal,tot_stab_other_close,tot_stab_other_distal,tot_destab_mut_close,tot_destab_other_close,tot_destab_mut_distal,tot_destab_other_distal,int_destab_mut,int_destab_other,int_stab_mut,int_stab_other
7M3I,2,rpk,cons,-522.8123614201997,-521.5557352990652,1.256626121134559,-43.41444586880405,-43.01929658221829,0.3951492865857631,,339;446;496;505,,,375,,498;501,,,,,
7M3I,2,rpk,free,-561.4171831944959,-569.7316869956439,-8.314503801148021,-44.308282976602605,-51.393229849037304,-7.084946872434699,,339;446;496;505,368;369;374,325;366,,372,498;501,489;490,,,,369;378;437;508
7M3I,2,af2,cons,-617.5881680276989,-606.2471134407201,11.341054586978771,-37.70754770450364,-29.450347490227742,8.257200214275898,,339;484,,367;406;472;483;485;518,373;375,368;369;374;435;508,501,365;389;420;434;455;489;494;499,373;375,508,,386
7M3I,2,af2,free,-663.4686703204071,-661.2111516613576,2.2575186590495377,-51.30711127304882,-47.71888548497963,3.588225788069188,,339;484,369;378;379;406,367;390;483;518;527,375,374;376;434;435,446,358;365;391;455,375,370;376;377;405;508,373,369;378;379
