pdb,antibody,method,constrained,wt_total,om_total,d_total,wt_interface,om_interface,d_interface,tot_stab_mut_close,tot_stab_mut_distal,tot_stab_other_close,tot_stab_other_distal,tot_destab_mut_close,tot_destab_other_close,tot_destab_mut_distal,tot_destab_other_distal,int_destab_mut,int_destab_other,int_stab_mut,int_stab_other
7DJZ,1,rpk,cons,-569.206671002084,-542.1667670754059,27.039903926678107,-56.32936027131851,-47.02159784857229,9.307762422746215,,339;408,,,452;484,,371;373;375;405,369;372,417;452;484,,,
7DJZ,1,rpk,free,-595.8992263314153,-585.719130966063,10.180095365352372,-61.687101147295394,-67.87018925014648,-6.183088102851087,,339,,364;365,417;452;484,472;481,371;375;405;501,347;402,417;452;484,481,478,403;453;455;482;485;486
7DJZ,1,af2,cons,-622.5506222012314,-522.5429484157291,100.00767378550222,-53.3313239875532,-37.97386393383964,15.35746005371356,,339,490;502,508;518,452;484;493;501,346;351;446;449;451;453;456;475;485;486;487;492;495;497,371;373;405,365;372;448;454;457;467;469;473;474;479;491;506;520;522;538;541,417;452;484,403;449;450;481;483;487;490,498;501,486;488;494;495;497;499
7DJZ,1,af2,free,-659.9303335394306,-614.8530569181022,45.07727662132845,-64.66537868692227,-56.08657897323416,8.578799713688106,,339;478,490;494;499;502,320;354;356;367;390;407;419;421;423;436;443;500;518,452;493,403;445;446;448;449;451;453;456;480;492;495;497,405,336;377;391;420;442;457;467;469;491;506;519;520;526,452;484;493,403;449;470;481;483;490;492,498;501,455;486;487;494;495;499
