pdb,antibody,method,constrained,wt_total,om_total,d_total,wt_interface,om_interface,d_interface,tot_stab_mut_close,tot_stab_mut_distal,tot_stab_other_close,tot_stab_other_distal,tot_destab_mut_close,tot_destab_other_close,tot_destab_mut_distal,tot_destab_other_distal,int_destab_mut,int_destab_other,int_stab_mut,int_stab_other
7CWN,3,rpk,cons,-405.50241742230804,-388.0561842814377,17.446233140870334,-44.21551203475476,-43.79999015149288,0.41552188326188144,,,,506,478,,371;373;501,453,,,,487
7CWN,3,rpk,free,-518.2489174635834,-519.6998671745612,-1.4509497109777385,-59.69709271541796,-47.389484822134406,12.307607893283553,,373;408,,365;368;377;379;382;384;388;508;515,,483,371,338;409;419;434;436;473;511,484;486,446;470;472,478,
7CWN,3,af2,cons,-609.3049815998017,-530.3429044043513,78.96207719545043,-32.80830563552866,-22.36463798637712,10.443667649151543,,339,483;485,443;502,501,446;455;456;469;475;479;487;491;492;493;494;495;497,405;477,365;442;445;448;451;453;454;457;467;474;506;538,484,481;489;490;493;494,498,492;495
7CWN,3,af2,free,-657.2121257141471,-617.4812422315451,39.73088348260194,-49.658757447714,-46.185760086447836,3.4729973612661666,,339,483;485,320;326;338;358;367;369;390;418;436;443;500;502,452,453;454;455;456;469;487;491;492;495;497,375;405,391;392;442;445;446;448;451;465;475;479;506,484;486,456;472;481;483;490,498,493;494;495
