pdb,antibody,method,constrained,wt_total,om_total,d_total,wt_interface,om_interface,d_interface,tot_stab_mut_close,tot_stab_mut_distal,tot_stab_other_close,tot_stab_other_distal,tot_destab_mut_close,tot_destab_other_close,tot_destab_mut_distal,tot_destab_other_distal,int_destab_mut,int_destab_other,int_stab_mut,int_stab_other
7LX5,1,rpk,cons,-516.0238483441784,-505.53669931147084,10.487149032707578,-63.0008168929328,-58.57597456555407,4.424842327378727,,339,,374,417;486,,371;375;376;405,372,417;486,,478,
7LX5,1,rpk,free,-570.9396180856189,-559.5151993511205,11.424418734498431,-75.05033185231308,-71.07372676647732,3.9766050858357573,,339,421,374,498,,371;376;405,372,417;478;484,,,455;487
7LX5,1,af2,cons,-626.1248207357187,-528.296632657713,97.82818807800572,-59.74732566469289,-27.161292098075513,32.586033566617374,,339,483;485;500;502,383;421;481,452;484;501,403;446;448;449;450;453;455;456;475;488;489;490;492;493;494;495;497,405;477,365;442;451;454;457;467;469;474;479;487;491;506;538,417;484;486,403;446;449;483;488;489;490;493;494,501,495;503
7LX5,1,af2,free,-670.4687025691269,-613.6757037625171,56.79299880660983,-74.81627759126253,-52.54064190789292,22.275635683369615,,,450;485;502;503,320;347;369;372;390;407;421;508;528,417;452,351;403;445;446;449;451;455;456;487;489;492;494;495;497,405,386;391;420;425;442;467;469;474;479;491;506,417;452;505,403;446;449;455;483;488;489;490;492;493,501,475;495;497;503
