pdb,antibody,method,constrained,wt_total,om_total,d_total,wt_interface,om_interface,d_interface,tot_stab_mut_close,tot_stab_mut_distal,tot_stab_other_close,tot_stab_other_distal,tot_destab_mut_close,tot_destab_other_close,tot_destab_mut_distal,tot_destab_other_distal,int_destab_mut,int_destab_other,int_stab_mut,int_stab_other
7E3L,1,rpk,cons,-522.3598771685678,-495.29252907271825,27.067348095849525,-38.76929093924451,-38.040595957051984,0.728694982192529,,339,,,478,,371;373;375;405;501,372;502,478,,493,
7E3L,1,rpk,free,-592.3957860794008,-583.1657985301472,9.229987549253565,-44.45249837885544,-46.132977397677806,-1.6804790188223677,,339;408,,,478,,371;375;452;501,502,478,,493,479
7E3L,1,af2,cons,-614.785175624766,-478.2012258451691,136.58394977959688,-31.209542507598606,20.19128268624945,51.40082519384806,,339,483;485;490,434;496;500;502;518,477;478,455;456;473;474;475;476;479;480;486;487;495,371;373;405;501,346;351;365;372;387;389;446;449;451;457;459;461;491;492;494;497;506;520;522;538;541,477;478,474;475;476;487,,483
7E3L,1,af2,free,-655.3366082849207,-578.0940902879847,77.24251799693593,-46.609514678317495,-27.80995365901411,18.799561019303386,,339,481;483,320;354;367;390;407;436;500;502;518,477;501,473;474;475;476;479;480;486;488;494;495;497,405,368;374;391;418;435;445;446;448;451;454;469;491;492;503;506;519;520,477;478,473;475;476;485;486,498,483;487;495
