pdb,antibody,method,constrained,wt_total,om_total,d_total,wt_interface,om_interface,d_interface,tot_stab_mut_close,tot_stab_mut_distal,tot_stab_other_close,tot_stab_other_distal,tot_destab_mut_close,tot_destab_other_close,tot_destab_mut_distal,tot_destab_other_distal,int_destab_mut,int_destab_other,int_stab_mut,int_stab_other
7BEK,1,rpk,cons,-550.4912115031426,-527.3101256597342,23.18108584340837,-55.71899978887099,-44.02638840425143,11.69261138461956,,339;446,,,417;496;498;501,,371;373;375,372;499,417;496;501;505,,,
7BEK,1,rpk,free,-580.1247834400207,-565.7068753707383,14.417908069282362,-65.96349791234951,-49.72290855060926,16.24058936174025,,339;446,,,498;501;505,,371;373;375,368;372;499,417;498;505,420;453;503,501,415
7BEK,1,af2,cons,-617.4114741263422,-615.5364400610783,1.8750340652638897,-49.36044095172241,-45.008657521515644,4.3517834302067655,,339;371,487,367;369;372;483;485;518,417;498;501,494,375,365;368;374;434;435;528,417;493;505,486;495,496,405;487
7BEK,1,af2,free,-667.7575441701313,-660.7871226990164,6.9704214711148325,-66.17004356515966,-56.137136546979086,10.032907018180573,,339;371;375,406,390;451;483;485;518;527,417;446;496;501,489,,332;356;365;374;379;384;391;430;435;452;528,417;505,449;486;489;495,,487;503
