pdb,antibody,method,constrained,wt_total,om_total,d_total,wt_interface,om_interface,d_interface,tot_stab_mut_close,tot_stab_mut_distal,tot_stab_other_close,tot_stab_other_distal,tot_destab_mut_close,tot_destab_other_close,tot_destab_mut_distal,tot_destab_other_distal,int_destab_mut,int_destab_other,int_stab_mut,int_stab_other
7KN4,1,rpk,cons,-507.2294119696535,-482.37644266637324,24.852969303280247,-46.738035384326295,-42.11482059989595,4.6232147844303455,,339;408,,,484;498;501,446;490,371;373,372;374;499,493,,,496
7KN4,1,rpk,free,-532.7381310063026,-509.94339844715984,22.7947325591428,-56.384695270814944,-42.63374958718996,13.750945683624984,,339,496,434;436,405;477;501,490;499,371;373;375,372;439;450;506,417;477;478;501,455;490,,496
7KN4,1,af2,cons,-616.8942694507659,-490.8720505259505,126.02221892481543,-37.67160629826145,-13.131459914520777,24.540146383740677,,339,483;490;496;500;502,383;518,405;477;478;484;493;498;501,446;449;453;454;455;456;473;474;475;479;486;487;492;494;495;497;503,371;373;375,346;351;365;372;442;448;451;457;467;469;491;506;520;522;541,484;505,456;475;486;487;494,,474;495;497
7KN4,1,af2,free,-663.6294894326975,-618.7212979909978,44.90819144169973,-60.9854710724507,-40.792173571939024,20.193297500511676,,339,474;482;483;490;500;502,320;338;354;367;390;422;423;443;518;527,405;484;493;505,446;448;454;455;456;487;488;489;491;492;495;497,371;375,355;365;377;391;442;445;451;457;469;506;511;517;519;520;528,478;484;493;505,449;455;456;489;490;494;496,501,474;487;495;503
