pdb,antibody,method,constrained,wt_total,om_total,d_total,wt_interface,om_interface,d_interface,tot_stab_mut_close,tot_stab_mut_distal,tot_stab_other_close,tot_stab_other_distal,tot_destab_mut_close,tot_destab_other_close,tot_destab_mut_distal,tot_destab_other_distal,int_destab_mut,int_destab_other,int_stab_mut,int_stab_other
7NX8,1,rpk,cons,-555.212813683219,-551.1248141790476,4.087999504171421,-53.94548601846232,-54.1013430792499,-0.1558570607875822,,339;373;408,,,375;376,,,455;500,,,,
7NX8,1,rpk,free,-573.7103171553865,-570.2620003788261,3.448316776560432,-61.63210224654151,-61.08673808745052,0.5453641590909868,,339;373,,407,375,,371;405,500,,,,
7NX8,1,af2,cons,-608.3835302306977,-527.0759716723952,81.3075585583025,-32.03203314798348,-39.95441937661324,-7.922386228629755,,339,366;370;518,443;483;490;502,371;373,,405;452;501,346;351;446;447;449;451;453;454;455;456;457;461;468;471;473;475;479;487;491;492;494;495;497;506;520;522;541,,,,366;374;377;385
7NX8,1,af2,free,-665.7746229795512,-625.4303103826642,40.344312596886994,-56.83498492007389,-61.50949107691386,-4.674506156839968,,339;478,377;385;389;412;518,367;425;443;473;483;490;499;500;502,,369;391;414,371;405;493;501,365;424;442;445;446;447;448;449;451;453;465;480;487;491;492;495;497;506;519;520,,383;386,,374;377;378;412
