pdb,antibody,method,constrained,wt_total,om_total,d_total,wt_interface,om_interface,d_interface,tot_stab_mut_close,tot_stab_mut_distal,tot_stab_other_close,tot_stab_other_distal,tot_destab_mut_close,tot_destab_other_close,tot_destab_mut_distal,tot_destab_other_distal,int_destab_mut,int_destab_other,int_stab_mut,int_stab_other
7V26,1,rpk,cons,-416.18686380758226,-376.2760234208764,39.91084038670584,-44.49589799997329,-50.434303041473996,-5.938405041500708,,339;408,,421,501,502,371;373;375;376;405,368;370;372;467,,,440;498,
7V26,1,rpk,free,-516.2912645638943,-522.539134557077,-6.2478699931826895,-50.09401115121634,-57.60910695622037,-7.51509580500403,,339;408;486,500;506,363;364;368;377;387;391;393;406;421;472;511,501,502,371;375;405,369;388;435;508;517,,,440;498,500
7V26,1,af2,cons,-619.3227193131939,-525.6851708900708,93.63754842312312,-45.62002212498883,-20.332463315238968,25.28755880974986,,339,502,481;483;485;490,501,442;444;445;446;447;448;451;506,405;477,365;453;457;467;469;474;475;479;480;487;488;491;492;493;494;495;497,498,346;444;445;499;500,,503
7V26,1,af2,free,-657.0052091149496,-613.3782944269506,43.62691468799903,-48.49424791002757,-26.70471834132656,21.789529568701006,,339,346;500;502,320;356;367;369;374;390;436;472;483;490;518;527,501,442;444;445;446;447;451;497;506,375;405,326;337;351;353;368;391;453;456;457;465;466;471;479;480;487;491;492;495;528,498,441;444;445;450;499;500,505,502;503
