pdb,antibody,method,constrained,wt_total,om_total,d_total,wt_interface,om_interface,d_interface,tot_stab_mut_close,tot_stab_mut_distal,tot_stab_other_close,tot_stab_other_distal,tot_destab_mut_close,tot_destab_other_close,tot_destab_mut_distal,tot_destab_other_distal,int_destab_mut,int_destab_other,int_stab_mut,int_stab_other
7S4S,1,rpk,cons,-519.946441770844,-485.44081526537195,34.50562650547204,-59.52169132310726,-58.458246467147134,1.0634448559601282,,339,,374,493;505,490,371;373;375;446,372,417;505,,501,
7S4S,1,rpk,free,-550.99168829012,-530.4571067691163,20.5345815210037,-74.77883010744932,-73.10105595604652,1.6777741514028008,,339,,368,493;498;505,490,371;373;375;446,366;372;452,417;496,,501,
7S4S,1,af2,cons,-612.5731980685796,-617.9444483830271,-5.3712503144474795,-52.58324824676751,-56.29593555443705,-3.7126873076695404,,339;371,,367;369;372;451;481;483;485;518,493,490,375;446,365;368;374;434;435;452;499,493,,501,
7S4S,1,af2,free,-659.3620209352828,-670.0140802857254,-10.652059350442642,-67.6224383530017,-68.79978025419108,-1.1773419011893793,,339;371;484,,369;372;393;472;480;481;483;485;518;527,446;493,,,374;435;528,417;505,500,501,421;502
