pdb,antibody,method,constrained,wt_total,om_total,d_total,wt_interface,om_interface,d_interface,tot_stab_mut_close,tot_stab_mut_distal,tot_stab_other_close,tot_stab_other_distal,tot_destab_mut_close,tot_destab_other_close,tot_destab_mut_distal,tot_destab_other_distal,int_destab_mut,int_destab_other,int_stab_mut,int_stab_other
7BEO,4,rpk,cons,-484.7943146984611,-465.80762461185714,18.98669008660397,-42.486656303901405,-43.90706978292056,-1.4204134790191532,,339,,406,478,,371;375;405;501,372,,,493,
7BEO,4,rpk,free,-529.4286700807645,-519.0340193632754,10.394650717489071,-49.2258824582205,-47.73422486913538,1.491657589085115,,339,491,406,478;484;493,,371;375;405;498,372,478;484,,,
7BEO,4,af2,cons,-615.222941829489,-476.98910713643454,138.2338346930544,-36.95269697515385,17.3376097667215,54.29030674187535,,339,483;490,383;443;496;502;518,477;478;501,453;456;457;459;473;474;475;476;479;486;487;494;495,371;373;405,346;351;365;372;446;449;451;454;461;467;469;471;491;492;497;506;520;522;541,477;478,473;474;475;476;486;487;489,498,
7BEO,4,af2,free,-664.3376224233629,-617.0275812914363,47.310041131926596,-44.88165737792102,-43.78164496041808,1.1000124175029455,,339;375,474;483;485;490,320;367;389;390;500;502;518,477;493;501,403;420;453;455;457;459;475;487;495;497,371;405,326;365;374;377;391;425;445;446;447;448;449;451;454;491;492;503;506;519;520;526,477;493,473;475;476;487;489,478;484;498,481;483;494;495
