pdb,antibody,method,constrained,wt_total,om_total,d_total,wt_interface,om_interface,d_interface,tot_stab_mut_close,tot_stab_mut_distal,tot_stab_other_close,tot_stab_other_distal,tot_destab_mut_close,tot_destab_other_close,tot_destab_mut_distal,tot_destab_other_distal,int_destab_mut,int_destab_other,int_stab_mut,int_stab_other
7EJ5,3,rpk,cons,-363.0639450495877,-347.5433203663439,15.520624683243796,-23.643242663076855,-28.05649337886293,-4.413250715786074,,339;408,479,403;453,477;478,,371;373;375;501,372;495;504,,,477,
7EJ5,3,rpk,free,-478.83559568423675,-470.8193757166417,8.016219967595077,-36.79146775122197,-33.44254821019998,3.348919541021992,,339;376;408,479,333;334;364;370;508,477;478;484;493,476,371;373;501,338;342;349;369;374;490;525,,475,,
7EJ5,3,af2,cons,-609.0316486082122,-516.3112319918926,92.72041661631965,-13.39024008437481,-13.357652066818954,0.03258801755585594,,339,483,443;490;496;500;502;518,,456;473;479;486;487,371;373;405;493;501,346;351;365;372;442;446;449;451;453;454;455;457;461;465;471;480;491;492;494;495;497;506;520;522;541,,486;489,478,475;483
7EJ5,3,af2,free,-657.7015494707083,-612.0030272772683,45.69852219344,-36.84141214972901,-31.054139228361933,5.787272921367077,,,473;476;482;483,320;326;347;363;367;390;407;436;443;466;490;499;500;502;518,,455;456;486;487;488,405;493;501,353;374;391;442;445;446;447;448;451;454;457;469;491;492;495;497;506;517;519;520,477,481;486,484,476
