pdb,antibody,method,constrained,wt_total,om_total,d_total,wt_interface,om_interface,d_interface,tot_stab_mut_close,tot_stab_mut_distal,tot_stab_other_close,tot_stab_other_distal,tot_destab_mut_close,tot_destab_other_close,tot_destab_mut_distal,tot_destab_other_distal,int_destab_mut,int_destab_other,int_stab_mut,int_stab_other
7DK0,1,rpk,cons,-534.6197592314837,-501.85615679025807,32.76360244122566,-63.871931153726315,-45.636964877720324,18.23496627600599,,339;408,,,452;484;493;501,453,371;373;375;405,,452;484;493,,,
7DK0,1,rpk,free,-572.9364597257195,-551.8989527476117,21.037506978107785,-74.56120066498076,-56.13871666127547,18.422484003705293,,339;408,,,484;493,453,371;375;501,,484;493,444;483;494,498,486
7DK0,1,af2,cons,-620.9622802875641,-512.2474317649353,108.71484852262881,-49.235694135278116,-24.1336707833035,25.102023351974616,,339,485;500;502,518,452;493;498,346;351;403;446;448;449;451;453;455;456;473;475;487;489;491;492;494;495;497,371;373;405,365;372;454;457;459;461;467;469;471;474;479;506;520;522;541,452;484;493,449;470;483;489;490;494,501,486;495;497
7DK0,1,af2,free,-669.2116118751769,-605.8536447669574,63.357967108219555,-69.63919624362504,-41.7648877078668,27.87430853575824,,339;477;478,472;481;499,320;367;390;407;436;443;500;502;518;528,452;493,403;445;446;449;451;453;455;456;475;487;489;491;492;494;495;497,405,355;365;374;391;454;465;471;506;511;519;520;526,484;493,444;446;449;455;470;483;486;489;490,498;501,485;492;495;497;499
