pdb,antibody,method,constrained,wt_total,om_total,d_total,wt_interface,om_interface,d_interface,tot_stab_mut_close,tot_stab_mut_distal,tot_stab_other_close,tot_stab_other_distal,tot_destab_mut_close,tot_destab_other_close,tot_destab_mut_distal,tot_destab_other_distal,int_destab_mut,int_destab_other,int_stab_mut,int_stab_other
6ZHD,3,rpk,cons,-584.4709319572331,-558.1167486615948,26.354183295638336,-44.931660547160334,-38.982138861320195,5.949521685840139,,339,,,446;484,447,371;373;375;501,372,484;493,,,
6ZHD,3,rpk,free,-613.5559392015153,-598.9540934276147,14.601845773900664,-44.35362930175968,-41.139290477185625,3.2143388245740567,,339,,434,446;484,,371;373;498,372;499,484;493,,,444
6ZHD,3,af2,cons,-616.0240509583539,-623.1691302913421,-7.145079332988189,-39.95764516896717,-35.20794057402968,4.749704594937491,,339;371,472;481;483;485,367;369;372;406;518,493,452;494,375;501,365;368;374;420;434;435;499;528,493,483,484,
6ZHD,3,af2,free,-666.3062483216318,-671.572824510202,-5.266576188570298,-44.78647856324097,-38.87882016899069,5.9076583942502765,,339;371,480;485,369;372;390;406;518,446,448;482,,374;381;420;497;526,493,483;489,,470
