pdb,antibody,method,constrained,wt_total,om_total,d_total,wt_interface,om_interface,d_interface,tot_stab_mut_close,tot_stab_mut_distal,tot_stab_other_close,tot_stab_other_distal,tot_destab_mut_close,tot_destab_other_close,tot_destab_mut_distal,tot_destab_other_distal,int_destab_mut,int_destab_other,int_stab_mut,int_stab_other
7P79,3,rpk,cons,-273.39399992621725,-251.3583775732691,22.03562235294814,-34.49639694325571,-24.755508157537186,9.740888785718525,,,405,374,446;484;493;498;501,,371;373;375,,498;505,403,,
7P79,3,rpk,free,-420.230651157322,-412.28157949099403,7.949071666327939,-49.91205105625155,-37.32856402584101,12.583487030410538,,339,453,340;488;538,446;484;493;498,405;487;489,371;375,342;423;506,498;505,421;449;487,417;501,
7P79,3,af2,cons,-605.572594904254,-602.2013595117551,3.3712353924988747,-32.57542312376199,-26.20229561713986,6.373127506622133,,339;371,406;483,367;369;372;485;518,446;493;498;501,494;495,375,365;368;374;434;435;528,446;493;498,449,496,
7P79,3,af2,free,-653.8957548357571,-659.51156455091,-5.615809715152864,-39.29509969052946,-24.658309963552675,14.636789726976787,,339;371,405;406;409;506,360;369;372;393;451;483;518;527;528,446;498,494;502;504,,374;430;435;452;526,446;493;498,500;504,496,453
