pdb,antibody,method,constrained,wt_total,om_total,d_total,wt_interface,om_interface,d_interface,tot_stab_mut_close,tot_stab_mut_distal,tot_stab_other_close,tot_stab_other_distal,tot_destab_mut_close,tot_destab_other_close,tot_destab_mut_distal,tot_destab_other_distal,int_destab_mut,int_destab_other,int_stab_mut,int_stab_other
7E3L,1,rpk,cons,-523.1259872205154,-495.72874073973014,27.39724648078527,-38.77170192982676,-32.12501855329255,6.646683376534213,,339,,,478,,371;373;375;405;501,372;502,478;486,,,
7E3L,1,rpk,free,-592.1259958514511,-577.6330660240644,14.49292982738666,-48.505743341924614,-42.26481554504193,6.240927796882687,,339,493,342;368;374;388;511,478;484;486,,371;375;405;501,364;380;502;541,478;486,,,493
7E3L,1,af2,cons,-614.785175624766,-523.4404302692676,91.34474535549839,-31.209542507598606,-16.138699710253302,15.070842797345303,,339,483;485,383;443;500;502;508,477,456;474;475;476;479;480;487;488;494;495,405;452;501,365;389;442;446;448;449;451;457;467;469;491;492;497;506;538,477;486,476;487,,474
7E3L,1,af2,free,-655.3366082849207,-622.2808930420292,33.05571524289144,-46.609514678317495,-42.491155344685964,4.118359333631531,,339,421;483;485;490;493,338;358;367;369;374;389;390;434;436;500;502;527,486,456;473;475;487;495,375;405;501,326;357;368;394;395;406;442;445;446;448;451;453;454;457;465;469;491;492;497;503;506;516;528,477;486,473;475;479,498,483;495
