pdb,antibody,method,constrained,wt_total,om_total,d_total,wt_interface,om_interface,d_interface,tot_stab_mut_close,tot_stab_mut_distal,tot_stab_other_close,tot_stab_other_distal,tot_destab_mut_close,tot_destab_other_close,tot_destab_mut_distal,tot_destab_other_distal,int_destab_mut,int_destab_other,int_stab_mut,int_stab_other
7MF1,1,rpk,cons,-523.8945556678855,-506.50356726081606,17.390988407069415,-47.6360210350012,-40.932883273091335,6.703137761909865,,339;408,,,452;484,,371;375;501,372,484,,,
7MF1,1,rpk,free,-554.1735273750814,-539.3446791501617,14.828848224919739,-48.343499960482966,-44.11713435850469,4.226365601978273,,339,488,,452;484,493,371;375;405;501,372,484,,,493
7MF1,1,af2,cons,-618.9086656746451,-530.5416501445434,88.36701553010175,-34.361334295823326,-13.217022182328877,21.14431211349445,,339,481;485,443;502,452;501,446;448;449;451;469;470;480;491;492;493;494;495;497,405;477,365;442;453;454;455;456;457;467;474;475;479;487;489;506,,444;449;470;472;481;482;483;490;494;499,501,493;495
7MF1,1,af2,free,-666.8421808200371,-617.7877876303673,49.05439318966978,-45.300112316456236,-22.28085833391711,23.019253982539126,,,481;485;490,320;358;367;369;372;390;407;421;436;443;500;502,452,446;447;449;451;468;470;471;480;491;492;494;495;497,405,326;353;420;442;453;456;479;487;506,452;484,346;449;450;470;472;482;483;490,501,445;492;495
