pdb,antibody,method,constrained,wt_total,om_total,d_total,wt_interface,om_interface,d_interface,tot_stab_mut_close,tot_stab_mut_distal,tot_stab_other_close,tot_stab_other_distal,tot_destab_mut_close,tot_destab_other_close,tot_destab_mut_distal,tot_destab_other_distal,int_destab_mut,int_destab_other,int_stab_mut,int_stab_other
7BNV,1,rpk,cons,-538.2605205380919,-517.9582143464822,20.30230619160966,-47.428002607673434,-47.3820026884166,0.04599991925683611,,339,,,,,371;373;375;446;493;501,372;499,,,,
7BNV,1,rpk,free,-564.3508807521953,-551.6042928684608,12.746587883734492,-48.119069313098954,-48.26089783288185,-0.1418285197828979,,339;505,,449,,,371;373;375;446;501,372;490,,,,
7BNV,1,af2,cons,-614.9879924613556,-621.0867643536374,-6.098771892281775,-40.00348403810283,-44.652422832370334,-4.648938794267501,,339;371;484,466;518,367;369;372;394;406;483;485;527,,519,375;446;496;501,365;368;374;434;435;455;494;499;528,,519,,466;518
7BNV,1,af2,free,-663.5854553576139,-659.0148214088672,4.570633948746718,-49.8948857521838,-49.86481028618981,0.03007546599398836,,339;371;375,518,358;382;383;406;483;527,,,446,332;368;374;384;395;435;444;528,,428;465,,518
