pdb,antibody,method,constrained,wt_total,om_total,d_total,wt_interface,om_interface,d_interface,tot_stab_mut_close,tot_stab_mut_distal,tot_stab_other_close,tot_stab_other_distal,tot_destab_mut_close,tot_destab_other_close,tot_destab_mut_distal,tot_destab_other_distal,int_destab_mut,int_destab_other,int_stab_mut,int_stab_other
7DK0,1,rpk,cons,-535.0209618225505,-505.16102467770634,29.85993714484414,-64.36488100924548,-48.08206258748076,16.282818421764716,,339,,367,446;484;493;501,447;453,371;373;375,,484;493,,,
7DK0,1,rpk,free,-567.097783233261,-558.1264569073719,8.971326325889095,-70.69830357069578,-59.912172196083475,10.78613137461231,,339,451,,446;484;493,453,371;375;501,,484;493,,498,
7DK0,1,af2,cons,-620.9622802875641,-610.7609320310579,10.201348256506208,-49.235694135278116,-37.19552716623731,12.040166969040804,,339;371,481;483;485,367;369;372;406;518,493;496;501,453;455,375,365;368;434;435;528,484;493,483,,
7DK0,1,af2,free,-669.2116118751769,-666.2801372737408,2.9314746014360935,-69.63919624362504,-62.76364683594159,6.875549407683444,,339;371,483;485,369;372;390;406;518,493,444;455;482;486;489;492,,374;430;434;435,493,444;445;455;482;483;486,446,449;470;485;494
