pdb,antibody,method,constrained,wt_total,om_total,d_total,wt_interface,om_interface,d_interface,tot_stab_mut_close,tot_stab_mut_distal,tot_stab_other_close,tot_stab_other_distal,tot_destab_mut_close,tot_destab_other_close,tot_destab_mut_distal,tot_destab_other_distal,int_destab_mut,int_destab_other,int_stab_mut,int_stab_other
7N8H,3,af2,cons,-829.4438591800842,-817.4605486626516,11.983310517432642,-33.99754838398972,-32.68891637766894,1.308632006320778,,,21;78;79,20;41;75;76;97;138;153;228;229;253,19;24;25;26,270,,140;141;160;197;242;244;245;248;249;257;258;259,,,,
7N8H,3,af2,free,-908.5707418301655,-887.8153364415457,20.755405388619806,-31.4279114569607,-38.133920329082514,-6.706008872121814,,142,21,20;38;41;95;144;145;154;180;222;228;246;291,24;25;26,266;269,19,55;71;120;140;146;156;170;179;181;183;214;221;245;249;259;262,,,,23;28
