pdb,antibody,method,constrained,wt_total,om_total,d_total,wt_interface,om_interface,d_interface,tot_stab_mut_close,tot_stab_mut_distal,tot_stab_other_close,tot_stab_other_distal,tot_destab_mut_close,tot_destab_other_close,tot_destab_mut_distal,tot_destab_other_distal,int_destab_mut,int_destab_other,int_stab_mut,int_stab_other
6ZDG,2,rpk,cons,-453.3692739670736,-448.7636560532611,4.605617913812466,-44.32350906998906,-44.26633425739026,0.0571748125987952,,339;446;496,,,,372,373;484,455,,,,
6ZDG,2,rpk,free,-509.68486423758344,-513.8136820891615,-4.128817851578049,-45.369953448545274,-45.40114300043975,-0.03118955189447803,,339;446;496,,405,,368,371,,375,,,
6ZDG,2,af2,cons,-609.6781237988203,-616.620992217286,-6.942868418465764,-38.319228905320436,-47.97040377035473,-9.651174865034292,,339;371,367;372;377;518,387;393;406;451;483;485,375,369;374;517,446;496;501,420;434;435;455;494,,,,372;377;386
6ZDG,2,af2,free,-657.7070546389511,-674.6622750070007,-16.955220368049595,-46.63362369444068,-57.99742866578684,-11.363804971346163,,339;484,372;377;382;429,367;393;406;432;451;483;527,,374;391;414;528,446,332;356;434;435;455;519,,384,,372;377;380;382;386;427;429
