pdb,antibody,method,constrained,wt_total,om_total,d_total,wt_interface,om_interface,d_interface,tot_stab_mut_close,tot_stab_mut_distal,tot_stab_other_close,tot_stab_other_distal,tot_destab_mut_close,tot_destab_other_close,tot_destab_mut_distal,tot_destab_other_distal,int_destab_mut,int_destab_other,int_stab_mut,int_stab_other
6ZXN,1,rpk,cons,-492.54494265792835,-472.4511150380872,20.093827619841136,-38.48094667819977,-37.996709024819296,0.4842376533804753,,339;408,,,452,,371;373;375;405;417;501,,452,,484,
6ZXN,1,rpk,free,-559.9821320278303,-533.0890422022803,26.893089825549964,-51.55313932675947,-52.22821254986036,-0.6750732231008882,,339;408,495;496,332;374;434,452,489,371;373;375;405,365;372,452;486,489,484,351
6ZXN,1,af2,cons,-617.5232821422709,-515.2473590608167,102.27592308145415,-40.759234349105064,-17.32855050433176,23.430683844773306,,339,481;485;502,508,452;501,351;446;448;449;451;455;456;487;488;489;490;491;492;493;494;495;497;499,405;477,365;424;442;454;457;467;469;474;475;479;506,452;484,447;449;470;482;483;490;493;499,498;501,445;495
6ZXN,1,af2,free,-670.8283466507859,-613.9963276777053,56.83201897308061,-60.8435301679412,-47.198480933619855,13.645049234321348,,,351;485;499,320;366;367;372;374;390;399;418;466;500;502,452;501,353;446;448;449;451;455;456;470;483;488;490;491;492;494;495;497,405,377;386;391;442;454;469;473;474;479;506,452;484,447;449;470;472;483;490;492,486;501,445;487;493;494;495;497
