pdb,antibody,method,constrained,wt_total,om_total,d_total,wt_interface,om_interface,d_interface,tot_stab_mut_close,tot_stab_mut_distal,tot_stab_other_close,tot_stab_other_distal,tot_destab_mut_close,tot_destab_other_close,tot_destab_mut_distal,tot_destab_other_distal,int_destab_mut,int_destab_other,int_stab_mut,int_stab_other
7JX3,1,rpk,cons,-543.6337600921358,-509.33331898511295,34.30044110702289,-48.81278957803529,-36.83746681946562,11.975322758569675,,339,,,446;484;496;501;505,447;494;495,371;375,372,496;501;505,,,
7JX3,1,rpk,free,-577.6710866073977,-549.578512762233,28.09257384516468,-54.48761958649744,-37.9315519990019,16.55606758749554,,339,,,446;484;498;501,447;502,375,372;434,496;501;505,449,,
7JX3,1,af2,cons,-611.054305722503,-602.4643241399237,8.589981582579298,-41.15960022774342,-27.3295250460688,13.83007518167462,,339;371,483;485,367;369;372;518,501,445;494,375,365;368;374;420;434;435;528,498;505,445;495,496,
7JX3,1,af2,free,-650.9534737005549,-659.8453799343904,-8.89190623383547,-53.33939054457515,-50.62581215610403,2.71357838847112,,339;371,483;485,369;372;393;425;516;518;527,,449;497,,332;342;374;435;528,498;505,445;495,496;501,403;475
