pdb,antibody,method,constrained,wt_total,om_total,d_total,wt_interface,om_interface,d_interface,tot_stab_mut_close,tot_stab_mut_distal,tot_stab_other_close,tot_stab_other_distal,tot_destab_mut_close,tot_destab_other_close,tot_destab_mut_distal,tot_destab_other_distal,int_destab_mut,int_destab_other,int_stab_mut,int_stab_other
7LS9,2,rpk,cons,-529.8777340366933,-523.4361739954179,6.441560041275352,-42.78612445941064,-39.3062917583256,3.479832701085037,,339;373;417;505,,,446;484;498;501,447,375,,446;498,,,
7LS9,2,rpk,free,-590.3373980516361,-579.2934598691292,11.043938182506963,-46.117264423655385,-44.28996900026741,1.827295423387973,,373,,365;367;387;406;434,446;484;498;501,447,375,338;368,498,,,
7LS9,2,af2,cons,-616.5910795192312,-610.6091151456071,5.981964373624123,-29.40746628948215,-24.89406303350399,4.513403255978162,,339;371,483;485,367;369;372;406;518,446;501,444;494,375,365;368;374;420;434;435;455;528,,,,
7LS9,2,af2,free,-660.8257364405699,-653.5382475513982,7.287488889171755,-39.64597423934662,-35.29865905771899,4.3473151816276285,,339;371,483,367;369;372;390;393;406;518,446,445;494,,332;356;365;374;389;391;528,484,445;450;483,,449;470;490
