pdb,antibody,method,constrained,wt_total,om_total,d_total,wt_interface,om_interface,d_interface,tot_stab_mut_close,tot_stab_mut_distal,tot_stab_other_close,tot_stab_other_distal,tot_destab_mut_close,tot_destab_other_close,tot_destab_mut_distal,tot_destab_other_distal,int_destab_mut,int_destab_other,int_stab_mut,int_stab_other
7CZW,2,rpk,cons,-456.575855998522,-440.7532983379241,15.822557660597909,-29.541383162001942,-29.87889319439793,-0.3375100323959863,,339,,,484,,371;373;375;405,372,,,452,
7CZW,2,rpk,free,-533.3359560632714,-529.0030548989541,4.3329011643172635,-44.13492573678357,-29.89858795228177,14.236337784501803,,339,449,,405;484,495,371;375,361,417;484;505,485;486;490,498;501,
7CZW,2,af2,cons,-612.0743650649217,-523.2922171181333,88.78214794678843,-34.750003502277266,-23.49871741571884,11.251286086558427,,339,483;490;496;500;502,481;518,484;493;501,446;449;453;455;456;473;475;487;489;492;494;495;497,371;373;405,351;365;372;451;454;457;459;461;467;469;471;474;479;480;491;506;520;522;538;541,484;493;505,449;453;483;489;490,501,487;495
7CZW,2,af2,free,-656.9088040376188,-607.4445305532792,49.46427348433963,-40.84555059235899,-40.82215527238979,0.02339531996919675,,339,486;490;499;502,320;338;367;390;421;423;443;518;527,405;452;484;493;505,447;448;449;451;455;488;489;492;495;497,371;375,365;377;391;433;442;446;454;467;491;506;519;520;528,484;493;505,449;483;489;490;492,498;501,486;487;494;495;499
