pdb,antibody,method,constrained,wt_total,om_total,d_total,wt_interface,om_interface,d_interface,tot_stab_mut_close,tot_stab_mut_distal,tot_stab_other_close,tot_stab_other_distal,tot_destab_mut_close,tot_destab_other_close,tot_destab_mut_distal,tot_destab_other_distal,int_destab_mut,int_destab_other,int_stab_mut,int_stab_other
6ZLR,1,rpk,cons,-512.5154857665711,-502.28792613620647,10.22755963036468,-60.83920305298246,-61.17074910804344,-0.3315460550609757,,339;446;505,,,371;373;375,372,501,,,,,
6ZLR,1,rpk,free,-540.982684362019,-536.5523236152102,4.4303607468087876,-73.7237169166921,-71.72178284279897,2.001934073893125,,339;446,,363;492,371;373;375,368,,365;452;489,,369,,372
6ZLR,1,af2,cons,-589.4285270753967,-613.1405353029324,-23.71200822753576,-65.3824259448727,-70.23748260206686,-4.855056657194169,,339,372;377;517;518,367;393;406;483;485,375,374;528,501,365;435;452;499,,428;519,,369;372;430
6ZLR,1,af2,free,-658.5190502938967,-658.8715821441741,-0.3525318502773871,-57.00964426663632,-83.44920605596859,-26.439561789332267,,339;484,321;369;372;381;386;390;393;516;517;518,340;406;421;425;483;527,375,368;370;374;519;528,446;496;501,365;448;455;497,375,370;383;408;428;519,373,321;325;369;372;377;380;381;385;386;390;392;430
