pdb,antibody,method,constrained,wt_total,om_total,d_total,wt_interface,om_interface,d_interface,tot_stab_mut_close,tot_stab_mut_distal,tot_stab_other_close,tot_stab_other_distal,tot_destab_mut_close,tot_destab_other_close,tot_destab_mut_distal,tot_destab_other_distal,int_destab_mut,int_destab_other,int_stab_mut,int_stab_other
7M3I,2,rpk,cons,-522.7797498292036,-512.9739276561163,9.805822173087336,-43.30704090440424,-42.79714714992981,0.509893754474426,,339;505,,,375;376;405,,498;501,,,,,
7M3I,2,rpk,free,-564.6119201921535,-557.8924241507053,6.719496041448224,-47.96475388153468,-45.9992007033103,1.9655531782243827,,339;505,434,,375;405,,498;501,499,,370,,
7M3I,2,af2,cons,-617.5881680276989,-543.9196494464242,73.66851858127472,-37.70754770450365,-34.30412561807378,3.403422086429863,,339,502,347;481;483;485;490;500,405,369;503;506,477,365;389;442;446;448;449;451;453;454;456;457;465;467;469;474;475;479;480;487;491;492;493;494;495;497,,369;503;508,,377;386
7M3I,2,af2,free,-663.4686703204071,-632.0520766968523,31.41659362355483,-51.30711127304882,-51.85612714271599,-0.5490158696671728,,478,378;407;502,367;390;421;436;443;472;483;485;490;500,405,434;503;506,486,326;358;391;442;445;446;448;451;453;457;467;473;480;487;491;492;495;497,,370;372;503,,378;386;506;508
