pdb,antibody,method,constrained,wt_total,om_total,d_total,wt_interface,om_interface,d_interface,tot_stab_mut_close,tot_stab_mut_distal,tot_stab_other_close,tot_stab_other_distal,tot_destab_mut_close,tot_destab_other_close,tot_destab_mut_distal,tot_destab_other_distal,int_destab_mut,int_destab_other,int_stab_mut,int_stab_other
7CYP,1,rpk,cons,-351.83271948346703,-342.9044613689174,8.928258114549635,-31.689501069961754,-24.08797489373744,7.601526176224315,,339;417,437,418;422;453,375;498;501,494,371;373,350;372;423,,445;506,440;501,
7CYP,1,rpk,free,-488.65595131853695,-482.60212265597113,6.05382866256582,-46.08212505015637,-39.18161770594795,6.900507344208421,,339,445;497,350;351;355;402;451;492,375;501,447;449;499,371;484,337;348;353;354;399;418;422;434;490,446;498;501;505,500;506,440,502;503
7CYP,1,af2,cons,-600.5473036958265,-596.216472665852,4.3308310299744335,-20.86068383983874,-18.57576026569554,2.2849235741431997,,339;371,,367;369;372;406;483;485;518,375;446;498;501,494,,365;368;374;420;434;435;455;489,498;505,444;500,,499;506
7CYP,1,af2,free,-654.7678241354679,-649.3954421908281,5.372381944639756,-31.308289315332896,-34.72002022683182,-3.4117309114989247,,339;484,,360;367;369;372;390;393;406;425;483;518;528,498,499,,332;356;365;368;374;391;392;448;455;526,,500,501,494;502
