pdb,antibody,method,constrained,wt_total,om_total,d_total,wt_interface,om_interface,d_interface,tot_stab_mut_close,tot_stab_mut_distal,tot_stab_other_close,tot_stab_other_distal,tot_destab_mut_close,tot_destab_other_close,tot_destab_mut_distal,tot_destab_other_distal,int_destab_mut,int_destab_other,int_stab_mut,int_stab_other
7CH4,1,rpk,cons,-502.7869059966897,-472.4546830516785,30.33222294501121,-48.51822776267697,-40.01978213009086,8.498445632586112,,339,,,446;493;498;501,490,371;373;375,499,417;493;498;505,,,
7CH4,1,rpk,free,-536.5469058941479,-526.4495009641998,10.097404929948084,-70.26336063651439,-49.943999701488956,20.319360935025436,,339,488,369;522,417;446;498,447;475;489,371;375,370,417;493;496;498;505,455;486;489;490,501,
7CH4,1,af2,cons,-610.1657421264238,-611.6673104141329,-1.5015682877091194,-38.296297905274685,-36.97255884536008,1.323739059914601,,339;371;484,,367;369;372;406;472;483;485;518,498;501,,375;446,365;368;374;434;435;452;528,493;505,,,
7CH4,1,af2,free,-659.6121372570267,-658.1193054687382,1.4928317882885267,-59.851420401225354,-55.29371862228369,4.557701778941663,,339;484,406,356;372;389;390;483;485;518;527,417;446;496;498;501,473;486;489;495;497,,365;374;471;519;528,417;493;498;505,415;486,477;501,408;420;456;457;489
