pdb,antibody,method,constrained,wt_total,om_total,d_total,wt_interface,om_interface,d_interface,tot_stab_mut_close,tot_stab_mut_distal,tot_stab_other_close,tot_stab_other_distal,tot_destab_mut_close,tot_destab_other_close,tot_destab_mut_distal,tot_destab_other_distal,int_destab_mut,int_destab_other,int_stab_mut,int_stab_other
7N4J,1,rpk,cons,-560.4584895792356,-548.7355207569899,11.722968822245662,-57.57986494354986,-54.04714617221146,3.532718771338395,,339,,,405;452;484;501,455,371,367,484;493;505,,501,494
7N4J,1,rpk,free,-581.3329940843009,-576.2381159205556,5.094878163745307,-63.5579654665952,-50.88986299617115,12.668102470424046,,339,,372;437,405;484;501,455;472;490,375,354;366,493;505,403;449,501,
7N4J,1,af2,cons,-606.3080294076033,-505.8575146978298,100.45051470977347,-40.88729333975132,-31.778312550119676,9.10898078963164,,339,481;482;483;485;490;500;502,518,452;493;501;505,351;403;446;447;448;449;453;455;456;475;486;487;489;492;494;495;497,371;373;405,346;365;372;451;454;457;461;467;469;471;473;479;491;506;520;522;541,452;493;505,444;449;483;490;494,484;498;501,486;495;499;503
7N4J,1,af2,free,-659.1041608834377,-617.5091068777858,41.59505400565183,-57.93399112129942,-40.97063701817802,16.963354103121404,,339;478,490;499;500;502,320;354;367;369;390;407;423;436;466;518;528,452;493;501,444;446;449;451;455;456;488;489;492;494;495;497,405,368;374;377;389;391;402;418;435;454;457;469;480;491;506;517;519;520,452;484;493;505,444;449;483;489;490;492,501,445;486;487;495;499;502;503
