pdb,antibody,method,constrained,wt_total,om_total,d_total,wt_interface,om_interface,d_interface,tot_stab_mut_close,tot_stab_mut_distal,tot_stab_other_close,tot_stab_other_distal,tot_destab_mut_close,tot_destab_other_close,tot_destab_mut_distal,tot_destab_other_distal,int_destab_mut,int_destab_other,int_stab_mut,int_stab_other
7SO9,3,af2,cons,-824.1304259588018,-810.4164093145268,13.71401664427492,-33.534830167865074,-39.04362458510795,-5.508794417242875,,,85;108;237;269;272,41;97;153;215;228;229;248,19;24;25;26,80,,18;140;156;182;244;249;250;251;256;257;258;259,25,,,23;270
7SO9,3,af2,free,-901.9137458040852,-885.2189802300311,16.694765574054145,-42.704479340655126,-43.449370621778016,-0.7448912811228894,,142,84,41;69;97;180;222;228;246;248;252,19;25;26,28;80,,17;29;55;70;78;98;157;170;181;191;216;221;245;249;250;259,,28,,23
