pdb,antibody,method,constrained,wt_total,om_total,d_total,wt_interface,om_interface,d_interface,tot_stab_mut_close,tot_stab_mut_distal,tot_stab_other_close,tot_stab_other_distal,tot_destab_mut_close,tot_destab_other_close,tot_destab_mut_distal,tot_destab_other_distal,int_destab_mut,int_destab_other,int_stab_mut,int_stab_other
7KN3,2,rpk,cons,-565.8637902568746,-552.8804124624091,12.983377794465468,-42.41491941626961,-38.58670245196224,3.828216964307373,,339,,,501,446,371;373;375;405,372,484,,505,
7KN3,2,rpk,free,-588.2032143374313,-579.3312940514237,8.871920286007594,-46.67126987352714,-41.85901432653961,4.812255546987529,,339,,434,,446,371;375;405,372;450,484,,505,489
7KN3,2,af2,cons,-609.160137959376,-514.2939991052287,94.86613885414727,-37.30240295642091,-22.085598708301873,15.21680424811904,,339,481;483;485;490;496;500;502,518,405;452;477;493;501;505,446;449;453;456;473;475;479;487;489;492;494;495;497;499,371;373,351;365;372;448;451;454;457;467;469;471;491;506;520;522;541,493,449;482;483;486;489;490,,495;503
7KN3,2,af2,free,-655.1206578080296,-618.6636042693605,36.45705353866913,-47.20005369006955,-46.46783836385344,0.7322153262161137,,339,474;485;490;499;502,320;354;358;367;369;390;407;423;436;443;466;500;518;528,452;493;501,403;446;447;449;456;489;492;495;497,405,368;374;377;391;418;420;430;435;442;451;454;457;469;480;491;506;519;520;526,417,449;475;482;483,477;478;484;498,456;476;487;495
