pdb,antibody,method,constrained,wt_total,om_total,d_total,wt_interface,om_interface,d_interface,tot_stab_mut_close,tot_stab_mut_distal,tot_stab_other_close,tot_stab_other_distal,tot_destab_mut_close,tot_destab_other_close,tot_destab_mut_distal,tot_destab_other_distal,int_destab_mut,int_destab_other,int_stab_mut,int_stab_other
7MZI,1,rpk,cons,-574.069992864623,-549.6755123640582,24.394480500564782,-64.5171583035211,-54.79357482303866,9.72358348048244,,339,,,477;484;486,455,371;373;375,372,486;505,,477,
7MZI,1,rpk,free,-594.499570898357,-579.8836667961971,14.615904102159902,-65.73262381229867,-60.63933294553556,5.0932908667631125,,339;408,487,,405;477;484;486,,371;373;376,372,417;486,458,477,
7MZI,1,af2,cons,-617.3807802045512,-517.6417566683172,99.73902353623407,-56.30983104464046,-16.77904271276841,39.53078833187205,,339,483;485;502,443;500,405;477;478;486;501;505,456;457;474;475;476;479;488;491;492;493;494;495;497,,365;442;445;446;448;449;451;454;469;480;506;538,417;477;486;505,456;457;458;476;489;493,405;498,
7MZI,1,af2,free,-666.6832415777928,-615.94647020135,50.73677137644279,-76.80942068076585,-14.785928958597028,62.02349172216883,,339,421;483;485;490;502,320;338;367;369;372;390;407;436;443;472;499;500;527,405;417;484;486,420;453;455;456;457;475;479;480;487;491;492,501,326;351;356;391;442;445;446;447;448;451;454;465;495;497;506;525;528,417;484;486;505,420;453;455;456;473;475;485;487;489;493,477;478,474
