pdb,antibody,method,constrained,wt_total,om_total,d_total,wt_interface,om_interface,d_interface,tot_stab_mut_close,tot_stab_mut_distal,tot_stab_other_close,tot_stab_other_distal,tot_destab_mut_close,tot_destab_other_close,tot_destab_mut_distal,tot_destab_other_distal,int_destab_mut,int_destab_other,int_stab_mut,int_stab_other
7E5R,2,af2,cons,-824.2967904257162,-794.9166332726736,29.380157153042546,-5.471387053110362,-8.52976915206894,-3.058382098958578,,67;95,,18;19;21;22;75;76;77;97;111;124;138;213;nan;215;216;242;260;272,142;143,146;149;151;153;156;246;254;256,212,20;23;152;187;210;245;249;255;257,,146,,147
7E5R,2,af2,free,-879.3690274091291,-891.0980579250706,-11.729030515941531,-6.9830316243774435,-23.573263050738298,-16.590231426360855,,67;95,147;148;155;248;251;252,18;19;76;77;94;96;97;101;102;111;114;121;154;156;170;177;182;186;200;213;nan;215;216;222;229;301,142;143;144,146;153;249;255,70;212,17;20;21;29;80;84;85;134;135;141;152;203;221;245;262;266,,146,,149;150;251;252;253;254;257
