pdb,antibody,method,constrained,wt_total,om_total,d_total,wt_interface,om_interface,d_interface,tot_stab_mut_close,tot_stab_mut_distal,tot_stab_other_close,tot_stab_other_distal,tot_destab_mut_close,tot_destab_other_close,tot_destab_mut_distal,tot_destab_other_distal,int_destab_mut,int_destab_other,int_stab_mut,int_stab_other
7OAY,4,rpk,cons,-568.9542623356778,-547.85725859126,21.097003744417748,-50.154933056421356,-50.347310680465995,-0.19237762404463865,,339,374,,373;375,372,446;501,447,,,,
7OAY,4,rpk,free,-586.697706826986,-571.6652529685484,15.03245385843752,-54.44838774779633,-53.97501949123079,0.4733682565655428,,339,374,,373;375,372,446,447,,372,,
7OAY,4,af2,cons,-617.2423726738145,-616.42716426932,0.8152084044945695,-29.29888795092375,-39.53690382228662,-10.238015871362869,,339,369;372,367;406;483;485;518,375,365;368;377;434,501,420;435;489;528,,377;383,373,369;372;384;408
7OAY,4,af2,free,-662.6260513412914,-666.3969203892675,-3.7708690479761344,-37.09132707184376,-49.776409105081804,-12.685082033238047,,339,372,367;390;406;483;518;527,,365;368;374,446,435;494;528,,370;374;414,373,369;372;377;384;385;408
