pdb,antibody,method,constrained,wt_total,om_total,d_total,wt_interface,om_interface,d_interface,tot_stab_mut_close,tot_stab_mut_distal,tot_stab_other_close,tot_stab_other_distal,tot_destab_mut_close,tot_destab_other_close,tot_destab_mut_distal,tot_destab_other_distal,int_destab_mut,int_destab_other,int_stab_mut,int_stab_other
7EAM,2,rpk,cons,-538.2097702314686,-519.7722762366427,18.4374939948259,-42.077664297353735,-42.1905850035298,-0.11292070617606242,,339;408,,,,,371;373,372,,,,
7EAM,2,rpk,free,-560.2484350400234,-555.0740198731042,5.174415166919175,-43.25091463206522,-43.31894142519159,-0.06802679312637139,,339,,372,,,371;405;484,369,,,,
7EAM,2,af2,cons,-613.4457449069222,-517.7723791104403,95.6733657964819,-36.79691876325205,-34.724070918022676,2.0728478452293757,,339,518,483;490;496;500;502,,351;394;468;469;471;491;492;497;519;520,371;373;405;493;501,365;372;446;448;449;451;454;455;456;457;459;461;473;474;475;479;487;488;494;495;506;522;541,,346;468;471,,466;518;519
7EAM,2,af2,free,-657.002143465223,-618.1803736337624,38.82176983146053,-46.61352240496666,-46.85363911473407,-0.24011670976741328,,339;478,518,338;366;367;368;390;436;443;458;473;474;483;490;496;500;502,,351;459;492;519;520,371;405;501,365;391;403;420;442;445;446;447;448;451;453;454;480;487;488;491;495;497;506;526,,346;351;469;471;520,,462;492;518
