pdb,antibody,method,constrained,wt_total,om_total,d_total,wt_interface,om_interface,d_interface,tot_stab_mut_close,tot_stab_mut_distal,tot_stab_other_close,tot_stab_other_distal,tot_destab_mut_close,tot_destab_other_close,tot_destab_mut_distal,tot_destab_other_distal,int_destab_mut,int_destab_other,int_stab_mut,int_stab_other
7EH5,4,rpk,cons,-360.21146584097073,-348.0482262204239,12.163239620546847,-19.93059980993496,-20.747956012089706,-0.8173562021547447,,339;496,,,477,,371;373;375;501,372;434,477,,,
7EH5,4,rpk,free,-486.0921325668304,-481.71360571655265,4.378526850277751,-37.775891184441505,-31.628187938273577,6.147703246167929,,339,479,338;374;451;455,478,485;486,371;373;375;484;501,341;388;389;447;490,478,486,,
7EH5,4,af2,cons,-608.3794239203655,-611.0190181442094,-2.6395942238439147,-12.306760142746247,-15.686253388442593,-3.379493245696345,,339;371,485,367;369;372;406;451;483;518,477,455,375;446;496;501,365;368;374;389;420;434;435;499,,,,474
7EH5,4,af2,free,-653.5600016859848,-661.8976420361952,-8.337640350210336,-26.39261776047364,-26.192869723912978,0.19974803656066342,,339;371,483;485;487,369;372;406;418;451;472;518,478,455,446;501,374;435;447;526,478,475,477,487;489
