pdb,antibody,method,constrained,wt_total,om_total,d_total,wt_interface,om_interface,d_interface,tot_stab_mut_close,tot_stab_mut_distal,tot_stab_other_close,tot_stab_other_distal,tot_destab_mut_close,tot_destab_other_close,tot_destab_mut_distal,tot_destab_other_distal,int_destab_mut,int_destab_other,int_stab_mut,int_stab_other
7L2F,1,af2,cons,-825.1859115659774,-813.2838739143745,11.902037651602996,-11.99555480270985,-15.670318915925389,-3.674764113215538,,,20;144;153,18;21;22;41;75;76;78;79;111;228;229,19,140;141;156;244;246;249;250;252;257,24;25,160;191;253;258;259;270,,249,,248;251;254
7L2F,1,af2,free,-885.005891814259,-881.6910730436105,3.3148187706485714,-35.71446888328798,-36.628358756681294,-0.9138898733933161,,,147;154;242,41;75;76;106;139;184;222;228,,140;145;156;245;249,19;25,23;183;201;221;258,,145;146;147;153;155;246;248,,15;156;249;250;251;254
