pdb,antibody,method,constrained,wt_total,om_total,d_total,wt_interface,om_interface,d_interface,tot_stab_mut_close,tot_stab_mut_distal,tot_stab_other_close,tot_stab_other_distal,tot_destab_mut_close,tot_destab_other_close,tot_destab_mut_distal,tot_destab_other_distal,int_destab_mut,int_destab_other,int_stab_mut,int_stab_other
7KMH,1,rpk,cons,-566.7776862184112,-540.1217516940037,26.655934524407485,-52.383463432235615,-42.92691405839044,9.456549373845178,,339,,,501;505,,371;373;375;446,372;447,417;505,,,
7KMH,1,rpk,free,-587.3115255114469,-573.6418419148731,13.669683596573805,-55.880860458157365,-49.3588796425539,6.521980815603463,,339,,,498;501;505,447,371;373;375;446,372;434;499,417;505,,,
7KMH,1,af2,cons,-617.9087623351295,-622.3904770452095,-4.481714710080041,-43.80220126133096,-41.67977227495277,2.122428986378189,,339;371;484,,367;369;372;472;483;485;518,496;501,494,375;446,365;368;374;434;435;452;528,505,,,486
7KMH,1,af2,free,-665.1922107690536,-668.1667782315487,-2.974567462495088,-56.3674475499093,-51.33228533705505,5.035162212854253,,339;371,403,369;372;393;406;480;483;518;527,,,446,374;435;448;497;519;528,417;501,455,,403;460
