pdb,antibody,method,constrained,wt_total,om_total,d_total,wt_interface,om_interface,d_interface,tot_stab_mut_close,tot_stab_mut_distal,tot_stab_other_close,tot_stab_other_distal,tot_destab_mut_close,tot_destab_other_close,tot_destab_mut_distal,tot_destab_other_distal,int_destab_mut,int_destab_other,int_stab_mut,int_stab_other
7E88,1,rpk,cons,-442.27610442287175,-420.55332019733265,21.7227842255391,-49.88730338374771,-47.929145241927095,1.9581581418206113,,339,,,501,,371;373;484,,505,,,
7E88,1,rpk,free,-480.31815069096683,-482.3416659955198,-2.023515304552973,-59.95589918248271,-54.00143210235017,5.954467080132538,,339,,364;366;434;436,405;417,,371;375,,417;505,,501,502
7E88,1,af2,cons,-616.573279513845,-467.08362787509645,149.48965163874857,-40.91945768780199,-5.976873950530694,34.94258373727129,,339,500;502,483;490;518,405;477;478;493;501;505,453;455;456;459;473;474;475;476;479;480;487;488;494;495;506,371;373,346;351;365;372;446;449;451;454;465;469;491;492;497;520;522;541,477;478;505,456;474;475;476;480,498,403;457;472;503
7E88,1,af2,free,-659.5314753338777,-615.451048063168,44.08042727070972,-58.55663868357676,-28.5783976791689,29.978241004407856,,339,419;458;500;502,320;367;390;407;436;437;443;482;490;518,405;417;493;501,403;446;447;453;455;456;475;486;494;495;506,,351;374;377;391;425;430;442;445;448;451;479;480;491;492;497;519;520,417;477;478;505,403;421;455;460;475;476;489,,415;458;487;503
