pdb,antibody,method,constrained,wt_total,om_total,d_total,wt_interface,om_interface,d_interface,tot_stab_mut_close,tot_stab_mut_distal,tot_stab_other_close,tot_stab_other_distal,tot_destab_mut_close,tot_destab_other_close,tot_destab_mut_distal,tot_destab_other_distal,int_destab_mut,int_destab_other,int_stab_mut,int_stab_other
7JV4,3,rpk,cons,-499.54135891173746,-471.9841749887525,27.55718392298496,-41.365607475514736,-36.152331568614045,5.213275906900691,,339,,,484;501,,371;373;375;405,372,484,,498,
7JV4,3,rpk,free,-520.9023421808681,-497.7564710402746,23.1458711405935,-42.829590596644316,-41.2401160137598,1.5894745828845132,,339,482,351;367,452;484;501,,371;373;375;405,372;380;454,484,,498,482
7JV4,3,af2,cons,-602.6139355452008,-531.0443057757748,71.569629769426,-18.403859018938103,-16.427925059438493,1.97593395949961,,339,483;485;500;502,,452,448;449;472;479;480;487;488;491;494;495;497,405;477,365;442;451;454;456;457;461;465;468;469;474;475;492;506,,449;481;483;490,501,446;495
7JV4,3,af2,free,-654.8701945528778,-625.2442372582098,29.62595729466807,-33.77049396050475,-25.437423876318135,8.333070084186616,,339,483;485;490;499;500;502,320;338;367;369;390;421;436;443;473,,445;446;447;448;449;479;487;488;495;497,405,357;368;391;394;402;403;442;451;453;456;465;469;474;491;492;506,484,445;446;449;481,501,495;503
