pdb,antibody,method,constrained,wt_total,om_total,d_total,wt_interface,om_interface,d_interface,tot_stab_mut_close,tot_stab_mut_distal,tot_stab_other_close,tot_stab_other_distal,tot_destab_mut_close,tot_destab_other_close,tot_destab_mut_distal,tot_destab_other_distal,int_destab_mut,int_destab_other,int_stab_mut,int_stab_other
7CZY,1,rpk,cons,-443.634117887923,-426.0942762625224,17.53984162540064,-25.758443001871512,-26.034220644441664,-0.27577764257015147,,339,,,477;484,,371;373;375;446,369;372,,,,
7CZY,1,rpk,free,-517.7011964544834,-505.0039634045619,12.697233049921465,-35.692696645254124,-43.0393294055832,-7.346632760329079,,339,,492,446;484,489,371;375,356;370;452;490,505,,477;498,487
7CZY,1,af2,cons,-607.8177764508299,-611.2806064749951,-3.462830024165214,-22.83252393982015,-25.878721406470834,-3.0461974666506855,,339;371,483;485;487,367;369;372;481;518,477;501,489;494,375;446,365;368;374;434;435;499;528,484,,493,
7CZY,1,af2,free,-660.8348175693636,-661.0696565461683,-0.23483897680466725,-61.510022015607824,-39.32372551148929,22.18629650411853,,339;371,483;485,369;372;389;393;406;451;516;518;527,446;501,,,374;435;452;528,477;484;493,475;476;483;486;487,,
