pdb,antibody,method,constrained,wt_total,om_total,d_total,wt_interface,om_interface,d_interface,tot_stab_mut_close,tot_stab_mut_distal,tot_stab_other_close,tot_stab_other_distal,tot_destab_mut_close,tot_destab_other_close,tot_destab_mut_distal,tot_destab_other_distal,int_destab_mut,int_destab_other,int_stab_mut,int_stab_other
7BEL,4,rpk,cons,-524.8495028809749,-505.76395849969356,19.085544381281352,-48.62530956402436,-37.03962494305881,11.585684620965552,,339,,,405;484,,371;373;375,372,408;417;486;501;505,,,
7BEL,4,rpk,free,-544.082819006783,-537.7315256742663,6.351293332516661,-51.686683391665305,-37.80401779936475,13.882665592300555,,339,403,,405,490,371;375,342;365;369;434;499,405;408;417;486;505,493,,403;489
7BEL,4,af2,cons,-619.6027199822446,-539.0384552896862,80.56426469255837,-39.795039592164244,-27.134867325838297,12.660172266325947,,339,483;485;490;502,347;481,405;417;501;505,453;456;457;474;475;480;487;488;489;492;493;494;495;497;506,452,365;442;445;446;448;451;467;469;479;491;538,417;486;505,456;488;489;502,478;498,495
7BEL,4,af2,free,-664.7108535136183,-615.4748915008051,49.23596201281316,-52.90308337172368,-42.05469700164987,10.848386370073811,,,473;490;500,356;369;372;390;407;443;481,405;417;501,453;457;487;488;489;492;493;495;497,,346;365;386;391;392;420;442;445;446;448;449;451;465;471;479;491;506,405;417;484;486;505,415;483;489;502,477;478;498,403;475;476;495
