pdb,antibody,method,constrained,wt_total,om_total,d_total,wt_interface,om_interface,d_interface,tot_stab_mut_close,tot_stab_mut_distal,tot_stab_other_close,tot_stab_other_distal,tot_destab_mut_close,tot_destab_other_close,tot_destab_mut_distal,tot_destab_other_distal,int_destab_mut,int_destab_other,int_stab_mut,int_stab_other
7CYH,1,rpk,cons,-395.4579634521956,-383.53078534136284,11.927178110832756,-28.903970031550465,-26.609691995378608,2.294278036171857,,339;408,,,375;498;501,,371;373,,498,,501,
7CYH,1,rpk,free,-487.22546816076385,-490.2640338496499,-3.038565688886024,-41.05967537765171,-32.04152343209428,9.018151945557427,,408,403,334;351;358;365;368;374;390;406;517;518,375;498,445;495;496,371,362;363;370;391;392;402;435;516;524,498;505,445;449;496,,494;503
7CYH,1,af2,cons,-601.2405952966656,-520.740339594354,80.5002557023115,-26.79485815130086,-6.503998322431279,20.290859828869582,,339,446;496;502,390;483;490;518,373;405;501,372;449;494;503;506,371;493,346;351;365;451;453;454;455;456;457;469;471;473;475;479;487;491;492;495;497;520;522;541,498;505,445;449;499;500;503,,444;446
7CYH,1,af2,free,-649.7406505672486,-615.9672427276745,33.77340783957413,-30.292047242851563,-29.19527832805332,1.0967689147982433,,339;478,443;502;503;504;508,338;354;356;367;390;421;458;474;483;490;518,405;501,445;446;447;449;494;495;506,371,342;365;374;391;420;424;433;448;451;453;454;467;480;491;492;497;517;519;520,498;501;505,445;449;494;499;500,,439;443;450;503;504;506
