pdb,antibody,method,constrained,wt_total,om_total,d_total,wt_interface,om_interface,d_interface,tot_stab_mut_close,tot_stab_mut_distal,tot_stab_other_close,tot_stab_other_distal,tot_destab_mut_close,tot_destab_other_close,tot_destab_mut_distal,tot_destab_other_distal,int_destab_mut,int_destab_other,int_stab_mut,int_stab_other
6W41,1,rpk,cons,-461.9229797078487,-446.25791983722434,15.665059870624361,-61.98473377453208,-59.61974889948469,2.3649848750473907,,339,,,371;375,372,373;452;501,,408,,,
6W41,1,rpk,free,-511.0504372555476,-501.3329272444105,9.717510011137108,-63.58045858279169,-61.9274898692109,1.6529687135807904,,339,368,,371;376,372,405;452;501,,,370,,
6W41,1,af2,cons,-600.3433482645077,-529.1080472781994,71.23530098630829,-51.51425161072112,-47.96185220592896,3.5523994047921548,,339,377,347;481;483;485;490;500;502,,,405;477;501,365;442;446;448;451;453;454;455;456;457;467;469;474;475;479;480;487;491;492;493;494;495;497;506,408,378;381;386,,369
6W41,1,af2,free,-649.5661211751333,-619.4885352534036,30.07758592172968,-70.85433123586793,-53.5335106219345,17.320820613933435,,339,321;369;372;386;407;518,367;483;490;500;502;522,,380;434,405;501,356;442;445;446;448;451;453;465;479;487;491;492;493;495;497;503;506,376,324;325;377;380;381;519,,369;383;386
