pdb,antibody,method,constrained,wt_total,om_total,d_total,wt_interface,om_interface,d_interface,tot_stab_mut_close,tot_stab_mut_distal,tot_stab_other_close,tot_stab_other_distal,tot_destab_mut_close,tot_destab_other_close,tot_destab_mut_distal,tot_destab_other_distal,int_destab_mut,int_destab_other,int_stab_mut,int_stab_other
7CJF,1,rpk,cons,-556.9512644699545,-527.1322201356652,29.819044334289288,-61.99981243967458,-48.41293262242728,13.5868798172473,,339;408,,,405;498;501,,371;373;375,372,417;486;505,,,
7CJF,1,rpk,free,-580.8419428435968,-569.1354402647203,11.706502578876552,-78.13818334744732,-57.04058244025568,21.09760090719164,,339,,,498,,371;375;376,372,417;486;505,420;449;487;489;495;496,,
7CJF,1,af2,cons,-613.291947551318,-515.3428351074502,97.94911244386776,-52.8157408881125,-29.12532775755689,23.690413130555612,,339,481;490;500;502,483;485,405;477;478,453;456;473;474;475;476;479;480;487;489;492;494;495;497;503;506,,365;442;446;448;451;467;469;491;538,417;505,455;475;476;489;493;502,,421;457;503
7CJF,1,af2,free,-665.5295010728616,-611.6523495214365,53.877151551425186,-74.35855470582183,-35.54020585001181,38.81834885581002,,339;484,485;490;499;500;503,338;358;367;369;390;407;436;443;450;472,405;501,418;445;446;448;449;453;454;456;460;475;476;479;491;492;495;497,,326;351;368;377;442;451;466;471;506,417;501;505,403;420;421;449;453;455;456;460;473;475;476;489;493;495;496;500;502,478;498,487;503
