pdb,antibody,method,constrained,wt_total,om_total,d_total,wt_interface,om_interface,d_interface,tot_stab_mut_close,tot_stab_mut_distal,tot_stab_other_close,tot_stab_other_distal,tot_destab_mut_close,tot_destab_other_close,tot_destab_mut_distal,tot_destab_other_distal,int_destab_mut,int_destab_other,int_stab_mut,int_stab_other
7LXY,1,rpk,cons,-615.3035886637049,-586.3866282162054,28.91696044749949,-44.24818188527029,-32.893645453615264,11.354536431655028,,339,,,446;496;501,,371;373;375,372;374,484;493,,,
7LXY,1,rpk,free,-630.7608366831296,-618.8888143757362,11.872022307393422,-46.63705548164066,-42.78636089703673,3.8506945846039287,,339,453,368;406;502;508,446;498,,373,372;374;506,484;493,,496,494
7LXY,1,af2,cons,-614.4199542966348,-617.5387630495973,-3.1188087529624227,-33.783376264866924,-31.455916506043845,2.3274597588230783,,339;371,483;485,367;369;372;406;481;518,496;501,,375,365;368;374;420;434;435;499;528,,483,,
7LXY,1,af2,free,-658.100333811746,-664.5753667024378,-6.47503289069175,-39.779988270809866,-40.20162086679663,-0.4216325959867646,,339;371,483;485;486;488,369;372;389;406;518;527,446,448;449;455,,374;435;526,484,483,496,485;486;494
