pdb,antibody,method,constrained,wt_total,om_total,d_total,wt_interface,om_interface,d_interface,tot_stab_mut_close,tot_stab_mut_distal,tot_stab_other_close,tot_stab_other_distal,tot_destab_mut_close,tot_destab_other_close,tot_destab_mut_distal,tot_destab_other_distal,int_destab_mut,int_destab_other,int_stab_mut,int_stab_other
7E3C,1,rpk,cons,-458.1449049605368,-446.13535569480837,12.009549265728424,-50.113738028073705,-39.01745096379303,11.096287064280673,,339;446,,,484;501;505,,371;373;375,,493;496;498;505,,,
7E3C,1,rpk,free,-506.7869276415408,-506.19983172948076,0.5870959120600219,-68.9425818416971,-59.524562910871985,9.41801893082512,,339;446,403;415;504,367,484;498;505,489;490;495;503,371;375,,417;498;505,406;409;489;503,501,415;453;504
7E3C,1,af2,cons,-611.372205527555,-611.3414801087666,0.030725418788392744,-44.30229279771159,-37.97876844121637,6.32352435649522,,339;371,,367;369;372;483;485;518,501,,375;446,365;368;434;435;528,493;505,,477,473
7E3C,1,af2,free,-663.884176103111,-662.8502310831763,1.0339450199347766,-79.17661256659989,-65.0672094682586,14.10940309834129,,339;371,421;453;483,369;450;451;481;518,417;501,449;502,,374;389;448;471,417;493;505,449;495;503,,421;453;457;458;504
