pdb,antibody,method,constrained,wt_total,om_total,d_total,wt_interface,om_interface,d_interface,tot_stab_mut_close,tot_stab_mut_distal,tot_stab_other_close,tot_stab_other_distal,tot_destab_mut_close,tot_destab_other_close,tot_destab_mut_distal,tot_destab_other_distal,int_destab_mut,int_destab_other,int_stab_mut,int_stab_other
7M6F,1,rpk,cons,-500.75861305266085,-487.4988347448301,13.259778307830743,-45.52598600448427,-42.12547039809049,3.4005156063937747,,339,403,374,493;501,,371;373;375;376,372,493;505,,501,
7M6F,1,rpk,free,-576.2715115903341,-553.7776867750672,22.493824815266862,-49.08553816133184,-47.707397671005594,1.3781404903262455,,339,,,405,473,371;373;375,370;372;436,405;408;505,489,501,420;475;500
7M6F,1,af2,cons,-577.9602136779035,-446.80113465851844,131.1590790193851,-21.02939127864052,-9.297770910401704,11.731620368238817,,339,485;486;496;499;502,437;483;490;518,375;405;477;478;493;498;501,420;446;449;450;453;456;457;473;474;475;476;479;487;495;497;506,371;373,346;351;365;372;442;451;467;468;469;471;491;492;520;522;541,493;505,449;475;476;489,477,473;486;494;502
7M6F,1,af2,free,-662.817146525924,-610.9441290733648,51.873017452559225,-56.82439712166416,-43.11122384498575,13.713173276678411,,339,407;458;474;483;486;490;499;500;502;508,356;367;389;390;423;436;443;518,405;493;501,420;446;447;448;455;456;457;460;487;488;489;494;495;497;506,,365;374;377;391;434;442;445;451;469;480;491;492;519;520,405;408;505,420;421;455;456;473;476;489;494,498,486;495;503
