pdb,antibody,method,constrained,wt_total,om_total,d_total,wt_interface,om_interface,d_interface,tot_stab_mut_close,tot_stab_mut_distal,tot_stab_other_close,tot_stab_other_distal,tot_destab_mut_close,tot_destab_other_close,tot_destab_mut_distal,tot_destab_other_distal,int_destab_mut,int_destab_other,int_stab_mut,int_stab_other
7OAN,2,rpk,cons,-551.2343352510823,-527.6464372340822,23.587898017000043,-33.66263973303501,-34.670217120587466,-1.007577387552459,,339;408,,,452;484;501,502,371;373;375;477,372;476,484;505,,493;498;501,
7OAN,2,rpk,free,-619.8941867750382,-610.242722131746,9.651464643292229,-51.67571691061318,-42.5020029143166,9.173713996296584,,339;408,489,366,452;484,488,371;373,369;372;434,484;498;505,446;449,,489
7OAN,2,af2,cons,-602.8120538464264,-519.9330603675666,82.8789934788598,-25.373027257610218,-28.162935305007167,-2.789908047396949,,339,483;486;490;496;500;502,481;518,405;452;493,446;449;453;455;456;487;489;492;494;495;497;506,371;373,346;351;365;372;406;451;454;457;459;461;467;469;471;473;474;475;479;491;520;522;541,452;493;505,449;489;490,498;501,483;486;488;495;503
7OAN,2,af2,free,-659.1437244223399,-622.7769570617209,36.366767360619065,-42.07275738067249,-51.48216825895364,-9.40941087828115,,339;478,490;500;502;503,320;338;351;367;390;399;466;467;473;518,452;493,445;446;453;455;492;494;497;506,371;375;405,365;377;391;420;451;454;457;469;480;491;519;520;526,452;493;505,446;449;483;490,498;501,486;488;495;499;502;503
