pdb,antibody,method,constrained,wt_total,om_total,d_total,wt_interface,om_interface,d_interface,tot_stab_mut_close,tot_stab_mut_distal,tot_stab_other_close,tot_stab_other_distal,tot_destab_mut_close,tot_destab_other_close,tot_destab_mut_distal,tot_destab_other_distal,int_destab_mut,int_destab_other,int_stab_mut,int_stab_other
7MLZ,1,rpk,cons,-145.00571589722185,-134.90558147673198,10.100134420489866,-27.212688299179657,-27.052915260489602,0.1597730386900551,,339;376;408;452,453,,,,371;373;375;501,406;441;495;502,,,,
7MLZ,1,rpk,free,-283.23196147149685,-281.4166396789888,1.8153217925080298,-41.010258336608466,-49.23390774731135,-8.223649410702883,,373;376;408;452;505,483,349;370;374;377;403;450;472,,475;487,375;405;440;498,338;367;368;369;409;454;491,478,479,484,483
7MLZ,1,af2,cons,-606.2777149646495,-468.82426676922023,137.45344819542925,-41.890194985240164,38.0444612501198,79.93465623535997,,339,483;485;490,500;502,477;478;501,457;474;475;476;479;480;487;488;492;494;495;497,405,365;442;445;446;448;451;454;467;469;491;506,477;478;486,474;475;476;479;493,,495
7MLZ,1,af2,free,-659.4193923168427,-600.727516776718,58.691875540124784,-54.57125543432348,-31.992462591711824,22.57879284261166,,339,483;490;502,320;338;358;367;369;390;392;418;422;436;500,477;478;501,456;474;475;476;479;488;489;491;492;495;497;503,375;405,351;368;430;442;445;446;447;448;451;465;467;506;526,477;478;486,473;475;476;479;489;493,484;498,474;487;495
