pdb,antibody,method,constrained,wt_total,om_total,d_total,wt_interface,om_interface,d_interface,tot_stab_mut_close,tot_stab_mut_distal,tot_stab_other_close,tot_stab_other_distal,tot_destab_mut_close,tot_destab_other_close,tot_destab_mut_distal,tot_destab_other_distal,int_destab_mut,int_destab_other,int_stab_mut,int_stab_other
6ZER,3,rpk,cons,-522.2393190200735,-510.2049444943499,12.034374525723592,-56.99906897303421,-57.82331633595506,-0.8242473629208504,,339,,340,,372;374,371;484;501,,,,,
6ZER,3,rpk,free,-557.1311757852998,-555.8451630871893,1.2860126981104258,-63.482925116253256,-59.427669114380556,4.055256001872699,,339,,450,,372;374,,347,,374;382;427,,412
6ZER,3,af2,cons,-612.1888086934016,-536.8791239886591,75.3096847047425,-49.120396277503616,-46.529917663123314,2.5904786143803022,,339,377;387;518,367;483;490;502;508,373,369;378,371;405;493;501,346;351;372;446;448;449;451;453;454;455;456;457;469;471;473;475;479;487;491;492;494;495;497;506;520;541,,378;383,,374
6ZER,3,af2,free,-659.3161717165128,-620.9676186142254,38.34855310228738,-65.043165314974,-62.28809790537872,2.7550674095952843,,339,366;377;384;515;518,320;358;367;421;443;473;476;483;490;500;502,,369;391;413;428;528,371;405;493;501,365;420;442;445;446;448;451;454;457;471;472;479;480;487;488;491;492;494;495;497;506;519;520,,378;385;413;428,,374;377;427
