pdb,antibody,method,constrained,wt_total,om_total,d_total,wt_interface,om_interface,d_interface,tot_stab_mut_close,tot_stab_mut_distal,tot_stab_other_close,tot_stab_other_distal,tot_destab_mut_close,tot_destab_other_close,tot_destab_mut_distal,tot_destab_other_distal,int_destab_mut,int_destab_other,int_stab_mut,int_stab_other
7OAY,2,rpk,cons,-568.4520871092257,-558.5452718112185,9.906815298007132,-49.44831730801287,-49.7559749048176,-0.3076575968047308,,339;446,,,373;375,372,501,,,,,
7OAY,2,rpk,free,-586.8742325672829,-582.589110202748,4.285122364534914,-51.09405686006842,-49.95666230512285,1.1373945549455726,,339;446,374,406,373;375,372,,452,,372,,
7OAY,2,af2,cons,-614.6922131099649,-616.4127182312972,-1.7205051213322804,-27.628633534124017,-38.86842463377244,-11.239791099648425,,339;484,369;372,367;406;483;485;518,,365;368,446;501,420;434;435;436;455;528,,383,373,372;408
7OAY,2,af2,free,-666.6376946932787,-657.2411545637532,9.396540129525533,-40.478152690793465,-47.98005770791609,-7.501905017122624,,339;484,372,406;483;518;527,375,365;368;374;379,446,435;455;528,,370;374;414,373,368;369;372;376;384;408
