pdb,antibody,method,constrained,wt_total,om_total,d_total,wt_interface,om_interface,d_interface,tot_stab_mut_close,tot_stab_mut_distal,tot_stab_other_close,tot_stab_other_distal,tot_destab_mut_close,tot_destab_other_close,tot_destab_mut_distal,tot_destab_other_distal,int_destab_mut,int_destab_other,int_stab_mut,int_stab_other
7E3L,1,rpk,cons,-521.7799923294158,-499.3426537135455,22.437338615870317,-38.79398439121869,-38.067316916285904,0.726667474932789,,339;496,,,478,,371;373;375;446;501,369;372,478,,493,
7E3L,1,rpk,free,-593.1869619807755,-589.496688826692,3.6902731540835703,-50.97256263534357,-46.82249742648121,4.150065208862358,,339;496,,367;451,478;484,,371;375;446,452;502,478;484,,493,
7E3L,1,af2,cons,-614.785175624766,-612.8737046211565,1.9114710036094493,-31.209542507598602,-30.353040368303475,0.8565021392951273,,339;371,481;483;485,367;372;406;451;518,478,487;490,375;496;501,365;368;420;435,478,487,493,486
7E3L,1,af2,free,-655.3366082849207,-665.8985115909718,-10.561903306051136,-46.609514678317495,-45.07069679684944,1.5388178814680558,,339;371,476;481;483;485;487,369;372;389;450;518,478,475;479,446,326;374;448;526,478;484,475;481,493,476;489
