pdb,antibody,method,constrained,wt_total,om_total,d_total,wt_interface,om_interface,d_interface,tot_stab_mut_close,tot_stab_mut_distal,tot_stab_other_close,tot_stab_other_distal,tot_destab_mut_close,tot_destab_other_close,tot_destab_mut_distal,tot_destab_other_distal,int_destab_mut,int_destab_other,int_stab_mut,int_stab_other
7L56,3,rpk,cons,-503.5698446076726,-497.1274746198462,6.442369987826396,-45.31143231466082,-41.401125997255704,3.910306317405116,,339;505,,,501,,371;375;405,372,484,,,
7L56,3,rpk,free,-571.6350175608351,-570.2049060462572,1.4301115145779022,-48.73917927184997,-47.27090711997064,1.468272151879333,,339;408,472;473,437;453,501,491,371;375;405,434,478;484,,,486
7L56,3,af2,cons,-601.6273182209165,-515.2778608275435,86.34945739337309,-35.10220931046286,-34.39210731098561,0.7101019994772528,,339,482;483;486;489;490;496;500;502,518,493;501,446;448;449;450;453;455;456;473;475;487;492;494;495;497,371;373;405,346;351;365;372;387;389;451;454;457;459;461;469;471;479;491;506;520;522;538;541,484;493,444;449;483;490;494,498;501,486;495;499
7L56,3,af2,free,-655.6113631528817,-616.9667635917738,38.64459956110795,-35.57565852487068,-43.85830451873839,-8.28264599386771,,339,450;473;483;486;490;500;502,320;354;367;369;390;407;436;518,493;501,403;446;448;449;455;480;492;495;497,405,336;337;355;374;391;398;420;435;451;454;469;491;506;519;520,493,449;455;456;483,498;501,475;486;487;495
