pdb,antibody,method,constrained,wt_total,om_total,d_total,wt_interface,om_interface,d_interface,tot_stab_mut_close,tot_stab_mut_distal,tot_stab_other_close,tot_stab_other_distal,tot_destab_mut_close,tot_destab_other_close,tot_destab_mut_distal,tot_destab_other_distal,int_destab_mut,int_destab_other,int_stab_mut,int_stab_other
7LX5,1,rpk,cons,-516.0034536173298,-495.3413270317127,20.662126585617102,-63.01598471581504,-63.17722775586517,-0.16124304005013101,,339,,,417;446;493,,371;373;375,372,417,,478,
7LX5,1,rpk,free,-574.2850750611755,-558.7776057653676,15.507469295807823,-75.56407287674631,-69.33482053823717,6.229252338509141,,339,502,406;451,446,403;445;494,371;375,372;506,417;484,403;494,493,
7LX5,1,af2,cons,-626.1248207357186,-618.1537667874297,7.971053948288841,-59.74732566469289,-40.2262755675094,19.52105009718349,,339;371,483;485,367;369;372;406;481;518,446;493;498;501,,375,365;368;374;420;434;435,417;446;484;493,403;449;483,,
7LX5,1,af2,free,-670.468702569127,-670.4080569001193,0.06064566900772661,-74.81627759126252,-66.77558362531262,8.040693965949899,,339;371,472;485,369;390;406;425;480;518,417;446;498;501,448,,356;374;435;526,417;493;505,483,478;501,445;492
