pdb,antibody,method,constrained,wt_total,om_total,d_total,wt_interface,om_interface,d_interface,tot_stab_mut_close,tot_stab_mut_distal,tot_stab_other_close,tot_stab_other_distal,tot_destab_mut_close,tot_destab_other_close,tot_destab_mut_distal,tot_destab_other_distal,int_destab_mut,int_destab_other,int_stab_mut,int_stab_other
7P78,2,rpk,cons,-381.04673887125875,-374.45354965252807,6.593189218730686,-28.504978289566875,-28.283006295815476,0.2219719937513993,,339,,,498;501,495,371;373;375,372,493;498;505,403,501,
7P78,2,rpk,free,-475.50259091768066,-471.24371217009326,4.258878747587403,-40.72590769271359,-44.565624690413486,-3.8397169976998953,,339,406,358;368,498,,373;375,372;374;377;448;509;515,493;498;505,403,417;501,453
7P78,2,af2,cons,-597.182508303119,-603.4172150321119,-6.234706728992933,-20.780930315083765,-29.860618263738136,-9.079687948654371,,339;371,403;483,367;369;372;485;518,,405;494;499,375,365;368;374;434;435;528,446;493;498,445,417;496;501,403;495;500;502
7P78,2,af2,free,-657.7461977568023,-669.2942182471741,-11.548020490371755,-43.08503352356419,-49.57782300061115,-6.492789477046955,,339;371;484,406;409;418;487;495,369;372;393;450;451;483;518;528,446,449;453,,374;435;448;452;526,446;498,445;449;456,493;496;501,487;495
