pdb,antibody,method,constrained,wt_total,om_total,d_total,wt_interface,om_interface,d_interface,tot_stab_mut_close,tot_stab_mut_distal,tot_stab_other_close,tot_stab_other_distal,tot_destab_mut_close,tot_destab_other_close,tot_destab_mut_distal,tot_destab_other_distal,int_destab_mut,int_destab_other,int_stab_mut,int_stab_other
7P79,1,rpk,cons,-269.075681820883,-237.3731265021597,31.702555318723313,-31.002750498808545,-26.63095761017199,4.371792888636556,,339,403,,405;417;484;498;501,496,371;373;375,372,498;505,,452;501,
7P79,1,rpk,free,-420.54865000053246,-407.5081961102096,13.040453890322851,-43.481703176954895,-45.477132003139616,-1.995428826184721,,339;375,409;487,346;369;394;396;450;451;454;460;471;472;474;509;514;527,405;498,420;473;489;495;496,371;373,342;345;365;389;395;415;480;482,484;486;498,449,405;501,409;493
7P79,1,af2,cons,-599.9612320760752,-511.9830408820675,87.97819119400776,-23.734280384161206,-35.67079519378419,-11.936514809622981,,339,443;496;500;502,481;483;485;490,452;501;505,420;445;446;449;453;456;475;494;495;497;503;504;506,477,365;442;448;451;457;467;469;474;479;480;487;491;492;507,505,420;421;445;446;495,405;417;452;498,403;455;499;503
7P79,1,af2,free,-655.4352215427193,-618.0047809649488,37.43044057777047,-46.06698662821851,-35.03297236658767,11.034014261630837,,339,421;450;483;485;490;499;500;502;503,320;338;347;358;367;369;372;390;427;434;436;472,405;501,403;445;446;447;449;456;457;487;494;495,,326;365;370;386;391;425;430;442;451;465;469;491;492;497;506,417;484;498;505,403;416;445;446;449;489;493,452,456;475;495;503
