pdb,antibody,method,constrained,wt_total,om_total,d_total,wt_interface,om_interface,d_interface,tot_stab_mut_close,tot_stab_mut_distal,tot_stab_other_close,tot_stab_other_distal,tot_destab_mut_close,tot_destab_other_close,tot_destab_mut_distal,tot_destab_other_distal,int_destab_mut,int_destab_other,int_stab_mut,int_stab_other
7E3K,1,rpk,cons,-473.9820886656188,-443.5631138205543,30.418974845064497,-33.05437144098874,-27.182359100606494,5.872012340382245,,339;408,,,484,,371;373;376;405;501,372;502,477;486,,,
7E3K,1,rpk,free,-565.8060416040289,-541.8141758470354,23.991865756993548,-50.64008973438866,-48.46662998307567,2.17345975131299,,339,,340;342;367;374;434,484;486,,371;375;405;498;501,364;365;366;370;409;410;419;444;502,477;478;484;486,,,475;479;482;485;489
7E3K,1,af2,cons,-618.2137457844954,-529.7852015335607,88.42854425093469,-35.381625771467455,-11.778405491270806,23.60322028019665,,339,481;483;485;490,421;500;502,477;478;484;486,455;456;474;475;476;479;487;489;493;494;495,405;501,365;442;446;448;449;451;454;457;465;469;491;492;497;506,478;484;486,475;479;487;489;493,,
7E3K,1,af2,free,-656.0937272039624,-618.3739473352267,37.71977986873571,-46.03174514056965,-37.974379681754186,8.057365458815461,,339,481;483;485;493,320;338;358;367;369;389;390;418;422;436;443;490;499;500;502;508,478;486,456;473;475;479;487;495;497,375;405;501,326;351;368;402;406;442;446;447;448;451;453;454;465;469;491;492;506;526,477;478;484;486,475;479,498,474;481;483;495
