pdb,antibody,method,constrained,wt_total,om_total,d_total,wt_interface,om_interface,d_interface,tot_stab_mut_close,tot_stab_mut_distal,tot_stab_other_close,tot_stab_other_distal,tot_destab_mut_close,tot_destab_other_close,tot_destab_mut_distal,tot_destab_other_distal,int_destab_mut,int_destab_other,int_stab_mut,int_stab_other
7DPM,2,rpk,cons,-546.5195457675013,-514.83790539403,31.681640373471282,-36.86253700937009,-33.65119707257361,3.2113399367964774,,339,,,371;373;405,372,484,455,376,,375,
7DPM,2,rpk,free,-570.2632628951424,-560.9358585459061,9.327404349236303,-38.807551032830766,-34.11353870495329,4.6940123278774735,,339,,,371;376;501,369;434,405;484;498,,376,369;508,375,
7DPM,2,af2,cons,-619.1684261544946,-532.6585774974176,86.50984865707699,-33.22705805620802,-24.69989691554244,8.527161140665584,,339,383;500;502,443;481;483;485;490;496,373;376;405;501,369;372;374;503;506,452;477,365;442;445;446;448;451;453;454;456;457;461;465;467;469;474;479;480;487;488;491;492;494;495;497,376,369;372;374;503,375,437
7DPM,2,af2,free,-664.7498515256514,-624.9010573097273,39.848794215924045,-40.30628924994221,-41.30428599828606,-0.9979967483438514,,339,380;502;508,356;367;389;390;443;481;483;485;490;499;500,405;501,384;503;506,,342;351;365;381;391;392;442;445;446;447;451;453;454;465;467;469;474;479;487;491;492;495;497,376;440,369;372;503,373;375,380;407;437;506
