pdb,antibody,method,constrained,wt_total,om_total,d_total,wt_interface,om_interface,d_interface,tot_stab_mut_close,tot_stab_mut_distal,tot_stab_other_close,tot_stab_other_distal,tot_destab_mut_close,tot_destab_other_close,tot_destab_mut_distal,tot_destab_other_distal,int_destab_mut,int_destab_other,int_stab_mut,int_stab_other
7N4J,1,rpk,cons,-558.5960495270666,-548.5504543225861,10.045595204480492,-57.53016344023447,-56.761200253539855,0.7689631866946129,,339,,,446;484;493;501,455,371;375,,484;493;505,,496;501,494
7N4J,1,rpk,free,-580.2148444624827,-580.8645354533548,-0.6496909908721591,-60.92488051535516,-61.375847525738656,-0.4509670103834935,,371;373,449;452;453;502,332;364;372;408,446;484,447;455;472;490,375,331;354;366;368;499;506,493;505,,496;501,494
7N4J,1,af2,cons,-606.308029407603,-623.933166124323,-17.625136716719908,-40.88729333975132,-43.53541132613974,-2.6481179863884208,,339;371,481;483;485;486,367;369;372;406;518,496;501,455;489;494,375,365;368;374;420;434;435;528,505,449;494,484;501,483
7N4J,1,af2,free,-659.1041608834377,-667.3385491054996,-8.234388222061966,-57.933991121299414,-59.21524703283134,-1.2812559115319289,,339;371,450;481;483,369;372;393;406;425;480;518,,455;489,,332;342;374;435,493;505,483,484;501,490
