pdb,antibody,method,constrained,wt_total,om_total,d_total,wt_interface,om_interface,d_interface,tot_stab_mut_close,tot_stab_mut_distal,tot_stab_other_close,tot_stab_other_distal,tot_destab_mut_close,tot_destab_other_close,tot_destab_mut_distal,tot_destab_other_distal,int_destab_mut,int_destab_other,int_stab_mut,int_stab_other
7N0G,1,rpk,cons,-534.7890309573074,-514.2077771123974,20.581253844910066,-46.2333290503399,-45.96889546747654,0.2644335828633544,,339,351,367,,,371;373;375;376,372,505,,498,
7N0G,1,rpk,free,-597.0168467518968,-584.8756999770601,12.14114677483667,-58.89924217217361,-53.01879301610998,5.8804491560636265,,339,,367;374;434;437,484;501;505,446;455;490,371;375,,484;505,,498,449
7N0G,1,af2,cons,-599.2793157835576,-519.6601052667193,79.6192105168384,-35.10176348865237,-19.337014348098187,15.76474914055418,,339,481;482;483;485;502,,405;452,448;449;453;455;456;470;488;491;492;494;495;497;499;506,477,365;442;451;454;457;467;469;474;475;479;487,,449;453;470;483;490;494,498;501,446;495
7N0G,1,af2,free,-661.2085815862364,-619.1693872313148,42.03919435492162,-57.88411938527211,-30.029706754875917,27.85441263039619,,339;478,485;500;502,338;346;347;358;367;369;372;374;382;390;422;434;436;508,405;417,446;447;448;449;451;455;470;489;492;493;494;495;497;506,375,467;487;488,452;484;505,449;470;481;483;490;493;494,498;501,445;495;503
