pdb,antibody,method,constrained,wt_total,om_total,d_total,wt_interface,om_interface,d_interface,tot_stab_mut_close,tot_stab_mut_distal,tot_stab_other_close,tot_stab_other_distal,tot_destab_mut_close,tot_destab_other_close,tot_destab_mut_distal,tot_destab_other_distal,int_destab_mut,int_destab_other,int_stab_mut,int_stab_other
7KML,1,rpk,cons,-587.1648601615134,-570.2548837366121,16.909976424901288,-44.9770674613325,-43.381714392310805,1.595353069021698,,,403,,484;493;501,490,371;373;375;446,447,417,,493,
7KML,1,rpk,free,-602.2036037348187,-596.4938160297463,5.709787705072358,-45.22612335359899,-49.617055466995346,-4.390932113396353,,,,374;389;436,501,,446,343;447,417,,493;505,489;490
7KML,1,af2,cons,-609.3386299101255,-614.0232484659374,-4.6846185558118805,-29.17376366170766,-29.833491171474005,-0.6597275097663449,,339;371,403;483;485;486,367;369;372;518,,420;494,375;446;496;501,365;368;434;435;528,417;505,,,403;486
7KML,1,af2,free,-658.6438992659914,-672.2379257294808,-13.5940264634894,-46.22354596373688,-44.71220400066017,1.5113419630767098,,339;371,406;409;475;483;485,369;372;418;451;518;528,417,452,446,374;430;435;444;448;526,417;505,415;483,493,403;475;486;494
