pdb,antibody,method,constrained,wt_total,om_total,d_total,wt_interface,om_interface,d_interface,tot_stab_mut_close,tot_stab_mut_distal,tot_stab_other_close,tot_stab_other_distal,tot_destab_mut_close,tot_destab_other_close,tot_destab_mut_distal,tot_destab_other_distal,int_destab_mut,int_destab_other,int_stab_mut,int_stab_other
7E8F,2,rpk,cons,-469.87950149647565,-439.1573190659989,30.722182430476778,-34.732246640820655,-27.433231187199745,7.29901545362091,,339,,,452;484,,371;373;375;376;405;501,369,452;484,,,
7E8F,2,rpk,free,-507.1035586065789,-491.04530704686647,16.058251559712403,-39.408899720679436,-35.53485163837945,3.8740480822999857,,339,,347,452;484,446,371;375;405;501,,484,,,
7E8F,2,af2,cons,-615.0611620198979,-534.371787686094,80.68937433380393,-25.74395617152967,-3.0333344017425143,22.710621769787156,,339,483;485,383;443;500;502,452;501,446;448;449;479;492;494;495;497,405;477,365;442;451;453;454;456;457;461;465;467;469;474;475;487;489;491;506,452;484,449;450;483;490,,
7E8F,2,af2,free,-663.7069858323032,-615.014972080976,48.69201375132718,-38.371283105143846,-29.095595855589515,9.27568724955433,,339;478;505,499;502,320;347;358;367;369;374;389;390;421;436;496;500;508,452,446;449;451;471;480;482;491;492;493;495;497,375;405,326;357;368;394;442;448;453;456;457;461;487;503;506;526,452;484,449;450;472;481;482;483;490,501,445;493;494;495
