pdb,antibody,method,constrained,wt_total,om_total,d_total,wt_interface,om_interface,d_interface,tot_stab_mut_close,tot_stab_mut_distal,tot_stab_other_close,tot_stab_other_distal,tot_destab_mut_close,tot_destab_other_close,tot_destab_mut_distal,tot_destab_other_distal,int_destab_mut,int_destab_other,int_stab_mut,int_stab_other
7MJJ,2,rpk,cons,-527.9044005245958,-522.1057856350137,5.798614889582041,-44.411337102443476,-40.452389626388154,3.9589474760553216,,339,,,405,,371;375,372,477;486,,501,
7MJJ,2,rpk,free,-586.0263974366329,-586.8265320537264,-0.8001346170934767,-63.678554896503776,-55.399900774691965,8.278654121811812,,339,496,,405;498,,371;375,372,405;417;477;498,421;500,478,403
7MJJ,2,af2,cons,-610.041941953604,-525.4458064484278,84.59613550517622,-28.925107276015353,-27.426716676323217,1.4983905996921365,,339,458;490;500;502,483;485,405;477;478;501,453;456;473;474;475;476;479;480;487;492;493;494;495;497;506,,351;365;442;446;448;451;454;467;469;491,501;505,456;475;476;493,498,457;474;487;495;503
7MJJ,2,af2,free,-657.6467657902072,-620.1757822290706,37.47098356113656,-52.98734682630142,-10.312911601710978,42.67443522459044,,339;484,458;490;500;502,320;338;358;367;369;390;436;443;472;483;485;499;527,405;486;501,403;447;453;455;456;457;474;475;487;492;495;497,452,326;353;368;430;442;446;448;451;466;467;480;491;506;528,417;486;505,403;415;420;421;453;455;456;457;473;475;489;493,477;478,
