pdb,antibody,method,constrained,wt_total,om_total,d_total,wt_interface,om_interface,d_interface,tot_stab_mut_close,tot_stab_mut_distal,tot_stab_other_close,tot_stab_other_distal,tot_destab_mut_close,tot_destab_other_close,tot_destab_mut_distal,tot_destab_other_distal,int_destab_mut,int_destab_other,int_stab_mut,int_stab_other
7N9A,1,rpk,cons,-417.7531933009712,-395.6997901315518,22.05340316941937,-29.555170042175384,-30.677665190756468,-1.1224951485810841,,339,,,446;484;501,,371;373;375,372;502,484,,493,
7N9A,1,rpk,free,-515.1158428364063,-498.9959804623635,16.119862374042782,-50.08730811979429,-39.61057166135408,10.476736458440207,,339,483;491,364;366;388;473,446;484,449;452;453;455,371;373;375,372;454;467,484,449;455;470;490,,483
7N9A,1,af2,cons,-593.3043772162807,-612.2568410632877,-18.952463847006925,-22.948630087713557,-28.168136337022492,-5.219506249308935,,339;371,456;483;485;489;490,367;369;372;406;518,493;501,452;455,375,365;368;374;420;434;435;499;528,,483,484,449;489;490
7N9A,1,af2,free,-656.4554092300381,-656.1076261400431,0.34778308999500496,-49.67082342807268,-33.077946797632,16.592876630440678,,339;371,451;480;483;485,369;372;390;406;474;518;527,446,447;450;455;456;489;491,,374;381;389;391;420;435,484,449;450;455;489,,483;490
