pdb,antibody,method,constrained,wt_total,om_total,d_total,wt_interface,om_interface,d_interface,tot_stab_mut_close,tot_stab_mut_distal,tot_stab_other_close,tot_stab_other_distal,tot_destab_mut_close,tot_destab_other_close,tot_destab_mut_distal,tot_destab_other_distal,int_destab_mut,int_destab_other,int_stab_mut,int_stab_other
7K4N,2,rpk,cons,-622.6426572927314,-593.0755989151904,29.567058377541002,-48.97669489389601,-45.55604189400985,3.4206529998861583,,339,,,493,455,371;373;375;376;405;501,372,493,,,
7K4N,2,rpk,free,-635.5420082424218,-614.3133566960405,21.228651546381343,-53.11821789253952,-44.74448700256004,8.373730889979477,,339,,335,478;493,455,371;373;375;405,369;372;471,478;493,479,,
7K4N,2,af2,cons,-613.0374801854307,-474.7795798286279,138.2579003568028,-45.29941055934762,20.853643558847068,66.15305411819469,,339,482;483;485;490;496;499,443;502;508;518,477;478;493;501,453;455;456;457;473;474;475;476;479;480;486;487;488;492;494;495;497,371;373;405,346;351;365;372;442;446;449;451;469;471;491;506;520;522;541,477;478,474;475;476;479;486;487;489,498,483;495
7K4N,2,af2,free,-665.4789794840597,-617.5078073329754,47.97117215108426,-50.62751339919767,-51.48554296267988,-0.8580295634822122,,339,485;486;490,320;367;369;390;407;418;436;443;466;482;502;518,477;493,454;455;456;473;475;480;487;495;497,405;501,368;374;377;391;435;442;445;446;447;448;451;465;469;491;492;506;517;519;520,477;478;484;493,473,498,456;485;486;495
