pdb,antibody,method,constrained,wt_total,om_total,d_total,wt_interface,om_interface,d_interface,tot_stab_mut_close,tot_stab_mut_distal,tot_stab_other_close,tot_stab_other_distal,tot_destab_mut_close,tot_destab_other_close,tot_destab_mut_distal,tot_destab_other_distal,int_destab_mut,int_destab_other,int_stab_mut,int_stab_other
7L7E,8,rpk,cons,-523.9223810684188,-136.381676166202,387.54070490221676,-42.25364863668292,-24.243808377221598,18.00984025946132,,339,,,446;484;498,443;447;490;492;499;509,371;373;375;501,342;358;364;367;372;374;392;418;422;434;435;436;495;502;508;511,446;484,443;490;499,,
7L7E,8,rpk,free,-551.9470879196288,-554.5402023364517,-2.593114416822914,-44.122028828972994,-42.89645078879289,1.2255780401801033,,339,,377;508,446;484,447,,364;369;372;374;434;436,484;493,,,
7L7E,8,af2,cons,-617.0884327374363,-614.684653740932,2.4037789965042293,-35.9064654350071,-26.260134370382637,9.646331064624462,,339;371,483,367;369;372;406;485;518,,445;494;499,375;501,365;368;374;434;435;528,,445;450;499,,
7L7E,8,af2,free,-659.4241202745735,-667.8758710834688,-8.451750808895326,-41.59435173575598,-42.56868843790788,-0.974336702151902,,339;371,483,369;406;518;528,,448;490,,374;455;526,,346,446,494
