pdb,antibody,method,constrained,wt_total,om_total,d_total,wt_interface,om_interface,d_interface,tot_stab_mut_close,tot_stab_mut_distal,tot_stab_other_close,tot_stab_other_distal,tot_destab_mut_close,tot_destab_other_close,tot_destab_mut_distal,tot_destab_other_distal,int_destab_mut,int_destab_other,int_stab_mut,int_stab_other
7M7W,1,rpk,cons,-536.6961030525047,-503.65001268105976,33.046090371444905,-48.76047431564578,-48.71071838641999,0.049755929225788975,,,,376,,,371;373;375;446;501,369;372;377;449;455,,,,
7M7W,1,rpk,free,-569.7532051052135,-559.8965474512798,9.856657653933667,-52.681268778506784,-52.36807785325922,0.31319092524756087,,339,,385;387;420;488;502;508,,,371;373;446;501,372;445;447;455;457;506,,,,
7M7W,1,af2,cons,-614.2736503306642,-616.3418218352963,-2.0681715046321187,-40.94683990020727,-47.00888519026737,-6.062045290060098,,339;371,516;518,367;369;372;406;483;485,,517;519,375;496;501,365;368;374;420;434;435;455;499;528,,519,,518
7M7W,1,af2,free,-661.2512464450929,-659.5920388786071,1.6592075664857475,-43.99996482164691,-56.921497288255225,-12.921532466608312,,339;371;375,393;394;464;516;518,382;390;406;483;485,,355;398;517;519,446,332;374;389;432;435;455,,519,,464;466;518
