pdb,antibody,method,constrained,wt_total,om_total,d_total,wt_interface,om_interface,d_interface,tot_stab_mut_close,tot_stab_mut_distal,tot_stab_other_close,tot_stab_other_distal,tot_destab_mut_close,tot_destab_other_close,tot_destab_mut_distal,tot_destab_other_distal,int_destab_mut,int_destab_other,int_stab_mut,int_stab_other
7B14,1,rpk,cons,-355.5899504872183,-337.9454171759419,17.644533311276405,-32.25719686783323,-26.043706960701304,6.213489907131926,,,,,417;452;484;501,,371;405,372;502,417;484;498,,478,
7B14,1,rpk,free,-464.1057808082851,-450.25367011513526,13.852110693149825,-56.532995486826316,-50.11402143257757,6.418974054248743,,339;408,351;444;447;448;497,423;425;508,417;452;484,453;472;489;491;492,371,366;372;420;432,417;484;498,455;489;492,478,447;448
7B14,1,af2,cons,-614.9345827182813,-528.2620682972922,86.67251442098905,-27.622133981862284,-26.606212300470986,1.0159216813912977,,339,483;485;496;502,421;481;508,417;452;501;505,403;446;449;453;456;475;489;491;492;493;494;495;497;503,405;477,365;442;448;451;454;457;465;469;474;479;487;488;506,417,483;490;493;494,501,495;497
7B14,1,af2,free,-660.0867451708532,-626.7430846239845,33.343660546868705,-69.45572884087967,-62.52963808381775,6.926090757061921,,373,481;483;485;490;500;502,320;367;369;372;389;390;409;418;422;436;508,417;452,446;447;449;474;475;492;494;495;497,405,377;386;391;420;424;435;442;451;465;467;479;491;506;507;509,417;484,403;444;446;449;483;490;492;493,478;486;498;501,481;487;495;497
