pdb,antibody,method,constrained,wt_total,om_total,d_total,wt_interface,om_interface,d_interface,tot_stab_mut_close,tot_stab_mut_distal,tot_stab_other_close,tot_stab_other_distal,tot_destab_mut_close,tot_destab_other_close,tot_destab_mut_distal,tot_destab_other_distal,int_destab_mut,int_destab_other,int_stab_mut,int_stab_other
7D0C,1,rpk,cons,-250.08454480275594,-230.48998172611635,19.594563076639588,-32.746499821661075,-28.770017265107274,3.976482556553801,,339,,497,501;505,447,375;446,,493;505,,496;498,
7D0C,1,rpk,free,-393.9465012255919,-407.94709371203714,-14.00059248644527,-42.84353230970781,-76.4596097339011,-33.61607742419329,,339,403,336;346;372;379,,,371;446,342;398;434;435;492,,,477;493;496;501;505,405;409;453;500;503
7D0C,1,af2,cons,-602.7646496048842,-604.8597232549406,-2.0950736500564062,-20.645147133554303,-17.96055093751443,2.684596196039873,,339;371,475,367;369;372;481;483;485;518,493;501,420,375,365;368;374;434;435,417;505,487,496,475;489
7D0C,1,af2,free,-649.0124082009293,-661.221146355301,-12.208738154371758,-45.13896592641105,-55.972997488210126,-10.834031561799073,,339;371,403;502,356;369;389;393;406;425;451;471;483;518;527,,447;475;486,446,374;435;448;452;517;528,417,,501,403;456;489;502
