pdb,antibody,method,constrained,wt_total,om_total,d_total,wt_interface,om_interface,d_interface,tot_stab_mut_close,tot_stab_mut_distal,tot_stab_other_close,tot_stab_other_distal,tot_destab_mut_close,tot_destab_other_close,tot_destab_mut_distal,tot_destab_other_distal,int_destab_mut,int_destab_other,int_stab_mut,int_stab_other
7LQV,3,af2,cons,-791.7010458214635,-767.245782806435,24.455263015028436,-4.5022007081804345,-18.45639595805962,-13.954195249879184,,,154;246;248,97;111;215;228;229;272,,140;153;156;245;249;250;257,19;24;25;26,18;23;80;193;233;258;259;260;270,,153;256,,145;148;155;156;248;251
7LQV,3,af2,free,-893.843182480332,-881.769860079074,12.073322401257997,-22.266733276828003,-35.64610195902076,-13.379368682192759,,,16;145;246;251;252;256,41;79;81;97;102;180;186;222;228;260,,144;243;245;249;250;255,19;25;26,23;64;78;96;138;140;179;181;183;191;221;261,,147;155;157,,146;156;161;248;251;252;254
