pdb,antibody,method,constrained,wt_total,om_total,d_total,wt_interface,om_interface,d_interface,tot_stab_mut_close,tot_stab_mut_distal,tot_stab_other_close,tot_stab_other_distal,tot_destab_mut_close,tot_destab_other_close,tot_destab_mut_distal,tot_destab_other_distal,int_destab_mut,int_destab_other,int_stab_mut,int_stab_other
7EZV,2,rpk,cons,-477.5547657964818,-467.53237181838756,10.022393978094215,-45.086391406303875,-44.71750612585747,0.3688852804464062,,339,,,,502,371;375;376;405,372,,,,
7EZV,2,rpk,free,-509.6049512117639,-501.68170368308154,7.923247528682339,-47.707997317155325,-50.26891816530691,-2.560920848151582,,339;408;505,,508,,,371,372;374,,,,
7EZV,2,af2,cons,-623.4546707473075,-518.8526606347497,104.60201011255788,-45.27090979788706,-20.840574928499468,24.43033486938759,,339,502,390;481;483;485;490,501,442;444;445;446;447;448;449;451;506,405;477,357;365;453;457;467;469;474;475;479;487;488;491;492;493;494;495;497,,444;445;499;500,,503
7EZV,2,af2,free,-667.8334568757202,-622.6937070772665,45.13974979845375,-51.84039856326963,-25.17930037254161,26.66109819072802,,339,443;502,338;363;367;390;481;483;485;490,501,442;444;445;446;448;449;451;506,371;405,351;365;381;388;391;392;453;467;479;487;491;492;495;497,498,346;444;445;499;500,,503
