pdb,antibody,method,constrained,wt_total,om_total,d_total,wt_interface,om_interface,d_interface,tot_stab_mut_close,tot_stab_mut_distal,tot_stab_other_close,tot_stab_other_distal,tot_destab_mut_close,tot_destab_other_close,tot_destab_mut_distal,tot_destab_other_distal,int_destab_mut,int_destab_other,int_stab_mut,int_stab_other
7CHE,1,rpk,cons,-439.29992161872633,-400.75168921748514,38.548232401241194,-54.734651324845686,-46.222782469911735,8.511868854933951,,339,,,446;498;501,,371;373;375,369;445;499,496;501;505,,478,
7CHE,1,rpk,free,-482.61540643180695,-448.15659015256006,34.45881627924689,-62.46596613601135,-61.329730123882506,1.1362360121288475,,339,,,417;446;493;498;501;505,445;490,371;373;375,342;374;412;499,417;496;498;505,,477;478,405;420
7CHE,1,af2,cons,-614.1470204353529,-602.1728345880201,11.97418584733282,-37.23601098192515,-37.477283671452156,-0.2412726895270083,,339;371,,367;369;372;451;481;483;485;518,498;501,494,375,365;368;374;434;435;499;528,417;505,409;495,478;496,
7CHE,1,af2,free,-654.5097826803301,-658.2206327839507,-3.7108501036206007,-63.60549976154897,-55.45035173857799,8.155148022970977,,339;371,403;474,356;369;393;485;488;518;527,417;446;496;498;501,418;449,,374;434;528,417;498;505,475;486;495,478,476
