pdb,antibody,method,constrained,wt_total,om_total,d_total,wt_interface,om_interface,d_interface,tot_stab_mut_close,tot_stab_mut_distal,tot_stab_other_close,tot_stab_other_distal,tot_destab_mut_close,tot_destab_other_close,tot_destab_mut_distal,tot_destab_other_distal,int_destab_mut,int_destab_other,int_stab_mut,int_stab_other
7MDW,1,rpk,cons,-389.0010166244833,-379.85901835826087,9.141998266222458,-25.832339665501756,-27.31906473698319,-1.486725071481434,,339;505,,,,,371;373;375;405,,,,,490
7MDW,1,rpk,free,-500.1236587374629,-488.6687357561634,11.45492298129949,-40.54937854672224,-42.164004495515584,-1.6146259487933463,,339;408,,369;377;385;437;502,452;498,446;449;490;495,371,368;396;468,452,493,,490
7MDW,1,af2,cons,-606.5785071240352,-527.1303852979138,79.44812182612145,-22.388935392387612,-18.57508249374822,3.813852898639393,,339,481;485;496;499;500;502,443,501,446;449;455;456;475;487;492;493;494;495;497,405;477,346;365;448;451;454;457;465;467;469;474;479;480;491;503;506,,449;483;489;490,484;501,492;494;495;499
7MDW,1,af2,free,-661.052207724613,-618.6659514250532,42.38625629955982,-38.64753677832102,-27.88841969542765,10.759117082893368,,478,450;472;490;500,320;338;346;347;358;366;367;372;374;382;390;418;422;443;502;518,,446;448;449;451;456;482;488;492;493;494;495;497,371;405,326;356;357;377;394;419;442;467;480;491;506;526,484,449;482;483;489;490;493,498,450;495;499
