pdb,antibody,method,constrained,wt_total,om_total,d_total,wt_interface,om_interface,d_interface,tot_stab_mut_close,tot_stab_mut_distal,tot_stab_other_close,tot_stab_other_distal,tot_destab_mut_close,tot_destab_other_close,tot_destab_mut_distal,tot_destab_other_distal,int_destab_mut,int_destab_other,int_stab_mut,int_stab_other
7NX9,2,rpk,cons,-567.6276380730648,-565.8400861680357,1.7875519050290904,-54.99766244576476,-55.274220323090304,-0.27655787732554415,,339;408,,,,,371,,,,,
7NX9,2,rpk,free,-579.4982683385671,-579.0147053385836,0.48356299998351915,-64.38340437598892,-63.50309993341242,0.8803044425764952,,339;373,,502;508,375,,371;405;501,506,,,,
7NX9,2,af2,cons,-610.5133432764295,-532.4519313432684,78.06141193316114,-38.27291963077472,-40.20044918963721,-1.9275295588624886,,339,366;367;369;370;518,483;490;496;502,373,391,371;405;493;501,346;351;372;446;449;451;453;454;455;456;457;461;469;471;473;475;479;487;491;492;494;495;497;506;520;522;538;541,,382,,369
7NX9,2,af2,free,-666.0756032819861,-626.8085341066662,39.267069175319875,-60.999467689265984,-57.171970468360215,3.8274972209057694,,339;478,387,358;367;466;473;474;483;490;499;500;502;527,,383;414,371;405;493;501,434;445;446;447;448;449;451;453;454;455;457;465;469;480;487;488;491;492;494;495;497;503;506;519;520,,386;414;427,,369;377
