pdb,antibody,method,constrained,wt_total,om_total,d_total,wt_interface,om_interface,d_interface,tot_stab_mut_close,tot_stab_mut_distal,tot_stab_other_close,tot_stab_other_distal,tot_destab_mut_close,tot_destab_other_close,tot_destab_mut_distal,tot_destab_other_distal,int_destab_mut,int_destab_other,int_stab_mut,int_stab_other
7K9Z,1,rpk,cons,-497.1850831757945,-468.5976283987723,28.587454777022174,-34.60239748805375,-30.171447885822932,4.430949602230815,,339,,,452;484,,371;373;375;405,372;502,452,,,
7K9Z,1,rpk,free,-536.0673303558109,-520.8837786869228,15.183551668888072,-39.56623687682964,-40.137787378067586,-0.5715505012379438,,339,351;472,367;515,452,,371;375;405,364;365;388;429;446;474,452,,,449;472
7K9Z,1,af2,cons,-613.358168360975,-501.6863143027296,111.6718540582454,-32.42954491063234,-18.76886850503216,13.660676405600178,,339,496;499,383;443;502;518,452;484;493;501,351;357;451;454;457;465;467;468;469;490;491;492;494;495;497,371;373;405,365;372;446;448;455;456;461;473;475;479;487;506;520;522;538;541,452;484;493,468;483;490,,357;465;495;499
7K9Z,1,af2,free,-665.3410903225897,-618.1744286490448,47.16666167354492,-51.016291370435944,-37.15545482299293,13.860836547443014,,339;478,494;499,338;367;380;390;443;502,493;501,445;448;451;465;468;469;472;491;492;495;497,371;405,365;374;381;391;420;442;446;447;453;455;457;487;506;517;519;520;526,484,466;468;472;481;482;483;490,,492;494;495;499
