pdb,antibody,method,constrained,wt_total,om_total,d_total,wt_interface,om_interface,d_interface,tot_stab_mut_close,tot_stab_mut_distal,tot_stab_other_close,tot_stab_other_distal,tot_destab_mut_close,tot_destab_other_close,tot_destab_mut_distal,tot_destab_other_distal,int_destab_mut,int_destab_other,int_stab_mut,int_stab_other
7C2L,3,af2,cons,-755.4379003199699,-762.0164199899435,-6.578519669973616,-4.773108483455498,-10.814492764382388,-6.04138428092689,,,143;145;146;148;149;151;153;180;242;246;252,97;111;223;228;229,,150;244;249;250;256;257,19;24;25;26,18;23;29;80;140;233;254;258;259,,152;254,,146;148;151;248;249;251
7C2L,3,af2,free,-880.0110891080487,-869.896607877593,10.11448123045568,-34.93220383248793,-20.346221154292905,14.585982678195023,,,150;156;248;251;252;256,16;32;36;37;41;56;66;139;184;222;228;229;237;242;273,,145;148;245;254,19;24;25;26,22;54;70;71;77;78;80;97;98;101;115;140;181;183;186;191;244;259;262;270,,144;145;147;148;246,,150;250;251
