pdb,antibody,method,constrained,wt_total,om_total,d_total,wt_interface,om_interface,d_interface,tot_stab_mut_close,tot_stab_mut_distal,tot_stab_other_close,tot_stab_other_distal,tot_destab_mut_close,tot_destab_other_close,tot_destab_mut_distal,tot_destab_other_distal,int_destab_mut,int_destab_other,int_stab_mut,int_stab_other
7CWU,4,rpk,cons,-403.96484607003754,-384.184106280439,19.780739789598556,-41.93167946548881,-42.275811796328306,-0.3441323308394928,,,,506,478,,371;373;501,372,,,,487
7CWU,4,rpk,free,-536.0714124173255,-527.1100553409664,8.96135707635915,-50.80649621152917,-47.30369926333338,3.502796948195794,,373,488,340;366;368;436,,455;456;483;489;491,371;405;501,336;365;388;406,486,,452,487
7CWU,4,af2,cons,-611.9009170758975,-530.904761908693,80.9961551672045,-32.83691934663282,-17.543248357874393,15.293670988758425,,339,483;485,383;500;502,501,446;449;455;456;469;475;479;487;491;492;493;494;495;497,405;477,357;365;394;442;445;448;451;457;467;474;506,484,456;481;489;490;494,,495
7CWU,4,af2,free,-660.0802543924736,-621.2651702824473,38.815084110026305,-44.18130792888373,-43.085052380408385,1.096255548475348,,339,483;485;490,320;338;356;358;367;372;382;418;434;436;499;500;502;528,452,446;447;455;456;480;487;491;492;495;497,405;501,370;387;419;442;445;448;451;453;457;459;460;465;467;473;479;503;506;518;526,452,455;472;481;483;490,484,485;489;493;494;495
