pdb,antibody,method,constrained,wt_total,om_total,d_total,wt_interface,om_interface,d_interface,tot_stab_mut_close,tot_stab_mut_distal,tot_stab_other_close,tot_stab_other_distal,tot_destab_mut_close,tot_destab_other_close,tot_destab_mut_distal,tot_destab_other_distal,int_destab_mut,int_destab_other,int_stab_mut,int_stab_other
7L7E,2,rpk,cons,-533.3647517711041,-526.4873465681802,6.87740520292391,-45.73802803364558,-44.060512372589415,1.6775156610561623,,339;373;408,486,,493,455,371;375;501,,,,,
7L7E,2,rpk,free,-553.9136051077564,-545.5156373635186,8.397967744237803,-48.34319906464725,-43.58842775589112,4.754771308756133,,339;373;408,,,,455,375;501,436,477,,,
7L7E,2,af2,cons,-610.3651068479422,-466.8479106365218,143.5171962114204,-29.279718025200168,14.137375481265293,43.41709350646546,,339,481;482;483;485;490,496;502;518,477;478;493,456;473;474;475;476;479;486;487;488;489;494;495;497,371;373;405;501,346;351;365;372;446;449;451;454;457;459;461;467;471;491;492;506;520;522;538;541,477;478;493,475;476;486;487;489,484,495
7L7E,2,af2,free,-662.3838983374744,-618.4974809249095,43.886417412564924,-47.29258063436812,-33.27217854015822,14.0204020942099,,339,482;483;490;499,320;367;389;390;418;434;436;443;466;473;500;502;518,493;501,455;456;475;480;486;487;494;495;497,375;405,368;374;377;391;403;442;445;446;447;448;451;454;457;469;491;492;506;519;520;526,417;477;478;493,456;475;476;486;489,498,474;483;495
