pdb,antibody,method,constrained,wt_total,om_total,d_total,wt_interface,om_interface,d_interface,tot_stab_mut_close,tot_stab_mut_distal,tot_stab_other_close,tot_stab_other_distal,tot_destab_mut_close,tot_destab_other_close,tot_destab_mut_distal,tot_destab_other_distal,int_destab_mut,int_destab_other,int_stab_mut,int_stab_other
7KFY,1,rpk,cons,-595.5590167866974,-576.2573699599021,19.301646826795263,-59.29456596977189,-49.82934086272638,9.465225107045505,,339,496,,405;417,,371;373;375,372,417;486;505,,501,
7KFY,1,rpk,free,-608.348293879644,-597.4404819912256,10.907811888418337,-67.31015601809229,-50.94986987364673,16.360286144445553,,339,,366,405;417;498,446,371;375,342;369;374;499,417;486;498;505,493;496,501,
7KFY,1,af2,cons,-612.157953605428,-516.6712865929856,95.48666701244247,-43.83015198362834,-15.557795520411515,28.272356463216823,,339,500;502,383;483;485,405;477;478;498;501;505,453;454;455;456;473;474;475;476;479;480;487;492;494;495;497;506,,365;442;446;448;451;469;491,417;498;501;505,455;456;475;476;487;494,486,457;503
7KFY,1,af2,free,-667.9636362610615,-618.7405247375488,49.223111523512785,-76.90707681053847,-29.39088415301617,47.516192657522296,,339,418;483;485;490;499;500;503,338;358;367;369;389;390;422;436;443;472;527,405;417;501;505,403;446;447;448;449;453;454;455;456;460;473;487;489;492;493;494;495;497,452,326;368;442;445;451;467;469;480;491;506;528,417;486;501;505,403;420;449;453;455;456;460;473;487;489;490;493;494;496;502,478;498,421;503
