pdb,antibody,method,constrained,wt_total,om_total,d_total,wt_interface,om_interface,d_interface,tot_stab_mut_close,tot_stab_mut_distal,tot_stab_other_close,tot_stab_other_distal,tot_destab_mut_close,tot_destab_other_close,tot_destab_mut_distal,tot_destab_other_distal,int_destab_mut,int_destab_other,int_stab_mut,int_stab_other
6Z2M,4,rpk,cons,-469.37256292251095,-447.8509348413007,21.521628081210224,-38.909593031007745,-34.37139686476745,4.538196166240297,,339,,,452;484,455,371;373;375;501,372,484,493,,490
6Z2M,4,rpk,free,-542.1259923452772,-530.4001084714554,11.725883873821772,-43.508021159790566,-40.012949836325184,3.495071323465382,,339,492,,484,455;471,371;375;405;501,368,484,,,
6Z2M,4,af2,cons,-615.5927437741536,-523.4906716232356,92.10207215091805,-36.812862287383794,-6.835981402242987,29.976880885140808,,339,450;481;483;502,421;485;500,452,446;448;449;455;456;488;489;490;491;492;493;494;495;497,405;477,351;365;442;451;453;454;457;467;469;474;475;479;480;487;506;538,,449;483;489;490;493;494;495,498;501,
6Z2M,4,af2,free,-666.1762216901241,-613.66286451056,52.51335717956408,-42.42294298136959,-15.078734902413656,27.34420807895593,,339;478,,320;338;358;367;369;390;392;407;421;436;443;485;500;502;527,,446;448;449;453;455;456;488;490;491;492;493;494;495;497,405,351;368;420;424;442;451;467;469;480;487;506;528,484,449;483;489;490;493,501,445
