pdb,antibody,method,constrained,wt_total,om_total,d_total,wt_interface,om_interface,d_interface,tot_stab_mut_close,tot_stab_mut_distal,tot_stab_other_close,tot_stab_other_distal,tot_destab_mut_close,tot_destab_other_close,tot_destab_mut_distal,tot_destab_other_distal,int_destab_mut,int_destab_other,int_stab_mut,int_stab_other
7BEL,4,rpk,cons,-523.4488913808202,-503.642944241089,19.805947139731188,-50.2352813209604,-38.00699955510912,12.228281765851278,,339,,,405;484,455;490,371;373;375,372,408;417;505,,,489
7BEL,4,rpk,free,-545.2124148543463,-537.7018041826575,7.5106106716888235,-54.76895491060469,-45.64184492968349,9.127109980921205,,339,403;409;455,418,405;493;501,453,371;373;375,365,405;408;417;505,,,403;489
7BEL,4,af2,cons,-619.6027199822446,-527.6993447971142,91.90337518513036,-39.795039592164244,-23.672874994654446,16.122164597509798,,339,421;483;490;500;502,383;443;518,405;417;493;501;505,453;454;456;457;473;474;475;487;489;492;494;495;506,371;373,346;365;372;446;449;451;469;471;479;491;497;520;522;538;541,417;505,456;487;488;489;502,498,495
7BEL,4,af2,free,-664.7108535136183,-615.6088720091193,49.10198150449901,-52.90308337172368,-29.945230268821383,22.9578531029023,,339;477,473;476;490;500;502,320;351;367;389;390;407;436;466;467;481;518;527,405;417;493;501,420;453;455;456;457;486;487;488;489;492;495,,368;374;386;391;442;445;446;448;449;451;454;472;491;494;497;506;519;520;528,417;484;505,455;456;483;487;489;502,498,403;495;503
