pdb,antibody,method,constrained,wt_total,om_total,d_total,wt_interface,om_interface,d_interface,tot_stab_mut_close,tot_stab_mut_distal,tot_stab_other_close,tot_stab_other_distal,tot_destab_mut_close,tot_destab_other_close,tot_destab_mut_distal,tot_destab_other_distal,int_destab_mut,int_destab_other,int_stab_mut,int_stab_other
7SO9,4,rpk,cons,-605.7220669378892,-584.5941048538056,21.127962084083606,-39.44685255505995,-32.24991373994062,7.196938815119331,,339,,406,484;501,,371;373;375;405,372,484;493,,,
7SO9,4,rpk,free,-629.729977888396,-612.9296668499971,16.80031103839883,-45.87533542766341,-40.00895128269255,5.8663841449708585,,339,453,434;502;508,484;501,446;449;455,371;373;375;405,372;377;506,484,,,494
7SO9,4,af2,cons,-614.3311204784859,-509.39352639113383,104.93759408735207,-31.901203850463915,-22.73399469003639,9.167209160427525,,339,483;486;490;496;499;500;502,383;481;518,493;501,446;447;449;455;456;473;475;487;492;494;495;497,371;373;405,346;351;365;372;448;451;453;454;457;461;469;471;479;491;506;520;522;538;541,484,449;483;489;490;494,501,486;499
7SO9,4,af2,free,-655.6695612883387,-602.5055035548884,53.16405773345036,-40.362402521110766,-33.86165766542485,6.500744855685916,,339;477;478,482;485;486;490;499;500;502,320;338;354;367;369;390;407;436;437;466;518,493;501,403;446;448;449;453;455;456;475;487;491;492;495;497,405,368;374;377;386;391;406;430;435;442;451;454;457;467;474;480;506;517;519;520;526,484,449;483;489;490,498;501,486;495;499
