pdb,antibody,method,constrained,wt_total,om_total,d_total,wt_interface,om_interface,d_interface,tot_stab_mut_close,tot_stab_mut_distal,tot_stab_other_close,tot_stab_other_distal,tot_destab_mut_close,tot_destab_other_close,tot_destab_mut_distal,tot_destab_other_distal,int_destab_mut,int_destab_other,int_stab_mut,int_stab_other
7M42,1,rpk,cons,-448.1509924700199,-425.1884615692245,22.9625309007954,-38.11622258243966,-35.83219153605219,2.2840310463874687,,339,,,371;373;501,369;372,446,,,377,375,
7M42,1,rpk,free,-523.8094949442536,-529.1081784094877,-5.298683465234035,-53.182736168844045,-57.599574768030266,-4.416838599186221,,339,368;369;377,,371;375;501,370,446;493,338,,374,,370
7M42,1,af2,cons,-610.1924333162863,-597.6000730964679,12.592360219818374,-25.253547090784163,-24.214863289758437,1.0386838010257264,,339,406,367;483;485;518,371;373;375;501,374;435,,368;434;452;489;499;528,373;375,,,369;374
7M42,1,af2,free,-662.1114070870799,-661.7433805720659,0.3680265150139803,-50.72928240670041,-37.44413707370124,13.285145332999171,,339,372;383;385;406;503,356;393;483;518;527,501,405;408;435,446,391;392;448;455;517;528,375;501,369;405;500;504;506,373,374;414;503
