pdb,antibody,method,constrained,wt_total,om_total,d_total,wt_interface,om_interface,d_interface,tot_stab_mut_close,tot_stab_mut_distal,tot_stab_other_close,tot_stab_other_distal,tot_destab_mut_close,tot_destab_other_close,tot_destab_mut_distal,tot_destab_other_distal,int_destab_mut,int_destab_other,int_stab_mut,int_stab_other
7EZV,1,rpk,cons,-477.1673447934416,-460.60896810406166,16.55837668937994,-49.07365205646189,-44.36469307639153,4.708958980070356,,339,,,417;478,,371;373;375;446,372,417;478,,493,
7EZV,1,rpk,free,-525.4487554940029,-503.89125050843927,21.557504985563583,-52.708765284309294,-52.1890036462418,0.519761638067493,,339,486,365;406,417;478,,371;373;375;446;501,372;374;392,417;478,,493,486
7EZV,1,af2,cons,-607.8548143296175,-612.1536413968811,-4.2988270672635736,-38.2871142288651,-32.89209414745978,5.39502008140532,,339;371,483;485;486,367;369;372;406;518,417;478,,375;501,365;368;374;434;435;499,417;478,485,,483
7EZV,1,af2,free,-672.1652768382351,-665.927477118932,6.237799719303098,-58.95040680264536,-47.811136875821596,11.139269926823765,,339;371,483,369;372;389;406;450;451;516;518;527,417;478,479,446;496;501,374;430;435;448;519;528,417;477;478;484,479;481;485;486,493,489
