pdb,antibody,method,constrained,wt_total,om_total,d_total,wt_interface,om_interface,d_interface,tot_stab_mut_close,tot_stab_mut_distal,tot_stab_other_close,tot_stab_other_distal,tot_destab_mut_close,tot_destab_other_close,tot_destab_mut_distal,tot_destab_other_distal,int_destab_mut,int_destab_other,int_stab_mut,int_stab_other
7KL9,1,rpk,cons,-352.4620840342982,-329.0084285867073,23.453655447590904,-27.514875680682078,-22.93882344146389,4.576052239218189,,339;408,449,374,486;501,487,371;375;376;484,377;435,417;486;505,,501,
7KL9,1,rpk,free,-480.0136848542345,-467.8319827750537,12.181702079180809,-47.599745102528836,-46.268220474131006,1.3315246283978297,,339;408,500,366;444;525;527,486,487,371;375;376;405;484,390,417;486;505,,477;501,500
7KL9,1,af2,cons,-606.4423395724291,-533.409510542943,73.03282902948604,-22.272026671100136,-19.153452146234546,3.11857452486559,,339,490;500;502,481;483;485,405;505,473;474;475;479;487;494;495;506,452,365;442;446;448;451;454;457;465;467;469;472;488;491;492;497;538,417;486;505,475,477;478;498,476;502;503
7KL9,1,af2,free,-653.1940568217374,-627.4519550691582,25.742101752579174,-51.82842182409553,-29.950372649370188,21.87804917472534,,339,473;485;490;500;502;503,338;354;367;369;372;390;401;436;443;450;527,486;501;505,446;449;487;489;492;493;495;497;506,405,351;391;420;442;445;448;451;465;469;479;480;491;528,417;486;501;505,449;489;493;494,477;498,475;476;503
