pdb,antibody,method,constrained,wt_total,om_total,d_total,wt_interface,om_interface,d_interface,tot_stab_mut_close,tot_stab_mut_distal,tot_stab_other_close,tot_stab_other_distal,tot_destab_mut_close,tot_destab_other_close,tot_destab_mut_distal,tot_destab_other_distal,int_destab_mut,int_destab_other,int_stab_mut,int_stab_other
7P78,3,rpk,cons,-282.8248664574537,-270.3725036718687,12.452362785585024,-25.105065915405955,-20.54429976535283,4.5607661500531265,,339;376,406,,405;484;493;498;501,,371;373;375,,498;505,,,421
7P78,3,rpk,free,-443.6858039679021,-443.16322370614193,0.5225802617601403,-44.26234523090354,-47.21955272790108,-2.9572074969975404,,339;375,403;406;449,369;395;435;451;480;508;523,405;484;493;498,421;473,371;373,365;370;396;436;492,484;493;498,,417;501,416;486
7P78,3,af2,cons,-602.2074397552716,-491.6408488179444,110.56659093732719,-21.250751903373644,-20.022398832049838,1.2283530713238058,,339,483;496;500;502,434;490;518,405;493;498;501;505,446;449;453;456;473;474;475;487;494;495;503;504;506,371;373,346;351;365;372;448;451;457;459;461;467;469;471;479;480;491;492;497;520;522;541,493;498;501;505,445;446,405,403;486;502;504
7P78,3,af2,free,-658.6654319599991,-618.4662925949378,40.19913936506123,-40.486144913981455,-39.52958316113204,0.9565617528494172,,339,418;475;486;500;502,358;367;369;390;407;423;429;436;437;443;483;490;518;527,405;493;498,420;445;446;449;453;454;455;487;488;494;495;506,,357;374;391;430;448;451;465;471;491;492;497;519;520;528;540,498;501;505,445;446;449;453;455;500;504,477,403;456;486;487;495;503
