pdb,antibody,method,constrained,wt_total,om_total,d_total,wt_interface,om_interface,d_interface,tot_stab_mut_close,tot_stab_mut_distal,tot_stab_other_close,tot_stab_other_distal,tot_destab_mut_close,tot_destab_other_close,tot_destab_mut_distal,tot_destab_other_distal,int_destab_mut,int_destab_other,int_stab_mut,int_stab_other
6XC3,1,rpk,cons,-537.8102592293326,-508.4534089522098,29.35685027712276,-69.99580357121334,-56.112062480707074,13.88374109050627,,339,,,417;498;501;505,,371;373;375,372;499,417;493;505,,,
6XC3,1,rpk,free,-553.3243083743446,-542.4051157731313,10.91919260121324,-76.03318643165987,-63.199322178532995,12.833864253126876,,339,487;492,367;377;452,484;498;505,489,371;373;375,342;368;450,417;493;505,415;455;489,501,420
6XC3,1,af2,cons,-615.8872681703228,-609.6032546323188,6.2840135380040465,-60.40420660088036,-46.75721217262819,13.646994428252164,,339;371,486,367;369;372;472;483;485;518,501,408,375;446,365;368;374;434;435;452;499,417;493;505,421;486,496;498,
6XC3,1,af2,free,-664.7943481248317,-655.5681479313357,9.22620019349597,-77.0356359243899,-74.49216740292542,2.543468521464476,,339;371,485;488;489;490,369;372;390;450;451;518;527,417;446;493;496,408;449;458;475;486,,332;374;435;452;471,417;484;496;505,453;486,498;501,405;456;489;490
