pdb,antibody,method,constrained,wt_total,om_total,d_total,wt_interface,om_interface,d_interface,tot_stab_mut_close,tot_stab_mut_distal,tot_stab_other_close,tot_stab_other_distal,tot_destab_mut_close,tot_destab_other_close,tot_destab_mut_distal,tot_destab_other_distal,int_destab_mut,int_destab_other,int_stab_mut,int_stab_other
7LD1,1,rpk,cons,-71.70536370566079,-37.96118651802651,33.74417718763428,-37.17260162001043,-35.30002821984707,1.8725734001633612,,339,374,,371;373;405;505,372;435;503;508,498,402;509,405;408,,375;376;501;505,
7LD1,1,rpk,free,-347.76563810627454,-331.05509839753165,16.710539708742886,-51.87927643792154,-57.68217798252414,-5.802901544602598,,339,409;414;495;502;506,336;341;442;443;470;488;492,371;373;405;417;505,372;374;403;420;433,484;493,402;410;422;425;448;449;451;472;481;496,405;408,369;403,375;505,377;380;414;415;502;503
7LD1,1,af2,cons,-594.9304122589003,-516.9105958754541,78.01981638344625,-31.09433383509747,-21.059940157829956,10.034393677267513,,339,369;380;383;436;502;504,483;490;496;518,371;405;501,372;374;377;378;503;506;508,452,351;365;442;446;451;454;455;456;457;459;467;469;471;473;474;475;479;487;491;492;494;495;497;520;541,408,372;503;508,405,369;504
7LD1,1,af2,free,-659.4815121365732,-628.076885260175,31.404626876398197,-42.705689838070846,-47.529681981051986,-4.82399214298114,,339;478,369;374;412;415;421;436;499;500;502;508,320;367;382;390;443;466;468;483;490;518;528,405;501,414;435;503;506,493,353;391;442;445;446;447;448;451;454;457;469;480;491;492;495;497;519;520;526,405;408;505,372;414;502;503,373;375,374;377;380;415;504;506
