pdb,antibody,method,constrained,wt_total,om_total,d_total,wt_interface,om_interface,d_interface,tot_stab_mut_close,tot_stab_mut_distal,tot_stab_other_close,tot_stab_other_distal,tot_destab_mut_close,tot_destab_other_close,tot_destab_mut_distal,tot_destab_other_distal,int_destab_mut,int_destab_other,int_stab_mut,int_stab_other
7KMK,1,rpk,cons,-647.9261753901758,-629.5121865863898,18.41398880378597,-56.70158426686734,-41.13106767348208,15.570516593385264,,339,,,484;486,,371;373;375;501,,417;484;486;505,,,421
7KMK,1,rpk,free,-668.1814601827043,-661.7939808905811,6.387479292123203,-60.07144662189101,-43.647780021519615,16.423666600371398,,339,,368,405;501,,371;375,377,417;484;486,,,
7KMK,1,af2,cons,-610.4918909844264,-531.8663312909334,78.62555969349296,-40.217067378322284,-27.649276653003284,12.567790725319,,339,483;502,481;500,405;417;477,420;453;454;457;473;474;475;479;487;488;494;495;497,,365;387;389;442;445;446;448;449;451;467;469;491;492;506,417;505,473;475;483;487;489;490;493,478;498,403;455;495
7KMK,1,af2,free,-657.81784466213,-615.7314198073254,42.08642485480459,-39.84367142477626,-50.355551149790315,-10.511879725014055,,339,483;485;490;502,338;347;367;369;390;422;436;443;450;481;500,405;417;452,453;455;457;474;487;492;493;495;497,,357;368;386;391;392;394;442;445;446;448;451;465;467;479;491;506,417;505,415;456;473;483;489,405;477;486;498;501,403;485;495;497;503
