pdb,antibody,method,constrained,wt_total,om_total,d_total,wt_interface,om_interface,d_interface,tot_stab_mut_close,tot_stab_mut_distal,tot_stab_other_close,tot_stab_other_distal,tot_destab_mut_close,tot_destab_other_close,tot_destab_mut_distal,tot_destab_other_distal,int_destab_mut,int_destab_other,int_stab_mut,int_stab_other
7DCC,2,rpk,cons,-464.1920699473836,-444.5118014498621,19.680268497521467,-51.609960572315686,-51.18192124864044,0.4280393236752431,,339;496,,497,371;373;375,369;370,446;484,447,,,375,
7DCC,2,rpk,free,-543.7745230648877,-534.8378178247426,8.936705240145102,-53.371271514017295,-51.64365865395297,1.7276128600643261,,339;496,372;374;508,449,371;501,503,446;484,347;368;490,505,372;503,375;501,504;508
7DCC,2,af2,cons,-600.4114880636241,-614.6392093516092,-14.227721287985105,-30.225736528737244,-47.30077997030378,-17.075043441566535,,339,369;372;403;406,367;483;485;518,375;501,368;435,446,365;420;434;489;494;499;528,,370,373,369;374;377;405
7DCC,2,af2,free,-648.2542730628425,-655.5906880242425,-7.33641496140001,-9.967031260307596,-50.391376983817196,-40.4243457235096,,339,376;377;405;406;502,368;390;393;450;451;483;518;527,,370;435,446,381;448;455;528,,370,373,369;374;376;377;385;405;408;502;503;504
