pdb,antibody,method,constrained,wt_total,om_total,d_total,wt_interface,om_interface,d_interface,tot_stab_mut_close,tot_stab_mut_distal,tot_stab_other_close,tot_stab_other_distal,tot_destab_mut_close,tot_destab_other_close,tot_destab_mut_distal,tot_destab_other_distal,int_destab_mut,int_destab_other,int_stab_mut,int_stab_other
7ORB,2,rpk,cons,-508.26816376125646,-490.12127919948193,18.146884561774527,-38.977159171796345,-36.771366855773095,2.205792316023249,,408,,406,493;501,446,371;375;405,372,493,444,,445;449
7ORB,2,rpk,free,-537.9621631834632,-522.357501184021,15.604661999442214,-41.675444140534225,-45.17967590430816,-3.5042317637739373,,339;408,496,406,452;484;493,446,371;375;405,372,493,,498,494
7ORB,2,af2,cons,-613.7731215937245,-505.4985932164423,108.27452837728214,-36.8245456514358,-7.105001193869517,29.719544457566283,,339,483;490;496;499;502,518,493;501,442;443;444;445;446;447;448;449;450;451;456;492;494;495;497,371;373;405,351;365;372;453;454;457;461;469;471;473;475;479;487;491;506;520;522;538;541,493,444;446;449;490,,495;499
7ORB,2,af2,free,-664.7125453219994,-624.5016585874755,40.21088673452391,-48.17870120318386,-29.24435295642512,18.93434824675874,,339;478;505,483;490;499;500,351;354;367;369;390;407;421;436;437;458;466;467;473;474;502;518;527,452;493,444;445;446;447;451;453;455;492;495;509,405,356;374;377;391;435;454;457;469;479;480;491;506;507;517;519;520;528,440;452;493,444;445;449;490,501,495;499
