pdb,antibody,method,constrained,wt_total,om_total,d_total,wt_interface,om_interface,d_interface,tot_stab_mut_close,tot_stab_mut_distal,tot_stab_other_close,tot_stab_other_distal,tot_destab_mut_close,tot_destab_other_close,tot_destab_mut_distal,tot_destab_other_distal,int_destab_mut,int_destab_other,int_stab_mut,int_stab_other
7E3L,3,rpk,cons,-531.1476207567196,-504.5979540143888,26.54966674233077,-36.67585818390838,-36.52059729637588,0.15526088753249923,,339;496,,,478;484,,371;373;375;446;501,369;372;447,,,493,
7E3L,3,rpk,free,-589.0366478152426,-584.292127776819,4.744520038423616,-42.20624892571358,-45.84868916422919,-3.6424402385156114,,339,,342;367;369;374;388,478;484,,371;375;446;501,364;380;386;447,478,487,,486;489
7E3L,3,af2,cons,-615.707539615855,-614.8508987737455,0.8566408421095275,-33.73291823932786,-30.08980045985401,3.6431177794738474,,339;371,481;483;485,367;369;372;406;451;518,478,487,375;446;501,365;368;374;420;434;435;449;499;528,478;484,487,493,486
7E3L,3,af2,free,-654.7412897704248,-657.9733916321464,-3.232101861721617,-50.92527303697306,-49.91361323826141,1.0116597987116478,,339;371,481;483;485,390;418;436;518,478,421;492,446,332;374;444;517;528,,475;481;485;487,493,489;490
