pdb,antibody,method,constrained,wt_total,om_total,d_total,wt_interface,om_interface,d_interface,tot_stab_mut_close,tot_stab_mut_distal,tot_stab_other_close,tot_stab_other_distal,tot_destab_mut_close,tot_destab_other_close,tot_destab_mut_distal,tot_destab_other_distal,int_destab_mut,int_destab_other,int_stab_mut,int_stab_other
7E7Y,1,rpk,cons,-524.3036365459785,-510.3657926128434,13.937843933135127,-47.024377359285516,-48.33716361026205,-1.3127862509765365,,339;373,,,477;478;484,,371;375;446;501,447,,,,
7E7Y,1,rpk,free,-551.7289356042321,-548.2274057008842,3.501529903347887,-47.28868894576542,-51.00558265029808,-3.7168937045326587,,339;373,,406,478,,446,434;447;449,,,478,
7E7Y,1,af2,cons,-610.4630036477754,-615.4624444684587,-4.999440820683276,-19.549405047434778,-27.133942952068384,-7.584537904633606,,339;371,483;485;486,367;369;372;406;518,478,455;489,375;446;496;501,365;368;374;420;434;435,,483,484,485;486
7E7Y,1,af2,free,-661.8174122500577,-667.3627183949619,-5.5453061449042025,-41.612430033631725,-48.92935535900724,-7.316925325375514,,339;371,483;485,356;369;372;393;406;425;516;518,477,479;489,446,326;374;420;435;444;519,,483;487;488,484,485;486;489;490
