pdb,antibody,method,constrained,wt_total,om_total,d_total,wt_interface,om_interface,d_interface,tot_stab_mut_close,tot_stab_mut_distal,tot_stab_other_close,tot_stab_other_distal,tot_destab_mut_close,tot_destab_other_close,tot_destab_mut_distal,tot_destab_other_distal,int_destab_mut,int_destab_other,int_stab_mut,int_stab_other
7ND8,1,rpk,cons,-566.2964607809829,-545.903427417652,20.393033363330915,-40.859273428230985,-37.40587220736139,3.453401220869594,,339;408;505,,,484,,371;373;375;405,372,484,,,
7ND8,1,rpk,free,-599.5173242551062,-581.7956737571577,17.72165049794853,-49.841020917207054,-52.128925850159064,-2.28790493295201,,339;408;505,446,363;369,484,490,371;375;498,342;365;368;370;377,484,490,,449;492;494
7ND8,1,af2,cons,-603.3573294778744,-538.0919532991007,65.26537617877364,-17.083234669246995,-15.379331677849258,1.7039029913977366,,339,481;485;499,383;500;502,501,446;449;455;456;475;487;488;492;493;494;495;497,405;477,365;387;442;448;451;457;467;469;474;479;491;506,,483;490,,493;495
7ND8,1,af2,free,-653.1789086083957,-616.9017464616984,36.277162146697265,-23.244426817308373,-33.61139604068701,-10.36696922337864,,505,472;485;490;499,320;347;358;366;367;372;382;389;390;421;443;500;502;527,452;501,446;453;487;492;495;497,405,326;357;377;394;442;445;447;451;457;460;461;466;467;479;480;491;506;528,484,489;490,486;498,475;485;493;494;495
