pdb,antibody,method,constrained,wt_total,om_total,d_total,wt_interface,om_interface,d_interface,tot_stab_mut_close,tot_stab_mut_distal,tot_stab_other_close,tot_stab_other_distal,tot_destab_mut_close,tot_destab_other_close,tot_destab_mut_distal,tot_destab_other_distal,int_destab_mut,int_destab_other,int_stab_mut,int_stab_other
7CZQ,2,rpk,cons,-444.47165022975935,-421.5244973872337,22.947152842525668,-41.206129170730115,-36.790253000446604,4.415876170283511,,339,,,501,,371;373;375;484,372,417;498;505,,405,
7CZQ,2,rpk,free,-522.4276953888041,-497.11598157322896,25.311713815575104,-59.55736515867443,-63.22088802676056,-3.663522868086133,,339,455;487,508,484;505,490,371,433;434;436;437;442;446;472,417;505,421;449;475;502;503,405;477;478,453;455;493
7CZQ,2,af2,cons,-609.227169646927,-520.3094308142493,88.91773883267774,-40.68772215405406,-31.804071458731045,8.883650695323013,,339,490;499;500;502,481;483;485,405;417;477;498;501;505,403;449;451;456;473;474;475;479;480;487;492;493;494;495;497;506,,365;442;446;448;467;469;491,417;486;505,449;455;476;493;494,405,403;457;499;503
7CZQ,2,af2,free,-660.2915324536013,-614.7652282309023,45.52630422269908,-67.25909439161103,-31.075225140373476,36.18386925123755,,339,490;499;500;502,320;338;358;367;369;372;374;389;390;423;429;436;443;450;483;508;517;527,417;452;501;505,406;420;449;453;456;460;475;487;492;493;494;495;497;506,375,326;368;424;430;442;445;446;448;451;465;480;491;528,417;505,415;421;449;455;456;460;473;475;487;489;493;494;502;504,477;478;498,499;503
