pdb,antibody,method,constrained,wt_total,om_total,d_total,wt_interface,om_interface,d_interface,tot_stab_mut_close,tot_stab_mut_distal,tot_stab_other_close,tot_stab_other_distal,tot_destab_mut_close,tot_destab_other_close,tot_destab_mut_distal,tot_destab_other_distal,int_destab_mut,int_destab_other,int_stab_mut,int_stab_other
7MJL,1,rpk,cons,-502.3794189138736,-492.9239197240761,9.455499189797536,-44.022916129909305,-32.963811277671624,11.059104852237681,,339,,,405;501,489,371;375,372,477;493;505,,,
7MJL,1,rpk,free,-549.0898167010254,-539.8536478509301,9.236168850095282,-55.83569034662369,-47.8386201238859,7.99707022273779,,339,,508,405,492;496,371,372,417;477;505,403;490,478;501,
7MJL,1,af2,cons,-610.7215528635011,-474.7530878824857,135.96846498101536,-35.444162787561595,-8.828820589806764,26.61534219775483,,339,486;490;496;500;502,437;483;518,405;477;478;493;501;505,449;453;456;473;474;475;476;479;487;492;494;495;497,371;373;375,346;351;365;372;446;451;454;465;467;469;491;506;520;522;541,477;478;493;501;505,453;473;474;475;476;489,498,457;486;495;503
7MJL,1,af2,free,-658.2422243842991,-621.298764848811,36.94345953548816,-50.00826342103868,-32.91327303392531,17.09499038711337,,339,474;486;490;500;502;504,320;363;367;390;407;423;436;437;499;508;518,405;493;501,406;420;447;449;453;456;460;475;487;489;492;495;497;506,452,365;368;374;377;388;391;425;445;446;448;451;454;465;467;491;519;520;526,505,403;415;420;421;453;455;456;460;473;475;489,405;498,416;486;503;504
