pdb,antibody,method,constrained,wt_total,om_total,d_total,wt_interface,om_interface,d_interface,tot_stab_mut_close,tot_stab_mut_distal,tot_stab_other_close,tot_stab_other_distal,tot_destab_mut_close,tot_destab_other_close,tot_destab_mut_distal,tot_destab_other_distal,int_destab_mut,int_destab_other,int_stab_mut,int_stab_other
7DK4,3,rpk,cons,-474.53574215632284,-447.9969578931856,26.538784263137245,-52.01915268877443,-43.328860256822,8.690292431952436,,339,444;490;497,,446;498,445;447,371;373;375,369;372,417;484;493;505,,,490
7DK4,3,rpk,free,-519.0483357842269,-515.7537580156959,3.294577768530985,-69.65902928913286,-66.2590230968184,3.400006192314464,,,486,369,446;493,445;447;488,371;373,368;374;434,417;484;493,444;488,478,453;456;458;486
7DK4,3,af2,cons,-601.063511714792,-596.3155542089812,4.747957505810746,-38.52345787438822,-36.67836347311993,1.845094401268291,,339;371,481;483;485,367;369;372;518,446;493;496;501,490,375,365;368;374;434;435;499;528,417;493;505,,,485
7DK4,3,af2,free,-665.3298308473934,-662.5308158103219,2.799015037071513,-61.670979007934335,-64.74321788742847,-3.0722388794941367,,339;371,483;485;486,372;390;393;451;480;518;527,446;493;496;501,444;449,,342;356;374;391;435,484;493,449;483;495,,486;487;490;494
