pdb,antibody,method,constrained,wt_total,om_total,d_total,wt_interface,om_interface,d_interface,tot_stab_mut_close,tot_stab_mut_distal,tot_stab_other_close,tot_stab_other_distal,tot_destab_mut_close,tot_destab_other_close,tot_destab_mut_distal,tot_destab_other_distal,int_destab_mut,int_destab_other,int_stab_mut,int_stab_other
7DEU,1,rpk,cons,-518.0573951322183,5.7836979249610465,523.8410930571794,-35.35898893340944,-30.48829475453708,4.870694178872363,,339,,,477;493,,371;373;375;376;405;498;501,336;338;350;352;353;358;364;365;372;374;412;418;422;426;434;444;448;451;495;503;508;515;526,477,,,
7DEU,1,rpk,free,-551.266923952295,-541.3230307399033,9.943893212391686,-36.06493181981539,-33.57645616726322,2.488475652552175,,339;373;408,,387;508,477,,405;501,356;366;449,477,487,,
7DEU,1,af2,cons,-616.1681234158912,-502.5512858456684,113.61683757022274,-23.584795965244105,-3.312386511968623,20.272409453275483,,339,,443;483;490;500;502;508;518,477;478,455;456;474;475;479;480;486;487;489;495,371;373;405;484;493;501,346;351;365;372;442;446;449;451;453;454;457;459;461;465;471;488;491;492;494;497;506;520;522;538;541,477,486;489,,479
7DEU,1,af2,free,-660.8185807984012,-618.9516492223638,41.86693157603736,-32.05107475009136,-15.638133323111655,16.412941426979707,,339,458;473;481;483;485,320;354;367;369;390;407;418;436;443;490;500;502;518;527,477,480;486;487;489,405;493,374;377;386;391;403;425;430;435;442;445;446;447;448;449;451;453;454;471;491;492;495;497;506;517;519;520;528,477,476;486;489,478,480;481;483
