pdb,antibody,method,constrained,wt_total,om_total,d_total,wt_interface,om_interface,d_interface,tot_stab_mut_close,tot_stab_mut_distal,tot_stab_other_close,tot_stab_other_distal,tot_destab_mut_close,tot_destab_other_close,tot_destab_mut_distal,tot_destab_other_distal,int_destab_mut,int_destab_other,int_stab_mut,int_stab_other
7MJK,3,rpk,cons,-549.9685935704707,-542.9079690401169,7.060624530353834,-52.377055139059976,-43.356265963078556,9.02078917598142,,339,,374,405,,371;375,372,417;505,403,,
7MJK,3,rpk,free,-594.668631497748,-590.1631963793252,4.505435118422838,-57.0036720411768,-48.071959038677505,8.931713002499293,,339,473;489,497;528,,403;495,371;375,372,417;505,403,,
7MJK,3,af2,cons,-602.6506802127557,-507.3578148253272,95.29286538742849,-31.876669822674238,-21.146407836041092,10.730261986633145,,339,458;496;500;502,383;483;485,405;477;478;505,453;456;457;473;474;475;479;480;487;492;494;495;497,452,365;387;389;442;446;448;449;451;454;467;469;491;506;538,417;505,453;456;474;475;476,486;498,473;495
7MJK,3,af2,free,-656.7908055810124,-617.2915803167348,39.499225264277584,-56.61678117516889,-51.20798414968931,5.408797025479579,,339,455;476;490;499;500;502,338;358;367;369;390;392;423;436;443;485,405,447;453;454;456;460;475;479;488;489;491;492;494;495,375,368;442;446;451;466;471;480;497;506;526;541,417;486;505,403;415;420;456;457;460;475;489;490;493,477;478;498;501,487;495;503
