pdb,antibody,method,constrained,wt_total,om_total,d_total,wt_interface,om_interface,d_interface,tot_stab_mut_close,tot_stab_mut_distal,tot_stab_other_close,tot_stab_other_distal,tot_destab_mut_close,tot_destab_other_close,tot_destab_mut_distal,tot_destab_other_distal,int_destab_mut,int_destab_other,int_stab_mut,int_stab_other
7KL9,3,rpk,cons,-337.0996543839507,-304.362884686596,32.7367696973547,-22.18841938749331,-21.54390630059997,0.6445130868933404,,339,,,417;493;505,496,371;373;375;376;484,372;482,417;505,,493;501,
7KL9,3,rpk,free,-466.1759768285202,-425.87814941324694,40.297827415273275,-38.5187631477047,-37.84332332659762,0.6754398211070836,,339;408,483;502,442;451;491;508;516,405;417,473;489;495;496;504,371;373,347;369;377;499;506;521,405;417;505,453;455,493;501,
7KL9,3,af2,cons,-612.9872993311989,-513.504448599736,99.48285073146292,-31.96616588455384,-23.200679451504254,8.765486433049585,,339,490;500;502,383;443;483;518,405;493;501,403;446;449;453;455;456;473;474;475;476;487;489;492;494;495;497;506,371;373;375,346;351;365;372;387;451;454;457;459;461;469;471;479;491;520;522;541,405;417;493;505,456;475;476;489,498,495;502;503;504
7KL9,3,af2,free,-662.8406858779001,-626.6629105226107,36.17777535528944,-58.440370262138366,-41.94188996057073,16.49848030156764,,339,473;490;500;502;503,320;338;356;367;380;390;483;518;528,405;493;501;505,403;446;447;455;486;487;489;492;495;506,371;452,365;374;377;381;391;420;445;448;451;465;467;491;497;517;519;520,405;417;493;505,456;486;487;489;499,478;498,453;475;503;504
