pdb,antibody,method,constrained,wt_total,om_total,d_total,wt_interface,om_interface,d_interface,tot_stab_mut_close,tot_stab_mut_distal,tot_stab_other_close,tot_stab_other_distal,tot_destab_mut_close,tot_destab_other_close,tot_destab_mut_distal,tot_destab_other_distal,int_destab_mut,int_destab_other,int_stab_mut,int_stab_other
7RKV,3,rpk,cons,-474.72718323022673,-459.2365815764009,15.49060165382582,-47.927768964336785,-43.45141564067831,4.476353323658472,,339,,406,371;373;375,372,484;501,455,408,,,
7RKV,3,rpk,free,-567.0124881430311,-558.0056123035023,9.006875839528789,-45.1506520096629,-59.67054537918622,-14.519893369523324,,339,378;380;427;506,346,371;375,377;502,373,434,408,369,375,372;378;380;415;427
7RKV,3,af2,cons,-605.8266525538779,-488.1593151739121,117.66733737996583,-38.2385970306168,-25.068677771224515,13.169919259392287,,339,369;390;502,366;443;483;490;518,371;373;375;405,372;378;379;381;385;435;503;506,493;501,346;351;365;442;446;449;451;453;454;455;456;457;459;461;467;469;471;473;474;475;479;487;491;492;494;495;497;520;522;538;541,405;408,370;372;379;381;385;503,,369;427
7RKV,3,af2,free,-654.3515221948046,-617.7406128918299,36.61090930297473,-58.66815968357051,-59.05035645619856,-0.3821967726280491,,478,369;382;390;407;502;508,338;354;367;418;458;472;489;490;500;518,371;405,383;385;503;506,493;501,365;389;391;403;445;446;448;449;451;453;454;480;486;487;488;491;492;495;497;519;520;526,405;408,372;385;413;503,373,368;369;377;384;427
