pdb,antibody,method,constrained,wt_total,om_total,d_total,wt_interface,om_interface,d_interface,tot_stab_mut_close,tot_stab_mut_distal,tot_stab_other_close,tot_stab_other_distal,tot_destab_mut_close,tot_destab_other_close,tot_destab_mut_distal,tot_destab_other_distal,int_destab_mut,int_destab_other,int_stab_mut,int_stab_other
7NXB,1,rpk,cons,-541.50317229864,-536.1823249029057,5.32084739573429,-48.837147405114735,-39.680528419257506,9.156618985857229,,339,,,,500,371;452,,408;417;505,,501,
7NXB,1,rpk,free,-557.4609440503375,-557.9070417585732,-0.4460977082356976,-60.02906895855435,-48.27665560054851,11.752413358005839,,339,489,374;434;436,405,,371;375;452,,417;486;505,495,,489
7NXB,1,af2,cons,-612.6344509954686,-503.9787151645431,108.6557358309255,-43.16780309419501,-22.023276899192645,21.144526195002364,,339,458;500;502,347;383;483;485,405;477;478;498;501;505,449;455;456;457;473;474;475;476;479;480;487;494;495;497;503;506,375;452,365;442;446;448;451;467;469;491;492,505,455;460;473;475;476,478;498,504
7NXB,1,af2,free,-658.7503641701346,-611.6356844951785,47.114679674956164,-57.43499716797069,-14.590000929501679,42.844996238469015,,,485;500;502,320;338;347;358;367;372;390;434;443;472;483;490;499;527,405;486;501;505,447;455;456;473;475;487;495;497;503,371;375;452,377;430;442;445;446;448;467;469;480;491;492;506;528,486;501;505,420;455;456;460;473;475;495;502,478,
