pdb,antibody,method,constrained,wt_total,om_total,d_total,wt_interface,om_interface,d_interface,tot_stab_mut_close,tot_stab_mut_distal,tot_stab_other_close,tot_stab_other_distal,tot_destab_mut_close,tot_destab_other_close,tot_destab_mut_distal,tot_destab_other_distal,int_destab_mut,int_destab_other,int_stab_mut,int_stab_other
7L57,1,rpk,cons,-314.28426842452757,-308.56189964314035,5.7223687813872175,-36.46826242710206,-28.071827678608997,8.396434748493064,,339;373;408,,,484,492,371;375;405,406,484;486,,,490
7L57,1,rpk,free,-424.6513308868242,-412.4741703212733,12.177160565550935,-42.28642152462568,-39.75808951782923,2.528332006796454,,339;408,490,340;346;372;430;436,452;484,489,371;375;417,473;475;509;537;538,484,450,,490
7L57,1,af2,cons,-657.7087080575548,-611.9889587436694,45.71974931388536,-39.669016334211925,-33.79794360895896,5.871072725252965,,339,455;490;499;502,320;338;346;347;358;367;369;374;390;427;434;436;443;481;528,452;484,446;448;449;456;474;489;491;492;495;497,405,386;391;424;425;442;451;467;469;479;506;533,484,444;446;449;483;489;490,486;498;501,487;495;499;502;503
7L57,1,af2,free,-648.3740405262854,-609.0261486205452,39.3478919057402,-36.70927502178079,-14.728963245293889,21.9803117764869,,339;478,472;485;490;499;500,320;326;360;367;369;372;390;421;423;434;436;443;502;508,452;486,446;449;456;487;492;495;497,405,389;391;420;424;435;442;454;465;467;491;506;507;516;526,484;486,444;446;449;483;489;490;493,501,445;494;499
