pdb,antibody,method,constrained,wt_total,om_total,d_total,wt_interface,om_interface,d_interface,tot_stab_mut_close,tot_stab_mut_distal,tot_stab_other_close,tot_stab_other_distal,tot_destab_mut_close,tot_destab_other_close,tot_destab_mut_distal,tot_destab_other_distal,int_destab_mut,int_destab_other,int_stab_mut,int_stab_other
7LS9,3,rpk,cons,-523.0525037668087,-521.64505180028,1.407451966528697,-45.13688724542716,-39.87047521228751,5.266412033139652,,339;371;373;408,,436,452;484;493;501,,375,502,452;498,,,
7LS9,3,rpk,free,-593.7732477039505,-585.8089905811637,7.964257122786762,-43.50944099609807,-42.621344005397276,0.8880969907007952,,339;373,488,,452;484,,376;405;477,365;387,452;484,,,446;485;486
7LS9,3,af2,cons,-613.4968888022577,-523.7790479547941,89.71784084746355,-30.214635004775634,-24.690184059368136,5.524450945407498,,339,483;490;496;500;502,518,493;498;501;505,351;445;446;448;449;451;491;492;495;497,371;373;405,365;372;442;453;454;455;456;457;469;471;473;475;479;487;506;520;522;541,452;493;498,446;449;470;490;492,501,494;495;497;503
7LS9,3,af2,free,-662.8861806455917,-616.7709410513883,46.115239594203445,-49.13226391230753,-30.742137006066233,18.390126906241296,,339;478,450;483;500;502,354;367;369;390;407;436;458;473;518;527,452;484;493;498;501,442;446;448;451;487;488;491;492;495,405,365;374;391;420;435;455;456;467;469;480;506;517;519;520;528,452;484;498,444;448;483;490,501,486;494;497;499
