pdb,antibody,method,constrained,wt_total,om_total,d_total,wt_interface,om_interface,d_interface,tot_stab_mut_close,tot_stab_mut_distal,tot_stab_other_close,tot_stab_other_distal,tot_destab_mut_close,tot_destab_other_close,tot_destab_mut_distal,tot_destab_other_distal,int_destab_mut,int_destab_other,int_stab_mut,int_stab_other
7R8M,1,rpk,cons,-342.8266239789875,-314.8572944309732,27.969329548014343,-33.28569493154274,-36.982243127109854,-3.696548195567111,,408;498,,338,373,500,371;375;417,372,,,440,
7R8M,1,rpk,free,-465.1089293848078,-466.1607849232419,-1.051855538434097,-36.87952497941531,-35.90615509174918,0.9733698876661308,,376;408;417;452;498,436;437;442,341;358;370;380;385;392;410;465;481;491;508,339,342;343;438;499;500,371;373;501,338;364;365;414;419;423;455;483,,445,440,346
7R8M,1,af2,cons,-607.3665394131892,-495.94651323652994,111.42002617665929,-22.603662895790983,-16.674295164883677,5.929367730907305,,,346;443;500,483;490;502;518,371;373;440,345;372;438;439;441;442;444;446;447;448;449;451;497;506,405;493;501,351;365;403;454;455;456;457;461;471;473;475;479;487;491;492;494;495;520;522;541,,345;441;444;447,,346
7R8M,1,af2,free,-661.1453373248783,-604.839626253365,56.3057110715132,-34.275151552214034,-28.007890133287162,6.267261418926871,,478,372;500,338;366;367;380;390;483;490;502;518;527,371,342;346;442;444;445;446;451;497,405;493;501,365;374;381;391;403;454;455;456;457;469;472;486;488;491;492;495;506;517;519;520;528,,346;444;445,440,345;441
