pdb,antibody,method,constrained,wt_total,om_total,d_total,wt_interface,om_interface,d_interface,tot_stab_mut_close,tot_stab_mut_distal,tot_stab_other_close,tot_stab_other_distal,tot_destab_mut_close,tot_destab_other_close,tot_destab_mut_distal,tot_destab_other_distal,int_destab_mut,int_destab_other,int_stab_mut,int_stab_other
7NXA,1,rpk,cons,-539.6614260090469,-538.674133375707,0.9872926333398482,-50.414285709814024,-43.41903480075055,6.995250909063472,,339,,,405,,371;375,,505,,501,
7NXA,1,rpk,free,-562.646648232666,-562.5053006643333,0.14134756833277606,-58.96811287797571,-53.41714652923439,5.550966348741326,,339,457,347;418,405;498,489,375,434,505,421,493,456;457
7NXA,1,af2,cons,-614.1548216425069,-469.73541365705626,144.41940798545068,-44.19131436942363,-3.8330241482464,40.35829022117723,,339,481;489;496;500,483;490;518,405;477;478;501;505,449;453;454;455;456;457;471;473;474;475;476;479;480;487;494;495;497;503,371;373;452,346;351;365;372;446;451;467;469;491;492;506;520;522;541,477;478;505,455;473;475;476;502,498,474;489;503
7NXA,1,af2,free,-655.8352177010735,-625.114415415102,30.720802285971445,-62.7124446552252,-34.369274500215816,28.343170155009382,,,483;500;502,320;338;367;382;407;422;436;437;443;461;472;490;518,405;493;505,406;449;453;456;457;460;473;475;487;495;497;506,,351;374;386;391;402;442;445;446;448;451;492;519;520,417;505,420;456;457;460;473;475;487;495,477;501,476;503
