pdb,antibody,method,constrained,wt_total,om_total,d_total,wt_interface,om_interface,d_interface,tot_stab_mut_close,tot_stab_mut_distal,tot_stab_other_close,tot_stab_other_distal,tot_destab_mut_close,tot_destab_other_close,tot_destab_mut_distal,tot_destab_other_distal,int_destab_mut,int_destab_other,int_stab_mut,int_stab_other
7CZX,2,rpk,cons,-353.24975345882484,-329.99053038059526,23.25922307822958,-51.2744554055066,-45.79212355874572,5.482331846760879,,339,,,446;484;498,489,371;373;375,369;372,484;498,,,
7CZX,2,rpk,free,-468.68965894426094,-468.0083042114311,0.6813547328298455,-67.27533450604501,-61.429498044417706,5.845836461627307,,505,450;451;489,387;406;476,446;484;493,445;448;449,371;375;501,370;504,484;498,448;494,,450;489
7CZX,2,af2,cons,-609.2895711175304,-616.8503474404336,-7.560776322903166,-31.780135972107423,-37.21356094634742,-5.433424974239998,,339;371,481;483;485;486,367;369;372;406;518,496,452;455,375;501,365;368;374;434;435,493,,446,486
7CZX,2,af2,free,-652.4985299645498,-658.6762780646311,-6.177748100081317,-51.17589328739001,-52.25695327340417,-1.0810599860141608,,339;371;375,447;451;485;488,356;390;406;425;480;518;527,493,444;448;492,,365;374;389;391;435;479,484,450;483,446;478,449;487
