pdb,antibody,method,constrained,wt_total,om_total,d_total,wt_interface,om_interface,d_interface,tot_stab_mut_close,tot_stab_mut_distal,tot_stab_other_close,tot_stab_other_distal,tot_destab_mut_close,tot_destab_other_close,tot_destab_mut_distal,tot_destab_other_distal,int_destab_mut,int_destab_other,int_stab_mut,int_stab_other
7CWN,4,rpk,cons,-403.2136727847047,-387.6544308832796,15.559241901425139,-39.19128106037541,-40.063550638692426,-0.8722695783170167,,496,,,373;375,372,446;478,447,,,,
7CWN,4,rpk,free,-504.6338476982073,-491.55238488611474,13.081462812092582,-56.22926378240311,-54.66068742676452,1.5685763556385908,,496,436,338;340;342;364;367;452;474;497,373;375,,446;484;501,326;336;399;447;449;455;487;541,,380,375,
7CWN,4,af2,cons,-607.0040973403925,-570.0296756229511,36.97442171744137,-29.50166615250211,-24.525952392052275,4.975713760449835,,339,372;406,367;483;485;518,371;373;375,368;369;370;374;378;435,501,365;420;434;452;489;499;528,373;375,378,,376
7CWN,4,af2,free,-662.4571109346708,-650.1082705632855,12.348840371385336,-55.25915252162834,-36.13643630701631,19.122716214612026,,339,369;406,360;387;390;393;481;483;518,,374;378;379;385;389;435;528,446,356;365;420;448,,370;372;374;376;378;379;380;383;389;408;427,373,369;381
