pdb,antibody,method,constrained,wt_total,om_total,d_total,wt_interface,om_interface,d_interface,tot_stab_mut_close,tot_stab_mut_distal,tot_stab_other_close,tot_stab_other_distal,tot_destab_mut_close,tot_destab_other_close,tot_destab_mut_distal,tot_destab_other_distal,int_destab_mut,int_destab_other,int_stab_mut,int_stab_other
7P79,2,rpk,cons,-355.4445738778025,-338.520647782461,16.92392609534147,-27.199495427294252,-26.48331682301252,0.7161786042817333,,339,,,498;501,,371;375,372,493;498,,417,449
7P79,2,rpk,free,-450.27407911781074,-454.27018897936057,-3.996109861549826,-37.88215488491153,-32.897492560530736,4.984662324380793,,339,406;409;418;455,350;410;422;423;436,498,421;449;495;500,371;375,336;341;342;347;372;492,493;498,403;421;449;500,405;417,453;456
7P79,2,af2,cons,-601.0764012399418,-492.822238368836,108.25416287110579,-24.87053353604441,-28.14509828323662,-3.274564747192212,,339,483;490;496;500,437;443;518,493;501;505,446;449;455;456;475;492;494;495;497;503;504;506,371;373;375,351;365;372;389;448;451;454;457;459;469;471;473;474;479;480;487;491;520;522;538;541,493;505,445;446;449;492,405;417;501,502
7P79,2,af2,free,-657.5171507690189,-624.683117143167,32.83403362585193,-44.88224936160077,-32.87275813547981,12.009491226120957,,339;478,483;485;490;500;502;503,320;354;356;367;369;389;390;407;436;437;466;473;518;527,405;493;501,418;445;446;449;455;456;487;489;491;492;494;495,,368;374;377;391;435;448;451;454;464;469;497;506;519;520;528,484;493;498;505,403;445;446;449;487;489;492,417,421;453;503
