pdb,antibody,method,constrained,wt_total,om_total,d_total,wt_interface,om_interface,d_interface,tot_stab_mut_close,tot_stab_mut_distal,tot_stab_other_close,tot_stab_other_distal,tot_destab_mut_close,tot_destab_other_close,tot_destab_mut_distal,tot_destab_other_distal,int_destab_mut,int_destab_other,int_stab_mut,int_stab_other
7KXK,1,rpk,cons,-611.8605442753175,-590.6937224874155,21.166821787901995,-43.83618860913698,-31.914401587443372,11.92178702169361,,339,,,405;484;486;501,492,371;375,454,486;505,492;493,,489;490
7KXK,1,rpk,free,-632.2277516415427,-625.4336339090577,6.794117732485006,-50.382570162193794,-36.691517067793235,13.691053094400559,,339,488;491,,405;486;501,492,371;375;376,,417;486;505,492;493,,489;490
7KXK,1,af2,cons,-603.8030173029532,-524.9793832436992,78.823634059254,-33.20117369228073,-25.501751146779355,7.699422545501378,,339,483;485;489;490;500;502,383;434;481,405;417;477;484;501,449;453;457;473;474;475;479;487;492;493;494;495;497,,365;394;442;445;446;448;451;454;461;465;467;469;480;491;506;538,417;484;505,456;473;475;483;487;493,478;498,489;495;497
7KXK,1,af2,free,-648.2680853116134,-616.5664057939528,31.701679517660637,-42.85914339272127,-30.52395732998109,12.335186062740181,,339,455;485;490;502,338;358;367;369;374;390;423;427;429;434;436;500;508;509,405;417;452,420;446;447;453;457;487;492;495;497,375,368;389;430;442;445;448;451;454;465;468;471;491;506,417;484;505,449;456;473;475;483;487;488;489;493;494,478;498;501,403;495;497;503
