pdb,antibody,method,constrained,wt_total,om_total,d_total,wt_interface,om_interface,d_interface,tot_stab_mut_close,tot_stab_mut_distal,tot_stab_other_close,tot_stab_other_distal,tot_destab_mut_close,tot_destab_other_close,tot_destab_mut_distal,tot_destab_other_distal,int_destab_mut,int_destab_other,int_stab_mut,int_stab_other
7KKL,3,rpk,cons,-710.8498102442161,-690.4649238464266,20.3848863977895,-52.80473424726164,-39.013608007393756,13.791126239867886,,339;408,,,405;452;484;498,490,371;373;375,372,417;486;498;505,,501,
7KKL,3,rpk,free,-719.6405306319455,-710.4861639447573,9.154366687188144,-49.099786890428696,-42.10706544846859,6.992721441960107,,339,403,515;517,452;484;498,490,371;373;375;405,372;516,417;498;505,,501,
7KKL,3,af2,cons,-613.2067565302361,-518.2043988923573,95.00235763787884,-40.82122102052569,-12.301009556703312,28.520211463822378,,339,421;483;500;502,481;485,405;452;498;501,406;446;447;448;449;450;453;456;475;489;491;492;494;495;497,477,365;420;442;451;454;457;467;469;474;479;480;487;506;538,417;486;505,449;483;489;490;493;499,,495;500
7KKL,3,af2,free,-655.5195163482404,-621.9651119493666,33.55440439887377,-48.37385330913578,-36.671428660407855,11.702424648727927,,339;478,421;472;473;475;485;500;502;503,320;346;367;369;372;390;407;436,,406;446;448;449;488;489;491;492;493;495;497;506,405,377;389;394;420;442;451;471;480,484;505,446;449;483;489;490;493,501,455;495;502;503
