pdb,antibody,method,constrained,wt_total,om_total,d_total,wt_interface,om_interface,d_interface,tot_stab_mut_close,tot_stab_mut_distal,tot_stab_other_close,tot_stab_other_distal,tot_destab_mut_close,tot_destab_other_close,tot_destab_mut_distal,tot_destab_other_distal,int_destab_mut,int_destab_other,int_stab_mut,int_stab_other
7R6X,2,rpk,cons,-548.7659461793501,-527.5245336794427,21.24141249990737,-35.44465514346691,-35.43043908650698,0.014216056959931223,,339,,,375,,371;373;446;484;498;501,372;447;455,,,,
7R6X,2,rpk,free,-576.1299142042247,-566.319174290848,9.810739913376779,-46.34036666987606,-45.90425235368521,0.43611431619085295,,339;496;498,,418,375,,373;446;484;501,372;447;455,,428,,
7R6X,2,af2,cons,-613.186564121534,-614.115065833504,-0.9285017119699432,-35.13785447959451,-35.52007308094601,-0.38221860135150365,,339,369;370;372;518,406;483;485,375,374;377;384;387,446;501,420;434;435;489;499,,377,,372;386
7R6X,2,af2,free,-659.7757990870879,-666.1235047864294,-6.347705699341532,-49.48830600722784,-50.004105768809836,-0.5157997615819951,,339;371,372;518,406;418;451;483;527,,374;517,446;496;501,435;448;455;519;526,,370;377;518,373,372
