pdb,antibody,method,constrained,wt_total,om_total,d_total,wt_interface,om_interface,d_interface,tot_stab_mut_close,tot_stab_mut_distal,tot_stab_other_close,tot_stab_other_distal,tot_destab_mut_close,tot_destab_other_close,tot_destab_mut_distal,tot_destab_other_distal,int_destab_mut,int_destab_other,int_stab_mut,int_stab_other
7CZX,3,rpk,cons,-377.7536220307583,-356.57078386359314,21.182838167165187,-51.0173247052194,-41.29342706028601,9.723897644933395,,339;505,,,484;493,,371;373;375,372,484;493;498,,,
7CZX,3,rpk,free,-502.76144317663375,-478.8901489794301,23.871294197203667,-62.70699748755843,-52.411465060327494,10.295532427230938,,339;408,450;480,374;382;388;389;431;476;515;525,484,448,371;375;501,334;335;336;360;362;370;391;429;513,484;498,445;448,,450
7CZX,3,af2,cons,-614.5799670471711,-521.2209705895782,93.35899645759287,-32.2634659165211,-12.1355552594155,20.1279106571056,,339,483;485;490;496;502,383;508;518,452,346;446;448;449;453;456;487;492;494;495;497,371;373;405,351;365;372;451;454;457;461;469;471;473;479;491;506;520;522;538;541,484,449;483;486;487;489;490;494,501,445;495;497
7CZX,3,af2,free,-661.3980869354889,-622.3079619057779,39.090125029710975,-51.992911855524454,-47.3249087943102,4.668003061214257,,339;478,485;499;500;502,338;347;366;367;380;390;421;443;458;466;518;527,452;493;498,446;448;449;451;487;491;492;495;497,371;405,365;374;381;391;420;442;454;457;465;480;506;517;519;520;528,452;493,446;449;450;456;483;490,501,485;486;494;495;499
