pdb,antibody,method,constrained,wt_total,om_total,d_total,wt_interface,om_interface,d_interface,tot_stab_mut_close,tot_stab_mut_distal,tot_stab_other_close,tot_stab_other_distal,tot_destab_mut_close,tot_destab_other_close,tot_destab_mut_distal,tot_destab_other_distal,int_destab_mut,int_destab_other,int_stab_mut,int_stab_other
7K90,1,rpk,cons,-397.4613614185174,-392.65035393764117,4.811007480876242,-39.73310079218446,-34.92000162477895,4.813099167405511,,339;408,492,,452;484;501,,371;375;376;405,372,484;486,,417,
7K90,1,rpk,free,-481.87674566702674,-481.04786663565335,0.8288790313733898,-47.14859282343858,-49.44531841162768,-2.296725588189105,,339;408,449;488;492;500,351;406;418,484,456,371;375;405,372;439;454;499,484,493,417,483;489
7K90,1,af2,cons,-605.6996593765638,-531.1264280488759,74.57323132768784,-31.588403115076677,-18.3779233252913,13.210479789785378,,339,481;483;485;496;499;502,443,484;501,446;451;455;456;491;492;493;494;495;497,405;477,365;389;442;448;454;457;467;469;474;479;480;506,484,446;449;483;490;494,498;501,
7K90,1,af2,free,-651.4234462011686,-621.541008708937,29.88243749223159,-34.39563226725942,-32.20910083740516,2.186531429854263,,339,472;485;499;502,320;338;358;367;369;390;421;436;443;500;518;527,,445;446;453;455;456;475;483;487;491;492;493;495;497,375;405,357;368;394;420;442;451;457;465;467;480;506;516;528,484,446;449;483;490;493;494,478;486;498;501,495;499
