pdb,antibody,method,constrained,wt_total,om_total,d_total,wt_interface,om_interface,d_interface,tot_stab_mut_close,tot_stab_mut_distal,tot_stab_other_close,tot_stab_other_distal,tot_destab_mut_close,tot_destab_other_close,tot_destab_mut_distal,tot_destab_other_distal,int_destab_mut,int_destab_other,int_stab_mut,int_stab_other
7S0B,1,rpk,cons,-547.5426856331463,-527.6157701811848,19.926915451961577,-38.4095543693593,-38.46757421244506,-0.05801984308575925,,339,,,,,371;373;375;446;501,372;447;455,,,,
7S0B,1,rpk,free,-578.8184768942522,-563.0311275944605,15.787349299791686,-38.85461168110832,-38.848860445863075,0.005751235245242015,,339;496,,452,,,371;373;375;446;484,368;369;372;377;449;499,,,,
7S0B,1,af2,cons,-615.8724057162295,-615.856758369954,0.01564734627550024,-31.365860616422253,-29.186905189992906,2.178955426429347,,339;371,,367;369;372;406;483;485;518,,,375;496;501,365;368;374;420;434;435;455;499;528,,346,,
7S0B,1,af2,free,-658.7647926304605,-658.2682925523106,0.49650007814989294,-45.711673263486745,-51.11632716069853,-5.404653897211787,,339;371,356;450;451,369;372;390;393;406;418;420;480;483;518;527,,,446;501,332;342;374;389;435;448;455,,,,466
