pdb,antibody,method,constrained,wt_total,om_total,d_total,wt_interface,om_interface,d_interface,tot_stab_mut_close,tot_stab_mut_distal,tot_stab_other_close,tot_stab_other_distal,tot_destab_mut_close,tot_destab_other_close,tot_destab_mut_distal,tot_destab_other_distal,int_destab_mut,int_destab_other,int_stab_mut,int_stab_other
7LY2,6,rpk,cons,-606.08591374663,-575.1198988034273,30.96601494320271,-46.81182724798227,-35.173590134148284,11.638237113833988,,339,,406,446;501,449,371;373;375,372;374,484;493,,,
7LY2,6,rpk,free,-624.4377568295849,-612.2350491776747,12.20270765191026,-49.77833104758403,-48.99499670215414,0.7833343454298927,,339,453,390;406;502;508,446;501,445;455,371;373;375,372;392;506,484;493,,446;496,494
7LY2,6,af2,cons,-613.4146516770176,-616.8400539465108,-3.4254022694932473,-34.57668216838017,-32.14647999557578,2.4302021728043854,,339;371,483;485,367;369;372;406;481;518,446;496;501,494,375,365;368;374;420;434;435;499;528,,483,,
7LY2,6,af2,free,-656.1789104015177,-664.3637184889741,-8.184808087456418,-45.09091973830056,-39.08492536623822,6.0059943720623465,,339;371,485;488,369;372;390;393;406;451;518;527,446,448;449;452;455;475,,374;389;391;435,484,483,496,494
