pdb,antibody,method,constrained,wt_total,om_total,d_total,wt_interface,om_interface,d_interface,tot_stab_mut_close,tot_stab_mut_distal,tot_stab_other_close,tot_stab_other_distal,tot_destab_mut_close,tot_destab_other_close,tot_destab_mut_distal,tot_destab_other_distal,int_destab_mut,int_destab_other,int_stab_mut,int_stab_other
7A5S,1,rpk,cons,-378.3762687014438,-375.29333516984764,3.0829335315961544,-34.59108268359292,-30.32063722262067,4.270445460972251,,339;373,,500,,,371;498;501,502,376;408,,,
7A5S,1,rpk,free,-496.7248977628639,-502.6829288972265,-5.958031134362557,-61.64632245280601,-62.418157515697544,-0.7718350628915331,,373,367;368;381,402;455;474;500,,434,484,335;436;449;456;489;499;502;509,,368;377;378,,374;381;430
7A5S,1,af2,cons,-606.2563240388718,-524.305858635804,81.95046540306771,-28.88961717385596,-21.63106584008502,7.258551333770939,,339,515;518,443;483;490;496;500;502;516,371;373,370;372,405;493;501,346;351;365;391;446;449;451;453;454;455;456;457;461;469;471;473;475;479;487;491;492;494;495;497;506;520;541,375,370;386;390,,369;374;377;430
7A5S,1,af2,free,-666.5793943727169,-620.9046670594048,45.67472731331213,-54.07828688430565,-41.92309915259272,12.155187731712928,,339;478,389;407;412;518,326;367;436;443;466;473;483;490;500;502,,374;381;391;517;519,405;493;501,403;420;442;445;446;447;448;451;454;455;460;465;469;472;479;480;491;492;495;497;506;526,376,321;390;517;519,,377
