pdb,antibody,method,constrained,wt_total,om_total,d_total,wt_interface,om_interface,d_interface,tot_stab_mut_close,tot_stab_mut_distal,tot_stab_other_close,tot_stab_other_distal,tot_destab_mut_close,tot_destab_other_close,tot_destab_mut_distal,tot_destab_other_distal,int_destab_mut,int_destab_other,int_stab_mut,int_stab_other
7N8H,3,af2,cons,-829.4438591800844,-806.9118344104894,22.532024769594955,-33.99754838398972,-31.26190577335069,2.735642610639026,,67;95,21,18;19;22;75;76;77;97;124;138;154;213;nan;215;216;260,,23;272,142;143;144;145;212,20;140;146;149;151;152;153;156;210;229;245;246;249;254;255;256;257;259,,111,,
7N8H,3,af2,free,-908.5707418301654,-899.8615643446749,8.7091774854905,-31.4279114569607,-33.26265804935444,-1.834746592393742,,67;95;145,81;266,18;76;77;94;96;121;147;148;150;154;155;182;184;186;213;nan;215;216;222;248;301,,134;269,142;143;144;212,17;20;55;99;140;146;152;153;179;180;181;183;187;221;245;249;253;255;262,,,,28
