pdb,antibody,method,constrained,wt_total,om_total,d_total,wt_interface,om_interface,d_interface,tot_stab_mut_close,tot_stab_mut_distal,tot_stab_other_close,tot_stab_other_distal,tot_destab_mut_close,tot_destab_other_close,tot_destab_mut_distal,tot_destab_other_distal,int_destab_mut,int_destab_other,int_stab_mut,int_stab_other
7NXC,1,rpk,cons,-499.55454086780395,-476.9902951649649,22.56424570283906,-41.5201303109955,-41.16741390093723,0.3527164100582709,,339,,,405;493,446,371;373;375,,505,,501,
7NXC,1,rpk,free,-532.0609034509679,-525.9189512051768,6.141952245791117,-50.3183391412602,-47.24043233506376,3.077906806196445,,339;408,449;496,369;370;372;508,484;493,446;455;490,371,342;368;450,,,477;501,
7NXC,1,af2,cons,-622.5591700243988,-485.9886125125688,136.57055751182997,-50.08443551252345,-18.465776632073357,31.61865888045009,,339,490,383;443;483;518,405;417;477;478;493;498;501;505,446;449;455;456;473;475;479;486;487;489;491;492;494;495;497;503;506,371;373,346;351;365;372;387;451;454;457;461;471;480;520;522;541,417;477;478;493;505,446;449;456;487;499;500;502,498,474;486;503
7NXC,1,af2,free,-660.5467544321284,-611.6577042712164,48.88905016091201,-54.759263530271284,-23.428583403203366,31.330680127067918,,339,473;490;499;500;502,320;367;369;390;407;436;443;466;467;482;483;527,405;417;493;501,445;446;448;449;455;487;491;492;494;495;497;506,,336;337;374;377;391;420;424;442;451;454;457;469;519;520;528,417;505,446;449;453;455;456;475;486;487;489;495,498,503
