pdb,antibody,method,constrained,wt_total,om_total,d_total,wt_interface,om_interface,d_interface,tot_stab_mut_close,tot_stab_mut_distal,tot_stab_other_close,tot_stab_other_distal,tot_destab_mut_close,tot_destab_other_close,tot_destab_mut_distal,tot_destab_other_distal,int_destab_mut,int_destab_other,int_stab_mut,int_stab_other
7CZV,2,rpk,cons,-441.2663518749953,-418.3587006337077,22.907651241287567,-34.075803363240965,-28.169474239221934,5.906329124019031,,339,,,417;501,,371;373;375,372,417;505,,,
7CZV,2,rpk,free,-515.4180256775454,-504.9884409101802,10.429584767365213,-67.50913688941033,-54.728679076607094,12.780457812803235,,,421;449;491,431;515,417;501,494,371;375,336;370;429;451;513,408;417;486,449;489;494,498,403
7CZV,2,af2,cons,-609.9622828720901,-523.9943597664742,85.96792310561591,-27.751903894264874,-29.397050552496005,-1.6451466582311305,,339,483;485;490;499;500;502,481,405;417;477;501;505,449;453;456;474;487;488;489;492;493;494;495;497,,365;442;448;451;454;457;467;469;479;491;506,417;505,449;493,,421;487;495;499;500
7CZV,2,af2,free,-656.3981538859032,-606.2288091644461,50.16934472145704,-43.65191449134835,-52.83680493293366,-9.18489044158531,,339,483;485;490;499;500;502,347;367;372;390;443,405;417;501;505,453;455;456;457;474;479;487;493;495;497;506,375,381;391;424;433;442;446;448;451;454;465;467;469;480;491;492,417;486;505,449;493;496,405;478;498,421;455;475;499;500;502;503
