pdb,antibody,method,constrained,wt_total,om_total,d_total,wt_interface,om_interface,d_interface,tot_stab_mut_close,tot_stab_mut_distal,tot_stab_other_close,tot_stab_other_distal,tot_destab_mut_close,tot_destab_other_close,tot_destab_mut_distal,tot_destab_other_distal,int_destab_mut,int_destab_other,int_stab_mut,int_stab_other
7S0B,2,rpk,cons,-537.008274131153,-522.9140979923094,14.094176138843636,-38.2207181399973,-38.421875986605684,-0.20115784660838187,,339;408,,,,,371;373;375;501,372;455,,,,
7S0B,2,rpk,free,-571.3452758822169,-570.7401667344614,0.6051091477555701,-42.650403906467226,-43.05879570467247,-0.40839179820524407,,339;408,,368;434;502;508,,450,371;373;405;484;501,372;374;446;455;506,,,,
7S0B,2,af2,cons,-615.2918875913094,-540.3622794056041,74.92960818570532,-31.620373309838527,-30.698336761420247,0.92203654841828,,339,470;471;490,481;483;485;500;502;508,,454;465;466;468;469;491;492,405;477;501,365;442;445;446;448;449;451;453;456;474;475;479;480;487;488;493;494;495;497;506,,346;467,,457;470
7S0B,2,af2,free,-660.7856138528007,-620.953137616731,39.832476236069624,-48.94896012139503,-37.91812624538227,11.030833876012764,,339;478;505,354;356;358;490,320;338;367;369;382;390;434;436;443;483;499;500;502,,351;352;357;468;469;491;492,405;501,nan;394;395;442;445;446;447;448;451;453;473;487;494;495;497;506;516,,346;349;351;352;353;457;466;467,,354;356;357;470
