pdb,antibody,method,constrained,wt_total,om_total,d_total,wt_interface,om_interface,d_interface,tot_stab_mut_close,tot_stab_mut_distal,tot_stab_other_close,tot_stab_other_distal,tot_destab_mut_close,tot_destab_other_close,tot_destab_mut_distal,tot_destab_other_distal,int_destab_mut,int_destab_other,int_stab_mut,int_stab_other
7C01,2,rpk,cons,-487.1322296108592,-458.4158055574993,28.7164240533599,-51.228193957571236,-45.1572397313204,6.070954226250834,,339,,,417;493;501,449;455,371;373;375;446,372,417;493,,501,415
7C01,2,rpk,free,-521.1934615971304,-508.111339818886,13.082121778244414,-54.81041889383161,-47.29572944679923,7.5146894470323815,,339,406,452,417;493,495,371;375;446;484,,417;493,405,505,
7C01,2,af2,cons,-604.5550420899208,-606.6562668873596,-2.1012247974388174,-38.49366781994148,-30.263325553179364,8.230342266762115,,339;371,,367;369;372;483;485;518,417;493,494,375;446,365;368;374;434;435,417;493,,,
7C01,2,af2,free,-658.894690916379,-659.1655714538475,-0.27088053746854257,-54.180940398555,-42.09332455790646,12.087615840648539,,339;371,483,326;367;369;390;450;451;480;516;518,417;446;493,449;494,,365;374;435;448;452,417;493,449,,486
