pdb,antibody,method,constrained,wt_total,om_total,d_total,wt_interface,om_interface,d_interface,tot_stab_mut_close,tot_stab_mut_distal,tot_stab_other_close,tot_stab_other_distal,tot_destab_mut_close,tot_destab_other_close,tot_destab_mut_distal,tot_destab_other_distal,int_destab_mut,int_destab_other,int_stab_mut,int_stab_other
7C2L,2,af2,cons,-759.2135300173404,-745.8627710971352,13.35075892020518,-4.160361307764505,-9.118350948459623,-4.957989640695118,,,144;146;147;148;149;151;156;180,18;20;21;41;65;75;76;79;97;228;229;272,,141;143;150;179;244;245;248;249;250;251;252;253;257,19;24;25,66;80;160;182;197;254;258;259;270,,246;252;253;254,,146;147;150;151;155;250
7C2L,2,af2,free,-888.920985957938,-874.416420796581,14.50456516135705,-17.558524008042916,-25.61399538641825,-8.055471378375334,,142,154;243;251;252,18;20;38;41;80;81;93;94;95;138;139;184;190;228;237,,141;143;147;148;244;245;249,19;25;70,22;29;32;77;140;183;259;260;262,,147;148;246,,248;250;251;252
