pdb,antibody,method,constrained,wt_total,om_total,d_total,wt_interface,om_interface,d_interface,tot_stab_mut_close,tot_stab_mut_distal,tot_stab_other_close,tot_stab_other_distal,tot_destab_mut_close,tot_destab_other_close,tot_destab_mut_distal,tot_destab_other_distal,int_destab_mut,int_destab_other,int_stab_mut,int_stab_other
7NDC,2,af2,cons,-820.608530068219,-791.2176605633274,29.39086950489161,-0.5767484087558595,-0.03942041125452739,0.5373279975013321,,,153,97;111;150;215;228;272,,251,19;24;25;26,18;23;80;140;233;244;249;250;256;257;258;259;270,,,,
7NDC,2,af2,free,-895.8280938313668,-865.5655688951731,30.2625249361937,-2.5577389361316016,-5.063993489066205,-2.5062545529346036,,142,,41;66;69;81;97;138;222;228;242;253,19,17;157;159,25;26,23;29;55;64;68;70;71;98;140;146;181;244;249;254;258;261,,17,,161
