pdb,antibody,method,constrained,wt_total,om_total,d_total,wt_interface,om_interface,d_interface,tot_stab_mut_close,tot_stab_mut_distal,tot_stab_other_close,tot_stab_other_distal,tot_destab_mut_close,tot_destab_other_close,tot_destab_mut_distal,tot_destab_other_distal,int_destab_mut,int_destab_other,int_stab_mut,int_stab_other
7LXY,5,af2,cons,-809.5601013989923,-794.4953181262717,15.064783272720547,-27.05924815241495,-28.790823093136215,-1.7315749407212664,,67;95,19;138;247;258,22;29;75;76;79;97;111;124;213;nan;215;216;260,142;143;145,148;150;151;153;156;241;245;254;256;257;259,212,23;102;152;179;187;210;249;272,145,18;150;244;246,,17;19;20;154;156;255
7LXY,5,af2,free,-889.6874208439604,-882.5590462509797,7.128374592980663,-59.30816723327982,-43.44936168762715,15.858805545652665,,67;95,158;242,68;76;77;81;97;141;170;186;201;202;213;nan;215;216;222;227;248;260;272,142;143;144;145,20;149;153;243;246;253;254;255;257,212,23;115;152;210;221;249;262;263,,147;148;153;155;156;258,,17;158;256
