pdb,antibody,method,constrained,wt_total,om_total,d_total,wt_interface,om_interface,d_interface,tot_stab_mut_close,tot_stab_mut_distal,tot_stab_other_close,tot_stab_other_distal,tot_destab_mut_close,tot_destab_other_close,tot_destab_mut_distal,tot_destab_other_distal,int_destab_mut,int_destab_other,int_stab_mut,int_stab_other
7MZF,1,rpk,cons,-547.1160447107037,-530.2853720075126,16.830672703191112,-63.627573529345035,-50.21807105753864,13.409502471806398,,339,496,,405;417;501,,371;373;375,372,417;486;498;505,,,
7MZF,1,rpk,free,-578.6168022800448,-569.7190024451769,8.897799834867897,-60.69880637381316,-56.39002953103829,4.308776842774876,,339,,367;434,405;417;501,458,371;375,370;471,417;486;498;505,,477;478,403;453;457
7MZF,1,af2,cons,-610.4703988907842,-507.90557804033006,102.56482085045411,-43.82942452874278,-16.690346985762183,27.139077542980594,,339,458;485;500;502,483;490,405;417;477;478;501;505,449;454;473;474;475;476;479;480;487;488;489;494;495;497;503;504,452,365;442;445;446;448;451;467;469;491;492;506,417;477;501;505,455;456;475;476;487;489,498,479
7MZF,1,af2,free,-661.2477281701497,-621.7593044382647,39.48842373188495,-67.91720690045878,-34.91262657983408,33.0045803206247,,339,403;421;496;502,320;338;354;358;367;369;390;436;472;483;490;528,405;486;501;505,453;456;457;460;474;475;487;495;497;506,375;452,351;368;442;445;446;448;451;469;491;492;518;526,405;417;486;505,420;453;455;456;460;473;474;475;476;500,477;478;498,403;503
