pdb,antibody,method,constrained,wt_total,om_total,d_total,wt_interface,om_interface,d_interface,tot_stab_mut_close,tot_stab_mut_distal,tot_stab_other_close,tot_stab_other_distal,tot_destab_mut_close,tot_destab_other_close,tot_destab_mut_distal,tot_destab_other_distal,int_destab_mut,int_destab_other,int_stab_mut,int_stab_other
7LY0,1,af2,cons,-799.1078339179619,-778.93805533112,20.169778586841858,-21.364325646697715,-16.843178017801016,4.521147628896699,,67;95,18;75;138;247,22;29;76;97;111;124;186;213;nan;215;216;242;260;272,142;143,20;140;141;147;149;151;153;249;251;253;254;255;257,212,23;66;80;152;179;210;229;245,144,17;20;146;147;148;246;248;253;258,145,16;150;154;156;249;256
7LY0,1,af2,free,-880.04512639284,-877.9940761735797,2.051050219260219,-50.397260487497086,-35.995171590773424,14.402088896723662,,67;95,16;149;155;158;248;250,76;77;79;84;97;111;114;121;154;157;168;170;180;186;201;213;nan;215;216;222;227;242;260,142;143;144,17;20;21;146;147;150;151;153;243;246;253;255;256;257,69;212,78;85;98;125;128;152;221;235;249;262;269;270,144,17;19;73;146;147;148;246;248;258,145,20;149;154;249;254
