pdb,antibody,method,constrained,wt_total,om_total,d_total,wt_interface,om_interface,d_interface,tot_stab_mut_close,tot_stab_mut_distal,tot_stab_other_close,tot_stab_other_distal,tot_destab_mut_close,tot_destab_other_close,tot_destab_mut_distal,tot_destab_other_distal,int_destab_mut,int_destab_other,int_stab_mut,int_stab_other
7V89,3,rpk,cons,-408.50674734007305,-423.6255889561551,-15.11884161608208,-33.59320567488371,-29.75652006717645,3.8366856077072633,,339;373;408;417;505,,354;372;422,484;501,,371;376;440,433,,494,,
7V89,3,rpk,free,-508.3304080487068,-498.9371710570188,9.393236991687957,-39.85522265609167,-39.06786512017561,0.7873575359160583,,339,,384;422,484;501,,371;417;505,364;367;433;507,,415,,491
7V89,3,af2,cons,-617.8072152449938,-503.51725631370135,114.28995893129246,-34.48421134996609,-14.866263304867799,19.617948045098288,,339,483;490,443;518,405;417;477;478;501;505,403;446;449;456;473;474;475;479;486;487;488;489;494;495;497;506,371;373,346;351;365;372;451;457;459;461;467;469;471;480;491;492;520;522;541,417;477;478;501;505,449;476;489;494;500;502,,455;474;503
7V89,3,af2,free,-653.3642282417559,-612.7670617428515,40.59716649890436,-49.12622378979451,-29.924829608752468,19.20139418104204,,339;408,483;490;502,326;354;367;369;390;407;436;518,405;493;501,445;446;447;449;453;455;456;475;487;495;497;506,,374;391;435;442;448;451;454;459;469;491;492;519;520,417;493;501;505,449;456;475;486;489;494;500,478;498,503
