pdb,antibody,method,constrained,wt_total,om_total,d_total,wt_interface,om_interface,d_interface,tot_stab_mut_close,tot_stab_mut_distal,tot_stab_other_close,tot_stab_other_distal,tot_destab_mut_close,tot_destab_other_close,tot_destab_mut_distal,tot_destab_other_distal,int_destab_mut,int_destab_other,int_stab_mut,int_stab_other
7C01,2,rpk,cons,-486.4280831827631,-467.23612723322674,19.19195594953635,-51.14963506025252,-43.64056219798911,7.509072862263409,,339,,,417;501,,371;373;375,369;370;372,417;486,,501,
7C01,2,rpk,free,-521.2944700790335,-515.5978397280946,5.696630350938904,-58.49975566080688,-50.97914623549333,7.520609425313552,,339;373,456;488,372;374;386,405;417;484,490;495,371;375,338;342;446,405;417;486,,505,460
7C01,2,af2,cons,-604.5550420899208,-506.7392112426698,97.815830847251,-38.49366781994148,-18.02880951278796,20.46485830715352,,339,458;490;502,483;485,405;417;477;478,453;473;474;475;476;479;480;487;489;492;493;494;495;506,,365;394;442;445;446;448;451;454;467;469;491;497;538,417,473;474;475;476;493,,421;455;457;503
7C01,2,af2,free,-658.894690916379,-609.5432363922869,49.351454524092105,-54.180940398555,-35.560707857508746,18.620232541046256,,,421;483;490;499;500;502,320;326;338;358;367;369;372;374;390;434;436;443;472;528,405;417;501,446;447;449;453;457;460;473;487;491;492;495,375,370;391;425;442;445;448;451;454;461;465;466;468;497;506;526,417;505,420;449;457;460;473;489;493,477;478,415;474;503
