pdb,antibody,method,constrained,wt_total,om_total,d_total,wt_interface,om_interface,d_interface,tot_stab_mut_close,tot_stab_mut_distal,tot_stab_other_close,tot_stab_other_distal,tot_destab_mut_close,tot_destab_other_close,tot_destab_mut_distal,tot_destab_other_distal,int_destab_mut,int_destab_other,int_stab_mut,int_stab_other
7KGJ,1,rpk,cons,-548.8245756587692,-512.6141005917987,36.2104750669705,-64.62766566105287,-52.459056355989766,12.168609305063107,,339,,,484;501,455,371;373;375,368;372,405;484;505,,,
7KGJ,1,rpk,free,-569.7137180428474,-556.9762988846143,12.737419158233138,-70.38609204671717,-59.988014245671515,10.398077801045652,,339,,,484;501,455,371;375,,405;484;498;505,,501,
7KGJ,1,af2,cons,-605.1164767707153,-529.8073405069705,75.30913626374479,-47.270463023608364,-19.86388250866296,27.406580514945404,,339,406;481;482;485;502,443,405;452;498,351;403;448;451;455;472;488;491;492;494;495;497;506,477,365;442;454;457;467;469;474;475;479;480;487,405;452;484;505,403;449;470;483;490;494,,493;495
7KGJ,1,af2,free,-668.7697821016955,-625.6612690557961,43.10851304589937,-58.183153242510805,-38.935834089220165,19.24731915329064,,339;375;478,407;485;496;500;502,354;367;369;372;390;399;436;443;473,405;452,403;445;446;448;449;451;453;470;491;492;494;495;497;506,,365;377;420;425;442;457;465;467;475,452;484;498;505,403;406;449;470;483;490;494,501,493;495;499;500;504
