pdb,antibody,method,constrained,wt_total,om_total,d_total,wt_interface,om_interface,d_interface,tot_stab_mut_close,tot_stab_mut_distal,tot_stab_other_close,tot_stab_other_distal,tot_destab_mut_close,tot_destab_other_close,tot_destab_mut_distal,tot_destab_other_distal,int_destab_mut,int_destab_other,int_stab_mut,int_stab_other
7E8C,9,af2,cons,-822.8234006612686,-791.138485058972,31.68491560229654,-20.514068577595694,-23.891944129682635,-3.377875552086941,,,15;144;248,41;97;111;180;228;229;272,19,17;141;245;249;250;252;253;256;257;258,24;25;26,18;23;29;80;140;193;259;270,,144;157;252;253,,15;156;247;248
7E8C,9,af2,free,-890.005311140761,-876.142156963575,13.863154177186061,-26.215234938132888,-30.259689406105878,-4.04445446797299,,,16;145;246;248;252,41;66;68;69;84;97;111;180;212;222;228;242;272,19,144;155;245;249;250,25;26,22;29;70;71;77;78;140;149;170;181;191;210;216;259;269;271;301,,144;147;155,,15;156;158;248;252
