pdb,antibody,method,constrained,wt_total,om_total,d_total,wt_interface,om_interface,d_interface,tot_stab_mut_close,tot_stab_mut_distal,tot_stab_other_close,tot_stab_other_distal,tot_destab_mut_close,tot_destab_other_close,tot_destab_mut_distal,tot_destab_other_distal,int_destab_mut,int_destab_other,int_stab_mut,int_stab_other
7CWO,1,rpk,cons,-389.21163131360015,-380.9263687177824,8.285262595817755,-45.699724821238874,-43.86085679988659,1.8388680213522832,,,,497;506,446,,373,372,484;493,,478,
7CWO,1,rpk,free,-493.12734655132374,-490.97537837513346,2.1519681761902802,-52.59333008093369,-58.64589146972309,-6.0525613887894,,373,,338;372;374;497;506;513,446,447;491;495,371;375,502,484,486,478;493,472
7CWO,1,af2,cons,-610.0108952742622,-618.7342720446134,-8.723376770351138,-29.046326064225326,-34.570271150472664,-5.523945086247338,,339;371,481;483;485;486,367;369;372;406;518,493,455,375;501,365;368;374;389;420;434;435;499,484,,,483;485;486
7CWO,1,af2,free,-658.8709228882326,-672.5297706482202,-13.658847759987566,-43.77728853263223,-55.22500550157702,-11.447716968944796,,339;371,472;483;485,369;372;389;406;516;518,,448;455;489,501,374;435;526,,481,446,447;485;490
