pdb,antibody,method,constrained,wt_total,om_total,d_total,wt_interface,om_interface,d_interface,tot_stab_mut_close,tot_stab_mut_distal,tot_stab_other_close,tot_stab_other_distal,tot_destab_mut_close,tot_destab_other_close,tot_destab_mut_distal,tot_destab_other_distal,int_destab_mut,int_destab_other,int_stab_mut,int_stab_other
7KFW,1,rpk,cons,-565.8630857494221,-534.4553773198644,31.407708429557715,-63.64760972006394,-44.74745122583914,18.900158494224797,,339,,,405;417;493;498;501,489,371;373;375,370;372,417;493;498;505,496,,494
7KFW,1,rpk,free,-586.5860116361487,-580.8832218516941,5.7027897844545805,-68.84386071872623,-53.87327138494583,14.970589333780403,,339;373;408,,356;366;377;385,484,446;489,371;375,342;390;499,417;484;493;505,460;489;490;496,498;501,415
7KFW,1,af2,cons,-612.2619078154033,-475.59882074524614,136.6630870701572,-45.0263495616999,-4.359246115702682,40.66710344599722,,339,486;490;499;500;502,483;518,405;477;478;493;498;501,449;453;454;455;456;457;473;474;475;476;479;487;488;492;494;495;497;503;504,371;373;375,346;351;365;372;442;446;451;469;491;506;520;522;538;541,417;477;478;493;498;505,455;456;473;474;475;476;502,,457;486;499;503
7KFW,1,af2,free,-669.9056129726953,-617.5694950194572,52.336117953238045,-71.81354656807832,-28.11661863891652,43.6969279291618,,339,458;483;490;500;502;503,338;354;367;399;407;443;450;518,405;493,403;406;446;447;449;453;454;455;456;459;460;475;487;489;492;495;496;497;506,,353;365;368;374;391;442;445;451;465;469;519;520,417;493;505,415;420;421;453;455;456;460;473;475;487;489;490;496;502,498;501,503
