pdb,antibody,method,constrained,wt_total,om_total,d_total,wt_interface,om_interface,d_interface,tot_stab_mut_close,tot_stab_mut_distal,tot_stab_other_close,tot_stab_other_distal,tot_destab_mut_close,tot_destab_other_close,tot_destab_mut_distal,tot_destab_other_distal,int_destab_mut,int_destab_other,int_stab_mut,int_stab_other
7VMU,1,rpk,cons,-427.29890113809427,-411.1794246075332,16.119476530561087,-44.14663143220394,-42.31768433119322,1.8289471010107192,,408,,368,493,,371;373;375;501,372;446,,492,,
7VMU,1,rpk,free,-468.20182780815696,-468.4598324869663,-0.25800467880935685,-51.869259507142985,-46.56071831033995,5.308541196803034,,339;371,458,357;367;436;471;502;508,493,476,375;376;405,372;374;446,417,476,477,
7VMU,1,af2,cons,-604.9510378222925,-470.54578775156403,134.40525007072847,-31.197824797697628,-16.56337106153674,14.63445373616089,,339,481;486;490;500,443;483;502;518,477;478,453;454;455;456;457;473;474;475;476;479;480;487;488;491;492;494;495;497,371;373;375;405,346;351;365;372;442;446;449;451;465;467;469;506;520;541,477;478,455;456;473;474;475;476;489;492,498,403;486;487
7VMU,1,af2,free,-658.7227303530854,-616.8492964106224,41.87343394246295,-48.13512991251449,-11.357378293586926,36.77775161892757,,339;478,476;490,320;338;367;369;390;407;436;437;443;482;483;485;502;518;527;541,498,403;455;456;457;475;487;491;492;494;495,405;452;501,374;377;391;435;442;445;446;447;448;451;465;497;506;519;520;525;528,493,403;415;420;421;453;455;456;460;473;475;486;492,,476
