pdb,antibody,method,constrained,wt_total,om_total,d_total,wt_interface,om_interface,d_interface,tot_stab_mut_close,tot_stab_mut_distal,tot_stab_other_close,tot_stab_other_distal,tot_destab_mut_close,tot_destab_other_close,tot_destab_mut_distal,tot_destab_other_distal,int_destab_mut,int_destab_other,int_stab_mut,int_stab_other
7CHO,1,rpk,cons,-509.4865999794907,156.3515837228576,665.8381837023483,-47.747356636905636,-29.459473759565284,18.28788287734035,,339,,,405;417;493;501;505,490;496;503,371;373;375;376,347;365;367;368;369;372;374;377;380;382;392;398;426;429;497;515,417;505,475,,
7CHO,1,rpk,free,-538.2114773910994,-519.3374825691519,18.873994821947463,-53.61908380899692,-56.09879773006767,-2.479713921070754,,339,488,508,417;493,,371;373,366;367;374;510,417,486,493,403;421;475
7CHO,1,af2,cons,-606.8119279887856,-463.44538010222755,143.366547886558,-36.06846756747986,-2.8122377187548135,33.25622984872504,,339,490;496;500;502,443;483;518,405;417;477;478;493;501,453;454;455;456;457;473;474;475;476;479;480;487;488;494;495;506,371;373,346;351;365;372;446;449;451;467;491;492;497;520;522;541,477;478;493;505,455;473;474;475;476;480;489,405;498,457;486;495
7CHO,1,af2,free,-659.5702910069351,-606.3377061767923,53.232584830142855,-54.46164727707309,-13.31616560969564,41.14548166737745,,339,458;474;490;502,338;340;366;367;380;390;443;483;500;518;527,405;493;501,453;454;455;456;457;459;475;489;494;495,371;452,351;365;381;391;445;446;448;451;479;480;492;497;506;517;519;520;528,505,415;420;421;455;456;457;460;473;475;476;489,498,495;503
