pdb,antibody,method,constrained,wt_total,om_total,d_total,wt_interface,om_interface,d_interface,tot_stab_mut_close,tot_stab_mut_distal,tot_stab_other_close,tot_stab_other_distal,tot_destab_mut_close,tot_destab_other_close,tot_destab_mut_distal,tot_destab_other_distal,int_destab_mut,int_destab_other,int_stab_mut,int_stab_other
7MEJ,2,rpk,cons,-202.11729903063278,-174.19574870068425,27.92155032994853,-28.301559964744875,-28.400246624136653,-0.09868665939177745,,408,,,,,371;373;375;405;486,372;487,,,,
7MEJ,2,rpk,free,-337.34553258400916,-315.34061791423755,22.00491466977161,-47.50035582486207,-39.69263385544686,7.807721969415212,,339;408,344;347,374;413;421;427;434;449;455;496;497,452,490,371;373;405;486,341;361;368;369;392;410;418;420;436;487;512,,469,,
7MEJ,2,af2,cons,-609.9493741036331,-542.6599794003223,67.28939470331079,-14.288927371068127,-15.935154517580886,-1.646227146512759,,339,,421;443;481;483;485;490;499;502,,468;469;492,405;477;501,365;424;442;446;448;451;453;454;455;456;457;474;475;479;487;489;491;494;495;497;506,,,,
7MEJ,2,af2,free,-661.6233444240461,-628.35604436422,33.267300059826084,-36.150863775150455,-49.03538447665989,-12.884520701509437,,339,346;347;351;466;468;490,320;338;367;369;374;390;436;443;481;483;499;500;502,,356;357;442;451;464;467;469;491;492;497,375;405;501,368;394;445;446;453;456;473;479;487;495;506;526,452,354;450;464,,351;352;466;468;490;492
