pdb,antibody,method,constrained,wt_total,om_total,d_total,wt_interface,om_interface,d_interface,tot_stab_mut_close,tot_stab_mut_distal,tot_stab_other_close,tot_stab_other_distal,tot_destab_mut_close,tot_destab_other_close,tot_destab_mut_distal,tot_destab_other_distal,int_destab_mut,int_destab_other,int_stab_mut,int_stab_other
7RKV,1,rpk,cons,-486.94980253352827,-477.1399311229159,9.809871410612345,-48.98727640577786,-47.97202676399374,1.0152496417841235,,339,,,371;375;405,372,484;501,,408,,,
7RKV,1,rpk,free,-574.029590931467,-555.1955952594215,18.833995672045603,-65.8526745878983,-54.79999145646241,11.052683131435899,,,,442,371;405,370;372;374;415;427,501,418,,372;380;415;427,,369;413
7RKV,1,af2,cons,-607.7147841434448,-521.3718445934429,86.34293955000192,-39.77602161919028,-30.171905316542396,9.604116302647885,,339,369;370;390;427;502,481;483;485;490;500,375;405,385;414;503;506,477;501,365;391;442;446;448;449;451;453;455;456;457;467;469;474;475;479;480;487;488;491;492;493;494;495;497;538,375;405;408,370;372;385;428;503,373,369;381;427
7RKV,1,af2,free,-659.9145314439636,-629.9973966380514,29.917134805912156,-67.70696096892117,-76.90314285038009,-9.196181881458926,,,374;427;502;508;517,320;347;358;418;436;472;483;490;500;528,375;405,368;503;506,501,353;365;425;442;445;446;448;451;453;459;466;471;474;479;480;487;491;492;495;497;516;518,405;408,370;372;383;503,373,374;377;378;380;427;437;508
