pdb,antibody,method,constrained,wt_total,om_total,d_total,wt_interface,om_interface,d_interface,tot_stab_mut_close,tot_stab_mut_distal,tot_stab_other_close,tot_stab_other_distal,tot_destab_mut_close,tot_destab_other_close,tot_destab_mut_distal,tot_destab_other_distal,int_destab_mut,int_destab_other,int_stab_mut,int_stab_other
7SO9,1,rpk,cons,-608.9607328411005,-582.9021225536358,26.058610287464717,-39.532636125182734,-31.04010529342711,8.492530831755623,,339,,,446;484;501,,371;373;375,372,484;493,,,
7SO9,1,rpk,free,-630.9521901666824,-617.1052446207501,13.846945545932272,-45.67812971262471,-42.50537633998563,3.172753372639079,,339,453,368;403;406;436;451;502,446;484,449;455,373;375,372;506,484,,496,452;494
7SO9,1,af2,cons,-614.3262958874436,-614.8761788492552,-0.5498829618115906,-31.44476613620832,-31.596553194918616,-0.15178705871029763,,339;371,483;485,367;369;372;406;481;518,493;501,455,375,365;368;374;420;434;435;528,,483,,485
7SO9,1,af2,free,-654.5128141814939,-666.5537265345699,-12.04091235307601,-47.568210276731385,-38.61193574791414,8.956274528817247,,339;371,485;488,369;372;382;406;481;518;527,446,455,,374;435;526,493,483;486,496,
