pdb,antibody,method,constrained,wt_total,om_total,d_total,wt_interface,om_interface,d_interface,tot_stab_mut_close,tot_stab_mut_distal,tot_stab_other_close,tot_stab_other_distal,tot_destab_mut_close,tot_destab_other_close,tot_destab_mut_distal,tot_destab_other_distal,int_destab_mut,int_destab_other,int_stab_mut,int_stab_other
7R6X,3,rpk,cons,-558.9562358539537,-536.100772610298,22.855463243655663,-47.37226724004273,-46.04432128463287,1.3279459554098594,,339,,,484,455;490,371;373;375;446;501,372;447,478,,,
7R6X,3,rpk,free,-579.7310192226388,-565.309930212474,14.421089010164792,-52.0926257694597,-48.575263462753085,3.517362306706616,,339,476;492,,478;484,479;490,373;375;446;498,372;452,478,479,493,486
7R6X,3,af2,cons,-615.8181095573977,-617.5037791573661,-1.685669599968378,-47.5881806689645,-44.60532117611182,2.9828594928526755,,339;371,481;483;485;486,367;369;372;406;451;518,478,455,375;446;496;501,365;368;374;434;435;452;528,478,483,493,486
7R6X,3,af2,free,-656.4936658174706,-667.1549703791186,-10.661304561647967,-45.73945408133662,-47.92401789932642,-2.1845638179898046,,339;371,483;485,369;372;389;393;406;518,477;493,455,446,374;435;491;519,477,,,473;487
