pdb,antibody,method,constrained,wt_total,om_total,d_total,wt_interface,om_interface,d_interface,tot_stab_mut_close,tot_stab_mut_distal,tot_stab_other_close,tot_stab_other_distal,tot_destab_mut_close,tot_destab_other_close,tot_destab_mut_distal,tot_destab_other_distal,int_destab_mut,int_destab_other,int_stab_mut,int_stab_other
7DET,1,rpk,cons,-548.5734690057541,-445.41215721012065,103.16131179563342,-33.49089615703082,-34.46261647541397,-0.9717203183831487,,339,,,373;440;446,,371;375,372;374;447;455,,,440,
7DET,1,rpk,free,-565.8862381654826,-475.10836096163274,90.77787720384987,-37.27482290198221,-37.838219610086604,-0.563396708104392,,339,,452,373,,375;446,372;374;447;455,,,440,
7DET,1,af2,cons,-615.5197081740419,-613.8775512199231,1.6421569541187182,-33.16486355895845,-31.05748264655783,2.1073809124006218,,339;371;484,,367;369;372;406;483;485;518,440,444;499,375;501,365;368;434;435;452;528,,444,,
7DET,1,af2,free,-662.8923138584464,-660.7826519685564,2.1096618898900488,-37.465832630592786,-39.63213407122971,-2.1663014406369214,,339;371;484,,369;406;483;518,,444;497;499,496;501,374;434;435;455,,,440,445
