pdb,antibody,method,constrained,wt_total,om_total,d_total,wt_interface,om_interface,d_interface,tot_stab_mut_close,tot_stab_mut_distal,tot_stab_other_close,tot_stab_other_distal,tot_destab_mut_close,tot_destab_other_close,tot_destab_mut_distal,tot_destab_other_distal,int_destab_mut,int_destab_other,int_stab_mut,int_stab_other
6Z2M,3,rpk,cons,-521.6358250837053,-512.3747659960427,9.261059087662602,-62.06887538443377,-61.72608068960216,0.3427946948316034,,339;446;496,,,371;373;375,372,484,,,,,
6Z2M,3,rpk,free,-548.3303713748662,-553.2290797197506,-4.898708344884426,-67.85609206844725,-76.255722677817,-8.399630609369751,,339;446;496,390;428,,371;375,,501,367,,369,,372;386;428
6Z2M,3,af2,cons,-585.1939319847997,-613.9428925362145,-28.74896055141471,-45.01089017101114,-54.88047556666609,-9.869585395654951,,339,369;372;382;516;517;518,367;393;406;483;485,375,368;374;386;528,501,365;420;435;455;499,,370;386,,325;369;372;377;385;517
6Z2M,3,af2,free,-661.2327533976354,-672.4727244790947,-11.239971081459316,-60.08670953946763,-87.88394986110326,-27.797240321635634,,339;484,369;372;380;382;389;428;516;518,358;367;393;406;480;483;527,,321;368;374;381;519;528,446;496;501,332;356;434;435;497,,370;377;381;519,373,322;369;372;385;386;428;430;516
