pdb,antibody,method,constrained,wt_total,om_total,d_total,wt_interface,om_interface,d_interface,tot_stab_mut_close,tot_stab_mut_distal,tot_stab_other_close,tot_stab_other_distal,tot_destab_mut_close,tot_destab_other_close,tot_destab_mut_distal,tot_destab_other_distal,int_destab_mut,int_destab_other,int_stab_mut,int_stab_other
7M6E,1,rpk,cons,-502.82441443466985,-478.5229578570048,24.30145657766502,-45.4892971152825,-42.1992397661085,3.290057349173999,,496,,,371;373;498,372;374;434,,,371;373,,440,
7M6E,1,rpk,free,-580.2458513924868,-570.9104085949534,9.335442797533346,-56.35086525021036,-50.30797176592607,6.042893484284292,,496,343;438;439;442;509,405;453;508,371;373,372;374;434;436;445,,455;456;489,373,374;438,,
7M6E,1,af2,cons,-611.8091856703469,-607.9079782293594,3.9012074409874913,-48.0989758730843,-44.4438169271027,3.655158945981597,,,372,406;483;485;518,446,343;368;441;448;499,501,420;435;455;494;528,373,374;445,440,
7M6E,1,af2,free,-662.3146850130148,-670.3611322608108,-8.046447247795982,-57.614357932009455,-67.04685374050968,-9.43249580850022,,,343;377,356;372;406;483;485;518;527,446,434;435;444,496;501,449;455;526,,437,339;375,342;345;436;442
