pdb,antibody,method,constrained,wt_total,om_total,d_total,wt_interface,om_interface,d_interface,tot_stab_mut_close,tot_stab_mut_distal,tot_stab_other_close,tot_stab_other_distal,tot_destab_mut_close,tot_destab_other_close,tot_destab_mut_distal,tot_destab_other_distal,int_destab_mut,int_destab_other,int_stab_mut,int_stab_other
6XKP,2,rpk,cons,-525.567964394758,-494.1871822175973,31.380782177160654,-37.69182140324565,-32.95464060151875,4.7371808017269,,339,,,484,,371;373;375,372,484,,,
6XKP,2,rpk,free,-556.1631291191292,-558.040428513132,-1.8772993940028755,-48.57204639405617,-49.3965349431344,-0.8244885490782252,,339,,406,484,449,371;373,,484,,,483
6XKP,2,af2,cons,-606.6675625329074,-613.9317628814067,-7.264200348499344,-23.962489534496846,-26.46115608749015,-2.4986665529933028,,339;371,483;485,367;372;406;472;481;518,,,375;496;501,365;368;389;420;435,,,,346
6XKP,2,af2,free,-652.0813511906495,-657.3134713639504,-5.2321201733009275,-41.52416422830598,-37.156785388488544,4.367378839817434,,339;371,450;452;483;485,369;406;425;480;518,,444;445;448;449;489;494,,365;374;435;455;528,,445;449;483,446,347;450;490
