pdb,antibody,method,constrained,wt_total,om_total,d_total,wt_interface,om_interface,d_interface,tot_stab_mut_close,tot_stab_mut_distal,tot_stab_other_close,tot_stab_other_distal,tot_destab_mut_close,tot_destab_other_close,tot_destab_mut_distal,tot_destab_other_distal,int_destab_mut,int_destab_other,int_stab_mut,int_stab_other
7EAM,1,rpk,cons,-540.4110877498885,-521.5526563789304,18.8584313709581,-44.790277910350746,-44.9238884289005,-0.1336105185497516,,339;408,,,,,371;373,372;490,,,,
7EAM,1,rpk,free,-562.085798404846,-555.3961524100565,6.68964599478943,-50.64230994174136,-50.06842706649304,0.5738828752483229,,339,,,,,371;375;405,369;489,,,,
7EAM,1,af2,cons,-611.8899343822095,-517.9291343620578,93.96080002015174,-35.787769439705336,-30.887408952047245,4.900360487658091,,339,518,443;483;490;496;502,,351;352;468;469;470;491;492;497;519;520,371;373;405;493;501,365;372;446;451;453;454;455;456;457;461;473;475;479;487;494;495;506;522;538;541,,346;468;471,,466;518
7EAM,1,af2,free,-660.4185889888186,-609.0485907595076,51.36999822931091,-46.98216780580931,-50.949479539948015,-3.967311734138704,,339;477;478,490;518,367;369;389;390;407;429;436;483;500;502;527,493,398;457;468;469;471;492;497;519;520,405;501,337;368;374;377;386;391;420;430;445;446;447;448;449;451;453;461;479;488;491;494;495;503;506;509;525;528,,468;469;471;520,,462;492;518
