pdb,antibody,method,constrained,wt_total,om_total,d_total,wt_interface,om_interface,d_interface,tot_stab_mut_close,tot_stab_mut_distal,tot_stab_other_close,tot_stab_other_distal,tot_destab_mut_close,tot_destab_other_close,tot_destab_mut_distal,tot_destab_other_distal,int_destab_mut,int_destab_other,int_stab_mut,int_stab_other
7EKC,1,rpk,cons,-494.94832010060657,-464.29733794509764,30.650982155508927,-47.78818927874357,-38.770925677948696,9.017263600794877,,339,,,417;446;484;493,490,371;373;375,372,417,,501,
7EKC,1,rpk,free,-519.3770820974446,-509.3098164306366,10.067265666807998,-49.321338728042804,-49.89379591223803,-0.5724571841952297,,339,,,417;446;484,445;449;499,371;375,370,417,,477;501,506
7EKC,1,af2,cons,-623.5916154904005,-620.7105122157,2.8811032747005356,-49.78417481239317,-45.30653845233496,4.477636360058206,,339;371,485,367;369;372;406;483;518,417;493,449;455;494,375,365;368;374;420;434;435;452,417,449;495,493;501,
7EKC,1,af2,free,-660.5361269397167,-661.9417821538618,-1.4056552141450993,-55.47466715401927,-43.680302854565305,11.794364299453967,,339;371,483;485,369;372;451;472;516;518;527,417;446,489,,332;342;368;374;434;435;436;448;509,417;446;493;505,490,501,494
