pdb,antibody,method,constrained,wt_total,om_total,d_total,wt_interface,om_interface,d_interface,tot_stab_mut_close,tot_stab_mut_distal,tot_stab_other_close,tot_stab_other_distal,tot_destab_mut_close,tot_destab_other_close,tot_destab_mut_distal,tot_destab_other_distal,int_destab_mut,int_destab_other,int_stab_mut,int_stab_other
7E5R,6,rpk,cons,-361.59973385958267,-318.5784510237578,43.02128283582488,-24.192472622016723,-22.260436266300637,1.932036355716086,,339,,508,446;484;498,447;455,373;375;501,437;439;499,484,,493,
7E5R,6,rpk,free,-489.1641966415557,-483.7946354530056,5.369561188550108,-55.04385079255861,-47.49591640761819,7.547934384940419,,373,,367;372;374;508;515,446;484,,371;375;501,337;364;369;437;439;444;506,484,449;480;482;490,,470
7E5R,6,af2,cons,-614.8601636756034,-618.9109179738412,-4.0507542982377345,-25.531016428414528,-23.537206995369402,1.9938094330451257,,339;371,483;485;486,367;369;372;406;518,,490,375;501,365;368;374;434;435;499;528,493,481,,485;486
7E5R,6,af2,free,-657.9442564507135,-664.5568055361404,-6.612549085426849,-40.67968292152855,-44.424874005529134,-3.745191084000581,,339;371,485,356;369;372;406;425;516;518;527,446;496,444,501,374;430;435;528,484,481,,449;469;470;485;490
