pdb,antibody,method,constrained,wt_total,om_total,d_total,wt_interface,om_interface,d_interface,tot_stab_mut_close,tot_stab_mut_distal,tot_stab_other_close,tot_stab_other_distal,tot_destab_mut_close,tot_destab_other_close,tot_destab_mut_distal,tot_destab_other_distal,int_destab_mut,int_destab_other,int_stab_mut,int_stab_other
6XKQ,1,rpk,cons,-384.4536947877739,-374.0286252748963,10.425069512877599,-68.21309629793248,-54.567524878670845,13.645571419261636,,339,,406,477;493,,375,,478;484;493,,,
6XKQ,1,rpk,free,-415.4360458831136,-411.6792383340602,3.7568075490534056,-69.79352598476413,-57.8373811784086,11.956144806355532,,339,488,,477;484;505,449;455,375,338,446;478;484;493;498;505,403;449;487,,494
6XKQ,1,af2,cons,-597.9861476220215,-604.4256564710171,-6.439508848995615,-35.70784765380613,-33.65388819488786,2.053959458918264,,339;371,475;483;485;486,367;369;372;518,493;501,452,375,365;368;434;435;528,477;484;493,489,478;496;501,475;486;487
6XKQ,1,af2,free,-659.1756721260313,-656.6751609556712,2.500511170360028,-58.376749434342514,-44.15379070290347,14.222958731439043,,339;371,474;486,369;372;406;472;481;516;518;527,446;478;493,455;476;487,,332;356;374;479;509;528,446;477;478;484;493;505,476;483,496;501,485;486
