pdb,antibody,method,constrained,wt_total,om_total,d_total,wt_interface,om_interface,d_interface,tot_stab_mut_close,tot_stab_mut_distal,tot_stab_other_close,tot_stab_other_distal,tot_destab_mut_close,tot_destab_other_close,tot_destab_mut_distal,tot_destab_other_distal,int_destab_mut,int_destab_other,int_stab_mut,int_stab_other
7NTC,1,af2,cons,-722.6686001470405,-792.5507912077338,-69.88219106069334,-0.778819742125652,-19.69379519326277,-18.914975451137117,,,75;152;153;248;250;251;252;253;254;255,20;21;22;41;76;78;79;111;228;229;233;246;272,70,140;183;185;244;257;258,19;24;25,160;191,,71;145;185;251,,180;184;248;250;252;253;259
7NTC,1,af2,free,-880.1158540265629,-884.4595707650087,-4.343716738445778,-7.450329088779297,-29.154259266562146,-21.70393017778285,,,144;146;183;253;255,18;20;73;80;119;138;159;170;186;190;201;212;222;227;228;246;247;248,70,71;141;143;152;181;245;250;258,19;25,92;99;134;140;221;226;242;249,,150,,73;149;180;183;184;248
