pdb,antibody,method,constrained,wt_total,om_total,d_total,wt_interface,om_interface,d_interface,tot_stab_mut_close,tot_stab_mut_distal,tot_stab_other_close,tot_stab_other_distal,tot_destab_mut_close,tot_destab_other_close,tot_destab_mut_distal,tot_destab_other_distal,int_destab_mut,int_destab_other,int_stab_mut,int_stab_other
7JVC,2,rpk,cons,-605.0940315796645,-580.875872412392,24.21815916727246,-40.673666619790666,-39.20489441075825,1.4687722090324158,,339;505,,,371;373;375,372,405;484;501,455;499,,,,
7JVC,2,rpk,free,-617.6794481243534,-600.5868505381184,17.092597586235,-43.69839674825874,-43.70691426631808,-0.008517518059342422,,339;501;505,,,371;376,369;435,,434;436;439;450;455;499,371,374,,372
7JVC,2,af2,cons,-618.1286147992814,-542.217181895697,75.91143290358445,-39.034435788949835,-26.787146197989593,12.247289590960243,,339,,481;483;485;490;500;502,371,370;389,405;452;477;501,351;365;442;445;446;448;451;453;454;456;457;467;469;474;475;479;480;487;488;491;492;493;494;495;497;506,371;376,370;372,375,
7JVC,2,af2,free,-655.782672595323,-629.1376103157819,26.645062279541094,-40.92102437984156,-46.07773637115486,-5.156711991313301,,339,369;374;378;379;508,320;389;431;443;450;472;483;490;499;500;502,371;405,370;380;506,452;501,356;391;392;402;442;445;446;447;448;451;453;456;465;479;480;487;491;492;493;495;497;503,371,370;372,375,369;374;378;508
