pdb,antibody,method,constrained,wt_total,om_total,d_total,wt_interface,om_interface,d_interface,tot_stab_mut_close,tot_stab_mut_distal,tot_stab_other_close,tot_stab_other_distal,tot_destab_mut_close,tot_destab_other_close,tot_destab_mut_distal,tot_destab_other_distal,int_destab_mut,int_destab_other,int_stab_mut,int_stab_other
7K8T,1,rpk,cons,-331.07381379854496,-319.74942004180343,11.324393756741529,-38.34226482755912,-32.3482443037804,5.9940205237787225,,339;408;478,454;485,,452;498,,371;373;375,372,452;484,,,
7K8T,1,rpk,free,-464.8806031296672,-448.36132151825143,16.51928161141575,-55.02041519261376,-42.739205028958224,12.281210163655537,,339;408,473;483;490,412;436;531,417;452;484;493;498,455;496,371;373;375,372;402,417;484,456;490,,486;494
7K8T,1,af2,cons,-616.4307416725844,-513.6182307404866,102.81251093209778,-34.25179117080687,-21.25317117564574,12.998619995161128,,339,483;496;502,500;518,452;484;493;501,351;403;446;448;449;451;455;456;487;491;492;494;495;497,371;373;405,346;365;372;442;454;457;467;469;473;479;506;520;522;541,452;484;493,449;470;486;490,498;501,450;495;497
7K8T,1,af2,free,-660.5381230820437,-605.4845166332159,55.05360644882785,-51.77316323025059,-38.58115460177559,13.192008628475001,,339;477,450,320;354;367;369;390;392;407;436;500;502;518,452;493;501,446;447;448;449;451;455;456;472;487;490;491;492;495;497,405,336;337;374;377;391;435;442;457;459;467;479;506;519;520,452;484,453;470;481;483;489;490;492,498,450;485;486;495;497
