pdb,antibody,method,constrained,wt_total,om_total,d_total,wt_interface,om_interface,d_interface,tot_stab_mut_close,tot_stab_mut_distal,tot_stab_other_close,tot_stab_other_distal,tot_destab_mut_close,tot_destab_other_close,tot_destab_mut_distal,tot_destab_other_distal,int_destab_mut,int_destab_other,int_stab_mut,int_stab_other
7JZN,1,rpk,cons,-627.3630190723006,-604.8351643008659,22.527854771434704,-53.6778394193427,-49.13879115303332,4.539048266309386,,339,403,,417;484;501,,371;373;375;452,368,417;505,,,403
7JZN,1,rpk,free,-639.0998030683736,-636.699056462475,2.4007466058985756,-62.773080724144464,-59.51594272540271,3.2571379987417544,,339,403,,405;417;484;501,,371;375,,417;505,497,498,403
7JZN,1,af2,cons,-616.9902898703084,-526.673390227287,90.31689964302143,-51.50083376983702,-38.4588716422394,13.041962127597621,,339,485;496;500,481;483,405;417;477;501;505,446;449;453;455;456;474;475;487;488;493;494;495;497;503;504;506,375;452,365;442;445;448;451;454;457;465;467;469;479;491;492,417;501;505,449;456;489;493;502,478;498,500;504
7JZN,1,af2,free,-654.5988038356779,-621.9142732788404,32.68453055683756,-62.283415506300486,-60.337082351365424,1.9463331549350613,,339,403;421;476;483;485;490;500;502;503,320;369;390;407;413;427;436;443;508,405,406;447;449;453;454;455;456;475;487;495;497;506,452,326;351;356;391;394;442;451;465;469;480;491;492,417;505,416;449;489;493,478;498;501,475;476;503
