pdb,antibody,method,constrained,wt_total,om_total,d_total,wt_interface,om_interface,d_interface,tot_stab_mut_close,tot_stab_mut_distal,tot_stab_other_close,tot_stab_other_distal,tot_destab_mut_close,tot_destab_other_close,tot_destab_mut_distal,tot_destab_other_distal,int_destab_mut,int_destab_other,int_stab_mut,int_stab_other
7B18,1,rpk,cons,-471.30118086219846,-449.697238019068,21.603942843130483,-63.98098425090357,-51.02314115789766,12.957843093005906,,408,,374,452;484;498;501,,371;375;376,372;502,484;486;498,,,
7B18,1,rpk,free,-571.967500078604,-568.4721412731423,3.4953588054617057,-80.99811748601837,-61.98899388261686,19.009123603401513,,339,468;476,435;474,452;477;498,475;502,371;375;405,372;424,417;477;484;486;498,487,478,
7B18,1,af2,cons,-621.3958996618618,-523.7402046401028,97.65569502175902,-46.62957285180322,-22.609439151337785,24.020133700465433,,339,483;485;500;502,481,452;501,403;446;449;450;453;456;475;487;491;492;493;494;495;497,405;477,365;442;448;451;454;457;467;469;474;479;480;488;506,498,446;449;490;492;493;494;496,501,495;497;502;503
7B18,1,af2,free,-668.0189175090836,-609.0789813104428,58.939936198640794,-64.88662245826393,-48.800596222653006,16.086026235610923,,,483;485;490;500;502,346;358;366;367;368;372;374;390;472;481,417;501,351;446;449;456;474;487;488;489;491;492;493;494;495;497,371;405,377;391;442;448;451;454;457;465;469;479;506;526,417;452,446;449;483;489;490;492;493;494,501,403;453;495;497;499;502;503
