pdb,antibody,method,constrained,wt_total,om_total,d_total,wt_interface,om_interface,d_interface,tot_stab_mut_close,tot_stab_mut_distal,tot_stab_other_close,tot_stab_other_distal,tot_destab_mut_close,tot_destab_other_close,tot_destab_mut_distal,tot_destab_other_distal,int_destab_mut,int_destab_other,int_stab_mut,int_stab_other
7SO9,6,rpk,cons,-608.2948518513402,-585.4418463679416,22.853005483398647,-39.15973733048877,-31.24803312442047,7.911704206068297,,339,,,446;484;501,,371;373;375,372,484;493,,,
7SO9,6,rpk,free,-631.9328799444386,-617.3174906786835,14.615389265755084,-47.92220954003544,-43.45384377599021,4.468365764045231,,339,,368;406,446;484,449;455,371;373;375,372;412,484;493,,496,494
7SO9,6,af2,cons,-612.894013272284,-615.0412796369544,-2.1472663646703722,-31.65466333385762,-31.720162459214812,-0.06549912535719216,,339;371,483;485,367;369;372;406;451;481;518,501,452;455,375,365;368;434;435;528,,483,,486
7SO9,6,af2,free,-659.923734809547,-666.7046300419079,-6.780895232360876,-37.01233069592378,-39.46653556861958,-2.4542048726957972,,339;371,483;485;486,369;372;406;418;480;518;527,446,449;455,,374;435;528,484,483,496,485;486;494
