pdb,antibody,method,constrained,wt_total,om_total,d_total,wt_interface,om_interface,d_interface,tot_stab_mut_close,tot_stab_mut_distal,tot_stab_other_close,tot_stab_other_distal,tot_destab_mut_close,tot_destab_other_close,tot_destab_mut_distal,tot_destab_other_distal,int_destab_mut,int_destab_other,int_stab_mut,int_stab_other
7NDC,3,af2,cons,-824.929105327448,-819.4467322960387,5.482373031409338,-0.5093311056185623,-1.2623396402158977,-0.7530085345973354,,,,20;21;75;76;78;79;97;111;153;228;229;253;272,,160;245;248;249,19;24;25,140;141;146;197;244;257;258;259,,,,
7NDC,3,af2,free,-900.4467720242887,-879.4361842670887,21.010587757200028,-5.096448960599836,-8.735999326015177,-3.6395503654153414,,142,154,18;20;81;133;139;144;147;180;184;222;224;228;242;243;252,,152;245;249,19;25;70,29;134;140;141;143;146;179;181;197;244;259;262,,161,,251;252
