pdb,antibody,method,constrained,wt_total,om_total,d_total,wt_interface,om_interface,d_interface,tot_stab_mut_close,tot_stab_mut_distal,tot_stab_other_close,tot_stab_other_distal,tot_destab_mut_close,tot_destab_other_close,tot_destab_mut_distal,tot_destab_other_distal,int_destab_mut,int_destab_other,int_stab_mut,int_stab_other
7LXZ,2,rpk,cons,-634.470782857383,-613.8977008660387,20.57308199134434,-47.285780792301125,-40.90171523647603,6.384065555825096,,339,,,501,455,371;373;375;405,372,484,,452,
7LXZ,2,rpk,free,-650.1051866532632,-638.4468942422163,11.658292411046887,-50.4242207901844,-44.09148246828359,6.332738321900813,,339;375,,502;508,501,446;487,371;373;405,372;374;390;434;506,484;486,,452,
7LXZ,2,af2,cons,-613.6669581496767,-512.2528107009919,101.41414744868484,-35.91590315515098,-20.18214411728988,15.733759037861098,,339,483;485;500;502,481,452;501,403;446;448;449;475;487;488;491;492;493;494;495;497,405;477,351;357;365;394;434;442;451;454;457;467;469;474;479;480;506,,449;483;489;490;493,498;501,495
7LXZ,2,af2,free,-658.7978805815397,-619.3972445179384,39.40063606360138,-40.114847724331426,-39.49767227856993,0.6171754457614966,,339,472;483;490;499;500;502,320;367;369;390;436;481;508,452,403;445;446;448;449;453;474;487;492;495;497,405,326;351;391;438;442;451;457;459;467;479;491;506;507,484,449;483;489;490;493,478;486;498;501,475;494;495;499
