pdb,antibody,method,constrained,wt_total,om_total,d_total,wt_interface,om_interface,d_interface,tot_stab_mut_close,tot_stab_mut_distal,tot_stab_other_close,tot_stab_other_distal,tot_destab_mut_close,tot_destab_other_close,tot_destab_mut_distal,tot_destab_other_distal,int_destab_mut,int_destab_other,int_stab_mut,int_stab_other
7KSG,3,rpk,cons,-476.36229943882495,-458.70623056859546,17.65606887022949,-48.48502046823053,-44.31369819895161,4.171322269278917,,339;408,,374,452;484;493;498,,371;375;376;405,372,452;484;498,,478;501,
7KSG,3,rpk,free,-547.2374581781842,-538.3741021754327,8.863356002751516,-64.95004557911756,-69.4303283607717,-4.4802827816541395,,339;408,,379;380;414;434;436;511;527;528,417;452;484;493;498,,371;375;405,369;372;377;378;411;432;433,417;484;498,,493;501,444;448;468
7KSG,3,af2,cons,-618.4703590837232,-521.7480565058013,96.72230257792194,-28.891623365425826,-40.11281339680599,-11.221190031380164,,339,483;490;502,518,484;493;501;505,351;446;449;455;456;487;491;492;494;495;497;503,371;373;405,346;365;372;448;451;453;454;457;461;471;473;474;479;506;520;522;541,452,490;492;494,498;501,486;495;497;502;503
7KSG,3,af2,free,-668.7709869889896,-625.8634054238306,42.907581565159035,-53.97104014821172,-54.439033137194606,-0.46799298898288555,,339,473;483;486;500;502,367;369;390;407;418;422;436;466;481;518,452;493,446;449;453;487;491;492;494;495;497,405,374;377;391;421;435;442;448;451;457;469;506;519;526,452;484;493,446;449;483;489;490;492,498;501,403;455;486;495;497;499;502;503
