pdb,antibody,method,constrained,wt_total,om_total,d_total,wt_interface,om_interface,d_interface,tot_stab_mut_close,tot_stab_mut_distal,tot_stab_other_close,tot_stab_other_distal,tot_destab_mut_close,tot_destab_other_close,tot_destab_mut_distal,tot_destab_other_distal,int_destab_mut,int_destab_other,int_stab_mut,int_stab_other
7P7A,1,rpk,cons,-302.54117187420474,-285.600230898012,16.940940976192735,-22.93466193007254,-22.36984862541161,0.5648133046609303,,339;505,,442,371;373;375,372,484;501,,,,,
7P7A,1,rpk,free,-432.25717973246344,-423.4417298022822,8.815449930181217,-37.89944908237077,-46.332615099364006,-8.433166016993233,,339,374;412;434;503;508,436;489;491,371;408,,484,347;410;421;425;442;472;474;487,408,369;377,375,374;380;412;414;503
7P7A,1,af2,cons,-611.859422862992,-526.3231415058352,85.53628135715678,-24.396999987229115,-18.713501346423723,5.683498640805393,,339,378,366;483;490;496;500;502;518,371;373;375,372,405;452;501,346;351;365;446;449;451;453;454;456;457;461;469;471;473;475;479;487;491;492;494;495;497;506;520;522;538;541,,369;372;378,,370
7P7A,1,af2,free,-662.7889417471202,-627.2698996308368,35.51904211628346,-37.16259343712705,-37.38395159945575,-0.22135816232869843,,339;478,407,338;358;367;421;436;443;458;474;483;490;499;500;502;518,375;376;405,368;369;372;377;378,493;501,329;391;442;445;446;447;448;449;451;453;454;457;480;487;491;492;495;497;506;519;520;526,408,369;370;372,371;373;375,374
