pdb,antibody,method,constrained,wt_total,om_total,d_total,wt_interface,om_interface,d_interface,tot_stab_mut_close,tot_stab_mut_distal,tot_stab_other_close,tot_stab_other_distal,tot_destab_mut_close,tot_destab_other_close,tot_destab_mut_distal,tot_destab_other_distal,int_destab_mut,int_destab_other,int_stab_mut,int_stab_other
7A5S,1,rpk,cons,-378.4767673986206,-382.3000582722064,-3.8232908735857905,-34.32373751852878,-35.543959198081836,-1.220221679553056,,339;373;446;496,,495;497;500,,,371;498;501,502,,,,
7A5S,1,rpk,free,-495.4912023945091,-506.3968840388082,-10.90568164429908,-55.0530399195397,-57.06629724722859,-2.0132573276888905,,339;446;496,369;376,365;451;497;500;511;526,,377;383;393;429,484,486;494;499,375,390;408,,369;381;516
7A5S,1,af2,cons,-606.2563240388718,-606.6421421006871,-0.38581806181537104,-28.889617173855957,-24.622576340203928,4.267040833652029,,339,321;372;518,367;389;406;451;483;485,375,369;374;386,446;501,365;420;434;435;455;489;499;528,,370;386;390;428,,321;430
7A5S,1,af2,free,-666.5793943727169,-664.1518293318019,2.4275650409150558,-54.07828688430565,-59.51529476110303,-5.437007876797381,,339,372;378;380;518,367;393;406;425;451;481;483,,369;374;383;389;435;517;519,446,332;365;387;388;444;526,,383;517;519,373,372;380;385;386;428
