pdb,antibody,method,constrained,wt_total,om_total,d_total,wt_interface,om_interface,d_interface,tot_stab_mut_close,tot_stab_mut_distal,tot_stab_other_close,tot_stab_other_distal,tot_destab_mut_close,tot_destab_other_close,tot_destab_mut_distal,tot_destab_other_distal,int_destab_mut,int_destab_other,int_stab_mut,int_stab_other
7BZ5,1,rpk,cons,-554.5797848884569,-523.0237433673915,31.556041521065367,-61.37902984184872,-53.949056619670166,7.429973222178553,,339,,,498;501,,371;373;375,370;372,417;498;505,,,
7BZ5,1,rpk,free,-575.1491499314343,-563.5406573847733,11.608492546660955,-71.4884097225894,-62.67237031366719,8.816039408922208,,339,,347,405;417;493;498,446;491,371;375,369,417;498;505,495;496,501,421;453
7BZ5,1,af2,cons,-622.4769816790026,-476.133177259254,146.3438044197486,-58.07551370355582,-10.775411329013593,47.30010237454223,,339,483;490,518,405;417;477;478;501;505,454;455;456;457;473;474;475;476;479;480;487;488;491;492;494;495;497,371;373,346;351;365;372;446;448;451;467;469;506;520;522;538;541,417;477;498;501;505,474;475;476;480;489;502,,453;457;503
7BZ5,1,af2,free,-664.8416943547342,-616.7723401696261,48.06935418510807,-67.59890658175499,-37.5792424607269,30.019664121028086,,339,474;476;483;490;502,367;369;390;407;436;443;482;518;527,405;493;501;505,406;446;447;448;455;456;473;475;492;495;497,,351;374;377;391;435;442;451;465;471;506;519;520;528,417;505,403;421;455;456;473;475;489;490;495;496;502,478;498,476;486;487;503
