pdb,antibody,method,constrained,wt_total,om_total,d_total,wt_interface,om_interface,d_interface,tot_stab_mut_close,tot_stab_mut_distal,tot_stab_other_close,tot_stab_other_distal,tot_destab_mut_close,tot_destab_other_close,tot_destab_mut_distal,tot_destab_other_distal,int_destab_mut,int_destab_other,int_stab_mut,int_stab_other
7L7E,5,rpk,cons,-540.2617395243715,-522.9802242703424,17.281515254029046,-46.53423047006956,-39.43641828161784,7.097812188451719,,339;408,,,478;484,,371;373;375;501,372,486,,,
7L7E,5,rpk,free,-563.9689847036989,-555.562471956004,8.406512747694933,-46.917439005163935,-39.59931483888107,7.318124166282864,,339;408,,368;369,486,,371;375;376;501,366;372,478;486,,,
7L7E,5,af2,cons,-614.2524579285187,-526.079874918502,88.17258301001664,-37.38132177811958,-20.385593541660583,16.995728236458994,,339,481;483;485;490,496;500;502;508,477,453;456;474;475;476;479;480;487;488;492;493;494;495,405,365;442;445;446;448;449;451;454;457;465;467;469;472;491;497;506,477;478;486,474;475;476;487;489;493,484,495
7L7E,5,af2,free,-659.9304623443634,-618.7538285819023,41.17663376246105,-46.072880947590875,-42.85523280255746,3.217648145033415,,339,483;485,338;358;367;369;374;390;392;436;443;490;500;502,,453;455;456;475;487;495;497,375;405;501,326;351;368;406;442;445;446;447;448;451;454;465;469;491;492;503;506;526,477;484;486,475;476;489;493,,474;481;483;485;495
