pdb,antibody,method,constrained,wt_total,om_total,d_total,wt_interface,om_interface,d_interface,tot_stab_mut_close,tot_stab_mut_distal,tot_stab_other_close,tot_stab_other_distal,tot_destab_mut_close,tot_destab_other_close,tot_destab_mut_distal,tot_destab_other_distal,int_destab_mut,int_destab_other,int_stab_mut,int_stab_other
7BH9,1,rpk,cons,-324.194783439777,-315.9093514022339,8.285432037543103,-31.780846681777003,-31.255922791460563,0.5249238903164404,,,,420,417;446,447;455,373;375,,417;505,,493;501,
7BH9,1,rpk,free,-366.47397711095476,-357.6854364114595,8.788540699495286,-42.49419361491653,-48.76967827857628,-6.275484663659746,,,,374;508,446;484,,373,437,417;446;505,,477;493;498;501,453
7BH9,1,af2,cons,-622.2624962992002,-616.5139008287478,5.748595470452415,-39.77745149474289,-35.91509851130996,3.8623529834329346,,339;371;484,485,367;369;372;406;483;518,417;496,449;455;494,375,365;368;420;434;435;528,417;505,449,493;496;501,
7BH9,1,af2,free,-661.127863300745,-662.3259682072123,-1.1981049064672789,-51.85487673431286,-53.20537352448608,-1.3504967901732172,,339;371,483;485,369;372;393;406;425;450;518,446,448,,342;374;420;435;436;526,417;446;505,449;455;475,477;493;498;501,490
