pdb,antibody,method,constrained,wt_total,om_total,d_total,wt_interface,om_interface,d_interface,tot_stab_mut_close,tot_stab_mut_distal,tot_stab_other_close,tot_stab_other_distal,tot_destab_mut_close,tot_destab_other_close,tot_destab_mut_distal,tot_destab_other_distal,int_destab_mut,int_destab_other,int_stab_mut,int_stab_other
7K90,3,rpk,cons,-367.144452770836,-360.1843857173198,6.960067053516184,-34.965729551799015,-35.09518323464943,-0.1294536828504178,,339;478,,,484;493;501,,371;375;477,372;405,484,,417,
7K90,3,rpk,free,-462.569656596241,-464.09358427842244,-1.5239276821814656,-45.289780011608606,-40.0931513536516,5.196628657957007,,339,447;449;453;485;491,403;406;497,493,452;455;479;486;490;492,371;375;477;478,372;405,484,455;494,,
7K90,3,af2,cons,-605.2175916539879,-608.125304491745,-2.907712837757117,-26.960511004244722,-23.52456193813753,3.4359490661071916,,339;371,449;481;483;485,367;369;372;406;518,446;493;501,455,375,365;368;374;420;434;435;499;528,484,483,,449
7K90,3,af2,free,-650.0784562112619,-654.9701728229081,-4.8917166116461885,-35.160225561689664,-28.37333924812568,6.786886313563983,,339;371,481;483;485,369;390;406;418;480;518;527,501,453;489;490,,365;374;389;391;392;497;499,,444;482;483;486;490,446;493,449
