pdb,antibody,method,constrained,wt_total,om_total,d_total,wt_interface,om_interface,d_interface,tot_stab_mut_close,tot_stab_mut_distal,tot_stab_other_close,tot_stab_other_distal,tot_destab_mut_close,tot_destab_other_close,tot_destab_mut_distal,tot_destab_other_distal,int_destab_mut,int_destab_other,int_stab_mut,int_stab_other
7EY5,2,rpk,cons,-414.7179460284226,-398.9158469778182,15.802099050604397,-33.67539349365307,-34.04987940093045,-0.37448590727738207,,339,406,,,,371;373;375;446;501,372,,456,,479
7EY5,2,rpk,free,-494.9881071487904,-487.29239627074094,7.695710878049454,-48.852026011378,-42.099626660767136,6.752399350610865,,339,,340;362;363;391;392;406;465,446;478;484,449;479,371;373;375,372;374;434;454,484,479,478,
7EY5,2,af2,cons,-611.1919007282916,-610.6468272551145,0.5450734731770126,-23.059686178738303,-17.988631715099565,5.071054463638738,,339;371,406;481;483;485,367;369;372;518,446;478;501,486;494,375,365;368;434;435;499;528,478;484,486,,
7EY5,2,af2,free,-666.4524741490757,-654.9671214518024,11.485352697273242,-46.327502383895954,-41.0996099164852,5.227892467410754,,339,483;485,369;372;390;406;451;518,446;478;501,447;452;453;486;489,,356;365;368;374;377;430;448;526,478;484,483;486,493,490
