pdb,antibody,method,constrained,wt_total,om_total,d_total,wt_interface,om_interface,d_interface,tot_stab_mut_close,tot_stab_mut_distal,tot_stab_other_close,tot_stab_other_distal,tot_destab_mut_close,tot_destab_other_close,tot_destab_mut_distal,tot_destab_other_distal,int_destab_mut,int_destab_other,int_stab_mut,int_stab_other
7SOE,1,af2,cons,-784.9486250212686,-781.5356225567716,3.4130024644970263,-9.072918651196076,-15.793143752310819,-6.7202251011147425,,,146;148;153;178;180,20;21;22;75;76;78;79;97;111;228;229;253,,140;141;145;152;155;245;247,19;24;25,32;156;197;233;249;257;258;259,,144;147;152,,146;149;176
7SOE,1,af2,free,-891.2503633753159,-872.6731185189601,18.577244856355833,-56.68841087890874,-49.016170095442476,7.672240783466265,,,121;123;144;148,75;76;80;81;102;184;212;222;228;242;291,,146;152;170;245;247,19;25;69,23;55;78;140;181;183;221;249;255;259,,146;149;153,,176
