pdb,antibody,method,constrained,wt_total,om_total,d_total,wt_interface,om_interface,d_interface,tot_stab_mut_close,tot_stab_mut_distal,tot_stab_other_close,tot_stab_other_distal,tot_destab_mut_close,tot_destab_other_close,tot_destab_mut_distal,tot_destab_other_distal,int_destab_mut,int_destab_other,int_stab_mut,int_stab_other
7SOB,1,rpk,cons,-585.5321162738217,-565.189443142704,20.342673131117635,-51.146218612036996,-50.55758150589594,0.5886371061410571,,408,,,,,371;373;375;405;501,372,,,,
7SOB,1,rpk,free,-609.4193577476877,-599.3070356758619,10.112322071825815,-56.117355626363846,-57.20584149164797,-1.0884858652841274,,408,,326;369;449;497,,499,371;373;375,372;490;495,,,440,
7SOB,1,af2,cons,-622.1439229328975,-547.5226562614932,74.62126667140421,-49.626828637459234,-53.02808126826049,-3.4012526308012596,,,346,481;483;485;490;500;502,,442;446,405;477;501,365;448;449;451;453;455;456;457;467;469;474;475;479;480;487;488;491;492;493;494;495;497;506,339,,,346;446
7SOB,1,af2,free,-666.3820072316219,-625.0011208696487,41.380886361973126,-55.12465397927328,-63.291252129686946,-8.166598150413662,,,338;346;367;436,369;390;481;483;490;499;500;502;508;518;528,,442;446;447;448;451,375;405;501,351;353;365;368;386;391;392;425;453;454;465;471;474;479;487;488;491;492;495;497;506,,,440,444;446
