pdb,antibody,method,constrained,wt_total,om_total,d_total,wt_interface,om_interface,d_interface,tot_stab_mut_close,tot_stab_mut_distal,tot_stab_other_close,tot_stab_other_distal,tot_destab_mut_close,tot_destab_other_close,tot_destab_mut_distal,tot_destab_other_distal,int_destab_mut,int_destab_other,int_stab_mut,int_stab_other
7RA8,1,rpk,cons,-487.22349387915676,-468.3086998878378,18.91479399131896,-53.30646002588777,-46.72986279703456,6.57659722885321,,339,,,371;375;405;501,372;502,,455,405;408,,,
7RA8,1,rpk,free,-513.2994423843845,-502.8009305650928,10.498511819291707,-59.59851475124982,-55.911224057473135,3.6872906937766885,,339,529,367;389,371;375;501,372;502,,449,408,,375,
7RA8,1,af2,cons,-617.3195075727815,-539.6518116731909,77.66769589959063,-41.733401441006684,-34.02310880667045,7.710292634336234,,339,369;502,481;483;485;490;500,375;405;501,503;506,477,365;389;442;446;448;449;451;453;455;456;457;467;469;474;475;479;480;487;488;491;492;493;494;495;497,405;408,502;503,373,369
7RA8,1,af2,free,-659.9652721815793,-628.4392195906371,31.526052590942186,-60.13315591207269,-52.26759613156876,7.865559780503929,,339;478,369;370;382;502,320;390;421;443;472;483;485;490;499;500,371;405,385;503;506,501,326;365;391;442;445;446;447;448;451;453;456;465;470;480;487;491;492;495;497,405;408,370;372;385;503,375,369;404;508
