pdb,antibody,method,constrained,wt_total,om_total,d_total,wt_interface,om_interface,d_interface,tot_stab_mut_close,tot_stab_mut_distal,tot_stab_other_close,tot_stab_other_distal,tot_destab_mut_close,tot_destab_other_close,tot_destab_mut_distal,tot_destab_other_distal,int_destab_mut,int_destab_other,int_stab_mut,int_stab_other
7JVC,1,rpk,cons,-605.3045376540766,-591.3485854909677,13.955952163108918,-44.060058074942184,-40.815439170315024,3.24461890462716,,339,,,371;373;375,372,484;498,455;499,371;375,,,
7JVC,1,rpk,free,-615.482798943537,-611.0217025717061,4.461096371830877,-47.57225077719877,-41.65285725680363,5.91939352039514,,339;496;505,,412,371;373;375,372,,455,371;375,370;372,,414
7JVC,1,af2,cons,-617.9380032514923,-613.5162567751796,4.4217464763127055,-38.476885063671325,-30.57174852505351,7.905136538617814,,339,367;372,406;483;485;518,375,368;370;435,501,420;434;489;499,371,370;376,373,
7JVC,1,af2,free,-657.6659101383696,-654.1020024722444,3.5639076661251465,-41.460766052535355,-42.88620763299718,-1.425441580461822,,339;484,369;372;383,338;393;406;483;518;527,,368;370;376;382,446;496;501,332;356;365;444;448;455,371,370;414,373,372;378
