pdb,antibody,method,constrained,wt_total,om_total,d_total,wt_interface,om_interface,d_interface,tot_stab_mut_close,tot_stab_mut_distal,tot_stab_other_close,tot_stab_other_distal,tot_destab_mut_close,tot_destab_other_close,tot_destab_mut_distal,tot_destab_other_distal,int_destab_mut,int_destab_other,int_stab_mut,int_stab_other
7CZT,1,rpk,cons,-466.0153651228678,-443.6572055177569,22.358159605110927,-47.78580676330286,-43.349329975760995,4.436476787541864,,,,,405;484,,371;373;375,372,417;505,,,
7CZT,1,rpk,free,-547.3753825762533,-532.1970836638452,15.178298912408081,-63.49490452866229,-70.43479767730308,-6.939893148640792,,339,476,351;386,405;484;505,420;446,371;375,370;433,408;477;493;505,473,417;498;501,475;490;495;497
7CZT,1,af2,cons,-615.0451653037593,-522.741916353248,92.30324895051126,-37.62824356656267,-41.08366247752909,-3.455418910966415,,339,483;490;496;499;500;502,518,405;493;505,406;446;449;453;455;456;457;473;476;487;492;494;495;497;506,371;373;452,346;351;365;372;442;448;451;454;461;467;469;471;479;491;520;522;541,417;505,449;456;476;489;494,478;498;501,473;475;486;499;503
7CZT,1,af2,free,-666.8565235279159,-614.9743311534589,51.88219237445696,-59.736447860287925,-78.84156196482499,-19.105114104537066,,339,483;486;490;502;503,338;367;380;390;401;466;518,405;417;477;493,445;446;454;455;457;487;492;494;495;497;506,371,342;353;365;374;377;391;442;448;451;469;472;479;480;491;517;519;520;526,477;493;505,473;475;476;494;496,478;498;501,485;486;488;495;502;503
