pdb,antibody,method,constrained,wt_total,om_total,d_total,wt_interface,om_interface,d_interface,tot_stab_mut_close,tot_stab_mut_distal,tot_stab_other_close,tot_stab_other_distal,tot_destab_mut_close,tot_destab_other_close,tot_destab_mut_distal,tot_destab_other_distal,int_destab_mut,int_destab_other,int_stab_mut,int_stab_other
7VNE,3,af2,cons,-1434.306441304363,-1320.904132274848,113.40230902951498,-22.245559546131563,-32.53724362094329,-10.29168407481173,,339,353;483;490;499,41;79;97;111;153;228;229;248;272;443;502;508;518,,352;446;447;448;450;451;454;468;469;471;491;492;494;495;497,19;24;25;26;371;373;405;501,17;18;23;29;80;140;233;244;245;249;250;251;256;257;258;259;270;365;372;391;442;453;455;456;457;473;475;479;487;506;520;541,,450;468;469,493,351;467;492
7VNE,3,af2,free,-1539.5567648016345,-1493.608466055916,45.948298745718375,-39.08915140181476,-58.947856060222335,-19.858704658407575,,27;142;339;478,448;483;490,41;66;69;84;92;97;102;145;154;215;222;228;242;246;248;300;320;338;358;367;369;390;407;421;423;427;436;443;473;474;500;502;518;528,452;493,347;444;446;451;454;466;467;468;469;491;492;495;497,19;25;26;405;501,20;23;29;77;78;98;122;146;181;221;245;249;250;251;259;261;298;364;374;391;402;418;430;442;453;455;456;465;480;487;488;506;519;521;526,,444;468;469;470;471,493,134;352;445;448;449;466;467;492
