pdb,antibody,method,constrained,wt_total,om_total,d_total,wt_interface,om_interface,d_interface,tot_stab_mut_close,tot_stab_mut_distal,tot_stab_other_close,tot_stab_other_distal,tot_destab_mut_close,tot_destab_other_close,tot_destab_mut_distal,tot_destab_other_distal,int_destab_mut,int_destab_other,int_stab_mut,int_stab_other
7K9H,2,rpk,cons,-482.57466547579895,-384.0623946516338,98.51227082416517,-30.4880561832963,-34.48068228094123,-3.99262609764493,,339,490;494,,446;498,447;449;495,373;375;501,372;374,,483,,494
7K9H,2,rpk,free,-539.2847794118512,-477.2712708827459,62.01350852910531,-40.32728940254382,-49.56915589141259,-9.241866488868773,,339,486;494,362;368;418;508,446;484;498,449,373;375;501,344;372;412;445;506,484,,493,485;486;487;494
7K9H,2,af2,cons,-611.854798642745,-611.6673275717457,0.18747107099932236,-33.94140219198546,-25.968266911187193,7.973135280798267,,339;371,483;485;490,367;369;372;406;518,,455;486;489,375;501,365;368;374;420;434;435;499;528,484,449;483;488;489;494,493,490
7K9H,2,af2,free,-660.105991269698,-654.2572724684829,5.848718801215114,-41.91527886485745,-41.890816175662785,0.024462689194663767,,339;371,452;480;483;485,369;372;406;418;481;518,446,455;482;486,501,332;356;374;435;499;517;526,,455;487;489,493,490
