pdb,antibody,method,constrained,wt_total,om_total,d_total,wt_interface,om_interface,d_interface,tot_stab_mut_close,tot_stab_mut_distal,tot_stab_other_close,tot_stab_other_distal,tot_destab_mut_close,tot_destab_other_close,tot_destab_mut_distal,tot_destab_other_distal,int_destab_mut,int_destab_other,int_stab_mut,int_stab_other
7OAY,2,rpk,cons,-569.1459769984159,-551.8788639513261,17.267113047089765,-49.45352714538494,-46.933889644358835,2.5196375010261036,,339,,,371;373;375,372,501,,376,,,
7OAY,2,rpk,free,-588.1250571116409,-573.5478799987629,14.577177112877962,-51.01328028122881,-45.622140224145944,5.391140057082865,,339,,,373;375,368;372;377,,365;436,376,,,
7OAY,2,af2,cons,-614.6922131099648,-534.2336345583785,80.45857855158624,-27.628633534124017,-34.66180743471044,-7.033173900586423,,339,369;377;383,443;483;490;502;518,371;373;375,372,405;493;501,346;351;365;387;446;449;451;453;454;455;456;457;471;473;475;479;487;491;492;494;495;497;506;520;522;541,,,,369;377
7OAY,2,af2,free,-666.6376946932788,-627.6709170912475,38.96677760203136,-40.478152690793465,-42.19088881130184,-1.7127361205083744,,478,383,320;347;356;367;450;466;473;483;490;496;500;502;518,371,370,405;493;501,342;358;365;391;403;445;446;447;448;451;453;455;456;459;467;469;488;491;492;495;497;503;506;519;520;526,,370;385,,374;377
