pdb,antibody,method,constrained,wt_total,om_total,d_total,wt_interface,om_interface,d_interface,tot_stab_mut_close,tot_stab_mut_distal,tot_stab_other_close,tot_stab_other_distal,tot_destab_mut_close,tot_destab_other_close,tot_destab_mut_distal,tot_destab_other_distal,int_destab_mut,int_destab_other,int_stab_mut,int_stab_other
7SOB,4,af2,cons,-835.7532814184322,-809.1492682240864,26.604013194345725,-34.88654530070575,-31.485962816131504,3.400582484574244,,67;95,21,18;19;22;75;76;77;79;97;124;138;154;213;nan;215;216;242;247;260,,23,142;143;144;145;212,17;20;102;146;148;151;152;153;179;187;210;245;246;249;254;255;256;257;259,,111,,
7SOB,4,af2,free,-898.6095953077823,-901.2636085218567,-2.6540132140743253,-35.3085559106697,-35.064658846593204,0.24389706407649925,,67;95,81;88;266;272,18;19;76;77;94;97;121;150;155;156;168;170;182;186;213;nan;215;216;222;235;242;248;260,,21;23;54;113,142;143;144;212,17;20;99;146;152;153;160;179;191;210;214;221;245;246;249;255;257;258;262;263;291;298,,63;113,,88
