pdb,antibody,method,constrained,wt_total,om_total,d_total,wt_interface,om_interface,d_interface,tot_stab_mut_close,tot_stab_mut_distal,tot_stab_other_close,tot_stab_other_distal,tot_destab_mut_close,tot_destab_other_close,tot_destab_mut_distal,tot_destab_other_distal,int_destab_mut,int_destab_other,int_stab_mut,int_stab_other
6ZDG,1,rpk,cons,-453.0662146615489,-444.4247642278137,8.641450433735201,-45.81546922049468,-45.69484671862997,0.12062250186470891,,339;408,,,,,484;501,372;455,,,,
6ZDG,1,rpk,free,-509.17494064350444,-511.23418763193297,-2.0592469884285265,-63.73616965275165,-55.569907983095014,8.166261669656635,,339,377,365;508,,369;374,452;501,366,408,369,,
6ZDG,1,af2,cons,-612.2822261119993,-547.1934762885076,65.08874982349175,-42.78298941021558,-44.387335517450104,-1.6043461072345266,,339,369,347;481;483;485;490;500;502,,381,405;477;501,442;445;446;448;449;451;453;455;456;457;467;469;474;475;479;480;487;491;492;493;494;495;497;506;538,,,,385
6ZDG,1,af2,free,-659.0898791167348,-630.1123197999767,28.97755931675806,-69.37879383750521,-55.8447203312243,13.534073506280912,,339;478,369;374;381;382;389;392,320;347;354;367;434;436;443;473;483;485;490;499;500;502,375,379;383;386;414;427;428,405;486;501,326;420;424;442;445;446;447;448;451;453;456;465;469;480;487;491;492;493;495;497;506,,377;378;385;386;427;428,,369;382;414
