pdb,antibody,method,constrained,wt_total,om_total,d_total,wt_interface,om_interface,d_interface,tot_stab_mut_close,tot_stab_mut_distal,tot_stab_other_close,tot_stab_other_distal,tot_destab_mut_close,tot_destab_other_close,tot_destab_mut_distal,tot_destab_other_distal,int_destab_mut,int_destab_other,int_stab_mut,int_stab_other
7SO9,2,af2,cons,-826.9424597341241,-809.2131581689266,17.72930156519749,-33.45867720921944,-38.23673268207587,-4.77805547285643,,,85;108;237;269,41;153;180;215;228;229,19;24;25;26,80,,18;122;140;156;182;244;245;246;249;250;251;256;257;258;259;260,25,,,23;270
7SO9,2,af2,free,-903.3880530911938,-884.8782205927898,18.509832498403966,-39.367923274864154,-44.31964277875377,-4.951719503889613,,142,79;81;84;85;269,15;95;154;184;186;201;222;226;228;242;246;248;253;255,19;24;25;26,80;272,,17;18;29;70;71;77;78;101;140;146;181;183;216;221;245;249;254;258;259;260;262,,28;271,,23
