pdb,antibody,method,constrained,wt_total,om_total,d_total,wt_interface,om_interface,d_interface,tot_stab_mut_close,tot_stab_mut_distal,tot_stab_other_close,tot_stab_other_distal,tot_destab_mut_close,tot_destab_other_close,tot_destab_mut_distal,tot_destab_other_distal,int_destab_mut,int_destab_other,int_stab_mut,int_stab_other
7ORB,4,rpk,cons,-514.3831047577612,-500.7043130933377,13.6787916644235,-41.53099165186935,-36.37979369149262,5.151197960376727,,339;408,,,484,455,371;375;405;501,372,486,,,
7ORB,4,rpk,free,-538.2992430271315,-529.3863953440482,8.912847683083328,-45.932755033282724,-42.54697855668914,3.385776476593584,,339;408,,,484,490,371;375;405;501,372,478;486,,,493
7ORB,4,af2,cons,-611.7267892357463,-527.2469719383383,84.47981729740798,-24.78653126465214,-8.088642125939517,16.697889138712625,,339,481;483;485,500;502;508,477;501,456;457;473;474;475;476;479;487;488;494;495,405;452,357;365;394;442;445;446;448;449;451;465;467;469;491;492;497;506;538,486,473;475;476;487;489,478;498,
7ORB,4,af2,free,-660.957713032494,-624.5588063930206,36.39890663947335,-53.45501830932739,-25.183004413477292,28.2720138958501,,339,483;488;490;499,320;338;347;358;367;369;374;390;436;443;500;502,477;501,453;456;475;480;487,375;405;452,357;368;394;420;424;442;445;446;447;448;451;465;492;495;497;506;526,477;484;486,456;473;476;479;485;487;489,498,
