pdb,antibody,method,constrained,wt_total,om_total,d_total,wt_interface,om_interface,d_interface,tot_stab_mut_close,tot_stab_mut_distal,tot_stab_other_close,tot_stab_other_distal,tot_destab_mut_close,tot_destab_other_close,tot_destab_mut_distal,tot_destab_other_distal,int_destab_mut,int_destab_other,int_stab_mut,int_stab_other
7CZQ,2,rpk,cons,-444.5494989606459,-416.15254148921724,28.396957471428664,-40.94821017314031,-34.548292453659684,6.3999177194806265,,339,,,493;498;501,,371;373;375,372,417;493;498;505,,405,
7CZQ,2,rpk,free,-522.6810169959708,-497.3853998574373,25.295617138533544,-60.09602346339459,-49.17303132386768,10.922992139526905,,339,,,493;505,490;494,371;375;484,433;446;472,408;417;493;505,455;457;494;503,405,403;486
7CZQ,2,af2,cons,-609.227169646927,-494.1411299202646,115.08603972666242,-40.68772215405406,-15.25305727248886,25.434664881565197,,339,490;499;500;502,483;518,405;417;477;478;493;498;501;505,449;453;454;455;456;457;473;475;476;479;487;492;494;495;497;503;506,371;373,346;351;365;372;391;446;448;451;469;491;520;541,417;493;505,420;449;455;476;494,405,403;474;499
7CZQ,2,af2,free,-660.2915324536013,-621.524752405156,38.7667800484453,-67.25909439161103,-44.14335051532288,23.11574387628815,,339,407;458;476;486;490;499;500;502,320;338;356;358;367;389;390;436;437;443;483;518;527,417;452;493;501;505,447;449;454;455;456;457;459;475;487;492;494;495;497;503;504,,368;374;391;430;442;445;446;451;465;491;506;519;520;526;528,417;493;505,449;455;473;489;494;502;504,498,476;486;495
