pdb,antibody,method,constrained,wt_total,om_total,d_total,wt_interface,om_interface,d_interface,tot_stab_mut_close,tot_stab_mut_distal,tot_stab_other_close,tot_stab_other_distal,tot_destab_mut_close,tot_destab_other_close,tot_destab_mut_distal,tot_destab_other_distal,int_destab_mut,int_destab_other,int_stab_mut,int_stab_other
7BEP,3,rpk,cons,-537.7594959545503,-524.4188114929937,13.340684461556634,-42.94775389484459,-37.467649387168564,5.480104507676025,,339,,,484,,371;373;375;498;501,372,484,490,,
7BEP,3,rpk,free,-556.4840748824132,-552.8920161784895,3.592058703923726,-55.51210780171419,-49.258785650512635,6.2533221512015515,,339;496,450,,484;498,490,373,372;374,484;493,490,478,
7BEP,3,af2,cons,-611.8952446164456,-620.1011050854653,-8.20586046901974,-23.84395567386468,-31.93340750173873,-8.08945182787405,,339;371,485,367;369;372;406;518,,,375;496;501,365;368;374;420;434;435;528,,486;488,478;484,482;485
7BEP,3,af2,free,-659.175395739101,-670.6320566841455,-11.456660945044518,-30.768065102162076,-50.41765817413535,-19.64959307197327,,339;371,483;485;486,369;372;389;406;425;451;516;518;527,446,447;452;455,,374;435;528,,455;481,478,456;482;483;485;486
