pdb,antibody,method,constrained,wt_total,om_total,d_total,wt_interface,om_interface,d_interface,tot_stab_mut_close,tot_stab_mut_distal,tot_stab_other_close,tot_stab_other_distal,tot_destab_mut_close,tot_destab_other_close,tot_destab_mut_distal,tot_destab_other_distal,int_destab_mut,int_destab_other,int_stab_mut,int_stab_other
7L2F,2,af2,cons,-821.0590974519303,-818.7912209281571,2.2678765237731113,-8.78837363802165,-18.224921022835098,-9.436547384813448,,,20;144;153;154;155,21;41;75;76;78;79;111;228;229;272,19,140;141;242;245;249;257,24;25,183;197;253;258;259;271,,246,,146;156;251;252;253;255
7L2F,2,af2,free,-882.5951347265225,-881.0433812614895,1.5517534650330163,-10.03488282467153,-32.67448876505011,-22.639605940378576,,,144;154;252,18;20;41;75;80;97;102;119;180;182;212;222;228;229;237;272,,140;141;146;242;244;245;247;249;250;258,19;25;70,148;179;181;241;259;271,,246,,144;156;251;252;254
