pdb,antibody,method,constrained,wt_total,om_total,d_total,wt_interface,om_interface,d_interface,tot_stab_mut_close,tot_stab_mut_distal,tot_stab_other_close,tot_stab_other_distal,tot_destab_mut_close,tot_destab_other_close,tot_destab_mut_distal,tot_destab_other_distal,int_destab_mut,int_destab_other,int_stab_mut,int_stab_other
7KXK,1,rpk,cons,-612.4724127499128,-596.0953431150556,16.377069634857207,-43.90120044551249,-38.155253990060395,5.745946455452092,,339,,,484;501,492,375;446,447,505,492,,490
7KXK,1,rpk,free,-633.2647062339108,-629.8812734414596,3.383432792451231,-50.969230116631884,-40.03310465346591,10.936125463165972,,339;373,,,484;501,,375;446,447,417;484;505,421,,
7KXK,1,af2,cons,-603.8030173029531,-606.3376063026269,-2.534588999673815,-33.20117369228074,-32.41426306595078,0.7869106263299628,,339;371,483;485;487;489;490,367;372;518,417;496;501,420;456;486;494,375;446,365;368;435;528,417;484;505,483,493,485;486;489
7KXK,1,af2,free,-648.2680853116135,-664.9686950916091,-16.700609779995602,-42.85914339272127,-50.88523982455211,-8.026096431830837,,339;371,403;455;456;485;490,369;372;451;491;518,446,449;452;494,,374;435;448;526,,449;483;488;494,493,403;453;455;489;490
