pdb,antibody,method,constrained,wt_total,om_total,d_total,wt_interface,om_interface,d_interface,tot_stab_mut_close,tot_stab_mut_distal,tot_stab_other_close,tot_stab_other_distal,tot_destab_mut_close,tot_destab_other_close,tot_destab_mut_distal,tot_destab_other_distal,int_destab_mut,int_destab_other,int_stab_mut,int_stab_other
7NDC,1,af2,cons,-821.6873960278907,-794.9391407406742,26.748255287216466,-0.3592197249985001,-0.019932885514842957,0.3392868394836571,,,153,97;111;150;215;228;248,,17,19;24;25;26,18;23;77;80;140;147;233;245;249;250;251;256;257;258;259,,,,
7NDC,1,af2,free,-897.535237207099,-872.8569892132268,24.67824799387222,-6.667977296516674,-5.123811406038228,1.544165890478446,,142,,18;41;84;95;105;138;147;154;180;184;222;228;237;248;253,,,19;25;26,20;21;29;70;78;140;146;156;179;181;183;244;245;249;254;259;260;261,,,,
