pdb,antibody,method,constrained,wt_total,om_total,d_total,wt_interface,om_interface,d_interface,tot_stab_mut_close,tot_stab_mut_distal,tot_stab_other_close,tot_stab_other_distal,tot_destab_mut_close,tot_destab_other_close,tot_destab_mut_distal,tot_destab_other_distal,int_destab_mut,int_destab_other,int_stab_mut,int_stab_other
7E39,1,rpk,cons,-466.98986318617165,-453.65671885486154,13.333144331310109,-43.61607768036956,-38.22028749227577,5.395790188093784,,339;408,,490,478,,371;373;375;405;501,,478,487,477,
7E39,1,rpk,free,-518.2794781290315,-509.7944934914435,8.484984637588013,-48.99289830204131,-37.86896296259506,11.123935339446248,,339;408,,372;374;472;490,478;484,473;487,371;375;405,433;492,478;486,473;483;487,477,489
7E39,1,af2,cons,-601.9876266784731,-531.2795591819162,70.70806749655696,-24.829791370646852,-22.313178011094806,2.5166133595520463,,339,483;485;487;489,496;500;502,478,456;474;479;495,405;501,365;442;445;446;448;449;451;453;454;455;457;461;465;467;469;491;492;493;494;497;506,478;486,479,,483;487;489
7E39,1,af2,free,-654.5751999021745,-610.3004096229786,44.27479027919594,-41.48446050065314,-30.475228978537707,11.009231522115435,,339,485;489,338;358;367;369;374;390;436;490;499;500;502;527,477,456;479;487,375;405,351;368;377;420;425;445;446;448;451;453;465;467;491;492;495;497;506;528,477;478;484;486,479;485;488,,482;483;487;489
