pdb,antibody,method,constrained,wt_total,om_total,d_total,wt_interface,om_interface,d_interface,tot_stab_mut_close,tot_stab_mut_distal,tot_stab_other_close,tot_stab_other_distal,tot_destab_mut_close,tot_destab_other_close,tot_destab_mut_distal,tot_destab_other_distal,int_destab_mut,int_destab_other,int_stab_mut,int_stab_other
7LXY,4,af2,cons,-819.7457867984999,-762.8295412410043,56.916245557495586,-40.66290154154228,-4.497078668189722,36.16582287335256,,,20;144;247,21;41;75;76;78;79;111;150;153;228;233,19;142,140;156;242;248;249;250;251;252;253;254;255;256;257;258;259,24;25,272,19;142,16;140;156;248;250;252;253;256;258,,17;249
7LXY,4,af2,free,-894.8771541364952,-875.9849022045064,18.892251931988767,-50.33469399641183,-41.7213764278185,8.613317568593331,,,18;20;138;144;242;248;254,38;76;80;84;95;153;184;201;212;222;228,19,140;156;249;258,25;70,23;68;78;105;179;183;214;221;226;257;262;266,19,16;140;147;156;244;258,,249;251;252;254;255
