pdb,antibody,method,constrained,wt_total,om_total,d_total,wt_interface,om_interface,d_interface,tot_stab_mut_close,tot_stab_mut_distal,tot_stab_other_close,tot_stab_other_distal,tot_destab_mut_close,tot_destab_other_close,tot_destab_mut_distal,tot_destab_other_distal,int_destab_mut,int_destab_other,int_stab_mut,int_stab_other
7E5S,2,af2,cons,-810.179188689,-778.896549524776,31.28263916422395,-8.479382381298429,-8.937080962166839,-0.45769858086841,,,148;153;248,111;181;215;228,,147;156;245;246;249;256;257,19;24;25;26,18;23;80;140;233;244;254;258;259;260;272,,155,,248;250;251
7E5S,2,af2,free,-900.1625765906135,-875.260873815625,24.901702774988507,-17.14951787051941,-15.517340509178926,1.632177361340485,,,150;246;248;251,32;41;79;81;84;95;184;222;228;229;255,,141;156;245;249;250;257,19;24;25;26,18;22;55;69;71;77;80;98;140;170;181;183;191;221;244;262,,146;147;246;257,,155;248;251
