pdb,antibody,method,constrained,wt_total,om_total,d_total,wt_interface,om_interface,d_interface,tot_stab_mut_close,tot_stab_mut_distal,tot_stab_other_close,tot_stab_other_distal,tot_destab_mut_close,tot_destab_other_close,tot_destab_mut_distal,tot_destab_other_distal,int_destab_mut,int_destab_other,int_stab_mut,int_stab_other
7MFU,1,rpk,cons,-570.5766802592087,-535.1142224398588,35.46245781934988,-65.33636477731216,-50.50785538200406,14.828509395308096,,339,,,405;484;498;501,,371;373;375,372,405;484;498;501;505,,452,
7MFU,1,rpk,free,-590.5710523996338,-562.2244786643123,28.3465737353215,-72.78342758080984,-59.87729471944982,12.906132861360021,,339,,,405;501,,371;373;375,347;368,405;484;486;498;501;505,,452,487
7MFU,1,af2,cons,-621.5428297159023,-521.0817555840832,100.46107413181903,-53.150593989026575,-19.632965604652725,33.51762838437385,,339,483;500;502,383;481;485,405;477;505,445;446;453;454;455;456;457;487;489;491;492;493;494;495;497;503;504;506,,351;365;387;389;442;448;451;467;469;474;479;538,405;484;505,445;446;456;489;490;493;502;503;504,452;501,475
7MFU,1,af2,free,-670.6098416049412,-622.9076068035065,47.702234801434656,-79.03136766951323,-52.14813775122441,26.88322991828882,,339,450;475;499;500;502;503,338;358;367;369;390;436;443;472;527,405;452;505,420;424;445;446;447;453;456;487;489;491;492;493;495;497;504,,351;368;442;448;451;465;469;506;525;528,405;417;484;505,403;420;421;445;446;455;456;489;490;493;504,452;477;498;501,475;476;495;503
