pdb,antibody,method,constrained,wt_total,om_total,d_total,wt_interface,om_interface,d_interface,tot_stab_mut_close,tot_stab_mut_distal,tot_stab_other_close,tot_stab_other_distal,tot_destab_mut_close,tot_destab_other_close,tot_destab_mut_distal,tot_destab_other_distal,int_destab_mut,int_destab_other,int_stab_mut,int_stab_other
7MMO,2,rpk,cons,-450.0723214173986,-443.07378352509,6.998537892308605,-49.64637563657841,-51.50639278720546,-1.8600171506270513,,339,,,,,373;375;376;405,372;455,,,498,
7MMO,2,rpk,free,-493.3095004179437,-490.716824518146,2.5926758997977117,-47.385947495203816,-47.61885092087994,-0.23290342567612754,,339,,,,,373;405,372;455,440,,498,
7MMO,2,af2,cons,-617.6160009708467,-516.7266388453974,100.88936212544934,-43.69786277814274,-10.22959505735626,33.468267720786486,,339,502,483;490;518,501,442;444;445;446;448;449;451;500;506,371;373;405,351;365;372;453;454;455;456;457;471;473;475;479;487;491;492;494;495;497;520;522;541,440;498,444;445;446;499;500,,346;503
7MMO,2,af2,free,-662.6453085706821,-610.2353141601809,52.40999441050121,-50.09121986771228,-28.173693759345447,21.917526108366836,,339;478,502;504,320;367;390;407;421;424;436;483;490;518,501,439;444;445;447;448;451;506,405;493,356;365;374;381;391;425;435;453;480;487;491;492;495;497;519;520,440,439;444;445;499;500,,346;446;503;504
