pdb,antibody,method,constrained,wt_total,om_total,d_total,wt_interface,om_interface,d_interface,tot_stab_mut_close,tot_stab_mut_distal,tot_stab_other_close,tot_stab_other_distal,tot_destab_mut_close,tot_destab_other_close,tot_destab_mut_distal,tot_destab_other_distal,int_destab_mut,int_destab_other,int_stab_mut,int_stab_other
7K8Z,2,rpk,cons,-415.5423477097979,-402.6268773194552,12.915470390342705,-17.129671256934458,-20.33904420290631,-3.209372945971854,,339;408,,403;406;469;490;492,373;375;440,372,371;452;486;501,470;502,,,440,
7K8Z,2,rpk,free,-492.4061215463728,-476.18847591020665,16.21764563616614,-23.205633902794307,-34.140704303166956,-10.935070400372648,,339,374,328;368;403;434,371;375;440,,405;452,327;455;502,,,373;375;440,343
7K8Z,2,af2,cons,-608.6311662573909,-527.1614315906268,81.46973466676411,-20.432396997178948,-17.62195703862421,2.8104399585547384,,339,500,481;483;485;490;502,,442;444;446;448;449;451,405;477,365;453;454;455;456;457;461;465;467;469;474;475;479;480;487;491;492;493;494;495;497;506,,,,441
7K8Z,2,af2,free,-654.6092465930205,-603.9671702625349,50.64207633048568,-32.89307393684689,-26.3380356671412,6.55503826970569,,339;478,370;372;443,367;369;380;390;422;434;483;490;496;502;527,375;440,442;445;446,405;501,326;356;365;377;381;391;392;424;425;451;453;465;466;479;487;491;492;493;495;497;506;528,440,437;441;445;499,,444;446
