pdb,antibody,method,constrained,wt_total,om_total,d_total,wt_interface,om_interface,d_interface,tot_stab_mut_close,tot_stab_mut_distal,tot_stab_other_close,tot_stab_other_distal,tot_destab_mut_close,tot_destab_other_close,tot_destab_mut_distal,tot_destab_other_distal,int_destab_mut,int_destab_other,int_stab_mut,int_stab_other
7M6H,2,rpk,cons,-371.15210866723083,-342.21004288045094,28.942065786779892,-46.564557335212236,-49.132735513038845,-2.56817817782661,,339,,,493;501;375;484,502,371;373,372,417,,496,489
7M6H,2,rpk,free,-783.239736826948,-786.93119237226,-3.69145554531201,-63.18766095431417,-81.54137408648762,-18.353713132173453,,339,407;408;437;456;488;490;508;482,336;442;448;471;491;507;365;369;387;392;421;467;497;516;527,373;493;498,377;435;452;489;372;495;504,371;440,347;403;430;438;474;361;366;464,505,503;504,501;375,449;490;376;415;437;508
7M6H,2,af2,cons,-1188.993233834281,-1214.4111853661166,-25.41795153183557,-38.165079841475404,-37.62693309508168,0.5381467463937213,,339;371,372;406;449;481;483;485,367;369;518,375;496;501,374;452;489,,365;368;434;435;528;389;420,,449;483;487;494,493,456;482;405
7M6H,2,af2,free,-1310.2890195836112,-1300.4441567979165,9.844862785694659,-90.13676501481379,-63.61873175348493,26.51803326132886,,339;371,406;449;480;483;485;408,356;369;372;390;393;518;363;425;527,501;417;446;496,444;448;452;486;490;379;413;415;427;497,,365;374;391;392;499;519;356;389;435,493;498,452;483;486;490;379;380;405;409;413;415;421;427,478;496,444;449;408
