pdb,antibody,method,constrained,wt_total,om_total,d_total,wt_interface,om_interface,d_interface,tot_stab_mut_close,tot_stab_mut_distal,tot_stab_other_close,tot_stab_other_distal,tot_destab_mut_close,tot_destab_other_close,tot_destab_mut_distal,tot_destab_other_distal,int_destab_mut,int_destab_other,int_stab_mut,int_stab_other
7L56,3,rpk,cons,-503.54736111720956,-488.44336582146025,15.103995295749314,-45.26969913003468,-40.82389642781986,4.44580270221482,,339,,,446;496;501,,373;375,367;372,484,,,
7L56,3,rpk,free,-570.1418031500542,-563.9941446298898,6.147658520164441,-48.38478913397793,-47.20531184335847,1.1794772906194595,,339,453,406;438,446;498,445;491,375,347;367;372,478;484,,,
7L56,3,af2,cons,-601.6273182209165,-614.7672170554324,-13.139898834515861,-35.10220931046286,-40.57746833281564,-5.47525902235278,,339;371,456;483;485;488,367;369;372;406;518,501,,375,365;368;374;434;435;499;528,484,487,,486;489
7L56,3,af2,free,-655.6113631528817,-659.5894550173341,-3.978091864452381,-35.57565852487069,-61.387168870038636,-25.811510345167946,,339,450;483;485,369;370;390;399;406;421;518;527,446;493;496,448;455;497,,374;420;435;528,,,478;493;496;505,403;444;455;483;485;486;489;490
