pdb,antibody,method,constrained,wt_total,om_total,d_total,wt_interface,om_interface,d_interface,tot_stab_mut_close,tot_stab_mut_distal,tot_stab_other_close,tot_stab_other_distal,tot_destab_mut_close,tot_destab_other_close,tot_destab_mut_distal,tot_destab_other_distal,int_destab_mut,int_destab_other,int_stab_mut,int_stab_other
7ND7,2,rpk,cons,-550.743094895372,-533.7156651112983,17.02742978407366,-44.64194029559058,-40.571391750530964,4.070548545059616,,339,,374,484;493;498;501,,371;373;375,372,484,,,
7ND7,2,rpk,free,-592.1878530397223,-569.448011519776,22.739841519946367,-56.63326838035076,-50.21694577600049,6.41632260435027,,339,,,484;493;498,,371;375,372;528,478;484,,446;493;496,
7ND7,2,af2,cons,-598.2359367639948,-610.9583558376592,-12.722419073664355,-34.7968080855908,-36.26076081523148,-1.4639527296406811,,339;371,481;483;485;486,367;369;372;406;518,493;496;501,455;494,375,365;368;374;389;420;434;435;528,493,483;487,484,
7ND7,2,af2,free,-658.5508530772702,-659.7336067210978,-1.1827536438275956,-46.99763190820504,-47.88379885449592,-0.886166946290885,,339;371,485;486,369;393;406;518;527,446;493;501,489,,374;424;448;497;526,484;493,483;489,496,485;486;487
