pdb,antibody,method,constrained,wt_total,om_total,d_total,wt_interface,om_interface,d_interface,tot_stab_mut_close,tot_stab_mut_distal,tot_stab_other_close,tot_stab_other_distal,tot_destab_mut_close,tot_destab_other_close,tot_destab_mut_distal,tot_destab_other_distal,int_destab_mut,int_destab_other,int_stab_mut,int_stab_other
6ZHD,2,rpk,cons,-588.07557378692,-559.2991412251315,28.77643256178851,-44.569448081371696,-36.68093303665467,7.888515044717025,,339,,,484,496,371;373;375;405;501,372,484;493,,,
6ZHD,2,rpk,free,-618.283318159373,-604.1581972565697,14.12512090280336,-44.40430662695831,-39.42480235344908,4.979504273509228,,339;376;408;505,,366;434;508,484,,371;373;501,368;372;377;513,484;493,,,483
6ZHD,2,af2,cons,-616.4875025569402,-513.3303993433033,103.1571032136369,-40.726294077756485,-15.549644603784769,25.176649473971715,,339,472;481;483;496;502,508;518,452;493;501,346;446;448;449;451;455;456;473;487;488;490;491;492;494;495;497;499,371;373;405,351;365;372;391;442;454;457;461;471;475;479;506;520;541,493,449;483;489;490;494,498;501,495
6ZHD,2,af2,free,-663.4924780373066,-614.8380853338506,48.65439270345598,-47.74195108095422,-30.646843137611036,17.095107943343187,,339;376;478,486;502,320;338;347;354;367;390;466;474;481;500;518,452;493,446;448;449;451;455;456;489;491;492;494;495;497,371;405,357;391;420;425;442;454;457;465;469;479;480;506;519;520;540,452;493,449;455;483;489;490;492;494,501,445;486;495
