pdb,antibody,method,constrained,wt_total,om_total,d_total,wt_interface,om_interface,d_interface,tot_stab_mut_close,tot_stab_mut_distal,tot_stab_other_close,tot_stab_other_distal,tot_destab_mut_close,tot_destab_other_close,tot_destab_mut_distal,tot_destab_other_distal,int_destab_mut,int_destab_other,int_stab_mut,int_stab_other
6XKP,2,rpk,cons,-525.4453521189487,-492.47062335170784,32.97472876724083,-37.74115542103412,-31.725357246873575,6.0157981741605475,,339;408,,,452;484,,371;373;375,372,452;484,,,
6XKP,2,rpk,free,-555.8384571319448,-553.2065909704543,2.631866161490507,-46.73103953259778,-45.582215384904,1.148824147693773,,339,351,406;508,452;484,449,371;373;405,,452;484,349,,483
6XKP,2,af2,cons,-606.6675625329074,-529.9087005282175,76.75886200468983,-23.962489534496846,-16.865150535326528,7.097338999170319,,339,483;502,421;481;485,501,351;446;448;449;451;491;492;495;497,405;477,365;442;454;456;457;467;469;474;475;479;480;487;489;506,,444;446;449;450;490,,346;445;494;497
6XKP,2,af2,free,-652.0813511906495,-622.6677381410884,29.413613049561036,-41.52416422830598,-38.32088671170827,3.2032775165977085,,478,483;485;490;500,320;358;366;367;372;374;390;443;473;502;527,,442;444;446;447;448;449;451;491;492;493;495,371;405;501,357;365;377;391;394;424;455;465;475;480;506;528,452;498,444;447;449;450,486,348;354;485;492;493;494;495;497
