pdb,antibody,method,constrained,wt_total,om_total,d_total,wt_interface,om_interface,d_interface,tot_stab_mut_close,tot_stab_mut_distal,tot_stab_other_close,tot_stab_other_distal,tot_destab_mut_close,tot_destab_other_close,tot_destab_mut_distal,tot_destab_other_distal,int_destab_mut,int_destab_other,int_stab_mut,int_stab_other
7CWS,4,af2,cons,-815.1076974338837,-774.7237116584602,40.383985775423525,-6.003651589870369,-7.961056323063771,-1.9574047331934024,,,153;248,79;97;111;181;228;229;272,,143;147;150;156;245;246;249;250;251;256;257,19;24;25;26,17;18;23;29;80;140;193;244;254;258;259;260;270,,155,,246;248;251
7CWS,4,af2,free,-882.5522726099513,-886.8753666480712,-4.323094038119962,-14.910991016333158,-25.62165725379898,-10.710666237465821,,27,148;153;246;248;252,16;41;66;84;97;108;138;154;180;222;228;242,,156;245;249;250,19;24;25;26,17;22;23;78;98;181;221,,146;155,,246;248;250;251;252;254
