pdb,antibody,method,constrained,wt_total,om_total,d_total,wt_interface,om_interface,d_interface,tot_stab_mut_close,tot_stab_mut_distal,tot_stab_other_close,tot_stab_other_distal,tot_destab_mut_close,tot_destab_other_close,tot_destab_mut_distal,tot_destab_other_distal,int_destab_mut,int_destab_other,int_stab_mut,int_stab_other
7DJZ,1,rpk,cons,-569.4144000780258,-547.9762245336575,21.438175544368278,-56.61502829614899,-52.3131620188487,4.301866277300292,,339,,,446;484,447,371;373;375,369;370;372,417;484,,446,
7DJZ,1,rpk,free,-595.7522280269229,-591.74258053667,4.0096474902529735,-59.91518831727586,-68.66193726871204,-8.746748951436174,,339,,364;406,417;446;484,472,371;375;501,392,417;484,450;481;483,446;478,449;453;455;486
7DJZ,1,af2,cons,-622.5506222012314,-624.4868436455373,-1.936221444305943,-53.3313239875532,-55.22510748176843,-1.893783494215235,,339;371,483;485,367;369;372;406;518,501,,375,365;368;374;420;434;435;528,417,481;483,446,453;486
7DJZ,1,af2,free,-659.9303335394306,-671.6924279253262,-11.76209438589558,-64.66537868692227,-63.28795031726853,1.3774283696537353,,339;371,451;485,369;372;518,,452;489,,374;420;430;435;526,417,449;481;483,446;478,453;455
