pdb,antibody,method,constrained,wt_total,om_total,d_total,wt_interface,om_interface,d_interface,tot_stab_mut_close,tot_stab_mut_distal,tot_stab_other_close,tot_stab_other_distal,tot_destab_mut_close,tot_destab_other_close,tot_destab_mut_distal,tot_destab_other_distal,int_destab_mut,int_destab_other,int_stab_mut,int_stab_other
7E5S,1,rpk,cons,-385.00342094831126,-383.2251743365706,1.7782466117406557,-28.05604347039542,-26.067622487362204,1.9884209830332154,,339,497,,375;498;501,437;499,,,,494,,497
7E5S,1,rpk,free,-506.42291745073123,-507.9924684336186,-1.5695509828873924,-29.964743275227043,-39.59091128523751,-9.626168010010467,,339;373,508,418;451,375;501,437;448;450;452,,365;474,,450;504,440;496,449;494;506
7E5S,1,af2,cons,-597.2895388791792,-598.7510059007607,-1.461467021581484,-22.907478004532013,-19.82424640689488,3.083231597637134,,339;371,500,367;369;372;406;483;485;518,375;498;501,494,,365;368;374;420;434;435;455;489,498;501;505,445,446,500;506
7E5S,1,af2,free,-655.5792620700853,-659.7903213095223,-4.211059239436963,-42.778393216728574,-27.919863875878143,14.858529340850431,,339;371,,369;372;390;406;483;518,,449;494,,332;365;374;389;392;455;528,505,449;494;502,,
