pdb,antibody,method,constrained,wt_total,om_total,d_total,wt_interface,om_interface,d_interface,tot_stab_mut_close,tot_stab_mut_distal,tot_stab_other_close,tot_stab_other_distal,tot_destab_mut_close,tot_destab_other_close,tot_destab_mut_distal,tot_destab_other_distal,int_destab_mut,int_destab_other,int_stab_mut,int_stab_other
7CZZ,3,rpk,cons,-453.00379589872324,-434.6532350058815,18.350560892841713,-24.552526544994794,-24.53379577864886,0.018730766345935734,,339,,,477,,371;373;375;405,372,,,,
7CZZ,3,rpk,free,-534.4772347028679,-514.6719163741068,19.805318328761132,-51.38593620651346,-49.920756521003476,1.4651796855099875,,408,,351,405;484;501,446;453;489;490,371;375,,484;505,487;489,477;498,475
7CZZ,3,af2,cons,-609.2314027699749,-508.3682945673305,100.86310820264441,-26.75470615778932,-23.27790917136251,3.4767969864268125,,339,458;483;490;496;500;502,443;518,477;484;493,449;456;457;459;473;479;480;486;487;488;489;494;495;497,371;373;405,346;351;365;372;387;389;442;446;451;454;461;465;467;469;471;491;492;506;520;522;541,477;484,456;476;486;489,478;498;501,475;495
7CZZ,3,af2,free,-664.9712688320503,-604.5113469689816,60.45992186306876,-55.95420565293358,-10.207733102731225,45.746472550202355,,339,458;474;482;483;490,320;367;369;390;407;409;436;437;443;450;466;500;502;518;527,477;493,403;455;456;457;475;487;489;492;494,405;501,337;351;374;377;391;406;425;430;435;442;445;446;447;448;449;454;467;469;480;491;495;497;506;519;520;528,477;484;493,421;456;473;475;483;486;487;489,,
