pdb,antibody,method,constrained,wt_total,om_total,d_total,wt_interface,om_interface,d_interface,tot_stab_mut_close,tot_stab_mut_distal,tot_stab_other_close,tot_stab_other_distal,tot_destab_mut_close,tot_destab_other_close,tot_destab_mut_distal,tot_destab_other_distal,int_destab_mut,int_destab_other,int_stab_mut,int_stab_other
7N64,1,af2,cons,-1421.5080236433562,-1319.2031175451552,102.30490609820095,-18.152883791804975,-22.951931582648605,-4.79904779084363,,142;339,153;483;490,21;41;97;111;228;229;272;443;496;500;502;518,371,346;351;372;446;448;449;451;468;469;491;492;494;497,19;24;25;26;373;405;501,17;18;23;29;77;80;140;233;244;245;249;250;251;256;257;258;259;270;365;391;453;454;455;456;457;473;475;479;487;495;506;541,,468,,343;470;492
7N64,1,af2,free,-1564.194862567154,-1477.0197932007418,87.17506936641212,-43.25220374544797,-36.35474180158596,6.897461943862012,,142;478,348;436;441;483;490,38;41;54;63;66;81;84;95;128;139;145;182;184;222;228;242;243;247;358;367;383;392;423;429;443;499;500;502;508;518,493,337;345;351;352;445;447;448;450;451;468;469;492;494;497,19;24;25;26;375;405;501,29;55;64;71;77;80;98;140;141;143;146;152;156;181;183;200;221;226;244;245;249;250;251;259;260;261;262;329;336;368;377;382;391;412;420;430;446;453;454;455;457;480;487;491;495;503;506;519;525;526,,162;165;351;450;468;470,,348;356;441;466;492
