pdb,antibody,method,constrained,wt_total,om_total,d_total,wt_interface,om_interface,d_interface,tot_stab_mut_close,tot_stab_mut_distal,tot_stab_other_close,tot_stab_other_distal,tot_destab_mut_close,tot_destab_other_close,tot_destab_mut_distal,tot_destab_other_distal,int_destab_mut,int_destab_other,int_stab_mut,int_stab_other
7P77,6,rpk,cons,-260.34901665234725,-240.00239718659793,20.346619465749313,-26.401047686129388,-22.7045867533688,3.696460932760587,,339;376,406,,484;498;501,403;496,371;373,372,498;505,403,405;501,
7P77,6,rpk,free,-429.4096545356873,-404.23444709824014,25.17520743744717,-55.65459304815984,-43.65280062955756,12.001792418602278,,339;376,490,353;372;374;380;492;508,405;417;452;484;486;498,406;473;493;495;504,371,342;368;402;404;422;442;451;454;497;509;513,484;486;498,403;485;493,405;452,
7P77,6,af2,cons,-602.3353868264077,-510.87435060082754,91.46103622558013,-21.746381736201055,-29.540389715603123,-7.794007979402068,,339,483;496;502,443;481;485,405;452;501;505,445;446;451;453;456;457;475;493;494;495;497;503;504;506,477,351;365;442;448;469;474;479;480;487;488;491;492,,421;446;453;493,405;417;452;498,403;502;503
7P77,6,af2,free,-654.5609018845144,-611.652206780371,42.90869510414336,-50.47539236824368,-36.27097607992982,14.204416288313865,,339,421;475;483;490;499;502,338;347;368;369;372;390;443;481,405,403;445;446;449;453;487;489;493;497,375,326;351;365;386;391;424;430;442;451;465;467;469;488;491;492;506,484;505,403;446;449;489;493;500,,475;495;503
