pdb,antibody,method,constrained,wt_total,om_total,d_total,wt_interface,om_interface,d_interface,tot_stab_mut_close,tot_stab_mut_distal,tot_stab_other_close,tot_stab_other_distal,tot_destab_mut_close,tot_destab_other_close,tot_destab_mut_distal,tot_destab_other_distal,int_destab_mut,int_destab_other,int_stab_mut,int_stab_other
7KFW,3,rpk,cons,-490.06199363825806,-463.95728425952325,26.10470937873481,-54.696972128081086,-41.21034923596769,13.486622892113395,,339,,,417;484;493;501,447,371;375;446,,417;493;505,,501,494
7KFW,3,rpk,free,-560.231530491922,-538.9901446492424,21.241385842679506,-68.37571618538315,-47.07045382351918,21.305262361863974,,339,497,366;374;435;508,417;446;501,447;489;502,371;373,436;445,417;493;498;501;505,490;502;503,496,460;494
7KFW,3,af2,cons,-608.503208428893,-607.986872065865,0.5163363630280173,-32.863652739591636,-28.062293602390245,4.801359137201391,,339;371,,367;369;372;472;481;483;485;518,417;501,489;494,375;446,365;368;389;434;435,417;493,,,421
7KFW,3,af2,free,-659.7874884832625,-652.1339935010255,7.653494982236907,-52.405383092386344,-43.379654648845545,9.0257284435408,,339;371;484,,369;372;406;450;451;483;516;518,446,449;489,,345;356;374;435;519;526,417;493;505,449;489;502,496,421
