pdb,antibody,method,constrained,wt_total,om_total,d_total,wt_interface,om_interface,d_interface,tot_stab_mut_close,tot_stab_mut_distal,tot_stab_other_close,tot_stab_other_distal,tot_destab_mut_close,tot_destab_other_close,tot_destab_mut_distal,tot_destab_other_distal,int_destab_mut,int_destab_other,int_stab_mut,int_stab_other
7V26,2,rpk,cons,-320.11376623263516,-304.45271573738415,15.661050495251004,-44.38982464737703,-53.48448777649918,-9.094663129122146,,339;408,,490,501,,371;373;375,,,,440;498,
7V26,2,rpk,free,-454.48682047812247,-446.3027099795479,8.184110498574569,-55.48256927543063,-63.369574651685056,-7.887005376254429,,339;376,,337;363;369;377;379;385;407;409;412;418;435;488;508;515,501,502,371;375;484,364;365;380;387;388;402;414;474,,443,440;498;501,500
7V26,2,af2,cons,-614.0055809338705,-518.3035329548454,95.70204797902511,-41.70344622110318,-16.924401485962676,24.779044735140502,,339,439;502,483;490;496;518,501,444;445;446;447;450;451;503;506,371;373;405;493,351;365;372;453;454;456;457;467;468;469;473;475;479;487;491;492;494;495;497;520;522;541,,444;445;446;450;499;500,440,503;506
7V26,2,af2,free,-665.2387450110189,-614.023049815116,51.21569519590287,-47.51870495610016,-43.23868211465461,4.28002284144555,,339;478,502,320;354;356;367;380;390;399;466;473;474;483;490;518;527,501,444;445;446;447;448;451;506,371;405;493,342;365;374;381;391;424;453;454;455;457;469;479;480;487;491;492;495;497;519;520;528,,444;445;450;499;500,440,346;449;503
