pdb,antibody,method,constrained,wt_total,om_total,d_total,wt_interface,om_interface,d_interface,tot_stab_mut_close,tot_stab_mut_distal,tot_stab_other_close,tot_stab_other_distal,tot_destab_mut_close,tot_destab_other_close,tot_destab_mut_distal,tot_destab_other_distal,int_destab_mut,int_destab_other,int_stab_mut,int_stab_other
7MJK,1,rpk,cons,-542.7278331401268,-538.1711975566702,4.556635583456568,-51.7913691887379,-42.93254435435876,8.858824834379142,,339,,,,,371;375,372,417;505,403,,
7MJK,1,rpk,free,-588.0725529856759,-582.8952583201642,5.177294665511681,-55.9392474479404,-52.122422019157845,3.8168254287825576,,339,,434;451,,473;476,371;375,372;449,417;505,403;457,,421;475
7MJK,1,af2,cons,-606.6923103727742,-508.5211894631731,98.17112090960109,-41.01635003262368,-24.98832614655244,16.02802388607124,,339,458;485;500;502,383;483,405;477;478;501;505,449;453;454;457;473;474;475;479;480;487;488;489;492;493;494;495;497;503;506,452,351;357;365;394;442;446;448;451;467;469;491,417;478;501;505,456;475;476;489;493,477;498,474;495
7MJK,1,af2,free,-658.3465312951749,-599.5993524632313,58.74717883194364,-56.17941813674048,-9.932696638275,46.246721498465476,,339,490;500;502,338;347;369;372;390;443;472;483;485;528,405;486;501,420;453;456;457;475;479;487;491;492;495;497,375;452,353;365;386;391;442;445;446;448;451;454;469;480;506,417;486;501;505,403;415;420;453;455;456;457;475;489;490,477;498,
