pdb,antibody,method,constrained,wt_total,om_total,d_total,wt_interface,om_interface,d_interface,tot_stab_mut_close,tot_stab_mut_distal,tot_stab_other_close,tot_stab_other_distal,tot_destab_mut_close,tot_destab_other_close,tot_destab_mut_distal,tot_destab_other_distal,int_destab_mut,int_destab_other,int_stab_mut,int_stab_other
7D03,1,rpk,cons,-435.8167309775086,-416.2144374173219,19.602293560186695,-28.410196275402754,-25.28268457738646,3.1275116980162956,,339,,,452;484,490,371;373;375;405,372,,489,,
7D03,1,rpk,free,-525.634269610685,-501.83774854693115,23.796521063753858,-35.75557910848356,-29.572659081611206,6.1829200268723525,,339,,374;380;431;515,405;452;484;501,446;490,371;375,370;392;429;513,484;505,490,,489;494
7D03,1,af2,cons,-612.6867753108813,-532.8140633215974,79.87271198928397,-33.589289586159595,-20.75959809642059,12.829691489739005,,339,473;483;485;496;500;502,421;481,,446;449;453;455;456;475;487;488;489;492;493;494;495;497,405;477,365;442;448;451;454;457;465;467;469;474;479;491;506;538,484;486;505,449;453;483;490;493,501,487;495
7D03,1,af2,free,-656.3885506030261,-616.5879528169191,39.800597786107005,-44.21925584957035,-31.369889732778173,12.84936611679218,,339;478,485;490;499;500;502,326;347;356;367;369;390;436,405;452,403;447;448;449;453;455;456;475;489;492;495;497,375,368;420;424;442;445;446;451;465;491;506;526,484;505,449;483;489;490;492;493,498;501,453;487;495;503
