pdb,antibody,method,constrained,wt_total,om_total,d_total,wt_interface,om_interface,d_interface,tot_stab_mut_close,tot_stab_mut_distal,tot_stab_other_close,tot_stab_other_distal,tot_destab_mut_close,tot_destab_other_close,tot_destab_mut_distal,tot_destab_other_distal,int_destab_mut,int_destab_other,int_stab_mut,int_stab_other
7ORA,4,rpk,cons,-535.1940742118586,-517.4679365678501,17.72613764400853,-44.20370653283783,-38.710577028050885,5.493129504786943,,339;408,,,484,490,371;373;375;405,372,478;486,,,
7ORA,4,rpk,free,-557.0496778421957,-540.1472262662526,16.902451575943132,-52.52347932680486,-42.721100202798844,9.802379124006016,,339;408,,,484,420;479,371;373;375;405,372;434,478;486,479,,
7ORA,4,af2,cons,-615.2534982121856,-495.83249783089445,119.42100038129115,-37.17799576588578,10.890273338182435,48.06826910406822,,339,481;483;485;490,347;443;502,477;478;486,455;457;473;474;475;476;479;480;487;488;489;495,405;452;501,365;442;446;448;451;454;465;469;491;492;494;497;506;538,477;486,456;473;474;475;476;489,498,
7ORA,4,af2,free,-658.127391941702,-623.7840475154424,34.34334442625959,-49.00643476254935,-38.85457323362998,10.151861528919369,,339,421;483;485;490;493;499;502,338;358;367;369;390;436;443;500;528,,420;453;456;457;476;480;487;492;495;497,405,351;368;442;445;446;447;448;451;454;465;469;491;506;526,477;484;486,473;487;489,498,455;474;483;495
