pdb,antibody,method,constrained,wt_total,om_total,d_total,wt_interface,om_interface,d_interface,tot_stab_mut_close,tot_stab_mut_distal,tot_stab_other_close,tot_stab_other_distal,tot_destab_mut_close,tot_destab_other_close,tot_destab_mut_distal,tot_destab_other_distal,int_destab_mut,int_destab_other,int_stab_mut,int_stab_other
7E8C,6,af2,cons,-824.6660577003942,-775.5636520579591,49.10240564243509,-18.73227353554711,-11.831898666558015,6.900374868989097,,,144;248,20;21;22;41;75;76;78;79;97;111;228;229;272,19,140;145;146;147;148;155;156;242;245;249;250;251;252;253;255;256;257;258,24;25,254;259,,148;249;251,,147;248;250;253
7E8C,6,af2,free,-891.1306377327786,-876.3570164582995,14.77362127447907,-38.59515603573926,-37.315268127806775,1.2798879079324834,,,146;157;158;242;246;251;252,18;20;22;35;66;97;108;180;186;192;201;212;227;237;272,19,140;144;148;156;245;249;255;258,24;25;69;70,23;55;92;94;181;183;185;221;226;259;263;271,,144;146;148;155;156;246,,15;249;250;251;252;253
