pdb,antibody,method,constrained,wt_total,om_total,d_total,wt_interface,om_interface,d_interface,tot_stab_mut_close,tot_stab_mut_distal,tot_stab_other_close,tot_stab_other_distal,tot_destab_mut_close,tot_destab_other_close,tot_destab_mut_distal,tot_destab_other_distal,int_destab_mut,int_destab_other,int_stab_mut,int_stab_other
7N62,1,af2,cons,-825.5230479983014,-785.0068441480461,40.51620385025535,-7.769810274455576,-8.30429640702373,-0.5344861325681531,,67;95,,19;21;22;75;76;77;79;97;111;124;138;213;nan;215;216;242;247;260,142;143;144,140;149;151;152;153;156;246;254,212,17;20;23;102;147;154;179;187;210;245;249;255;256;257;258;259;272,144,156;158,,147;150;154
7N62,1,af2,free,-879.6465381645571,-886.5714592398342,-6.924921075277098,-16.451430658443037,-16.68364637672981,-0.23221571828677412,,67;95,148;151;154;162,18;68;76;77;94;96;97;111;121;124;139;182;186;213;nan;215;216;222;248;260,142;143;144,152;153;155;255,70;212,20;98;183;221;249;262,144,153;155;156;158,,147;148;249
