pdb,antibody,method,constrained,wt_total,om_total,d_total,wt_interface,om_interface,d_interface,tot_stab_mut_close,tot_stab_mut_distal,tot_stab_other_close,tot_stab_other_distal,tot_destab_mut_close,tot_destab_other_close,tot_destab_mut_distal,tot_destab_other_distal,int_destab_mut,int_destab_other,int_stab_mut,int_stab_other
7A5S,2,rpk,cons,-383.7159886880771,-379.8411681832541,3.874820504822992,-41.212448633101666,-39.718589733953614,1.4938588991480515,,339;373,,500,375,,371;498;501,502,376;408,,,378
7A5S,2,rpk,free,-493.9075129311145,-499.86302918025285,-5.955516249138327,-59.937763634469945,-47.316478286569165,12.62128534790078,,339,368;377,343;344;361;500,371,429,405,499,376;408,368;374;380,,428
7A5S,2,af2,cons,-603.2167551848943,-520.0662468831129,83.15050830178143,-26.05082621111389,-25.19747054361535,0.8533556674985405,,339,518,367;483;490;496;502,371;373,370;372,405;493;501,346;351;365;446;449;451;453;454;455;456;457;461;465;471;473;475;479;487;491;492;494;495;497;506;520;522;541,,370;380,,374;377;430
7A5S,2,af2,free,-664.649634706504,-609.2859151278143,55.36371957868971,-59.155221607367594,-58.52304128179567,0.6321803255719232,,339;477,369;383;407;434,320;326;354;356;367;399;410;421;443;466;483;500;502,371,391;414;517;519;540,405;493;501,365;398;424;445;446;447;448;451;453;456;457;461;469;472;475;480;491;492;495;497;506;520;526,,385;517;519,,374;377;383;430
