pdb,antibody,method,constrained,wt_total,om_total,d_total,wt_interface,om_interface,d_interface,tot_stab_mut_close,tot_stab_mut_distal,tot_stab_other_close,tot_stab_other_distal,tot_destab_mut_close,tot_destab_other_close,tot_destab_mut_distal,tot_destab_other_distal,int_destab_mut,int_destab_other,int_stab_mut,int_stab_other
7MZK,3,rpk,cons,-562.215726464762,-542.9725453102312,19.243181154530816,-57.307862365959856,-60.90469307333302,-3.596830707373165,,339,,,417;477;484,490,371;373;375;501,372,417,,477;493,403
7MZK,3,rpk,free,-576.5207124832111,-556.7227464156223,19.797966067588845,-62.99265878229733,-64.16340620584324,-1.1707474235459117,,339,,,417;477;484,,371;373;375,358;372;446,417,,477;493,403
7MZK,3,af2,cons,-617.6599698956579,-486.2897197216913,131.3702501739666,-43.3604395631187,-24.820123804775143,18.54031575834356,,339,483;485;490;496;502,443;500;518,405;477;478;493;501,455;456;457;474;475;476;479;486;487;488;491;492;494;495;497,371;373,346;351;365;372;442;446;449;451;454;469;471;480;506;520;522;541,477;493,475;476;489,478;498,403;453;495
7MZK,3,af2,free,-663.1874321138741,-614.4164842211935,48.770947892680624,-66.23055502595776,-57.976755417153775,8.25379960880398,,339,421;473;474;483;488;489;490;502,367;389;390;407;436;437;443;500;518;527,405;484;493,455;457;459;479;480;485;491;492;494;495;497,375,357;368;377;391;430;435;442;445;446;448;449;467;506;519;520;528,417;477;484;493;505,456;476,478;498,453;481;495
