pdb,antibody,method,constrained,wt_total,om_total,d_total,wt_interface,om_interface,d_interface,tot_stab_mut_close,tot_stab_mut_distal,tot_stab_other_close,tot_stab_other_distal,tot_destab_mut_close,tot_destab_other_close,tot_destab_mut_distal,tot_destab_other_distal,int_destab_mut,int_destab_other,int_stab_mut,int_stab_other
7E8C,4,rpk,cons,-451.1622868041678,-417.3611357304011,33.80115107376673,-37.036976075402755,-29.812749069691634,7.224227005711121,,339,,,484;493,,371;373;375;376;405;501,,484,,,
7E8C,4,rpk,free,-507.2105349776844,-511.5357347468055,-4.32519976912107,-40.35717650376541,-39.020775989716874,1.3364005140485347,,339;408;505,,330;362;366;433;515,484,,371;375;477;501,434,484,,478,483
7E8C,4,af2,cons,-614.1471320701053,-509.8973323307576,104.24979973934768,-28.56721592888303,-4.2667495219395875,24.300466406943443,,339,483;496,383;443;502;518,484;493;501,346;351;446;448;449;451;471;479;491;492;494;495;497,371;373;405,365;372;453;454;456;457;461;469;473;487;506;520;522;541,484;493,346;449;450;490,,
7E8C,4,af2,free,-662.0231106239751,-618.4525346029902,43.570576020984845,-41.21758364902532,-13.452351556246153,27.76523209277917,,339;408,,320;367;369;389;390;407;418;422;436;443;458;500;502;518;527,484;493,446;449;451;480;481;491;492;495;497,405,374;377;391;403;435;442;467;506;519;520;528,484,346;449;450;481;482;483;490,493,445;494
