pdb,antibody,method,constrained,wt_total,om_total,d_total,wt_interface,om_interface,d_interface,tot_stab_mut_close,tot_stab_mut_distal,tot_stab_other_close,tot_stab_other_distal,tot_destab_mut_close,tot_destab_other_close,tot_destab_mut_distal,tot_destab_other_distal,int_destab_mut,int_destab_other,int_stab_mut,int_stab_other
7B18,5,rpk,cons,-479.2204984033378,-458.3177921223699,20.90270628096789,-55.93145638484842,-55.53662815401704,0.3948282308313793,,339,,,371;375;376;405,372;403,484;501,502,376,506,375;440,
7B18,5,rpk,free,-581.5535585902646,-575.0325449565692,6.521013633695475,-68.24456705491632,-65.11404943982824,3.130517615088081,,339,414;416,420;471,371;376;405,372;378;502,484,434;491,376;405;408,506,375,
7B18,5,af2,cons,-620.9925799980398,-529.6919245064859,91.30065549155393,-39.97319268718681,-34.22636376191972,5.7468289252670886,,339,383;502,366;367;434;483;490;496;500;518,371;373;405,370;372;503;506,501,346;351;365;442;446;449;451;453;454;456;457;461;469;471;473;479;487;491;492;494;495;497;520;522;541,,369;372;503,375,378
7B18,5,af2,free,-666.8444065480273,-622.892399105411,43.95200744261638,-57.77979634395983,-30.536665187104028,27.243131156855803,,339;478,436;443;499;502,320;338;354;358;367;390;466;473;481;483;490;500;518,375;405,368;374;503;506,493;501,353;391;402;442;445;446;447;448;449;451;454;455;456;465;469;480;487;488;491;492;494;495;497;519;526,375;376;405;408;440,369;372;407;437;503,,378;506
