pdb,antibody,method,constrained,wt_total,om_total,d_total,wt_interface,om_interface,d_interface,tot_stab_mut_close,tot_stab_mut_distal,tot_stab_other_close,tot_stab_other_distal,tot_destab_mut_close,tot_destab_other_close,tot_destab_mut_distal,tot_destab_other_distal,int_destab_mut,int_destab_other,int_stab_mut,int_stab_other
7A25,2,rpk,cons,-431.49768090619875,-412.8546593463948,18.64302155980397,-35.33531282375884,-33.696583216387666,1.6387296073711752,,339;505,,,484,,371;373;375,,484,,498,
7A25,2,rpk,free,-507.45007632664317,-505.01483975013724,2.435236576505929,-42.16876113575783,-44.82667889430093,-2.6579177585430998,,339;408;505,,340;366;367;372;374;380;387;433;524,484,,371,336;338;342;351;358;384;389;391;432;434;456;488;523,,450,498,449
7A25,2,af2,cons,-615.3881320061814,-535.799500597502,79.58863140867948,-30.626316559074088,-26.640959169296025,3.9853573897780628,,339,483;499;502,383;481;485;508,452,442;446;448;449;451;468;472;490;492;495;497,405;477,365;424;454;456;457;469;474;475;479;480;487;491;506,,444;449;470;490,501,445;492;493;494
7A25,2,af2,free,-663.7759833899884,-626.1527563861945,37.623227003793886,-51.89450532807457,-44.819789832471,7.07471549560357,,339,445;499;500;502,320;338;358;367;369;374;390;421;423;436;476;485,452,442;446;449;450;451;492;495;497,375;405,368;402;420;430;471;479;487;491;506;526,452;484,441;448;449;450;470;483;490,501,445;447;494;499;503;504
