pdb,antibody,method,constrained,wt_total,om_total,d_total,wt_interface,om_interface,d_interface,tot_stab_mut_close,tot_stab_mut_distal,tot_stab_other_close,tot_stab_other_distal,tot_destab_mut_close,tot_destab_other_close,tot_destab_mut_distal,tot_destab_other_distal,int_destab_mut,int_destab_other,int_stab_mut,int_stab_other
7K8X,2,rpk,cons,-872.5318771477889,-841.0403297977682,31.49154735002071,-50.73542430498585,-46.87021033990477,3.8652139650810753,,339,,,375;484;501,455,371;373,372,484,,,
7K8X,2,rpk,free,-1074.5502669685698,-1057.5701108534822,16.98015611508754,-55.37853847382243,-52.95543736022279,2.4231011135996425,,339,502;508;472;497;503,442;334;376;402;527;528,375;484;498,377;449;506;455;456;483;489;502,371;373,342;347;368;372;382;436;437;510;330;389;509,484,475;487;405;413;415,,492;414;503
7K8X,2,af2,cons,-1210.0451406572752,-1215.3685451174442,-5.323404460169058,-42.908748559766785,-44.49459344120013,-1.5858448814333457,,339;371,406;472;481;483;485,367;369;372;518,375;446;501,420;455;489,,365;368;374;434;435;499;389,484,,496,
7K8X,2,af2,free,-1308.3005800625021,-1312.1450592259198,-3.8444791634176454,-79.39882744979907,-53.645699759554866,25.753127690244206,,339;371,406;485;490;483,358;369;372;390;393;480;518;527;360,446;498;501,455;487;414,,332;342;356;374;391;392;435;513;519;365;420;526,484,455;483;486;487;489;414;503;508,496,
