pdb,antibody,method,constrained,wt_total,om_total,d_total,wt_interface,om_interface,d_interface,tot_stab_mut_close,tot_stab_mut_distal,tot_stab_other_close,tot_stab_other_distal,tot_destab_mut_close,tot_destab_other_close,tot_destab_mut_distal,tot_destab_other_distal,int_destab_mut,int_destab_other,int_stab_mut,int_stab_other
7JWB,3,rpk,cons,-488.8815337903144,-472.8653359485663,16.016197841748067,-29.314378177115845,-25.282174835271437,4.032203341844408,,339;446,,,498;501,,371;373;375,372;374,493;496,,501,
7JWB,3,rpk,free,-501.50899229155516,-501.3438649086472,0.16512738290794005,-27.85512012751851,-30.529396581147807,-2.6742764536292967,,339;446,,,498,,375,372;374,417;493,,501,
7JWB,3,af2,cons,-576.1674690055568,-589.2601748720373,-13.092705866480514,-31.9476207388142,-30.262514870183715,1.6851058686304867,,339;371,406;485;492;495,367;369;372;518,,486;494,375,365;368;374;434;435;499;528,484;493,483,501;505,403;495
7JWB,3,af2,free,-658.1164102347005,-650.6677851653144,7.448625069386139,-47.18767404097866,-36.10275737186101,11.084916669117653,,339,472;485,369;372;390;393;409;480;518;527,493,421;486;487,446,332;365;368;374;391;392;528,484;493,456;475;483;486;487;489,501;505,449
