pdb,antibody,method,constrained,wt_total,om_total,d_total,wt_interface,om_interface,d_interface,tot_stab_mut_close,tot_stab_mut_distal,tot_stab_other_close,tot_stab_other_distal,tot_destab_mut_close,tot_destab_other_close,tot_destab_mut_distal,tot_destab_other_distal,int_destab_mut,int_destab_other,int_stab_mut,int_stab_other
7RA8,3,rpk,cons,-492.0759908073245,-473.3173094583675,18.758681348956998,-53.860799867775974,-47.08656556326896,6.7742343045070115,,339,,,371;375;405;501,372;502,,455,405;408,,,
7RA8,3,rpk,free,-519.9709152720505,-514.323283403864,5.647631868186522,-61.37464936451002,-52.52922206445808,8.845427300051938,,339,374;529,367;389,371;375;405;501,372;502,452,455,408,370;372,375,
7RA8,3,af2,cons,-615.2689466062968,-542.4969094925609,72.7720371137359,-41.88360640072703,-34.63730703593286,7.246299364794176,,339,369;502,481;483;485;490;500,375;405;501,503;506,452;477,365;442;446;448;451;453;456;457;467;469;474;475;479;480;487;488;491;492;494;495;497,405;408,502;503,373,369;377
7RA8,3,af2,free,-659.4111934375798,-621.3416207440348,38.069572693544956,-61.66827078555122,-43.71713400632378,17.95113677922744,,339,369;502,347;356;390;409;418;443;472;483;490;499,371;405;501,368;503;504;506,,326;351;391;442;445;446;448;451;453;467;471;479;487;491;492;495;497,405;408,370;372;502;503,375,369
