pdb,antibody,method,constrained,wt_total,om_total,d_total,wt_interface,om_interface,d_interface,tot_stab_mut_close,tot_stab_mut_distal,tot_stab_other_close,tot_stab_other_distal,tot_destab_mut_close,tot_destab_other_close,tot_destab_mut_distal,tot_destab_other_distal,int_destab_mut,int_destab_other,int_stab_mut,int_stab_other
7E5S,3,af2,cons,-822.1146098307572,-792.1485448105409,29.96606502021632,-11.158667963707282,-9.995144918683573,1.1635230450237088,,67;95,147;148,19;21;22;75;76;77;97;111;124;138;213;nan;215;216;242;260;272,142;143;144,140;146;149;153;156;246;254;256;257,212,17;20;23;141;152;179;210;229;245;249;255;258,144,146;148;155;246,,147;257
7E5S,3,af2,free,-893.9377347605471,-880.596016948409,13.341717812138086,-12.273689247535499,-12.309864542355633,-0.036175294820134596,,67;95,248,19;68;76;77;94;97;110;111;121;155;180;186;200;213;nan;215;216;222;226;229;242;260,142;143;144,16;140;146;151;153;246;249;255;256;257,70;212,20;21;29;98;101;108;115;132;135;152;201;227;241;245;258;262;266,,146;246;257,,150;251;252
