pdb,antibody,method,constrained,wt_total,om_total,d_total,wt_interface,om_interface,d_interface,tot_stab_mut_close,tot_stab_mut_distal,tot_stab_other_close,tot_stab_other_distal,tot_destab_mut_close,tot_destab_other_close,tot_destab_mut_distal,tot_destab_other_distal,int_destab_mut,int_destab_other,int_stab_mut,int_stab_other
6ZFO,1,rpk,cons,-479.45760151332865,-467.74755574694643,11.710045766382223,-41.23070838619006,-45.013708289576726,-3.782999903386667,,339;408,,,,372,373;405;484;501,,,,,378
6ZFO,1,rpk,free,-513.677979812618,-501.78134519725097,11.89663461536702,-55.103180726593045,-53.35396459854758,1.749216128045468,,339;408,,508,,374,371;405,367;372;493,,,,
6ZFO,1,af2,cons,-602.1953364376059,-529.9106383730154,72.28469806459043,-35.759305385745286,-39.30528735316812,-3.545981967422833,,339,377;383;387;432,481;483;485;490;500;502,,369,405;452;477;501,403;434;442;446;448;449;451;454;455;456;457;467;469;474;475;479;487;489;491;492;494;495;497;506,,370,,369;377;383
6ZFO,1,af2,free,-661.0514749372654,-621.4716901876785,39.579784749586906,-50.180595890499504,-61.66176218227281,-11.481166291773306,,339,374;382;414,320;347;358;367;481;483;485;490;500;502;508,,369;383,405;501,326;421;434;442;445;446;448;451;453;467;469;474;479;487;488;491;492;495;497;503;506,,381;427,,374;377;378;414
