pdb,antibody,method,constrained,wt_total,om_total,d_total,wt_interface,om_interface,d_interface,tot_stab_mut_close,tot_stab_mut_distal,tot_stab_other_close,tot_stab_other_distal,tot_destab_mut_close,tot_destab_other_close,tot_destab_mut_distal,tot_destab_other_distal,int_destab_mut,int_destab_other,int_stab_mut,int_stab_other
6ZFO,2,rpk,cons,-482.7178677051984,-481.1419977606676,1.5758699445307798,-49.941805556809086,-50.047097944088286,-0.10529238727919932,,339;446;496,,340,,372;374,371;501,,,,,
6ZFO,2,rpk,free,-512.9925354264765,-514.420786936721,-1.428251510244536,-54.89638033542783,-52.642403982349734,2.2539763530780945,,339;446;496,,502;508,,,371;501,504;506,,385,,
6ZFO,2,af2,cons,-605.6713716055648,-617.2424106368189,-11.571039031254145,-39.141138834346975,-43.745029072489736,-4.60389023814276,,339;371;484,367;372;377;387;518,406;483;485,375,369,446;501,420;434;435;455;489;494;499,,370,,372;377
6ZFO,2,af2,free,-666.3116502139229,-667.9632417239787,-1.6515915100558232,-61.28906055098537,-75.58108575994694,-14.292025208961576,,339,372;377;385,393;406;451;483;527,,370;374;379,446,435;448;455;519,,390;427;428,,369;372;377;385;389;412;517
