pdb,antibody,method,constrained,wt_total,om_total,d_total,wt_interface,om_interface,d_interface,tot_stab_mut_close,tot_stab_mut_distal,tot_stab_other_close,tot_stab_other_distal,tot_destab_mut_close,tot_destab_other_close,tot_destab_mut_distal,tot_destab_other_distal,int_destab_mut,int_destab_other,int_stab_mut,int_stab_other
7CHH,1,rpk,cons,-454.8879508127327,-443.80678423187845,11.081166580854244,-31.12417515851967,-30.406276720983765,0.7178984375359043,,339,,374,484,,371;375;376;405,372;502,484,,498,
7CHH,1,rpk,free,-522.5419258369127,-510.524417857457,12.017507979455672,-45.490903441823775,-39.07154220372692,6.4193612380968545,,339,,374;380;406;451,452;484,446;450,371;375;376;405,372;432;523,484,444;450,498,
7CHH,1,af2,cons,-609.6230090790065,-517.1877244576698,92.43528462133668,-13.805736304178861,-10.945201549108457,2.860534755070404,,339,483,383;443;496;502;508;518,493;501,351;446;449;471;479;492;494;495;497,371;373;405,365;372;442;451;453;454;455;456;457;461;465;469;473;475;487;491;506;520;522;541,484,449;490,501,483
7CHH,1,af2,free,-658.6439454955078,-619.7429488276318,38.900996667875916,-26.012689851469,-25.661584967598785,0.35110488387021377,,339;478,445;450;483;490;502,320;322;354;367;369;390;407;436;437;443;466;474;500;518;527,493;501,446;448;449;451;491;492;495,405;498,356;374;391;406;420;435;442;453;456;460;469;479;480;497;506;519;520,484,449;482;490,493;501,445;481;492
