pdb,antibody,method,constrained,wt_total,om_total,d_total,wt_interface,om_interface,d_interface,tot_stab_mut_close,tot_stab_mut_distal,tot_stab_other_close,tot_stab_other_distal,tot_destab_mut_close,tot_destab_other_close,tot_destab_mut_distal,tot_destab_other_distal,int_destab_mut,int_destab_other,int_stab_mut,int_stab_other
7BEN,2,rpk,cons,-451.31406206831844,-435.1662310349741,16.147831033344346,-42.3040983315656,-42.21810516910646,0.08599316245913968,,339,,406,,,371;375;405;501,372,,,,
7BEN,2,rpk,free,-491.35274509787297,-480.1199712816723,11.232773816200677,-44.53526650325253,-43.48258925061879,1.0526772526337425,,339,,357;361;368;390;391;406;437,484;493,490,371;376;405,338;369;372;394;516,,,,
7BEN,2,af2,cons,-614.4556145496497,-468.0379154373967,146.417699112253,-35.9050635028608,29.941824111174547,65.84688761403535,,339,483;490,443;496;502;508;518,477;478;501,453;456;457;459;473;474;475;476;479;480;486;487;488;494;495,371;373;405;452,346;351;365;372;446;449;451;454;465;467;471;491;492;497;506;520;522;541,477;478,473;474;475;476;486;487;489,,495
7BEN,2,af2,free,-658.4047778798708,-578.4487902892811,79.95598759058976,-48.623575344399896,-26.396487927821607,22.22708741657829,,339,481;485;490,320;328;354;356;367;369;390;407;423;436;443;500;502;518;527,477;478;493,403;453;456;473;474;475;476;479;486;487;489;495;497,405;501,368;374;377;391;406;435;442;445;446;447;448;454;469;491;492;506;519;520,477;478;484;493,475;476;485;486;487,498,455;456;474;481;489
