pdb,antibody,method,constrained,wt_total,om_total,d_total,wt_interface,om_interface,d_interface,tot_stab_mut_close,tot_stab_mut_distal,tot_stab_other_close,tot_stab_other_distal,tot_destab_mut_close,tot_destab_other_close,tot_destab_mut_distal,tot_destab_other_distal,int_destab_mut,int_destab_other,int_stab_mut,int_stab_other
7LY2,1,af2,cons,-796.3028568771222,-757.4578617113672,38.844995165754995,-25.108953130599065,5.62702246069848,30.735975591297546,,67;95,18;21;75;77;138;246,22;76;79;97;111;124;213;nan;215;216;242;260,142;143,16;20;140;149;150;151;153;158;245;249;250;253;255;256;257,212,23;102;152;157;179;210;272,,16;20;147;148;149;248;253;255,145,150;154;249;256
7LY2,1,af2,free,-887.6077087501416,-876.8042220399478,10.803486710193738,-41.572850355016755,-19.25110010800872,22.321750247008033,,67;95,18;19;77;158;247,55;68;75;76;81;84;111;121;138;186;213;nan;215;216;222;229;235;242;260;271;301,142;144,17;20;21;147;148;153;243;246;255;256,143;212,23;66;96;97;152;181;182;183;201;209;221;227;249;262;272,,73;146;147;148;246;248,,20;254
