pdb,antibody,method,constrained,wt_total,om_total,d_total,wt_interface,om_interface,d_interface,tot_stab_mut_close,tot_stab_mut_distal,tot_stab_other_close,tot_stab_other_distal,tot_destab_mut_close,tot_destab_other_close,tot_destab_mut_distal,tot_destab_other_distal,int_destab_mut,int_destab_other,int_stab_mut,int_stab_other
7LS9,2,rpk,cons,-530.0699540915042,-524.0713535299353,5.998600561568878,-42.90318264196158,-37.3360115088446,5.567171133116979,,339;373;408,,436,452;484;498;501,346,375,,452;498,,,
7LS9,2,rpk,free,-592.7888035596586,-587.804741172539,4.984062387119593,-44.7408287207403,-41.30368139060018,3.437147330140121,,339;373,,436,452;484,,405,343,452,,,
7LS9,2,af2,cons,-616.5910795192311,-528.8033100629416,87.78776945628954,-29.407466289482155,-22.188866363318635,7.21859992616352,,339,450;483;496;500;502,421;481;485,452;501,351;444;445;446;448;451;491;492;493;494;495;497,405;477,365;442;454;455;456;457;465;469;474;475;479;487;489;506;538,452;498,444;470;490;493,,450;497;503
7LS9,2,af2,free,-660.8257364405699,-624.7758624932834,36.04987394728653,-39.64597423934663,-25.191437969166003,14.454536270180625,,339;478,443;483;490;496;499;502,338;358;367;369;390;392;407;436;473;500,452,442;446;448;449;451;455;487;492;493;495;497,405,368;402;420;465;466;469;475;480;491;506,452;484,448;449;450;483;490;493,501,494;495;503
