pdb,antibody,method,constrained,wt_total,om_total,d_total,wt_interface,om_interface,d_interface,tot_stab_mut_close,tot_stab_mut_distal,tot_stab_other_close,tot_stab_other_distal,tot_destab_mut_close,tot_destab_other_close,tot_destab_mut_distal,tot_destab_other_distal,int_destab_mut,int_destab_other,int_stab_mut,int_stab_other
7BEP,1,rpk,cons,-529.559024911575,-517.6858163399087,11.873208571666282,-49.00605243575785,-47.59590217718966,1.4101502585681942,,446,,,,,371;373;375;498;501,372;455,,343,,
7BEP,1,rpk,free,-547.6617931178067,-549.6633418906174,-2.001548772810679,-53.96137814267752,-54.13198158577048,-0.17060344309296482,,446;496,,508,373,,371;498,372;374;455,,,,
7BEP,1,af2,cons,-620.5939660222937,-620.3220809036059,0.2718851186878055,-49.40557347674411,-46.15920391901307,3.246369557731036,,371,,367;372;406;483;485;518,,499,375;446;501,365;368;374;420;434;435;455;528,,343;356,,
7BEP,1,af2,free,-670.583620850678,-659.8741043766141,10.70951647406389,-55.63992669863903,-58.93735661791644,-3.2974299192774126,,371;484,,369;390;393;406;483;518,,,446;496;501,353;365;374;391;392;434;448;455,,,440,
