pdb,antibody,method,constrained,wt_total,om_total,d_total,wt_interface,om_interface,d_interface,tot_stab_mut_close,tot_stab_mut_distal,tot_stab_other_close,tot_stab_other_distal,tot_destab_mut_close,tot_destab_other_close,tot_destab_mut_distal,tot_destab_other_distal,int_destab_mut,int_destab_other,int_stab_mut,int_stab_other
7RR0,1,rpk,cons,-518.3239174904775,-492.44630219872045,25.877615291757024,-39.57647678480425,-40.38088057925478,-0.8044037944505291,,339,,406,493,,371;373;375;405;501,372,,,,
7RR0,1,rpk,free,-561.9977164905735,-549.1178040204642,12.879912470109275,-50.47782141392513,-52.88298636441435,-2.4051649504892225,,339;408,,366;368;406,493,,371;375,369;435,478,,,458
7RR0,1,af2,cons,-615.7068398647193,-481.771809244834,133.9350306198853,-38.201690898523196,7.117121809783105,45.318812708306304,,339,481;482;483;490;499,443;496;502;508;518,477;478;493;501,453;455;456;457;459;474;475;476;479;487;488;492;494;495;497,371;373;405,346;351;365;372;446;449;451;454;465;467;471;491;506;520;522;541,477;478,474;475;476;485,484;498,473;481;483;486
7RR0,1,af2,free,-663.1133181673258,-588.1559857015656,74.95733246576026,-58.60072236279248,-39.10535769039853,19.495364672393954,,339,481;482;483;490,320;338;358;367;390;407;436;437;443;450;500;502;518;527,477;478;493;501,456;457;473;474;475;476;479;480;486;488;489;492;494;495;497,405,374;391;402;442;445;446;447;448;465;471;491;506;519;520;528,477;478;484,420;473;475;476;479;485,498,481;483;487;495
