pdb,antibody,method,constrained,wt_total,om_total,d_total,wt_interface,om_interface,d_interface,tot_stab_mut_close,tot_stab_mut_distal,tot_stab_other_close,tot_stab_other_distal,tot_destab_mut_close,tot_destab_other_close,tot_destab_mut_distal,tot_destab_other_distal,int_destab_mut,int_destab_other,int_stab_mut,int_stab_other
7KKK,3,rpk,cons,-711.25968876539,-686.5554721808855,24.70421658450448,-47.43380279504306,-36.79463620639543,10.639166588647626,,339,,,452,,371;373;375;405,372,486;498;505,,501,
7KKK,3,rpk,free,-726.2937791221123,-718.8651346843376,7.428644437774665,-51.72649903729849,-42.82524222823059,8.901256809067895,,339,,374,,,371;375;405,,486;498;505,489,501,490
7KKK,3,af2,cons,-612.8163860667838,-515.6291096683393,97.18727639844451,-35.449151832609004,-11.8329139092483,23.616237923360707,,339,483;485;500;502,383;421;481,452;498;501;505,403;446;447;448;449;453;455;456;475;489;491;492;494;495;497;506,405;477,365;442;451;454;457;467;469;474;479;487;488;538,484;498;501;505,449;483;489;490;493,,495;500;503
7KKK,3,af2,free,-658.3391960474196,-618.8468954431398,39.49230060427976,-46.78128772040743,-28.632301608752105,18.148986111655322,,339,450;490;500;502,338;346;347;358;367;369;372;390;436;443;481;508,405;501;505,446;448;449;487;489;491;492;495;497;506,,357;368;377;393;394;420;442;451;465;466;479;526,484;498;505,449;483;490;493,452;478;486,487;495;499;503
