pdb,antibody,method,constrained,wt_total,om_total,d_total,wt_interface,om_interface,d_interface,tot_stab_mut_close,tot_stab_mut_distal,tot_stab_other_close,tot_stab_other_distal,tot_destab_mut_close,tot_destab_other_close,tot_destab_mut_distal,tot_destab_other_distal,int_destab_mut,int_destab_other,int_stab_mut,int_stab_other
7OAY,1,rpk,cons,-571.54593097924,-567.4810347189064,4.064896260333626,-54.30207661405545,-53.41521961811856,0.8868569959368884,,339;446,,,373,372,501,,,,,
7OAY,1,rpk,free,-587.4199662480869,-592.7988891328129,-5.3789228847259665,-53.738824605932855,-50.69164232939417,3.0471822765386847,,339;446,,406,,374,,365;452,371,,,
7OAY,1,af2,cons,-611.2081755823342,-613.7494609049188,-2.5412853225845993,-25.21312347277035,-39.438788019886616,-14.225664547116267,,339;484,369;372,367;406;483;485;518,,365;368;434,446;501,420;435;436;455;489;528,,,373,369;372;408
7OAY,1,af2,free,-668.3594571845749,-659.8135271166711,8.545930067903782,-38.41236061133475,-50.271490895274546,-11.859130283939798,,339;493,372;378,358;390;406;451;483;518;527,375,365;374,,420;435;448;526,,370;374;414,373,368;372;376;384;385;408
