pdb,antibody,method,constrained,wt_total,om_total,d_total,wt_interface,om_interface,d_interface,tot_stab_mut_close,tot_stab_mut_distal,tot_stab_other_close,tot_stab_other_distal,tot_destab_mut_close,tot_destab_other_close,tot_destab_mut_distal,tot_destab_other_distal,int_destab_mut,int_destab_other,int_stab_mut,int_stab_other
7LAB,3,af2,cons,-803.8185570953151,-777.148348371436,26.670208723879114,-34.41398304671821,-29.742769083537276,4.671213963180932,,,70;76;180;210;211;212;214,111;153;223;228;229;248,24;25;26,23;69;71;73;182;249;250;256;257;258;259;260,19,18;77;80;140;191;233;244;245;251,213,214,,78
7LAB,3,af2,free,-883.8365186411392,-885.8371813895044,-2.0006627483652437,-48.544924951975844,-64.81382289058958,-16.268897938613733,,142,29;32;66;74;180;185;214;216,16;41;141;162;193;201;222;226;227;228;237;242;246;248,24;25;26;213,28;78;181;182;212;259;261,19,23;54;77;80;140;191;221;245;249,213,68;69;97,,32;64;71;72;73;74;76;78;184;185
