pdb,antibody,method,constrained,wt_total,om_total,d_total,wt_interface,om_interface,d_interface,tot_stab_mut_close,tot_stab_mut_distal,tot_stab_other_close,tot_stab_other_distal,tot_destab_mut_close,tot_destab_other_close,tot_destab_mut_distal,tot_destab_other_distal,int_destab_mut,int_destab_other,int_stab_mut,int_stab_other
7BEL,2,rpk,cons,-519.9898920269554,-499.95469236668066,20.03519966027477,-47.02916047030672,-47.010517286022804,0.01864318428391698,,339;408;505,,,,,371;373;375;376;484,372,,,,
7BEL,2,rpk,free,-539.9270327343942,-527.4547849372893,12.472247797104842,-52.00812018537335,-50.59755296445583,1.410567220917521,,339;505,,,,,371;373;375;405;498,368;377,,,,
7BEL,2,af2,cons,-617.4115811404417,-540.4404932488969,76.97108789154481,-39.61065469082755,-39.87929878731995,-0.2686440964923946,,339,,421;443;481;483;485;490;502,,457;469,405;477;501,365;434;442;446;448;451;453;454;455;456;474;475;479;487;489;491;492;493;494;495;497;506,,354,,468
7BEL,2,af2,free,-658.8275315057027,-628.7722102751393,30.055321230563436,-44.36419422465403,-48.858621340600834,-4.494427115946806,,339;478,357;360;396;468,347;367;369;372;390;421;443;472;483;490;499;500;502,,457;467;469;471;492;516,375;405;501,381;391;442;446;447;451;453;456;487;491;495;497;506,,,,357;468
