pdb,antibody,method,constrained,wt_total,om_total,d_total,wt_interface,om_interface,d_interface,tot_stab_mut_close,tot_stab_mut_distal,tot_stab_other_close,tot_stab_other_distal,tot_destab_mut_close,tot_destab_other_close,tot_destab_mut_distal,tot_destab_other_distal,int_destab_mut,int_destab_other,int_stab_mut,int_stab_other
7K45,1,rpk,cons,-582.401121029919,-553.572443100293,28.828677929625997,-44.98202566805646,-42.82910182249798,2.152923845558476,,339;408,,,493,455,371;373;375;405;501,372,493,,,
7K45,1,rpk,free,-591.9985593141182,-581.5787513888117,10.419807925306486,-57.045826615720905,-46.9941304510882,10.051696164632702,,339,,434,478,479,371;375;405,446;472,478;493,479,,
7K45,1,af2,cons,-611.893541850765,-474.13174554685384,137.76179630391118,-47.21394820869135,20.945853918371814,68.15980212706316,,339,485;490;496;499,443;482;502;518,477;478;493;501,453;455;456;457;473;474;475;476;479;486;487;488;492;494;495;497,371;373;405,346;351;365;372;446;449;451;467;469;471;491;506;520;522;541,477;478;484,474;475;476;486;487;489,498,495
7K45,1,af2,free,-663.2580392730908,-579.0578133014801,84.20022597161073,-56.943725547897834,-53.74294924374697,3.200776304150864,,339,481,320;354;356;367;380;390;419;443;500;502;508;518;527,452;477;478;493,454;455;456;473;474;475;476;479;480;483;485;486;487;488;492;495;496;497,371;405;501,342;353;365;391;420;433;436;442;445;446;447;448;451;459;491;506;512;517;519;520;525;528,477;478;484;493,473;476;483;485,498,456;474;481;487;489;495
