pdb,antibody,method,constrained,wt_total,om_total,d_total,wt_interface,om_interface,d_interface,tot_stab_mut_close,tot_stab_mut_distal,tot_stab_other_close,tot_stab_other_distal,tot_destab_mut_close,tot_destab_other_close,tot_destab_mut_distal,tot_destab_other_distal,int_destab_mut,int_destab_other,int_stab_mut,int_stab_other
7E7Y,2,rpk,cons,-507.5638366865687,-497.51931391123946,10.044522775329256,-46.348935445633494,-46.19800867820001,0.1509267674334822,,339;373,,,477;478;484,,371;375;446;501,,,,,
7E7Y,2,rpk,free,-530.4051167367586,-522.2119237944744,8.193192942284213,-47.7480143844868,-48.09254804596811,-0.34453366148130726,,339;373;496,,367,477;478,,375;446,434,,487,478,
7E7Y,2,af2,cons,-612.6657479987832,-619.4755946464645,-6.809846647681297,-21.806435238754165,-33.83695275709471,-12.030517518340542,,339;371,481;483;485;486,367;369;372;406;451;518,,489,375;501,365;368;374;434;435;452;499;528,,,484,485;486
7E7Y,2,af2,free,-664.9394604878062,-661.544110995666,3.3953494921402125,-41.64746800528055,-47.72100489476421,-6.073536889483655,,339;371,483;485,369;372;406;480;518;527,,489,446;496;501,332;356;374;430;435;448,,483,,485;486;490
