pdb,antibody,method,constrained,wt_total,om_total,d_total,wt_interface,om_interface,d_interface,tot_stab_mut_close,tot_stab_mut_distal,tot_stab_other_close,tot_stab_other_distal,tot_destab_mut_close,tot_destab_other_close,tot_destab_mut_distal,tot_destab_other_distal,int_destab_mut,int_destab_other,int_stab_mut,int_stab_other
7K8S,3,rpk,cons,-344.1925145246727,-327.32238360517,16.870130919502685,-35.06205056831333,-35.135329349775155,-0.07327878146182343,,339,,,493;501,,371;373;375;477,372,484,,496;498,
7K8S,3,rpk,free,-439.142116530757,-437.10899186777647,2.0331246629805264,-50.79257091580979,-54.92510828596872,-4.1325373701589285,,339,449;456;483;485;492,346;351;436;457,493;501,502,371;373;375;477,369;372;500;506,417,403,484;501,483;485;487
7K8S,3,af2,cons,-616.690554756043,-612.5963645226121,4.0941902334308224,-35.60686031619706,-22.49191061315963,13.114949703037428,,339;371,483;485,367;369;372;406;518,417;446;501,456;494,375,365;368;374;434;435;499;528,484;493,403;455;492,,483
7K8S,3,af2,free,-662.0679273873332,-662.0684440909723,-0.0005167036391640067,-54.069286106268294,-56.21953216443938,-2.150246058171085,,339;371,403;406;480;481;482;483;485;488,369;518,417;446;478;493;501,448;470;490,,374;424;491,417;484,449;453;470,496,403;481;482;483;485;489
