pdb,antibody,method,constrained,wt_total,om_total,d_total,wt_interface,om_interface,d_interface,tot_stab_mut_close,tot_stab_mut_distal,tot_stab_other_close,tot_stab_other_distal,tot_destab_mut_close,tot_destab_other_close,tot_destab_mut_distal,tot_destab_other_distal,int_destab_mut,int_destab_other,int_stab_mut,int_stab_other
7VNC,1,rpk,cons,-324.62847684684203,-319.2161730652707,5.412303781571325,-30.846916888214682,-30.234232048794045,0.6126848394206377,,339;373;505,,,452;484,,371;405;498;501,453,484,,452,
7VNC,1,rpk,free,-476.5611739377183,-482.69065158128757,-6.12947764356926,-39.80860816607053,-45.87055905961649,-6.061950893545962,,339;375;376;505,,368;369;409;418;419;435;436;464;497;503;508,,351;442;451;472;489;490;493,371;405;417,374;388;406;407;454;526;539,,444;468,,354;449;470;492
7VNC,1,af2,cons,-610.7948703673931,-515.7489561902539,95.04591417713914,-27.9860227562655,-31.77928666891391,-3.7932639126484133,,339,450;481;483,485;500;502,501,442;443;444;445;446;447;448;449;451;453;467;468;469;480;491;492;493;494;495;497,405;477,365;454;456;457;473;474;475;479;487;506;507,,346;444;449;468;470;490,452,351;447;492;493;494;497
7VNC,1,af2,free,-673.3923858142866,-629.4341793112407,43.95820650304597,-67.37980211085048,-44.47465330450052,22.905148806349956,,339;478,443;471;483;485;496,338;358;367;369;390;421;434;436;473;500;502;527,452,352;442;446;450;451;467;468;469;470;480;491;492;495;497,405;501,355;365;368;386;391;392;453;454;455;457;465;479;487;506;525;528,452;484,356;444;450;468;470;490,,445;492;495
