pdb,antibody,method,constrained,wt_total,om_total,d_total,wt_interface,om_interface,d_interface,tot_stab_mut_close,tot_stab_mut_distal,tot_stab_other_close,tot_stab_other_distal,tot_destab_mut_close,tot_destab_other_close,tot_destab_mut_distal,tot_destab_other_distal,int_destab_mut,int_destab_other,int_stab_mut,int_stab_other
7KQE,1,rpk,cons,-546.2159874269337,-542.8697633335421,3.3462240933915837,-44.486295475340484,-44.57073011864739,-0.08443464330690631,,339;478;493,,479,371;373;375,372,446;501,,,,,
7KQE,1,rpk,free,-582.9246550155731,-576.5518541200005,6.372800895572595,-46.995014158469736,-49.63324808285604,-2.6382339243863058,,339;478;496,,347;452;479;508,371;373;375,,446,437;439;449,371,,,372
7KQE,1,af2,cons,-617.038833045799,-615.7284242579462,1.3104087878527935,-31.202413699696805,-30.659503509057835,0.5429101906389704,,339,372;378,367;406;451;483;485;518,375,368;370;374;435,446;501,420;434;455;489;494;499;528,371,370,373,372;385
7KQE,1,af2,free,-659.3449991315044,-652.0971817907573,7.247817340747133,-40.45120428994435,-44.34701689064405,-3.895812600699699,,339,372;527,367;390;406;436;483;518,,365;370;374;414;435;528,446;496;501,391;420;448;497,371,370;408;414,373,372;378;385
