pdb,antibody,method,constrained,wt_total,om_total,d_total,wt_interface,om_interface,d_interface,tot_stab_mut_close,tot_stab_mut_distal,tot_stab_other_close,tot_stab_other_distal,tot_destab_mut_close,tot_destab_other_close,tot_destab_mut_distal,tot_destab_other_distal,int_destab_mut,int_destab_other,int_stab_mut,int_stab_other
7OLZ,2,rpk,cons,-478.77912820697765,-453.4224780912973,25.35665011568034,-76.36780623471658,-59.70361256804771,16.664193666668872,,339,,,417;446;484;493;496;498;501,,371;373,370;372;434,417;484;493;498,,,
7OLZ,2,rpk,free,-504.2993712534852,-499.28049390825186,5.0188773452333635,-82.22692909485609,-66.02564540087576,16.20128369398033,,339;371,,368;382;406;515,417;446;484;493;498,472,375,367;370;394;437,417;484;493;498,403;492,,
7OLZ,2,af2,cons,-626.6994471681601,-619.9862760658328,6.713171102327237,-58.5678274487639,-47.52779870888413,11.040028739879773,,339;371,483;485,367;369;372;406;481;518,446;493;496;498;501,,375,365;368;374;420;434;435;528,417;446;493;498,403;450;483,501,351;453
7OLZ,2,af2,free,-672.229639034485,-665.8044605845467,6.425178449938244,-80.87797441335857,-65.47722549413784,15.400748919220732,,339;371,,369;406;480;518;527,446;493;498,489;497,,374;537,417;493;498,403;483;489;492,496;501,
