pdb,antibody,method,constrained,wt_total,om_total,d_total,wt_interface,om_interface,d_interface,tot_stab_mut_close,tot_stab_mut_distal,tot_stab_other_close,tot_stab_other_distal,tot_destab_mut_close,tot_destab_other_close,tot_destab_mut_distal,tot_destab_other_distal,int_destab_mut,int_destab_other,int_stab_mut,int_stab_other
7L0N,4,rpk,cons,-514.9319935002923,-493.8005656623353,21.13142783795695,-61.72759193609908,-59.97792143034575,1.749670505753329,,,,,,,371;452;484;501,372;490,,343,,
7L0N,4,rpk,free,-542.3692903641347,-527.4237592094528,14.94553115468193,-68.94245251930677,-66.71027897654841,2.2321735427583604,,505,436,434;487,,,371;373;375;405;484;501,372;402;446;449;490,,441,,
7L0N,4,af2,cons,-618.3686713250358,-547.4219745748728,70.94669675016303,-51.59555547406098,-50.11944066329694,1.476114810764038,,,347,443;481;483;485;490;500;502,,442;446;451,405;477;501,365;387;389;448;449;453;454;455;456;457;461;465;467;469;474;475;479;480;487;488;491;492;493;494;495;497;506,,343,,
7L0N,4,af2,free,-668.7229583903777,-621.5711050255582,47.151853364819544,-54.38271207044922,-52.423087871403766,1.9596241990454573,,,338;436;443;499,367;369;390;399;481;483;485;490;500;502;508,,442;446;447;448;451,375;405;501,326;353;365;377;386;391;453;456;467;471;473;474;479;487;488;491;492;495;497;506;526,440,343;345,,446
