pdb,antibody,method,constrained,wt_total,om_total,d_total,wt_interface,om_interface,d_interface,tot_stab_mut_close,tot_stab_mut_distal,tot_stab_other_close,tot_stab_other_distal,tot_destab_mut_close,tot_destab_other_close,tot_destab_mut_distal,tot_destab_other_distal,int_destab_mut,int_destab_other,int_stab_mut,int_stab_other
6WPS,3,rpk,cons,-508.60230457687544,-491.85285799951805,16.74944657735739,-48.168262906473295,-47.4160648313078,0.7521980751654951,,505,,449,,,371;373;375;405;501,372,,,,
6WPS,3,rpk,free,-515.9837956281987,-503.7041719251513,12.279623703047378,-52.474397998020486,-51.47893886903839,0.9954591289820982,,408,,434;449,,,371;373;375;405;501,372;377,,,,
6WPS,3,af2,cons,-612.3803004796482,-549.0609254322403,63.3193750474079,-44.90493148486577,-42.6260365435691,2.27889494129667,,,340;347;441,481;483;485;490;500;502,,442;446,405;477;501,365;434;448;449;451;453;454;455;456;457;467;469;474;475;479;480;487;488;491;492;493;494;495;497;506,,343;345,,446
6WPS,3,af2,free,-665.8801742295768,-631.8088416535423,34.07133257603448,-52.368326589983255,-54.06902818895572,-1.700701598972465,,478,347,367;369;390;436;472;483;490;499;500;502;508,,442;446;448;451,375;405;501,353;365;368;391;453;471;487;488;491;492;495;497;503;506,,345,,446
