pdb,antibody,method,constrained,wt_total,om_total,d_total,wt_interface,om_interface,d_interface,tot_stab_mut_close,tot_stab_mut_distal,tot_stab_other_close,tot_stab_other_distal,tot_destab_mut_close,tot_destab_other_close,tot_destab_mut_distal,tot_destab_other_distal,int_destab_mut,int_destab_other,int_stab_mut,int_stab_other
7SOB,3,rpk,cons,-584.151748780686,-565.303242832985,18.848505947701028,-51.073348080038684,-50.97094884674878,0.1023992332899013,,408,,,,,371;373;375;405;501,372,,,,
7SOB,3,rpk,free,-600.8556916992295,-592.3868798040924,8.46881189513715,-55.05424586066414,-57.56659796714429,-2.512352106480151,,408,,369;497,,,371;373;375;405,372,339,,440,
7SOB,3,af2,cons,-621.7316889759912,-536.8504812799583,84.8812076960329,-50.156470637452976,-50.975266611770145,-0.8187959743171689,,,,367;483;490;502;518,371,346;446,373;405;493;501,351;365;372;448;449;451;453;454;455;456;457;461;465;471;473;475;479;487;491;492;494;495;497;506;520;522;538;541,,,,446
7SOB,3,af2,free,-667.1671352811973,-626.626487394676,40.54064788652124,-54.969730195905456,-58.99879662139509,-4.029066425489631,,478,335;399,320;366;367;368;380;390;443;473;483;490;499;500;502;518,,346;444;446;447;448;451,371;405;493;501,365;374;381;391;425;454;455;465;469;480;488;491;492;494;495;497;506;517;519;520;528,,,,446
