pdb,antibody,method,constrained,wt_total,om_total,d_total,wt_interface,om_interface,d_interface,tot_stab_mut_close,tot_stab_mut_distal,tot_stab_other_close,tot_stab_other_distal,tot_destab_mut_close,tot_destab_other_close,tot_destab_mut_distal,tot_destab_other_distal,int_destab_mut,int_destab_other,int_stab_mut,int_stab_other
7K4N,3,rpk,cons,-618.3213266820666,-592.9500988994583,25.37122778260823,-49.83064714275348,-45.129928769020694,4.700718373732784,,339,,,486,455,371;373;375;376;405;501,372,486,,,
7K4N,3,rpk,free,-637.4685155202557,-618.0146914470474,19.45382407320824,-56.384319569707465,-48.20426581792858,8.180053751778885,,339,458,335;471,478;484,455;479;490,371;373;375;405;452;501,329;369;372,486,479,,
7K4N,3,af2,cons,-611.6173051428921,-501.528403483651,110.08890165924106,-45.01247034979445,7.829857347479202,52.84232769727365,,339,481;482;483;485;490,500;502,477;478;486,453;456;457;473;474;475;476;479;487;488;492;494;495;497,405,357;365;394;442;445;446;448;449;451;454;467;469;491;506,477;478;484;486,474;475;476;485;489,498,495
7K4N,3,af2,free,-663.4574356397166,-621.5764530070996,41.880982632616906,-53.63992243712464,-33.80805219362381,19.83187024350083,,339,421;481;483;485,338;347;358;367;369;374;390;436;472;490;499;500;502,484,453;457;475;487;493;495;497,375;405;501,326;368;406;442;445;446;447;448;451;461;467;471;491;492;503;506,477;484,473;475;476;479;483;493,498,474;495
