pdb,antibody,method,constrained,wt_total,om_total,d_total,wt_interface,om_interface,d_interface,tot_stab_mut_close,tot_stab_mut_distal,tot_stab_other_close,tot_stab_other_distal,tot_destab_mut_close,tot_destab_other_close,tot_destab_mut_distal,tot_destab_other_distal,int_destab_mut,int_destab_other,int_stab_mut,int_stab_other
6YZ7,4,rpk,cons,-503.2002052366851,-493.82821024288415,9.371994993800968,-38.76449455275933,-29.0352412654112,9.72925328734813,,339,,406,484;493,,373;501,372,484;493,,,
6YZ7,4,rpk,free,-542.652161661476,-537.2224140203966,5.429747641079416,-38.66089254635314,-32.120426383417545,6.540466162935594,,339;371,,406,484;493,,375;477,372;374,484;493,,,490
6YZ7,4,af2,cons,-610.9154805735676,-617.0054641556658,-6.089983582098171,-31.558240245947406,-26.37530984256818,5.182930403379228,,339;371,472;481;483;485,367;369;372;406;518,446,494,375;501,365;368;374;420;434;435;499;528,484;493,490,,
6YZ7,4,af2,free,-659.9384141926619,-664.4949461754841,-4.556531982822207,-41.519199322746054,-33.37942943112936,8.139769891616695,,339;371,485;488,369;372;393;418;480;518;527,493,452,,374;421;430;435;519;528,493,483,,489
