pdb,antibody,method,constrained,wt_total,om_total,d_total,wt_interface,om_interface,d_interface,tot_stab_mut_close,tot_stab_mut_distal,tot_stab_other_close,tot_stab_other_distal,tot_destab_mut_close,tot_destab_other_close,tot_destab_mut_distal,tot_destab_other_distal,int_destab_mut,int_destab_other,int_stab_mut,int_stab_other
7M6F,2,rpk,cons,-501.61675291595185,-484.6600761273777,16.956676788574157,-34.1469537767509,-37.44496926661785,-3.2980154898669554,,339,,,501,496,371;373;375;376,372,408,,,
7M6F,2,rpk,free,-581.2666408998862,-579.6228426536741,1.6437982462121,-61.01304691060571,-52.54410400590416,8.46894290470155,,339,453;488;506,351;367;492,,502,371;373;375;452,368;369,408;417;486,415;489;500;502;503;504,405;501;505,420
7M6F,2,af2,cons,-597.7682150056228,-491.603878442156,106.1643365634668,-32.642133411577134,-12.028068665781005,20.614064745796128,,339,500;502,483;490,405;477;478;498;501,420;453;455;457;474;475;476;479;487;493;494;495;497;506,,365;442;448;451;467;468;469;480;488;491;492,405;477;478;505,421;455;473;476,501,503;506
7M6F,2,af2,free,-652.0537480840419,-619.6786311985788,32.37511688546306,-50.23920562529034,-52.538694212101,-2.2994885868106607,,339,409;418;449;496;500;502;503;504;508,338;358;367;369;372;374;390;422;436;443;483;485;490,375;405,406;447;448;455;474;487;493;494;495;497;506,,351;353;368;391;442;446;451;466;471;479;480;491;492;526,405;408;505,449;456;473;487;494;502,452;477;498;501,416;450;475;499;503;504;508
