pdb,antibody,method,constrained,wt_total,om_total,d_total,wt_interface,om_interface,d_interface,tot_stab_mut_close,tot_stab_mut_distal,tot_stab_other_close,tot_stab_other_distal,tot_destab_mut_close,tot_destab_other_close,tot_destab_mut_distal,tot_destab_other_distal,int_destab_mut,int_destab_other,int_stab_mut,int_stab_other
7OAP,1,rpk,cons,-571.1937517853498,-556.8644412103785,14.329310574971373,-49.74780142083075,-41.79830027353324,7.949501147297504,,339;408,,,484;493,,371;375,372,484;493,,,
7OAP,1,rpk,free,-596.4732437550235,-580.1754604830753,16.29778327194822,-50.714151419210694,-41.2106127342543,9.503538684956396,,339,,368;453,452;484;493,455,371;405,372;446,452;484;493,,,
7OAP,1,af2,cons,-602.891031037886,-500.0433148658324,102.84771617205365,-33.77974014222341,-7.716961363744901,26.06277877847851,,339,480;482;483;485,502;518,452;493;501,351;449;455;456;471;473;487;488;489;490;491;492;494;495;497;499,371;373;405,346;365;372;446;448;451;454;457;459;461;469;474;475;479;506;520;522;541,493,449;456;470;483;489;490;492;494;495;499,484;498,482;486
7OAP,1,af2,free,-663.5746199423413,-614.8117023882767,48.76291755406464,-46.98551272078981,-30.754105251232904,16.231407469556903,,339;477,481;499,354;367;369;390;407;436;443;476;500;502;518;527,452;493,447;448;449;455;470;487;489;490;491;492;494;495;497,405,374;377;391;442;445;446;451;465;479;506;519;528,452;493,449;456;470;482;483;489;490;492;494,498;501,450;495;499
