pdb,antibody,method,constrained,wt_total,om_total,d_total,wt_interface,om_interface,d_interface,tot_stab_mut_close,tot_stab_mut_distal,tot_stab_other_close,tot_stab_other_distal,tot_destab_mut_close,tot_destab_other_close,tot_destab_mut_distal,tot_destab_other_distal,int_destab_mut,int_destab_other,int_stab_mut,int_stab_other
7KMK,1,rpk,cons,-648.7942287770883,-625.9481149103328,22.846113866755445,-58.37264946020237,-47.38117348133262,10.991475978869751,,339,,,484;493,,371;373;375;501,,417;484;505,490,,
7KMK,1,rpk,free,-667.7553688609134,-651.5985700554488,16.156798805464632,-58.30541564207446,-50.41042331555133,7.8949923265231305,,339,,,405;484;493,489,371;501,,417;484;505,,,
7KMK,1,af2,cons,-610.4918909844264,-520.0881365887626,90.40375439566378,-40.217067378322284,-29.95932852726023,10.257738851062054,,339,421;483;485;486;490;496;502,500;518,405;417;477;484;493;501;505,453;456;457;473;474;475;487;489;494;495;497,371;373,346;351;365;372;442;446;449;451;454;467;469;471;479;491;492;506;520;541,417;493;505,473;475;483;487;489;490,,403;474;486;495
7KMK,1,af2,free,-657.81784466213,-622.92374317024,34.89410149189007,-39.84367142477626,-62.73845048399372,-22.894779059217456,,339,403;455;483;485;486;490;500;502,338;354;367;390;450;466;468;481;508;518;528,405;493;501,453;454;456;457;473;487;489;492;495;497,371,365;374;377;391;442;445;446;448;451;464;491;506;512;519;520;526,417;505,415;473;483;487,484;498;501,403;455;485;486;488;495;503
