pdb,antibody,method,constrained,wt_total,om_total,d_total,wt_interface,om_interface,d_interface,tot_stab_mut_close,tot_stab_mut_distal,tot_stab_other_close,tot_stab_other_distal,tot_destab_mut_close,tot_destab_other_close,tot_destab_mut_distal,tot_destab_other_distal,int_destab_mut,int_destab_other,int_stab_mut,int_stab_other
7EH5,3,rpk,cons,-360.9487544554464,-354.94021466192953,6.0085397935168885,-14.979099813467622,-17.615977839165634,-2.636878025698012,,339;486,,403,371;373;501,372,,492,408,,375,
7EH5,3,rpk,free,-478.65556748727045,-477.73271560164983,0.9228518856206165,-39.913469224225565,-43.33030579776171,-3.416836573536145,,339,368;506,364;387,371;373;501,434,,,,378;385,375;408,
7EH5,3,af2,cons,-608.8008514910755,-522.328232444634,86.47261904644154,-11.38268235999102,-5.721141640579776,5.661540719411243,,339,502,481;483;485;490;496,371;405;501,374;503;506,477,365;442;446;448;449;451;453;454;456;457;461;465;467;468;469;474;475;479;480;487;488;491;492;493;494;495;497,,502;503,375,
7EH5,3,af2,free,-661.5492069845474,-610.7934305184691,50.75577646607826,-46.673274370639355,-35.32139650540184,11.351877865237512,,339,369;434;436;499;500;502,347;360;367;390;443;481;483;485;490,375;405;501,404;503;506,,365;386;391;392;402;420;442;445;446;447;451;453;454;456;457;465;473;487;488;489;491;492;495;497;525,408;501;505,372;437;500;502;503,,374;377;378
