pdb,antibody,method,constrained,wt_total,om_total,d_total,wt_interface,om_interface,d_interface,tot_stab_mut_close,tot_stab_mut_distal,tot_stab_other_close,tot_stab_other_distal,tot_destab_mut_close,tot_destab_other_close,tot_destab_mut_distal,tot_destab_other_distal,int_destab_mut,int_destab_other,int_stab_mut,int_stab_other
7MLZ,1,rpk,cons,-144.64073473975697,-133.75636437625147,10.884370363505496,-29.621698137180466,-28.579209311750326,1.0424888254301408,,339;376;408;452,,,493,,371;373;375;501,441;495;502,,,,
7MLZ,1,rpk,free,-272.07952849886885,-278.444408425947,-6.364879927078164,-38.61776286015608,-43.05044635065034,-4.432683490494263,,373;376;408;505,421;490,337;347;369;402;423;435;451;466;496;506,477;493,479;489,405;440,351;379;454;457;469;483,493,475;479,478,456;486;487;489;490
7MLZ,1,af2,cons,-606.2777149646495,-465.85253215415264,140.42518281049684,-41.890194985240164,1.0995052485479933,42.989700233788156,,339,483;490,443;502;508;518,477;478,456;457;459;473;474;475;476;479;480;487;492;494;495;497,371;373;405;501,346;351;365;372;446;449;451;454;461;471;491;506;520;522;541,477;478;493,475;476;479,,481;483;486
7MLZ,1,af2,free,-659.4193923168427,-562.2736784573306,97.14571385951217,-54.57125543432348,-37.17866362355663,17.392591810766852,,339,421;483;490;499,320;326;338;366;367;390;418;443;466;467;500;502;518;527,477;478;493;498;501,453;455;471;472;474;475;476;479;480;481;487;488;489;491;492;494;495;497,371;375;405,353;365;377;391;433;442;445;446;447;448;451;454;469;506;519;520;528;540,477;478;493,475;476;479;489,498,455;483;487
