pdb,antibody,method,constrained,wt_total,om_total,d_total,wt_interface,om_interface,d_interface,tot_stab_mut_close,tot_stab_mut_distal,tot_stab_other_close,tot_stab_other_distal,tot_destab_mut_close,tot_destab_other_close,tot_destab_mut_distal,tot_destab_other_distal,int_destab_mut,int_destab_other,int_stab_mut,int_stab_other
7LD1,1,rpk,cons,-59.808160272002475,-35.47576331250964,24.332396959492833,-39.1315670874093,-40.86935518555393,-1.7377880981446268,,339,,,371;373,372;407;435;508,498,509,,,375;505,
7LD1,1,rpk,free,-312.10234068547334,-312.6790201133226,-0.5766794278492853,-51.16734824540783,-62.0940739618681,-10.926725716460268,,339;446;496,376;377;378;407;420;437;508,353;360;421;425;441;452;474;480;483,,372;414;435;454;503,498,338;350;354;365;392;422;426;427;428;436;466;528,,414;415,375;505,369;405;409
7LD1,1,af2,cons,-594.9304122589003,-583.681820574697,11.248591684203348,-31.094333835097473,-27.480818162228644,3.6135156728688287,,339,369;406;436,367;483;485;518,375;501,368;374;377;378;435;499,496,365;389;452;489,375,377;378;379,,405
7LD1,1,af2,free,-659.4815121365733,-657.1088268874444,2.372685249128949,-42.705689838070846,-40.12078426735037,2.5849055707204727,,339;371,369;406;409,328;425;483;518,501,414;435;436,446,327;365;391;531,505,411;414;502,373,374;380;409
