pdb,antibody,method,constrained,wt_total,om_total,d_total,wt_interface,om_interface,d_interface,tot_stab_mut_close,tot_stab_mut_distal,tot_stab_other_close,tot_stab_other_distal,tot_destab_mut_close,tot_destab_other_close,tot_destab_mut_distal,tot_destab_other_distal,int_destab_mut,int_destab_other,int_stab_mut,int_stab_other
7KLG,2,rpk,cons,-496.99707097786177,-481.1077421162432,15.889328861618594,-61.931000269431735,-47.805274716985366,14.125725552446369,,339,,367,405;484,,371;373;375,,417;484;486;505,,,489
7KLG,2,rpk,free,-527.4605693318513,-518.2565436545749,9.204025677276377,-61.231500377170825,-50.258773229183404,10.97272714798742,,339,,367;434,405,,371;375;501,,417;486;505,,,421
7KLG,2,af2,cons,-611.6227868295045,-525.1657997706102,86.45698705889436,-39.81769977319769,-20.42917950475654,19.388520268441148,,339,481;483;485;502,443,405;477;478;501,453;456;457;473;474;475;476;479;487;489;493;494;495;497,,365;389;442;445;446;448;451;454;467;469;491;492;506,417;505,456;473;475;487;489;490;493,478;486,403;495
7KLG,2,af2,free,-661.990126441762,-612.4981541562512,49.49197228551077,-56.49520074723034,-47.92040793939378,8.574792807836559,,,485;490;499;500;502,347;367;389;390;436;443;472,405;452,420;453;455;456;457;474;475;487;489;491;492;495;497,371;375,351;377;442;445;446;448;451;459;466;479;480;506;510;526,405;408;417;484;505,415;421;455;456;473;475;483;487;489;490;493,477;486;498;501,403;495;497;503
