pdb,antibody,method,constrained,wt_total,om_total,d_total,wt_interface,om_interface,d_interface,tot_stab_mut_close,tot_stab_mut_distal,tot_stab_other_close,tot_stab_other_distal,tot_destab_mut_close,tot_destab_other_close,tot_destab_mut_distal,tot_destab_other_distal,int_destab_mut,int_destab_other,int_stab_mut,int_stab_other
7OR9,2,rpk,cons,-543.9138037302152,-543.0936667193106,0.8201370109046593,-47.09535146879289,-40.31501887193086,6.780332596862031,,339;373,,,405,,371;375,,505,,501,
7OR9,2,rpk,free,-565.5691608932834,-566.9209580674491,-1.3517971741656538,-55.05543992849838,-46.982127026745346,8.073312901753035,,339,,451;508,405;477;505,,484,374,417;505,495,501,
7OR9,2,af2,cons,-611.4293705368052,-506.3601017074247,105.06926882938052,-38.73587591147065,-15.329221737626565,23.406654173844085,,339,458;500;502,443;483;485;490,405;477;478;505,449;453;455;456;473;474;475;476;479;480;487;489;494;495;497;503;506,452,365;442;446;448;451;467;469;491;492;538,478;505,455;475;476;502,477,457;504
7OR9,2,af2,free,-658.62428938622,-613.9491880240691,44.675101362150826,-49.622370922947525,-26.802746083870268,22.819624839077257,,339,500;502,320;338;346;347;368;369;372;390;443;472;483;485;490;508;518,405;486;501;505,420;456;474;475;487;495;497;506,375;452,351;386;391;442;445;446;448;451;466;467;479;480;491;492,486;501;505,420;455;456;473;500;502,477;478;498,421;503;504
