pdb,antibody,method,constrained,wt_total,om_total,d_total,wt_interface,om_interface,d_interface,tot_stab_mut_close,tot_stab_mut_distal,tot_stab_other_close,tot_stab_other_distal,tot_destab_mut_close,tot_destab_other_close,tot_destab_mut_distal,tot_destab_other_distal,int_destab_mut,int_destab_other,int_stab_mut,int_stab_other
7LQV,1,af2,cons,-802.3277160339426,-766.9998652352391,35.32785079870348,-14.21519428027699,-24.525750496758068,-10.310556216481078,,,155;248,20;21;41;75;76;79;111;228;229;272,,140;147;148;150;152;160;244;245;246;249;251;255;257;258,19;24;25,197;254;259;270,,144;246;252,,155;156;248
7LQV,1,af2,free,-888.079968780951,-871.894032470281,16.18593631067006,-31.130766839079705,-41.898365148285876,-10.767598309206171,,,148;246;251;252;256,20;38;95;97;102;179;180;212;215;222;227;228;237;260,,140;147;150;155;158;161;245;249,19;25;70,29;64;66;91;124;181;217;221;257;258;259;263;266,,145;147;158;246,,148;153;156;249;251;252
