pdb,antibody,method,constrained,wt_total,om_total,d_total,wt_interface,om_interface,d_interface,tot_stab_mut_close,tot_stab_mut_distal,tot_stab_other_close,tot_stab_other_distal,tot_destab_mut_close,tot_destab_other_close,tot_destab_mut_distal,tot_destab_other_distal,int_destab_mut,int_destab_other,int_stab_mut,int_stab_other
7BEN,4,rpk,cons,-457.5606359807116,-435.09908227071264,22.461553709998952,-44.86994721735626,-41.625905533666874,3.244041683689389,,339,,406,446;501,447,371;375,372,446;493,,496,
7BEN,4,rpk,free,-492.73645271249967,-486.98879317029304,5.747659542206634,-48.18309002800084,-52.972700972861325,-4.789610944860485,,339,,382;458;502;508,446;501,447,375,364;372;506,493,,446;496,
7BEN,4,af2,cons,-608.5281904249009,-599.1519897907303,9.376200634170573,-28.746132698210275,-32.34601579204308,-3.5998830938328084,,339;371,483,367;369;372;406;485;518,446,448;449;497,375;501,365;368;374;434;435;528,446;493,,496,445;447;449;450;494
7BEN,4,af2,free,-659.3957808589971,-661.4090100024655,-2.0132291434683793,-40.05555825665329,-41.034800115668695,-0.9792418590154028,,339;371,449;483;494,369;372;406;480;518;527,446,455;490,,332;342;354;374;435;517;526,,490,,445;494
