pdb,antibody,method,constrained,wt_total,om_total,d_total,wt_interface,om_interface,d_interface,tot_stab_mut_close,tot_stab_mut_distal,tot_stab_other_close,tot_stab_other_distal,tot_destab_mut_close,tot_destab_other_close,tot_destab_mut_distal,tot_destab_other_distal,int_destab_mut,int_destab_other,int_stab_mut,int_stab_other
7R8O,2,rpk,cons,-591.8514124380763,-569.7734783804187,22.077934057657558,-34.569807442208464,-31.454082759796567,3.115724682411898,,339,495,,484;501,,371;373;375;405,372,484;498,,,490
7R8O,2,rpk,free,-626.4388699338922,-617.6318605214199,8.807009412472325,-44.51222009360386,-43.28800474741498,1.2242153461888776,,339;408,490,436;502,,,371;373;375;376;477;501,372;506,484;493,486,,449;490
7R8O,2,af2,cons,-606.6733507670133,-503.61805842811566,103.05529233889763,-24.846359875235887,-16.423662231092262,8.422697644143625,,339,481;483;485;490;499,518,452;493;501,445;446;448;449;451;455;456;487;488;491;492;494;495;497,371;373;375;405,346;365;372;454;457;458;465;473;475;479;506;520;522;541,,445;449;482;483;489;502,,450;486;499;503
7R8O,2,af2,free,-646.5956000834257,-620.1251594460252,26.47044063740043,-31.272566953962617,-22.234636954862243,9.037929999100374,,339;408;478,450;500;502,320;338;354;367;369;390;407;436;473;474;518;527,493;501,446;448;453;455;480;491;492;495;497,405,353;356;374;377;391;402;420;425;435;451;454;467;469;487;506;519;520;540,484;493,446;449;483;490;496,501,445;447;494;503
