pdb,antibody,method,constrained,wt_total,om_total,d_total,wt_interface,om_interface,d_interface,tot_stab_mut_close,tot_stab_mut_distal,tot_stab_other_close,tot_stab_other_distal,tot_destab_mut_close,tot_destab_other_close,tot_destab_mut_distal,tot_destab_other_distal,int_destab_mut,int_destab_other,int_stab_mut,int_stab_other
7L2F,1,af2,cons,-825.1859115659774,-791.2533050126111,33.93260655336633,-11.99555480270985,-5.911925692105648,6.083629110604203,,67;95,19;154;247,18;21;22;75;76;77;79;97;111;124;138;213;nan;215;216;260,142;143,20;140;146;147;148;150;151;153;156;254;256;257,212,23;141;152;179;187;210;245;249;255;258;272,,146;153,,154;246
7L2F,1,af2,free,-885.005891814259,-875.6672523228323,9.338639491426761,-35.71446888328797,-24.124767577263427,11.589701306024544,,67;95,15;19;147;148;154;157;247;248;254,18;50;55;68;75;76;94;114;181;186;213;nan;215;216;222;242;259;260,142;143;144,17;20;152;153;156;246;249;251,212,21;80;85;98;100;113;179;183;187;221;255;257;262,144;145,146;153;155;246;248,,147;154;254;256
