pdb,antibody,method,constrained,wt_total,om_total,d_total,wt_interface,om_interface,d_interface,tot_stab_mut_close,tot_stab_mut_distal,tot_stab_other_close,tot_stab_other_distal,tot_destab_mut_close,tot_destab_other_close,tot_destab_mut_distal,tot_destab_other_distal,int_destab_mut,int_destab_other,int_stab_mut,int_stab_other
7KN6,2,rpk,cons,-471.81494014991995,-449.4220181162283,22.39292203369166,-69.86174510662744,-61.5007815240553,8.36096358257214,,339,368,,371;373;375;376,372,484;501,,376;408,,,
7KN6,2,rpk,free,-505.72425665813114,-492.1654585148226,13.558798143308536,-75.53380566435396,-70.55996072324044,4.973844941113526,,339,437;508,348,371;376;501,372;502,452,365;434,376;408,506,375,369
7KN6,2,af2,cons,-621.4617962251723,-533.6777540193453,87.78404220582695,-46.855463481449114,-38.752824246940314,8.1026392345088,,339,502,366;367;443;483;490;496;518,371;373;405,370;372;503;506,493;501,346;351;365;442;446;449;451;453;454;455;456;457;461;465;469;471;473;479;487;491;492;494;495;497;520;522;541,376;440,372;374;503;506,373;375,378
7KN6,2,af2,free,-667.3490629989033,-622.7377920986912,44.61127090021205,-67.37682349137381,-30.701937041918512,36.6748864494553,,339;478,436;443;499;502,320;338;354;358;367;390;425;474;483;490;500;518,376;405,368;372;374;503;506,493;501,357;391;403;442;445;446;447;448;449;451;453;454;455;457;465;479;480;491;492;495;497;519;520;526,376;405;408,369;370;372;374;380;407;437;503,,377;506
