pdb,antibody,method,constrained,wt_total,om_total,d_total,wt_interface,om_interface,d_interface,tot_stab_mut_close,tot_stab_mut_distal,tot_stab_other_close,tot_stab_other_distal,tot_destab_mut_close,tot_destab_other_close,tot_destab_mut_distal,tot_destab_other_distal,int_destab_mut,int_destab_other,int_stab_mut,int_stab_other
7MY3,1,rpk,cons,-487.4574862589237,-489.4992815560341,-2.0417952971103546,-37.029252912031424,-40.66530878059035,-3.636055868558927,,339;446;496,,455;456,373;375,372;502,,,,,375;440,
7MY3,1,rpk,free,-569.5125808183033,-574.366018253987,-4.853437435683759,-54.143599391913945,-57.52568767186379,-3.3820882799498477,,339;496,374;503,399;516,373;375,502,,351;455,,370;506,375,374;408
7MY3,1,af2,cons,-616.3261927243815,-607.4315845991007,8.894608125280797,-36.95005517185229,-32.42818078806595,4.52187438378634,,339,406,367;483;485;518,375,368;369;435,501,420;434;455;489;528,375,369;372,,370;374
7MY3,1,af2,free,-660.1586967926106,-665.2753060569007,-5.116609264290105,-51.69174858694457,-47.196812108449095,4.494936478495475,,339,406;436,363;367;483;518;527,375;501,365;374;435;506,446,332;381;434;448;455;528,375,370;506,373,374;378;439
