pdb,antibody,method,constrained,wt_total,om_total,d_total,wt_interface,om_interface,d_interface,tot_stab_mut_close,tot_stab_mut_distal,tot_stab_other_close,tot_stab_other_distal,tot_destab_mut_close,tot_destab_other_close,tot_destab_mut_distal,tot_destab_other_distal,int_destab_mut,int_destab_other,int_stab_mut,int_stab_other
7JV6,2,rpk,cons,-542.1889846014151,-530.346369785781,11.842614815634079,-45.37763690058677,-38.01040193306059,7.36723496752618,,339,,,484;501,,371;373;375,372;455,484,,,
7JV6,2,rpk,free,-568.6502999155272,-558.0620260323088,10.588273883218335,-45.74291670568369,-42.11569605753507,3.627220648148622,,339,,436,484;501,,371;373;375,372;386;403;455,484,,498,
7JV6,2,af2,cons,-604.2061647755315,-612.3536633072382,-8.147498531706674,-18.089274155783542,-23.361451360501334,-5.272177204717792,,339;371,485,367;369;372;406;518,501,,375,365;368;374;420;434;435;528,,,446;478,485
7JV6,2,af2,free,-653.5839154773555,-662.4277689956676,-8.84385351831213,-24.76058520645087,-35.23106076833537,-10.470475561884498,,339;371,480;483;485,369;372;406;451;516;518,446,445;448;489,,356;374;430;435;455,446,445,478;484,449;483;485
