pdb,antibody,method,constrained,wt_total,om_total,d_total,wt_interface,om_interface,d_interface,tot_stab_mut_close,tot_stab_mut_distal,tot_stab_other_close,tot_stab_other_distal,tot_destab_mut_close,tot_destab_other_close,tot_destab_mut_distal,tot_destab_other_distal,int_destab_mut,int_destab_other,int_stab_mut,int_stab_other
7LXY,2,af2,cons,-807.8395480042223,-778.8396629954229,28.99988500879931,-31.712934952333867,-41.003277816363386,-9.290342864029519,,67;95,19;77;138;247;258,22;29;75;76;97;111;124;213;nan;215;216;260,142;143;145,16;140;147;149;153;156;241;245;246;254;255;256;257,212,23;102;152;179;187;210;249,,18;147;244,,17;20;150;154;156;246;255
7LXY,2,af2,free,-890.3509451053928,-884.2575197382728,6.093425367120062,-50.27406832187829,-36.31236767603001,13.961700645848282,,67;95,18;19;138;141;148;155;158;242;244,76;77;111;124;128;182;186;213;nan;215;216;222;248;260,142;143;145,17;20;140;153;243;246;255;257;258,70;212,21;23;68;98;152;183;221;249;261;262,142,140;147;156;258,,17
