pdb,antibody,method,constrained,wt_total,om_total,d_total,wt_interface,om_interface,d_interface,tot_stab_mut_close,tot_stab_mut_distal,tot_stab_other_close,tot_stab_other_distal,tot_destab_mut_close,tot_destab_other_close,tot_destab_mut_distal,tot_destab_other_distal,int_destab_mut,int_destab_other,int_stab_mut,int_stab_other
7FG3,1,rpk,cons,-88.30806666919183,-75.53363099154001,12.774435677651823,-23.268278924015114,-26.48931381990376,-3.2210348958886463,,339;408,,,,,371;375,372;480,,,452,
7FG3,1,rpk,free,-289.4446345779496,-279.4197674702475,10.024867107702107,-53.02652870109178,-46.68271689205726,6.34381180903452,,375,401;449;468;469;489,333;340;345;368;377;381;388;406;432;445;453;471;517;537,452,448;496,371;484,364;365;369;372;392;393;418;430;431;434;442;457;474;483;499;509;516,452,450;470,,449;488
7FG3,1,af2,cons,-606.2670535117406,-518.5862189270113,87.68083458472938,-35.99740732454296,-22.43846077205192,13.558946552491044,,339,349;481;483;496;502,500;518,501,346;351;446;449;450;451;468;469;471;492;494;495;497,371;373;405,365;372;442;454;456;457;461;473;479;487;489;491;506;520;522;541,452,346;449;450;468;470;482;490,484;493,349;492;495
7FG3,1,af2,free,-661.7299293104859,-617.9740617187667,43.75586759171915,-48.16804499818594,-25.64838731611971,22.51965768206623,,339;478,349,320;367;390;407;421;423;436;500;502;518,452,446;447;448;449;451;468;470;491;492;495;497,405;501,374;377;391;403;420;435;442;445;453;454;455;465;467;489;506;519;520,452;484,346;449;450;468;470;482;483;490,493,349;492;495
