pdb,antibody,method,constrained,wt_total,om_total,d_total,wt_interface,om_interface,d_interface,tot_stab_mut_close,tot_stab_mut_distal,tot_stab_other_close,tot_stab_other_distal,tot_destab_mut_close,tot_destab_other_close,tot_destab_mut_distal,tot_destab_other_distal,int_destab_mut,int_destab_other,int_stab_mut,int_stab_other
7E3L,2,rpk,cons,-528.7120024533838,-501.3772457887924,27.334756664591396,-35.574536444533294,-29.858130260570675,5.716406183962619,,339,,,478,,371;373;375;405;501,372,486,487,,
7E3L,2,rpk,free,-587.8457233812816,-563.9172531098843,23.92847027139726,-51.701693343245275,-41.530574910063756,10.171118433181519,,339,,367;369;374;388,,455;479,371;375;405;501,366;368;449;510,478;486,479,,
7E3L,2,af2,cons,-614.7538477102335,-529.370402752523,85.38344495771048,-33.72072426048751,-15.519583069905227,18.20114119058228,,339,421;483;485;490,383;500;502,477,453;455;456;474;475;476;479;480;487;493;494;495,405;501,365;442;446;448;449;451;454;457;469;491;492;497;506,477;486,475;476;487;489,,495
7E3L,2,af2,free,-655.6349675153015,-617.4252082841771,38.209759231124394,-49.391282541035025,-27.142542177782744,22.24874036325228,,339,481;485;490;499,338;358;367;369;389;390;418;436;443;472;500;502,486;501,455;456;457;475;479;480;495;497,375;405,326;368;430;442;446;447;448;451;454;465;491;492;506;526,477;478;486,473;475;476;479;481;485;489,498,474;495
