pdb,antibody,method,constrained,wt_total,om_total,d_total,wt_interface,om_interface,d_interface,tot_stab_mut_close,tot_stab_mut_distal,tot_stab_other_close,tot_stab_other_distal,tot_destab_mut_close,tot_destab_other_close,tot_destab_mut_distal,tot_destab_other_distal,int_destab_mut,int_destab_other,int_stab_mut,int_stab_other
7DX4,1,rpk,cons,-516.9866692149725,-491.66232763111475,25.324341583857745,-54.50221590192155,-51.8923191721906,2.6098967297309557,,339;408,,508,452;484,490,371;373;501,372,452,,,
7DX4,1,rpk,free,-552.2037182836768,-539.5651658385148,12.638552445162077,-61.03495645933148,-56.7793916199293,4.255564839402183,,339;408,,502;508,452;484,,371;375;501,370;421;506,452,471;482,,
7DX4,1,af2,cons,-623.3097800965611,-535.7187309595632,87.59104913699787,-46.643776966770105,-34.52526119963355,12.118515767136557,,339,481;483,485;502,452,449;451;457;467;468;469;491;492;493;494;495;497,405;477;501,365;442;446;448;453;455;474;475;479;487;488;506,452,450;468;469;471;483;490,,492
7DX4,1,af2,free,-662.466703337173,-620.8186413670962,41.64806197007681,-66.15824615875111,-58.32500165995313,7.833244498797981,,339;478,346;358;490;493,322;338;367;369;382;390;436;443;496;500;502;508,452,351;352;451;457;469;480;482;491;492;495;497,375;405;501,332;368;420;442;445;446;447;448;453;456;487;506;526;533,452;484,346;450;457;481;482;483;490,,465;492;493;494
