pdb,antibody,method,constrained,wt_total,om_total,d_total,wt_interface,om_interface,d_interface,tot_stab_mut_close,tot_stab_mut_distal,tot_stab_other_close,tot_stab_other_distal,tot_destab_mut_close,tot_destab_other_close,tot_destab_mut_distal,tot_destab_other_distal,int_destab_mut,int_destab_other,int_stab_mut,int_stab_other
7L2F,3,af2,cons,-825.5925767867316,-787.1553162672227,38.43726051950887,-6.053666918967549,-13.05774905712181,-7.004082138154262,,,146;153;248,41;111;228;229;272,19,156;245;249;250;256,24;25;26,18;23;29;80;140;233;244;254;257;258;259;270,,,,144;246
7L2F,3,af2,free,-888.1927339264719,-887.4278043485938,0.7649295778780925,-10.601080358761383,-21.438694192883638,-10.837613834122255,,27,145;152;246;248,22;38;41;54;66;84;95;123;184;186;228;242;255,,146;155;245;249,19;25;26,18;29;55;72;78;140;157;183;187;191;221;259;263,,,,144;156;254
