pdb,antibody,method,constrained,wt_total,om_total,d_total,wt_interface,om_interface,d_interface,tot_stab_mut_close,tot_stab_mut_distal,tot_stab_other_close,tot_stab_other_distal,tot_destab_mut_close,tot_destab_other_close,tot_destab_mut_distal,tot_destab_other_distal,int_destab_mut,int_destab_other,int_stab_mut,int_stab_other
7NP1,3,rpk,cons,-493.4593129215117,-462.9301017301994,30.5292111913123,-40.623900671957124,-30.68564806252693,9.938252609430194,,339,,,501,,371;373,372,417;486;505,,,
7NP1,3,rpk,free,-530.1393550090158,-518.4027398286665,11.736615180349304,-56.28216946798511,-43.10765483664392,13.174514631341196,,339,,369,501,446;449;500,373;375,372;492,417;486;505,449;493;500,498,
7NP1,3,af2,cons,-610.4557209083739,-526.8324169066652,83.62330400170868,-34.25398910562985,-13.484503138809245,20.769485966820604,,339,458;502,383;443;483;485;490,405;477;478;501,454;455;473;474;475;476;479;480;487;494;495,452,365;442;446;448;451;467;469;491;492;497;506,417;505,455;474;476;493,486;498,457;503
7NP1,3,af2,free,-661.9843106906665,-619.9505138431314,42.033796847535086,-48.134705795187045,-31.394612215822903,16.740093579364142,,,483;485;500;502;503,320;346;366;367;372;382;390;436;443;490;509;527,405;417;501;505,446;449;453;455;474;475;487;493;494;495;506,371;452,377;442;448;451;465;466;479;480;491;492;497;528,417;505,415;420;449;455;473;493;500,498,403;503;504
