pdb,antibody,method,constrained,wt_total,om_total,d_total,wt_interface,om_interface,d_interface,tot_stab_mut_close,tot_stab_mut_distal,tot_stab_other_close,tot_stab_other_distal,tot_destab_mut_close,tot_destab_other_close,tot_destab_mut_distal,tot_destab_other_distal,int_destab_mut,int_destab_other,int_stab_mut,int_stab_other
7DPM,3,rpk,cons,-234.05023503021735,-207.02104542941558,27.02918960080177,-30.273347766827527,-31.811876896364936,-1.5385291295374088,,339,,,371;373,369;372,446,,,,375,
7DPM,3,rpk,free,-266.69507452513807,-269.3784646296376,-2.6833901044995514,-34.92805008517812,-38.69900501017174,-3.7709549249936174,,339,,364,371,370,446,,440,369,375,439
7DPM,3,af2,cons,-617.3561424462907,-603.9967532738751,13.359389172415604,-33.87089087381809,-22.802350151438947,11.068540722379144,,339,,367;406;483;485;518,375;501,368;372;374;377;384;435;499,,389;420;434;455;489,375,369;372;377,,437
7DPM,3,af2,free,-664.0383297488709,-659.1969704045304,4.841359344340503,-37.50153627579508,-31.978882313108432,5.52265396268665,,339,,367;390;393;406;451;483;485;518;527,375,369;374;377;434;435,446,365;391;444;448,375,369,373,
