pdb,antibody,method,constrained,wt_total,om_total,d_total,wt_interface,om_interface,d_interface,tot_stab_mut_close,tot_stab_mut_distal,tot_stab_other_close,tot_stab_other_distal,tot_destab_mut_close,tot_destab_other_close,tot_destab_mut_distal,tot_destab_other_distal,int_destab_mut,int_destab_other,int_stab_mut,int_stab_other
7E3C,1,rpk,cons,-458.02496821201703,-437.9350664741321,20.08990173788493,-50.006641363086445,-44.23483533894669,5.771806024139757,,339,,445,405;484;501;505,,371;373;375,,493;498;505,,501,403
7E3C,1,rpk,free,-499.2992520259208,-488.6300438553473,10.669208170573484,-70.70738759391556,-58.45295323042317,12.254434363492386,,339,403;454;473;474;504,367;433;508,405;484;505,449;489;490;495,371;375,368;402;437,498;505,403;449;489;503,501,504
7E3C,1,af2,cons,-611.372205527555,-492.67737529974306,118.69483022781196,-44.30229279771159,-30.5384449583811,13.763847839330488,,339,490;500;502,483;485;518,405;477;493;498;501;505,449;454;455;456;457;473;475;476;479;480;487;488;489;494;495;503,371;373;452,346;365;372;391;446;451;461;465;467;469;491;492;497;506;520;541,493;505,475;476;489,498,415;453;486;495
7E3C,1,af2,free,-663.884176103111,-618.4294672779524,45.454708825158605,-79.17661256659989,-25.256426314350158,53.92018625224973,,339,474;483;490;500,320;354;367;369;390;407;436;443;472;518;528,405;417;493;501,446;449;455;456;460;489;492;495;497;503,,368;374;377;386;391;430;435;445;448;451;467;491;506;519;520,417;493;501;505,406;415;421;449;453;455;456;460;473;489;495;502;503,477;478,487
