pdb,antibody,method,constrained,wt_total,om_total,d_total,wt_interface,om_interface,d_interface,tot_stab_mut_close,tot_stab_mut_distal,tot_stab_other_close,tot_stab_other_distal,tot_destab_mut_close,tot_destab_other_close,tot_destab_mut_distal,tot_destab_other_distal,int_destab_mut,int_destab_other,int_stab_mut,int_stab_other
7S0C,1,rpk,cons,-544.3328056144779,-529.9294744754102,14.403331139067745,-37.726402605422635,-36.195895180553045,1.5305074248695902,,339;408,,,484,,371;373;375;405,370,484,,,
7S0C,1,rpk,free,-606.7921441202117,-602.9104268952931,3.8817172249185887,-45.48699922667946,-41.74792635402857,3.739072872650887,,339;408,,342;436,452,491;492,371;375;405;501,437;497,452;484,,,482
7S0C,1,af2,cons,-618.6016108445504,-511.4822487861717,107.11936205837867,-36.59619006436449,-30.77679288152952,5.819397182834972,,339,483;499,421;485;500;502,452,346;442;444;445;446;448;449;451;469;470;492;494;495;497,405;477,365;453;454;456;457;465;474;475;479;487;488;489;491;506,,449;451;470;483;490;494,,447;492;493;495
7S0C,1,af2,free,-657.8164430903475,-614.4757767938206,43.34066629652693,-48.64781682887035,-47.00522004987991,1.6425967789904377,,339,483;485;490;493;499,320;367;369;390;418;436;437;500;502,,442;444;446;447;448;451;470;492;495;497,375;405,326;353;355;368;455;456;457;467;487;491;506;526,,444;449;451;470;483;490,452,445;446;448;492;493;495
