pdb,antibody,method,constrained,wt_total,om_total,d_total,wt_interface,om_interface,d_interface,tot_stab_mut_close,tot_stab_mut_distal,tot_stab_other_close,tot_stab_other_distal,tot_destab_mut_close,tot_destab_other_close,tot_destab_mut_distal,tot_destab_other_distal,int_destab_mut,int_destab_other,int_stab_mut,int_stab_other
7OAQ,2,rpk,cons,-569.0971165011883,-554.1961365997952,14.900979901393157,-50.683948712090405,-42.304199275530294,8.379749436560111,,339,,,484,,371;373;375;446,372,484;493,,,
7OAQ,2,rpk,free,-594.980180221565,-579.3182843457962,15.661895875768778,-49.734206696673375,-42.36086084632087,7.373345850352507,,339,,406;453,446;484,455,371;373;375,372,484;493,,,
7OAQ,2,af2,cons,-602.3121607814826,-602.5510530851087,-0.23889230362613034,-32.996053559923965,-28.142523955614656,4.853529604309308,,339;371,480;485,367;369;372;406;518,493;496,472;481;489;494,375;501,365;368;374;434;435;528,493,481;483,,482
7OAQ,2,af2,free,-664.2046952042492,-670.8343861612896,-6.629690957040339,-43.9397016933476,-42.170726088612994,1.7689756047346066,,339;371,480;481;483;485,369;406;418;518;527,446,452;455;494,496;501,374;526,493,,,470
