pdb,antibody,method,constrained,wt_total,om_total,d_total,wt_interface,om_interface,d_interface,tot_stab_mut_close,tot_stab_mut_distal,tot_stab_other_close,tot_stab_other_distal,tot_destab_mut_close,tot_destab_other_close,tot_destab_mut_distal,tot_destab_other_distal,int_destab_mut,int_destab_other,int_stab_mut,int_stab_other
7LXY,6,rpk,cons,-616.5086864156633,-588.2726519788341,28.236034436829186,-42.6139467334242,-32.57097121323973,10.04297552018447,,339,,,446;496;501,449,371;373;375,372;374,484;493,,,494
7LXY,6,rpk,free,-637.4616947205363,-620.5103886967042,16.951306023832103,-45.09606858148135,-42.30785273799348,2.788215843487869,,339,,406;451;502;508,446;501,445;449,371;373,372;374;506,484;493,,496,494
7LXY,6,af2,cons,-612.6961982222629,-616.5203363405592,-3.8241381182963323,-34.39814240935529,-31.18988353812518,3.2082588712301074,,339;371,483;485,367;369;372;406;481;518,496;501,,375,365;368;374;420;434;435;499;528,,483,,486
7LXY,6,af2,free,-658.8120946551749,-665.243528640786,-6.431433985611193,-42.7677561630411,-40.11963172776592,2.6481244352751787,,339;371,483;485;486;489,369;372;390;393;406;518;527,446,455,,332;374;381;391;435,484;493,483,496,485;486
