pdb,antibody,method,constrained,wt_total,om_total,d_total,wt_interface,om_interface,d_interface,tot_stab_mut_close,tot_stab_mut_distal,tot_stab_other_close,tot_stab_other_distal,tot_destab_mut_close,tot_destab_other_close,tot_destab_mut_distal,tot_destab_other_distal,int_destab_mut,int_destab_other,int_stab_mut,int_stab_other
7ORA,2,rpk,cons,-541.2267503117214,-526.4838974833784,14.742852828342961,-58.68423914645001,-58.613058213877466,0.07118093257254543,,339;408,,,,,371;373;375;376;405;484;501,372;455,,,,
7ORA,2,rpk,free,-564.2984733295748,-555.7953475584661,8.503125771108671,-57.97105085415845,-58.34087991874803,-0.369829064589581,,339;408;505,,366;508,,,371;373;405;484,372;455;490,,,,
7ORA,2,af2,cons,-617.9339053887031,-546.6248449250593,71.30906046364385,-45.41597254323825,-40.48039617171956,4.935576371518685,,339,,383;443;481;483;485;490;499;502,,457;467;469;492,405;452;477;501,351;365;442;446;448;451;453;454;456;474;475;479;480;487;488;491;494;495;497;506,,354;357;462,,468
7ORA,2,af2,free,-662.6201398650021,-629.8881357733092,32.73200409169294,-47.64100619032022,-47.760694741394005,-0.11968855107378573,,339,,320;338;369;372;390;407;421;436;443;481;483;485;490;499;500;502;518,,358;424;469;492,405;501,326;389;391;420;442;445;446;447;448;451;453;456;487;488;491;495;497;506;528,,354;360;464;466;519,,465;468;516
