pdb,antibody,method,constrained,wt_total,om_total,d_total,wt_interface,om_interface,d_interface,tot_stab_mut_close,tot_stab_mut_distal,tot_stab_other_close,tot_stab_other_distal,tot_destab_mut_close,tot_destab_other_close,tot_destab_mut_distal,tot_destab_other_distal,int_destab_mut,int_destab_other,int_stab_mut,int_stab_other
7N5H,2,rpk,cons,-505.26908156330757,-484.5527783651378,20.716303198169783,-47.37619664215145,-43.043896098748235,4.332300543403214,,339,,,371,372,373;484;493;501,455,408,,,
7N5H,2,rpk,free,-564.5484263294159,-545.5258316420259,19.022594687389983,-54.781192132596516,-48.528033553879766,6.25315857871675,,339,502,,371;373,370,375;484;493;501,365;421;455;506,408;505,370,,368;369
7N5H,2,af2,cons,-612.7450685466771,-529.4679294711748,83.2771390755023,-39.28332398561487,-27.806909670154525,11.476414315460346,,339,502,443;483;490;496;508;518,371;373;405,370;372,493;501,346;351;365;391;442;446;449;451;453;454;455;456;457;469;471;473;475;479;487;491;492;494;495;497;506;520;538;541,408,369;427,,377
7N5H,2,af2,free,-660.2070756610246,-604.9852860316678,55.22178962935686,-40.13698053334525,-51.80112081740686,-11.66414028406161,,339;478,384;412,338;367;390;399;437;443;458;474;483;490;499;500;502;518;527,371;405,370;377;387;425,375;493;501,342;351;365;391;403;433;442;445;446;447;448;449;451;453;454;457;465;469;480;491;492;495;497;506;519;520;528,,370;385,,380;381;384;420;427
