pdb,antibody,method,constrained,wt_total,om_total,d_total,wt_interface,om_interface,d_interface,tot_stab_mut_close,tot_stab_mut_distal,tot_stab_other_close,tot_stab_other_distal,tot_destab_mut_close,tot_destab_other_close,tot_destab_mut_distal,tot_destab_other_distal,int_destab_mut,int_destab_other,int_stab_mut,int_stab_other
7B27,1,rpk,cons,-446.3362582263809,-405.92241694867005,40.413841277710844,-44.791114743516495,-46.26060294019178,-1.469488196675286,,417,,,440;478,,371;373;498,330;372;395;409;423;448,,,,441
7B27,1,rpk,free,-522.6108195347551,-484.14545335899163,38.465366175763506,-66.28400141495969,-67.50777338141961,-1.2237719664599211,,417;486;501,,326;379;404;424;526,477;478,,371;373;375,330;372;398;423;448;468;499;514,,391,,
7B27,1,af2,cons,-624.5189129874005,-516.8932185997044,107.62569438769617,-59.98001228009235,-28.93492914004523,31.045083140047122,,339,450;485;502,421;443;500,452;498,351;403;445;446;448;449;451;453;454;455;456;457;468;469;474;475;490;491;492;494;495;497,405;477,365;442;467;479;480;487;488;506;538,484,346;449;450;468;470;481;483;490;492;494;499,498;501,495
7B27,1,af2,free,-674.7519427776847,-611.6412879415377,63.11065483614698,-78.82248374026696,-32.478628016435785,46.343855723831176,,339,485;502,338;358;367;369;390;421;436;443;500;508;527,452,352;444;445;446;449;451;456;468;470;474;475;487;489;492;493;494;495;497,405,326;420;442;491;506;528,452;484,351;444;445;449;450;468;470;481;483;489;490;492;493;494,498;501,346;453;473;495
