pdb,antibody,method,constrained,wt_total,om_total,d_total,wt_interface,om_interface,d_interface,tot_stab_mut_close,tot_stab_mut_distal,tot_stab_other_close,tot_stab_other_distal,tot_destab_mut_close,tot_destab_other_close,tot_destab_mut_distal,tot_destab_other_distal,int_destab_mut,int_destab_other,int_stab_mut,int_stab_other
7LXZ,3,af2,cons,-824.3602468560541,-782.1588723917041,42.20137446435001,-13.244364105098978,3.8104113516907345,17.054775456789713,,,20;138,21;41;75;76;78;79;111;153;228,19,17;140;244;245;249;250;251;252;253;254;255;256;257;258,24;25;26,160;197;259,,17;144;246;247;250;253;254;255;256,,249
7LXZ,3,af2,free,-896.9376482245967,-869.5585568922917,27.37909133230505,-19.027770806326778,-37.56104515105271,-18.533274344725932,,142,16;18;242,71;80;95;97;111;153;158;186;222;228;272,19,17;140;144;245;246;252;253;258,24;25,23;32;77;115;170;179;214;221;226;259;266;271,,17;144;246;247;248,,16;158;249;250;251;252;253;254;256
