pdb,antibody,method,constrained,wt_total,om_total,d_total,wt_interface,om_interface,d_interface,tot_stab_mut_close,tot_stab_mut_distal,tot_stab_other_close,tot_stab_other_distal,tot_destab_mut_close,tot_destab_other_close,tot_destab_mut_distal,tot_destab_other_distal,int_destab_mut,int_destab_other,int_stab_mut,int_stab_other
7E88,1,rpk,cons,-442.31073605963996,-422.5080598442516,19.802676215388374,-49.8459032835283,-47.50810368340566,2.3377996001226435,,339,,,501,,371;373;446;484,,505,,,
7E88,1,rpk,free,-484.6832260082359,-473.0964994050218,11.586726603214117,-59.822342866011354,-55.355590539900774,4.46675232611058,,339,,,417;498,,371;375;446,,417;505,,501,502
7E88,1,af2,cons,-616.5732795138451,-615.7325382799346,0.8407412339105349,-40.91945768780199,-45.352133548960246,-4.432675861158259,,339;371;484,403,367;369;372;472;483;485;518,496;501,494,375;446,365;368;389;434;435;499,478;505,486,501,403;473;487
7E88,1,af2,free,-659.5314753338777,-666.8694133789747,-7.337938045097076,-58.556638683576764,-53.73330382063533,4.8233348629414365,,339;371,403;460;485;488,338;372;390;406;425;451;472;518,417;446,453;489,,332;356;370;374;389;391;435;471,417;478;505,486,477;501,403;473
