pdb,antibody,method,constrained,wt_total,om_total,d_total,wt_interface,om_interface,d_interface,tot_stab_mut_close,tot_stab_mut_distal,tot_stab_other_close,tot_stab_other_distal,tot_destab_mut_close,tot_destab_other_close,tot_destab_mut_distal,tot_destab_other_distal,int_destab_mut,int_destab_other,int_stab_mut,int_stab_other
7LXY,1,rpk,cons,-614.9853476164682,-593.8860618136771,21.099285802791087,-44.67892834560621,-35.34279963994237,9.336128705663839,,339;408,,,498,446,371;373;375;405,372,484;493,,,
7LXY,1,rpk,free,-631.687799017345,-619.7160809376862,11.971718079658785,-45.01684635359453,-39.90271843271157,5.114127920882957,,339;408,453,502;508,484;498;501,446,371;373;405,372;374;506,484;493,,,494
7LXY,1,af2,cons,-614.4199542966348,-509.7792969613198,104.64065733531504,-33.783376264866924,-19.549513223837437,14.233863041029487,,339,485;490;500;502,481;518,493;501,403;446;448;449;453;456;473;475;487;491;492;494;495;497,371;373;405,346;351;365;372;451;454;457;461;471;479;506;520;522;538;541,,449;483;489;490,498;501,
7LXY,1,af2,free,-658.100333811746,-610.2323014201204,47.86803239162566,-39.779988270809866,-40.211452800762785,-0.43146452995291895,,339;478,483;486;488;490;499;500;502,354;356;367;390;407;436;474;508;518;527,493;501,403;446;448;449;453;456;491;492;495;497,405,355;365;374;381;391;442;451;457;465;479;480;506;517;519;520,484;493,449;456;483;490,498;501,450;485;486;487;488;495;499
