pdb,antibody,method,constrained,wt_total,om_total,d_total,wt_interface,om_interface,d_interface,tot_stab_mut_close,tot_stab_mut_distal,tot_stab_other_close,tot_stab_other_distal,tot_destab_mut_close,tot_destab_other_close,tot_destab_mut_distal,tot_destab_other_distal,int_destab_mut,int_destab_other,int_stab_mut,int_stab_other
7KKL,1,rpk,cons,-712.4458428015109,-694.2288930063507,18.21694979516019,-53.25810667124741,-41.03637402011673,12.22173265113068,,339;408,,,405;484;498,492;495,371;373;375,372,417;486;498;505,,501,490
7KKL,1,rpk,free,-722.3702989173219,-708.7618490047957,13.608449912526112,-49.06738914555016,-44.98049312079215,4.086896024758012,,339,403,,452;498,,371;373;375;405,372,417;498;505,,501,470;490
7KKL,1,af2,cons,-609.4839013182111,-515.7611747899932,93.72272652821789,-37.41900409161862,-14.508472639359075,22.91053145225954,,339,421;483;500,383;481;485,405;452;498;501,406;446;447;448;449;450;451;453;456;475;489;491;492;494;495;497;503;506,477,352;365;442;454;457;467;469;474;479;487;488,417;498;505,449;483;489;490;493;499;502,,495;500;506
7KKL,1,af2,free,-657.598802504913,-624.9989217320501,32.59988077286289,-49.51661671016427,-33.1903868854246,16.32622982473967,,339,455;483;485;500;502,320;346;358;367;369;372;390;407;436;472;481,405;452,446;448;449;456;489;491;492;495;497;506,,377;420;442;451;461;466;471;480;526,417;484;486;505,446;449;483;489;490;493,501,455;495;502;503
