pdb,antibody,method,constrained,wt_total,om_total,d_total,wt_interface,om_interface,d_interface,tot_stab_mut_close,tot_stab_mut_distal,tot_stab_other_close,tot_stab_other_distal,tot_destab_mut_close,tot_destab_other_close,tot_destab_mut_distal,tot_destab_other_distal,int_destab_mut,int_destab_other,int_stab_mut,int_stab_other
6YZ7,2,rpk,cons,-509.5989862626687,-497.94026517746465,11.658721085204036,-60.69355217701327,-57.76982312213698,2.92372905487629,,339,,,371;376,372,405;484;501,,376,,,
6YZ7,2,rpk,free,-546.2392927875866,-545.7011330303574,0.5381597572292094,-67.75732773712724,-69.47095452926459,-1.7136267921373474,,339;505,378;434,508,,372,484,480,376,,,378;428
6YZ7,2,af2,cons,-596.1367885021043,-504.4795466083676,91.65724189373668,-53.31978270080893,-52.694563688282415,0.6252190125265145,,339,377;378;392;517;518,443;483;490;496;502,371;373,370;372;519,405;493;501,351;365;442;446;449;451;453;454;455;456;457;459;461;467;469;471;473;474;475;479;487;491;492;494;495;497;506;520;541,,321;519,,322;369;377;378
6YZ7,2,af2,free,-656.6360683817819,-618.7675958449361,37.86847253684584,-76.71457881716292,-67.05634422448401,9.658234592678909,,339;478,378;380;383;392;430;517;518,320;326;367;436;483;490;500;502;527,,321;374;386;434;519,405;452,420;435;442;445;446;448;449;451;457;467;488;491;492;495;497;506;520,375;408,321;369;385,,383;390;430;518
