pdb,antibody,method,constrained,wt_total,om_total,d_total,wt_interface,om_interface,d_interface,tot_stab_mut_close,tot_stab_mut_distal,tot_stab_other_close,tot_stab_other_distal,tot_destab_mut_close,tot_destab_other_close,tot_destab_mut_distal,tot_destab_other_distal,int_destab_mut,int_destab_other,int_stab_mut,int_stab_other
7LY2,1,af2,cons,-796.3028568771222,-752.7599861727015,43.54287070442069,-25.108953130599065,-12.701861765009927,12.407091365589139,,,16;21;255,97;111;215;228;229;237;242,19,18;140;144;148;158;244;245;246;247;249;250;251;252;254;256;257;258,24;25;26,23;80;259;260,19,147;148;246;251;252;256;257,,16;17;155;248;250;255
7LY2,1,af2,free,-887.6077087501416,-879.1762338116964,8.431474938445149,-41.572850355016755,-23.311570547275387,18.261279807741367,,,16;145;150;153;154;158;248;252,68;69;70;79;81;84;95;151;180;184;222;228;229;242,19,18;73;77;147;148;149;245;249;250;254;256,25;26,23;64;78;98;115;159;181;183;202;221;244;261;262,19,20;73;146;147;148;246;248,,16;17;252;254
