pdb,antibody,method,constrained,wt_total,om_total,d_total,wt_interface,om_interface,d_interface,tot_stab_mut_close,tot_stab_mut_distal,tot_stab_other_close,tot_stab_other_distal,tot_destab_mut_close,tot_destab_other_close,tot_destab_mut_distal,tot_destab_other_distal,int_destab_mut,int_destab_other,int_stab_mut,int_stab_other
7MZF,1,rpk,cons,-544.8438413310789,-529.9061966075678,14.937644723511085,-63.24275409478989,-52.712948591621085,10.529805503168802,,339,453,,417;501,,371;373;375;446,,417;498;505,,,
7MZF,1,rpk,free,-575.4508079840602,-567.2249332652922,8.225874718768068,-67.72971276605492,-66.39165590194318,1.338056864111735,,339,,367;434;452,417;501,447;449,371;375;446,366;370;388,417;478;498;505,,493,403;453;456
7MZF,1,af2,cons,-610.470398890784,-615.4229398674652,-4.952540976681121,-43.82942452874278,-45.418265051800525,-1.5888405230577476,,339;371;484,473;474;500,367;369;372;451;472;483;485;518,496;501,486,375;446,365;368;374;434;435;452,417;505,487;489,493,453;473;474;500
7MZF,1,af2,free,-661.2477281701497,-671.5192967831018,-10.271568612952137,-67.91720690045878,-59.14529455339035,8.77191234706843,,339,403;406;418,358;367;369;372;451;480;483;518;528,,458;486,446,365;374;471;526,417;505,405;455;500,478;493,421;457
