pdb,antibody,method,constrained,wt_total,om_total,d_total,wt_interface,om_interface,d_interface,tot_stab_mut_close,tot_stab_mut_distal,tot_stab_other_close,tot_stab_other_distal,tot_destab_mut_close,tot_destab_other_close,tot_destab_mut_distal,tot_destab_other_distal,int_destab_mut,int_destab_other,int_stab_mut,int_stab_other
7N0H,2,rpk,cons,-507.79412838149096,-484.87723792275915,22.916890458731814,-49.53132689220183,-49.46444090399524,0.06688598820659308,,339,,,446;484,,371;373;375,,484;505,,498,
7N0H,2,rpk,free,-581.7824189612228,-579.2171591853843,2.5652597758385127,-59.42020132020435,-49.85520883795974,9.564992482244612,,,494,340;341;356;367;372;436;497,446;484,447,371;375,343;364;365;366,484;505,449;483,498,
7N0H,2,af2,cons,-598.4433350327075,-608.2904186303756,-9.847083597668075,-45.0986628596047,-38.803101417191115,6.295561442413586,,339;371,406;481;483;485,367;369;372;518,501,448;455;489;494,375,365;368;374;420;434;435;528,493,470;483,498,
7N0H,2,af2,free,-668.4025740148577,-665.0337265730452,3.368847441812477,-43.45486929555476,-54.48371698920449,-11.02884769364973,,339;371,406;483;485,369;372;393;421;425;518,446;505,489,,332;374;420;435;526,505,449,,405;453;455;482;483;490
