pdb,antibody,method,constrained,wt_total,om_total,d_total,wt_interface,om_interface,d_interface,tot_stab_mut_close,tot_stab_mut_distal,tot_stab_other_close,tot_stab_other_distal,tot_destab_mut_close,tot_destab_other_close,tot_destab_mut_distal,tot_destab_other_distal,int_destab_mut,int_destab_other,int_stab_mut,int_stab_other
7K8V,1,rpk,cons,-486.18167577659335,-450.924280761979,35.25739501461436,-25.18521726395635,-24.124822340224547,1.0603949237318027,,339;373,351;471,,452;498,449;470;492,371;373;375;405,372;455;414,452,,498,
7K8V,1,rpk,free,-859.8740868953639,-827.0612720956285,32.812814799735406,-59.20368283633998,-53.07403429347881,6.129648542861169,,505;339;486,471;489;491,361;366;392;407;453;473;338;353;367;427;475,405;408;452;484,344;442;448;449;450;470;492,371;375,336;372;435;437;461;520;358;369;395;410;425;428;429;432,484;408,346;351,498,489
7K8V,1,af2,cons,-1211.4856052072887,-1034.5206620875479,176.96494311974084,-23.842215838177705,-20.92662650463032,2.915589333547384,,339,441;449;483;496;490,390;421;481;485;502;434;500,452;501,345;442;444;446;451;492;494;495;497;509;448,405;477,365;403;454;455;456;457;465;469;474;475;479;487;488;489;491;506;538;372;385;389;453;467;480,498,444;446;490,,441;445;493;494
7K8V,1,af2,free,-1316.6351072498214,-1238.2146812403396,78.42042600948184,-45.08744612898736,-36.57789575030468,8.509550378682682,,339;477,443;490;502;499,338;358;367;369;390;406;421;423;427;436;472;483;485;500;429;473,405;452;501,346;351;442;446;448;449;451;492;495;497;445;447;503,375;417;486,368;420;424;430;456;465;475;479;480;487;489;491;506;326;377;383;385;453;466;526,405,346;349;351;444;450;451,452;501,445;446;495;499
