pdb,antibody,method,constrained,wt_total,om_total,d_total,wt_interface,om_interface,d_interface,tot_stab_mut_close,tot_stab_mut_distal,tot_stab_other_close,tot_stab_other_distal,tot_destab_mut_close,tot_destab_other_close,tot_destab_mut_distal,tot_destab_other_distal,int_destab_mut,int_destab_other,int_stab_mut,int_stab_other
7M6E,1,rpk,cons,-502.7542448265448,-473.8447436729476,28.909501153597205,-45.598114506154936,-46.936680804697836,-1.3385662985429008,,,,,371;373,372,376;452,378,373,,440,
7M6E,1,rpk,free,-583.4007326747687,-557.2904300330792,26.110302641689486,-53.576551786016175,-55.36242900960273,-1.785877223586553,,408,,351;380,371;373;375,367;372;442,405;452;484,365;369;401;490,,367,371;440,342
7M6E,1,af2,cons,-611.8091856703468,-488.74904465709807,123.06014101324871,-48.0989758730843,-23.894014301798833,24.204961571285466,,,500,481;483;485;490;502,371,370;374;437;442;444;445;446;448;449,405;477;501,365;451;453;454;455;456;457;465;467;469;474;475;479;480;487;488;491;492;493;494;495;497;506;538,371;373,367;374;444;445,440,
7M6E,1,af2,free,-662.3146850130149,-605.0715041396561,57.243180873358824,-57.614357932009455,-46.68001740824016,10.934340523769293,,478,343;499;500,390;483;490;502;508,,338;342;434;444;445;446;447;449;513,405;501,351;358;365;391;392;403;453;456;467;479;487;491;492;493;495;497;506;528,,346;368;374;437;444;445;450,339;371,342;446
