pdb,antibody,method,constrained,wt_total,om_total,d_total,wt_interface,om_interface,d_interface,tot_stab_mut_close,tot_stab_mut_distal,tot_stab_other_close,tot_stab_other_distal,tot_destab_mut_close,tot_destab_other_close,tot_destab_mut_distal,tot_destab_other_distal,int_destab_mut,int_destab_other,int_stab_mut,int_stab_other
7K8T,3,rpk,cons,-377.4156039223486,-354.06259326080345,23.35301066154517,-53.14336560786607,-45.7883818182522,7.3549837896138754,,339;408,492,500,452;484;493;501,,371;373;375;405;477,372,417;484,,493,
7K8T,3,rpk,free,-459.7297827238694,-453.0144350489591,6.7153476749102765,-58.90344689113583,-63.544347135054466,-4.640900243918637,,339;408;478,470;472;485;500,367;402;454;510,417;484;493;501,490;492,371;373;375;477,372;474,417;484,,493,453;470;472;483
7K8T,3,af2,cons,-615.0362030805854,-517.3547642759006,97.68143880468483,-30.02561190404186,-22.39809689175572,7.627515012286139,,339,483;496;502,383;443;500;518,417;452;484;493;501,351;403;446;448;449;451;455;456;470;471;473;487;488;491;492;494;495;497,371;373;405,346;365;372;420;454;457;461;465;469;474;479;506;520;541,417;484,449;470;486;490,493;498,495
7K8T,3,af2,free,-659.08864611035,-606.0538939242831,53.03475218606695,-48.03200231808226,-41.16541706763354,6.866585250448722,,339,481;483;502,367;369;389;390;407;436;466;500;518;527,417;452;493,446;447;448;449;451;454;456;471;487;488;489;492;495;503,405,374;391;457;469;479;480;491;506;519;520;528,417;452,449;470;481;487;489;490,484;493;498;501,485;495
