pdb,antibody,method,constrained,wt_total,om_total,d_total,wt_interface,om_interface,d_interface,tot_stab_mut_close,tot_stab_mut_distal,tot_stab_other_close,tot_stab_other_distal,tot_destab_mut_close,tot_destab_other_close,tot_destab_mut_distal,tot_destab_other_distal,int_destab_mut,int_destab_other,int_stab_mut,int_stab_other
7DK5,1,rpk,cons,-492.7840211130656,-452.7164732200085,40.06754789305711,-61.78298346189918,-58.23658301150513,3.546400450394046,,408,,,405;493;498,455;502,371;373;375,372;436;437,493;505,,501,
7DK5,1,rpk,free,-529.4098011090806,-530.9507343229938,-1.5409332139131493,-72.65162459257371,-72.99802393371995,-0.34639934114623827,,339;408,454;455;492,372;374;380;424;508,,473;489,371;375,437,484;493,488,501;505,483
7DK5,1,af2,cons,-583.3215192554409,-490.70839520254276,92.61312405289812,-33.42378858704747,-38.90885009498583,-5.485061507938362,,339,481;482;483;485;486;490;502,518,405;493;501;505,420;454;455;456;457;473;474;475;476;487;488;489;491;492;494;495;497;503;506,371;373,346;351;365;372;387;389;451;459;461;465;467;469;479;520;522;538;541,493;505,476;483;488;489;490;495;499,417;498,403;446;473;474;475;486;497
7DK5,1,af2,free,-659.4135272316505,-623.8577458489199,35.55578138273063,-64.85944022946283,-72.12175832556966,-7.262318096106824,,478,421;450;476;481;483;486;490;500;502;503,320;363;367;369;390;407;443;518,405;452;493;505,446;447;448;449;456;457;487;489;491;492;494;495;497,,374;391;406;442;451;465;506;517;519;520,493;505,444;449;483;489;490;494,498;501,453;476;485;486;503
