pdb,antibody,method,constrained,wt_total,om_total,d_total,wt_interface,om_interface,d_interface,tot_stab_mut_close,tot_stab_mut_distal,tot_stab_other_close,tot_stab_other_distal,tot_destab_mut_close,tot_destab_other_close,tot_destab_mut_distal,tot_destab_other_distal,int_destab_mut,int_destab_other,int_stab_mut,int_stab_other
7A25,1,rpk,cons,-417.7843330886502,-401.6734576167963,16.110875471853888,-36.15299485482904,-36.847087988008674,-0.694093133179635,,339;505,,367,484,,371;373;375,,,,498,
7A25,1,rpk,free,-494.1405401027513,-496.4615784730107,-2.32103837025943,-46.041165507769534,-37.09407202157351,8.947093486196025,,339;408,469;471;496,365;372;374;409,452;484,346;449,371,364;414;455;488,452;484,346;449;450,,490;500
7A25,1,af2,cons,-604.8896723054668,-524.1064783402145,80.78319396525228,-42.3796049445915,-28.85129303461718,13.52831190997432,,339,443;483;490;499;502,383;508;515;518,,351;442;446;448;449;451;453;454;468;491;492;494;495;497,371;373;405,365;372;455;456;457;461;471;473;475;479;487;506;517;520;522;541,,346;444;446;449;470;490;500,501,495;497
7A25,1,af2,free,-659.7416941685808,-620.4877714666659,39.25392270191492,-47.17516033969959,-40.24443698651963,6.930723353179957,,339;477;478,443;483;490;499;502,320;367;369;390;407;436;474;500;508;518;528,452;484,442;446;448;449;450;451;470;491;492;495;497;509,405,374;391;403;406;438;455;457;467;469;479;506;519;520;526,452;484,346;441;444;449;450;470;490,498;501,445;446;494;497;499;503
