pdb,antibody,method,constrained,wt_total,om_total,d_total,wt_interface,om_interface,d_interface,tot_stab_mut_close,tot_stab_mut_distal,tot_stab_other_close,tot_stab_other_distal,tot_destab_mut_close,tot_destab_other_close,tot_destab_mut_distal,tot_destab_other_distal,int_destab_mut,int_destab_other,int_stab_mut,int_stab_other
7CYP,3,rpk,cons,-106.92000240407555,-102.78639693160595,4.133605472469597,-11.887611317113084,-9.14756730368861,2.7400440134244732,,339,,,375;440,,373,,440,,,
7CYP,3,rpk,free,-210.64021837358686,-223.96903098435405,-13.328812610767187,-24.055301821599762,-21.524333532569116,2.530968289030646,,339;373;417,441,394;400;410;435;436;450,375,401,,336;370;409;427,440,,,443
7CYP,3,af2,cons,-607.2710149383531,-602.4294022076906,4.8416127306625185,-21.813943371936077,-17.68831654327488,4.125626828661197,,339;371,,367;369;372;406;483;485;518,375;446;496;498;501,494,,365;368;374;420;434;435;455,498;505,,,
7CYP,3,af2,free,-655.4708781393542,-658.2091762480262,-2.7382981086719838,-28.332970163320667,-41.5535437202094,-13.22057355688873,,339;371;484,,358;406;451;483;485;518,496,497,,374;430;434;435;526,,,501,494;499;502
