pdb,antibody,method,constrained,wt_total,om_total,d_total,wt_interface,om_interface,d_interface,tot_stab_mut_close,tot_stab_mut_distal,tot_stab_other_close,tot_stab_other_distal,tot_destab_mut_close,tot_destab_other_close,tot_destab_mut_distal,tot_destab_other_distal,int_destab_mut,int_destab_other,int_stab_mut,int_stab_other
7CZS,1,rpk,cons,-445.5209974422727,-418.9806037317293,26.540393710543412,-38.29160881983436,-30.595663446350336,7.695945373484022,,,,,498;501;505,,371;373;375,372;472,505,,,
7CZS,1,rpk,free,-518.9652675746072,-507.6374012548464,11.327866319760801,-58.551670301870814,-45.610228287272264,12.94144201459855,,339,488;496,380;491,405;484,446;455;490;495;503,371;375;452,370;433,486;498,403;449;500;503,501,421;496
7CZS,1,af2,cons,-607.3993480775773,-517.7856787596512,89.61366931792611,-33.910653302946635,-26.63432883793537,7.276324465011264,,339,481;500;502,483;485,405;477;478;505,453;454;457;473;474;475;479;480;487;488;494;495;503;504;506,452,365;442;448;451;467;469;491;492;497,486;505,475;489;503,477,474
7CZS,1,af2,free,-661.978887323012,-611.0463106899035,50.93257663310851,-67.82305542843572,-14.950651092983868,52.872404335451854,,339,483;485;490;496;500,320;347;360;367;369;372;389;390;436;517;527,405;486;501,406;420;446;453;456;460;487;493;495;497;503,375,353;365;368;442;445;448;451;466;467;491;492;506;508;518;528;540,486;501;505,403;406;409;415;421;455;456;460;473;489;493,477;478,
