pdb,antibody,method,constrained,wt_total,om_total,d_total,wt_interface,om_interface,d_interface,tot_stab_mut_close,tot_stab_mut_distal,tot_stab_other_close,tot_stab_other_distal,tot_destab_mut_close,tot_destab_other_close,tot_destab_mut_distal,tot_destab_other_distal,int_destab_mut,int_destab_other,int_stab_mut,int_stab_other
7R8N,3,rpk,cons,-291.47486198095777,-273.94684697138837,17.5280150095694,-27.733199165872986,-31.560310960831124,-3.827111794958139,,339,452,500;506,,453,371;373;375;501,367;372;502,,,484;493,456
7R8N,3,rpk,free,-437.15344596534766,-421.09921482878735,16.054231136560304,-33.98215224144387,-40.05109494945987,-6.068942708016003,,339;478,453;492,340;351;380;437;454;460;466;503;517,493;501,452;455;487;491;502,371;375;477,372;379;442;465;509;515,498;505,455,484;493,456
7R8N,3,af2,cons,-595.4278452462598,-604.9788784310906,-9.551033184830771,-33.108497668153845,-35.19080754819842,-2.0823098800445763,,339;371,449;472;481;483;485,367;369;372;406;518,446,455,375,365;368;374;420;434;435;528,,483;485,493;501,449;489
7R8N,3,af2,free,-658.5884146620702,-655.6846777419272,2.9037369201430465,-60.91689627749958,-49.9253451968169,10.991551080682683,,339;375,483;485,372;390;406;518,446;501,449;452;455;489,,356;374;379;435;448;519;528,484,444;483;487;489,493,485
