pdb,antibody,method,constrained,wt_total,om_total,d_total,wt_interface,om_interface,d_interface,tot_stab_mut_close,tot_stab_mut_distal,tot_stab_other_close,tot_stab_other_distal,tot_destab_mut_close,tot_destab_other_close,tot_destab_mut_distal,tot_destab_other_distal,int_destab_mut,int_destab_other,int_stab_mut,int_stab_other
7NDD,3,af2,cons,-823.5397321593155,-799.3301756351699,24.20955652414557,-0.9179779899504799,-5.081878482482259,-4.163900492531779,,67;95,,18;19;21;22;75;76;77;97;111;124;138;213;nan;215;216;260,142;145,149;151;152,143;144;212,17;20;23;102;140;146;153;179;210;245;246;249;254;255;256;257;259,,,,150
7NDD,3,af2,free,-902.7088179626428,-876.5950243639802,26.113793598662596,-3.0432384945201525,-7.443762494416718,-4.400523999896565,,67;95,,18;38;54;76;77;81;111;121;154;182;186;213;nan;215;216;222;248,142,146;151;153;161;253,69;70;143;144;212,20;71;80;97;100;140;141;152;179;180;183;187;221;245;246;249;255;259;262;263;266;269,,161,,150;154;158
