pdb,antibody,method,constrained,wt_total,om_total,d_total,wt_interface,om_interface,d_interface,tot_stab_mut_close,tot_stab_mut_distal,tot_stab_other_close,tot_stab_other_distal,tot_destab_mut_close,tot_destab_other_close,tot_destab_mut_distal,tot_destab_other_distal,int_destab_mut,int_destab_other,int_stab_mut,int_stab_other
7CAI,1,rpk,cons,-331.24477357848264,-236.34564421189384,94.8991293665888,-32.719712501776485,-35.37660006608118,-2.6568875643046965,,339;496,,,371;373;375,372;374,493,490,373,,375,
7CAI,1,rpk,free,-472.9269321413766,-367.8368476488078,105.09008449256879,-46.808286713426284,-48.034562297804534,-1.22627558437825,,417;496,370;414;436,364;365;366,371;373;375,372;374,484;493;501,387;434;452;471;490,,368;369;378;503,373;375,414
7CAI,1,af2,cons,-587.740029290767,-566.9925915440822,20.747437746684795,-27.29763658810197,-24.48767046617338,2.809966121928589,,339,367;436,406;483;485;518,371;375,368;370;374;376,501,365;420;452;528,,370;378,373,
7CAI,1,af2,free,-657.4274043873438,-645.8527263143353,11.5746780730085,-38.80256286922104,-42.488402054296415,-3.6858391850753733,,339,369;380;406;508,358;481;483;518,375,370;374;384;405;408;414;506,446,365;366;389,375,372;378;408;414,373,369;374;377;379;437;503;508
