pdb,antibody,method,constrained,wt_total,om_total,d_total,wt_interface,om_interface,d_interface,tot_stab_mut_close,tot_stab_mut_distal,tot_stab_other_close,tot_stab_other_distal,tot_destab_mut_close,tot_destab_other_close,tot_destab_mut_distal,tot_destab_other_distal,int_destab_mut,int_destab_other,int_stab_mut,int_stab_other
7NX7,2,rpk,cons,-546.8543532050446,-539.1341684904573,7.720184714587276,-47.994726941979735,-39.01297303215248,8.981753909827255,,339,,,405;417;505,500,371;375,,417;486;505,,501,
7NX7,2,rpk,free,-564.7909799224958,-565.2198943387295,-0.42891441623373794,-55.21578367935047,-45.426294717164446,9.789488962186027,,339;373,458,471;472,405,500,375,,417;486;505,457;503,501,460;487
7NX7,2,af2,cons,-613.6270726363439,-500.19981819738507,113.42725443895881,-39.6963044519975,-7.733103405050117,31.963201046947383,,339,499;500;502,383;483;485;490,405;477;478;501;505,453;454;455;456;457;473;474;475;476;479;480;487;494;495;497;503;506,452,365;442;446;448;451;467;469;491;492,486;505,455;457;474;475;476,,487;504
7NX7,2,af2,free,-656.2282799253803,-616.827877982585,39.40040194279527,-65.33664648739945,-27.581837042845383,37.75480944455407,,339,403;409;455;483;485;500;502,320;338;347;354;358;367;369;372;374;390;422;436;472;490;508,405;486;501;505,421;446;453;456;457;475;487;495;497;506,375,326;351;368;386;391;404;425;442;445;448;451;466;467;480;491;492,405;486;501;505,403;455;456;473;475;487;489;493;502,478,415;503
