pdb,antibody,method,constrained,wt_total,om_total,d_total,wt_interface,om_interface,d_interface,tot_stab_mut_close,tot_stab_mut_distal,tot_stab_other_close,tot_stab_other_distal,tot_destab_mut_close,tot_destab_other_close,tot_destab_mut_distal,tot_destab_other_distal,int_destab_mut,int_destab_other,int_stab_mut,int_stab_other
7M7B,1,rpk,cons,-550.1156621141002,-535.748119341469,14.367542772631282,-41.255600447929474,-42.78718440453015,-1.5315839566006773,,339,,,371;373;375,372,484;501,455,,,,378
7M7B,1,rpk,free,-570.6614806386599,-558.3462883789692,12.315192259690662,-41.21035501507549,-42.21296428947676,-1.0026092744012658,,339,,,371;373;375,372,501,449,371,,,414
7M7B,1,af2,cons,-618.8791158189299,-540.5161795537076,78.36293626522229,-35.913035528918066,-24.407020534454702,11.506014994463364,,339,,481;483;485;490;500;502,371;405,369;370;372;374;414,477;501,365;434;442;445;446;448;449;451;453;455;456;457;467;469;474;475;479;480;487;488;491;492;493;494;495;497;506,371,370;372;374;385,,414
7M7B,1,af2,free,-665.5219505979616,-629.8862628068337,35.63568779112791,-45.210979820510765,-31.00117484562149,14.209804974889273,,339;478,369;407,390;443;483;490;499;500;502,371;405,370,501,326;356;386;391;403;420;442;445;446;447;448;453;465;467;475;480;487;491;492;495;497;506,405;408,369;370;372;377,373,
