pdb,antibody,method,constrained,wt_total,om_total,d_total,wt_interface,om_interface,d_interface,tot_stab_mut_close,tot_stab_mut_distal,tot_stab_other_close,tot_stab_other_distal,tot_destab_mut_close,tot_destab_other_close,tot_destab_mut_distal,tot_destab_other_distal,int_destab_mut,int_destab_other,int_stab_mut,int_stab_other
7LDJ,2,rpk,cons,-502.0356629464388,-477.940947803786,24.094715142652774,-74.77274260105696,-59.33755832046646,15.435184280590505,,339,,,417;493;498;501,,371;373;405,372,417;452;493;505,492,478,
7LDJ,2,rpk,free,-529.3507336254017,-515.7529392761724,13.597794349229389,-76.67023554573508,-63.06806358826738,13.602171957467704,,339,488;502,508,417;493;501;505,486;494,371;405,372,417;452;493;505,,,490
7LDJ,2,af2,cons,-626.3282733601892,-498.89165160021304,127.43662175997616,-60.30535450471989,-27.673419213319793,32.6319352914001,,339,496,383;518,452;493;498;501,351;403;446;448;449;453;455;456;487;489;491;492;494;495;503;504,371;373;405,365;372;442;451;454;457;461;469;471;473;475;479;506;520;522;541,493;505,403;446;449;483;490;492;499;502,501,455;495;497
7LDJ,2,af2,free,-669.4582232607213,-610.0506837883432,59.40753947237806,-85.56992457588977,-49.63466094192394,35.93526363396583,,376,421;450;473;476;485;496;499;503,320;367;383;443;466;508;518,493;498;505,403;445;446;448;449;451;472;490;491;492;494;495;497,371;405,342;365;377;391;442;454;457;465;506;519;520;525;528,417;493;505,403;446;449;483;489;490;492;494;500,501,487;495;499;503
