pdb,antibody,method,constrained,wt_total,om_total,d_total,wt_interface,om_interface,d_interface,tot_stab_mut_close,tot_stab_mut_distal,tot_stab_other_close,tot_stab_other_distal,tot_destab_mut_close,tot_destab_other_close,tot_destab_mut_distal,tot_destab_other_distal,int_destab_mut,int_destab_other,int_stab_mut,int_stab_other
7V89,2,rpk,cons,-416.35837052732256,-418.13957399847766,-1.781203471155095,-29.917289891477566,-30.31525173447396,-0.3979618429963949,,339;373;417;446;505,,422,484;501,,371;440;477,345;507,484,,498,
7V89,2,rpk,free,-511.41574299402413,-500.03983652660133,11.375906467422794,-41.856976533096045,-45.932639962447055,-4.07566342935101,,339,485,416;432,,401;476;494;500,417;477,344;399;412;433,484,494,498;501,447
7V89,2,af2,cons,-615.1180535529057,-613.1639542598409,1.9540992930648144,-33.87632265477698,-27.306042465484477,6.5702801892925,,339;371,485,367;369;372;483;518,417;496,449;489;494,375,365;368;374;420;434;435;528,417,449,501,
7V89,2,af2,free,-657.6646840345865,-665.1529563527167,-7.488272318130271,-53.72952601181359,-51.55308762955648,2.1764383822571105,,339;371;484,483;485;506,358;360;369;372;393;450;518;527,446,448;449;453;489;492;502;503,,374;421;435;526;528,417;446;496,449;494;503,493;501,486;506
