pdb,antibody,method,constrained,wt_total,om_total,d_total,wt_interface,om_interface,d_interface,tot_stab_mut_close,tot_stab_mut_distal,tot_stab_other_close,tot_stab_other_distal,tot_destab_mut_close,tot_destab_other_close,tot_destab_mut_distal,tot_destab_other_distal,int_destab_mut,int_destab_other,int_stab_mut,int_stab_other
7BEO,3,rpk,cons,-487.5938786555067,-470.01006251118446,17.58381614432227,-41.051829803065864,-38.66047082779233,2.3913589752735334,,339,,406,501,,371;375;405,372,493,,,
7BEO,3,rpk,free,-531.0556398211166,-515.6077446284851,15.447895192631563,-43.5054215738926,-44.3334895684052,-0.828067994512601,,339,,406,501,,371;375;405,372;374,493,,,494
7BEO,3,af2,cons,-612.748356904942,-504.6190428044042,108.12931410053784,-40.84719451956442,-4.936675421244607,35.91051909831981,,339,483;490;496;502,383;508;518,493;501,442;444;445;446;447;448;451;456;492;494;495;497;499,371;373;405,351;365;372;454;457;461;469;471;473;475;479;487;491;506;520;522;538;541,493,444;446;449;490;494,501,495
7BEO,3,af2,free,-664.7315527435806,-618.7450422856034,45.98651045797715,-50.02321845086831,-20.08787765867152,29.935340792196794,,339;478,483;490;500,367;390;407;418;422;436;473;502;508;518;527,452;493,442;444;445;446;447;451;455;492;495;497,405,356;374;377;391;403;435;471;480;487;491;506;519;520;528,440;452;493,444;445;446;449;490,501,494;495
