pdb,antibody,method,constrained,wt_total,om_total,d_total,wt_interface,om_interface,d_interface,tot_stab_mut_close,tot_stab_mut_distal,tot_stab_other_close,tot_stab_other_distal,tot_destab_mut_close,tot_destab_other_close,tot_destab_mut_distal,tot_destab_other_distal,int_destab_mut,int_destab_other,int_stab_mut,int_stab_other
7BEP,4,rpk,cons,-523.5407577617425,-511.6091554506414,11.931602311101074,-51.34967711277474,-50.85413359515307,0.4955435176216696,,408,,,,,371;373;375;501,372,,,,
7BEP,4,rpk,free,-541.8129615175421,-536.5310462874677,5.281915230074446,-54.3464415526064,-55.31905664808052,-0.9726150954741186,,408;505,,366;380,,,371;373;405;498,372;489,,,,
7BEP,4,af2,cons,-621.8390039654485,-539.4585008627552,82.3805031026933,-48.70954004373694,-45.728385225525784,2.9811548182111594,,,,383;443;483;490;496;502;508;518,371,446,373;405;501,351;365;372;448;449;451;453;454;456;457;461;469;471;473;475;479;487;491;492;494;495;497;506;520;522;538;541,,343;345,,
7BEP,4,af2,free,-667.9589372961348,-623.06194198454,44.896995311594765,-53.71810873666177,-55.36305345740897,-1.6449447207471977,,477;478,443;499,366;367;390;399;421;466;481;483;490;502;518,,442;446;447,371;405;501,365;374;377;381;391;406;448;451;454;456;457;469;479;491;492;495;497;506;517;519;520,440,345,,346;444;446
