pdb,antibody,method,constrained,wt_total,om_total,d_total,wt_interface,om_interface,d_interface,tot_stab_mut_close,tot_stab_mut_distal,tot_stab_other_close,tot_stab_other_distal,tot_destab_mut_close,tot_destab_other_close,tot_destab_mut_distal,tot_destab_other_distal,int_destab_mut,int_destab_other,int_stab_mut,int_stab_other
7CHS,1,rpk,cons,-506.318368351348,-481.3952780925474,24.923090258800585,-53.552858132142845,-43.037173037079285,10.51568509506356,,339;408,,,405;501,,371;373;375,372,417;486;505,496,,
7CHS,1,rpk,free,-523.1114244734883,-508.09954385016607,15.01188062332227,-61.11792228590139,-49.17498912345201,11.942933162449386,,339;408,489;497,367,405;484;498,454;455;495,371;375,,405;486;505,420;455;475;496,501,415
7CHS,1,af2,cons,-610.6137992634102,-514.2962965856336,96.31750267777659,-43.3314490635111,-26.289227569019307,17.042221494491795,,339,458;489;500;502,472;483;485,405;477;478;501;505,449;454;456;473;474;475;476;479;480;487;492;493;494;495;497;506,,365;442;446;448;451;467;469;491,417;486;505,455;473;474;475;476;493,498,403;457;489;503
7CHS,1,af2,free,-661.8050628340051,-616.4326324639342,45.3724303700709,-51.19342265474534,-3.4460768276613427,47.747345827084,,339,489;490;500;502,320;338;358;367;369;390;436;472;483;485;517,405;417;486;501;505,421;456;460;473;475;487;492;495;497;503,375,368;442;445;446;448;451;454;467;469;480;491;506;526,417;486;501;505,420;455;460;473;475;487;493;502,477,
