pdb,antibody,method,constrained,wt_total,om_total,d_total,wt_interface,om_interface,d_interface,tot_stab_mut_close,tot_stab_mut_distal,tot_stab_other_close,tot_stab_other_distal,tot_destab_mut_close,tot_destab_other_close,tot_destab_mut_distal,tot_destab_other_distal,int_destab_mut,int_destab_other,int_stab_mut,int_stab_other
7N9T,3,rpk,cons,-265.0985524272331,-258.23797718817957,6.860575239053503,-21.979971786799773,-22.56328291156926,-0.5833111247694873,,339;373;496,,,,,371;446;501,406,,,,
7N9T,3,rpk,free,-450.9891584581663,-472.9819225420684,-21.992764083902102,-40.22038040235664,-50.51719077663084,-10.296810374274202,,373;496;505,451,329;340;374;423;436;495;509;533,,490;492,501,347;364;422;540,,,,351;470;483
7N9T,3,af2,cons,-607.3315746595244,-609.73577151156,-2.4041968520355113,0.0,0.0,0.0,,339;371,,367;369;372;406;483;485;518,,,375;501,365;368;374;420;434;435;455;489;528,,,,
7N9T,3,af2,free,-653.4041068615873,-657.6299909656103,-4.225884104023066,0.0,0.0,0.0,,339;371;484,,369;372;406;483;516;518;528,,,446;501,374;389;424;435;444;455,,,,
