pdb,antibody,method,constrained,wt_total,om_total,d_total,wt_interface,om_interface,d_interface,tot_stab_mut_close,tot_stab_mut_distal,tot_stab_other_close,tot_stab_other_distal,tot_destab_mut_close,tot_destab_other_close,tot_destab_mut_distal,tot_destab_other_distal,int_destab_mut,int_destab_other,int_stab_mut,int_stab_other
7OLZ,1,rpk,cons,-472.9537162361803,-450.3861729716565,22.567543264523806,-49.494252835297175,-32.769706837327476,16.7245459979697,,339,,406,371;373;375,368;370;372,417;484;493,,376;408,368;369;508,371,
7OLZ,1,rpk,free,-495.0916227894852,-482.74144839873503,12.350174390750169,-52.24320241865238,-38.86758590080155,13.37561651785083,,339,406,,371;373;375,370;372,484;501,455,376;408,368;369,,503
7OLZ,1,af2,cons,-618.8359277241889,-523.5452392191456,95.29068850504325,-35.51879305241592,-24.679691071407657,10.839101981008266,,339;417,369;502,390;443;483;490;496;518,371;373;375;405,372;374;506;508,452;501,346;351;365;446;447;451;453;454;456;457;461;469;471;473;475;479;487;491;492;494;495;497;520;522;541,375;408,372;503;508,373,
7OLZ,1,af2,free,-659.8748781557741,-614.9966528784355,44.87822527733863,-45.61754895534443,-34.98714918006276,10.630399775281674,,339;478,,320;338;367;390;466;473;483;490;499;500;502;528,371;375;405,370;372;503;506,493;501,342;365;391;445;446;447;448;449;451;454;455;457;469;472;488;491;492;494;495;497;517;519;520;526,408,369;370;372;503;508,373;375,378
