pdb,antibody,method,constrained,wt_total,om_total,d_total,wt_interface,om_interface,d_interface,tot_stab_mut_close,tot_stab_mut_distal,tot_stab_other_close,tot_stab_other_distal,tot_destab_mut_close,tot_destab_other_close,tot_destab_mut_distal,tot_destab_other_distal,int_destab_mut,int_destab_other,int_stab_mut,int_stab_other
7CAH,1,rpk,cons,-203.52107111401452,-188.4780427390154,15.043028374999125,-37.36652429304055,-32.09905894728169,5.267465345758858,,339,,,371;373;375,,501,,408,377,,
7CAH,1,rpk,free,-332.9262829572599,-320.7806352693642,12.14564768789569,-57.71917947757637,-53.28587750823246,4.433301969343908,,339;452,374;377;432,336;338;358;362;392;416,371;375;405,368;372;378;434;502,,364;418;420;446;453;473;492;493,405;408,434,,377;504
7CAH,1,af2,cons,-601.2961242711593,-520.059935333009,81.23618893815035,-24.896294179316538,-28.511758226232985,-3.615464046916447,,339,369;372,481;483;485;490;500;502,371;375;405,365;368;374;414;503;506;508,452;477;501,391;442;445;446;448;451;453;454;457;467;469;474;475;479;480;487;488;491;492;494;495;497,405,385,,369;372;377
7CAH,1,af2,free,-667.1880246957812,-612.3634813911069,54.82454330467431,-55.66763804063199,-59.090766799967284,-3.4231287593352917,,339,370;372;412;437;508,347;390;430;483;490;499;500;502,371;375;405,368;377;383;384;414;503;506,501,342;351;391;392;420;425;442;445;446;448;451;453;454;465;471;487;491;492;495;497;513,405;408,370;389;414;503,373,369;374;377;385;412;508
