pdb,antibody,method,constrained,wt_total,om_total,d_total,wt_interface,om_interface,d_interface,tot_stab_mut_close,tot_stab_mut_distal,tot_stab_other_close,tot_stab_other_distal,tot_destab_mut_close,tot_destab_other_close,tot_destab_mut_distal,tot_destab_other_distal,int_destab_mut,int_destab_other,int_stab_mut,int_stab_other
7R8N,1,rpk,cons,-263.7682839393208,-251.9254976197903,11.84278631953049,-30.099332083625367,-29.81053817865118,0.2887939049741881,,339,,,452;501,490,371;375;376,372,452,,484;501,
7R8N,1,rpk,free,-424.1913274943014,-392.58683487796804,31.604492616333346,-47.278820316867595,-43.82083348051258,3.457986836355012,,339,421;453;495;497,380;431;443;506,452,447;448;454;455;456;476;489;490,371;376;405,347;364;372;374;377;379;403;432;434;438;460;466;468;509,498,449;450;492;496,501,493;494;495
7R8N,1,af2,cons,-593.0315830519377,-500.59549800957825,92.43608504235942,-27.33873520268209,-22.020044618315456,5.318690584366635,,339,449;481;483;485;496;502,383;443,452;501,448;451;453;455;456;487;491;492;493;494;495;497;499;503,405;477,351;365;442;454;457;467;469;474;479;480;506,452,444;483;489;490;494;499;502,486;498,446;449;450;475
7R8N,1,af2,free,-654.6696041722346,-615.2145377844121,39.45506638782251,-54.38077269711846,-43.22498317216404,11.155789524954422,,339,450;475;489;490;499;500;502,320;358;366;367;372;390;508,452;486,446;449;451;453;456;487;491;492;495;497,371;405,365;377;442;460;465;467;469;479;506;507;526,452;484,446;449;483;485;490;492;493,417;498;501,455;475;495;499
