pdb,antibody,method,constrained,wt_total,om_total,d_total,wt_interface,om_interface,d_interface,tot_stab_mut_close,tot_stab_mut_distal,tot_stab_other_close,tot_stab_other_distal,tot_destab_mut_close,tot_destab_other_close,tot_destab_mut_distal,tot_destab_other_distal,int_destab_mut,int_destab_other,int_stab_mut,int_stab_other
7A25,3,rpk,cons,-434.96374832460054,-412.8500185116187,22.11372981298183,-40.479192439082084,-36.57759606678869,3.9015963722933904,,339;408;505,,,484,,371;373;375;376,372,484,447,498,
7A25,3,rpk,free,-547.6148393220551,-535.1231217910731,12.491717530981987,-48.900106874232044,-45.04842205971457,3.8516848145174762,,339;408;505,,366;374,484,449;450;468,371;375;405,455,452,449;450;492,498,490
7A25,3,af2,cons,-618.589058216805,-536.8796363615647,81.7094218552403,-41.36464045123925,-32.04172406846051,9.322916382778736,,339,443;502,481;483;485,452,346;442;446;448;449;451;469;492;495;497,405;477,365;403;453;454;456;457;467;474;475;479;487;489;491;506,498,346;444;446;449;470;490;500,501,443;445;450;492;494
7A25,3,af2,free,-660.9246345136903,-623.50938370993,37.41525080376027,-39.44590979219919,-38.36076634773086,1.0851434444683292,,478,443;490;499;502,338;347;366;367;369;372;390;429;471;472;483;485;500;527,452,442;446;448;449;451;492;497,371;375;405;486,365;377;391;420;424;430;453;456;457;467;487;491;495;506,452,441;444;449;450;470;490;492,498;501,445;447;494;503
