pdb,antibody,method,constrained,wt_total,om_total,d_total,wt_interface,om_interface,d_interface,tot_stab_mut_close,tot_stab_mut_distal,tot_stab_other_close,tot_stab_other_distal,tot_destab_mut_close,tot_destab_other_close,tot_destab_mut_distal,tot_destab_other_distal,int_destab_mut,int_destab_other,int_stab_mut,int_stab_other
7V26,2,rpk,cons,-320.6684487496607,-306.76693208381437,13.901516665846316,-44.23840990433448,-53.21407495165005,-8.975665047315566,,339;408,,490,501,,371;373;375,351,,,440;498,
7V26,2,rpk,free,-455.4632436557944,-437.5212763921575,17.941967263636855,-54.21170889258467,-60.015915354454194,-5.804206461869526,,339;408;486,,356;366;379;385;394;396;419;432;435;468;508;515;516,501,442;509,371,338;342;364;367;380;387;388;416;418;420;434;436;465;526,,499,440;498;501,500
7V26,2,af2,cons,-614.0055809338705,-530.8008236276665,83.20475730620399,-41.70344622110318,-20.509612979362895,21.193833241740283,,339,346;347;439;502,481;483;485;490,501,442;444;445;446;448;449;451;503;506,405;477,365;453;454;456;457;467;469;474;475;479;487;488;491;492;493;494;495;497,,444;445;446;450;499;500,440,346;439;503;506
7V26,2,af2,free,-665.2387450110189,-616.7437122888493,48.495032722169526,-47.51870495610016,-40.570881457991185,6.947823498108974,,339;478;484,502,320;338;354;367;372;380;390;423;427;473;483;485;490,501,444;445;446;447;450;451;506,371;375;405,365;377;381;391;412;420;424;425;453;457;465;466;480;487;491;492;493;495;497;528,,444;450;499;500,,346;446;449;503
