pdb,antibody,method,constrained,wt_total,om_total,d_total,wt_interface,om_interface,d_interface,tot_stab_mut_close,tot_stab_mut_distal,tot_stab_other_close,tot_stab_other_distal,tot_destab_mut_close,tot_destab_other_close,tot_destab_mut_distal,tot_destab_other_distal,int_destab_mut,int_destab_other,int_stab_mut,int_stab_other
6XDG,2,rpk,cons,-356.71178537325034,-332.63029445288817,24.08149092036217,-20.05876882849501,-26.53617136635607,-6.47740253786106,,496,,455,446,502,371;373;375;484,372;489,,,440;498,
6XDG,2,rpk,free,-450.2498200726537,-441.8222543022851,8.427565770368574,-29.010375945956664,-31.949589753873752,-2.9392138079170884,,339,436,366;474;487,446,499,371;375,342;455;472,,499;500,440,
6XDG,2,af2,cons,-607.7766066861492,-612.4059213157934,-4.629314629644227,-16.298638063005402,-19.79759177464155,-3.4989537116361475,,339;371,,367;369;372;406;483;485;518,446;501,,375,365;368;374;420;434;435;455;494;528,446,445,440,449
6XDG,2,af2,free,-661.5823815462027,-661.9823286069578,-0.39994706075515296,-34.07424765348711,-34.24094969473703,-0.16670204124991983,,339;371,450,360;369;406;425;451;483;518;527,446;501,444;447;448;497,,374;455;528,,346;444;447;500,440,450
