pdb,antibody,method,constrained,wt_total,om_total,d_total,wt_interface,om_interface,d_interface,tot_stab_mut_close,tot_stab_mut_distal,tot_stab_other_close,tot_stab_other_distal,tot_destab_mut_close,tot_destab_other_close,tot_destab_mut_distal,tot_destab_other_distal,int_destab_mut,int_destab_other,int_stab_mut,int_stab_other
6XCN,2,rpk,cons,-435.4703518592196,-413.1044244911697,22.36592736804988,-35.266050916116185,-25.448339249015824,9.817711667100362,,339,,,405,,371;373;375,372,405;417;486;505,,,
6XCN,2,rpk,free,-527.5976599306034,-512.3872408100273,15.210419120576148,-48.53116616929124,-44.9947722876808,3.5363938816104366,,339;452,456;473;489,372;377;485,405,455;474,371;375;484,336;385;402;410;450,417;486;505,,501,504
6XCN,2,af2,cons,-615.8433077756613,-515.0111438435056,100.83216393215571,-29.04323533421407,-16.516951507552918,12.526283826661153,,339,421;500;502,383;483;485,405;477;478;501;505,453;455;456;457;473;474;476;479;487;493;494;495;506,452,365;442;448;451;454;467;469;480;488;491;492;497,417;505,456;476;500,,475
6XCN,2,af2,free,-654.1762173630511,-610.9005318952144,43.27568546783675,-42.97859900423881,-2.1741310878784876,40.80446791636032,,484,500;502,320;347;366;367;372;382;390;443;472;483;485;490;499,405;486;501,420;446;453;456;460;475;487,371,326;351;377;442;445;448;467;471;491;492;495;497;506;526,417;486;501;505,415;421;453;455;456;460;473;487,,
