pdb,antibody,method,constrained,wt_total,om_total,d_total,wt_interface,om_interface,d_interface,tot_stab_mut_close,tot_stab_mut_distal,tot_stab_other_close,tot_stab_other_distal,tot_destab_mut_close,tot_destab_other_close,tot_destab_mut_distal,tot_destab_other_distal,int_destab_mut,int_destab_other,int_stab_mut,int_stab_other
7LQ7,4,rpk,cons,-532.0351123527117,-505.30237500377484,26.732737348936894,-37.920846097409445,-33.190183945099434,4.7306621523100105,,339,,,478;484;501,,371;373;446,372,478,,,
7LQ7,4,rpk,free,-565.033553427802,-548.6624371487055,16.37111627909644,-43.15108749845937,-41.08505980920035,2.066027689259016,,339;498,,434;495;508,478,449,371;373;446;501,368;372,477;478,,493,486
7LQ7,4,af2,cons,-612.1956769884284,-611.6664231869222,0.5292538015062291,-24.899170189669366,-28.821520553583102,-3.9223503639137363,,339;371,483;485,367;372;406;518,478;496;501,487,375,365;368;434;435;492;528,,,477,
7LQ7,4,af2,free,-657.806682602451,-652.541943737278,5.264738865173058,-35.81726065291168,-39.83304850258656,-4.015787849674879,,339;371,485;487,367;369;372;390;406;451;472;518;527,478,,446;496;501,365;368;374;377;430;448;528,484,483;486,477,487;489
