pdb,antibody,method,constrained,wt_total,om_total,d_total,wt_interface,om_interface,d_interface,tot_stab_mut_close,tot_stab_mut_distal,tot_stab_other_close,tot_stab_other_distal,tot_destab_mut_close,tot_destab_other_close,tot_destab_mut_distal,tot_destab_other_distal,int_destab_mut,int_destab_other,int_stab_mut,int_stab_other
7P40,3,rpk,cons,-538.1819459410144,-508.4570230413554,29.72492289965902,-36.387257379638235,-36.32012911505213,0.06712826458610266,,339;408,,,478;484;493,,371;373;375;405;501,372,,,,
7P40,3,rpk,free,-588.6020904413115,-570.2526502613293,18.34944017998214,-52.08420162169459,-58.63747434887054,-6.553272727175951,,339;408,,367;407,478;493,,371;373;375,342;368;374;436,477;478,,484;493,455;486
7P40,3,af2,cons,-609.2012537510197,-506.1372101529984,103.06404359802133,-45.49616212402377,-28.05874328334405,17.43741884067972,,339,483;486;490;496;502,518,477;484;501,453;456;457;473;474;475;476;479;480;489;492;494;495;497,371;373;405,346;351;365;372;442;446;449;451;454;459;467;469;471;491;506;520;522;541,477;484,473;475;476;479;481;489,,456;483;486;495
7P40,3,af2,free,-660.3411183997789,-621.3606140085094,38.980504391269506,-60.01272145805672,-29.1855042950323,30.827217163024418,,339,421;473;474;490,320;347;351;367;369;390;407;436;466;499;500;502;518;527,493,455;456;457;475;487;489;492;495,405;501,336;337;374;377;391;420;445;446;447;448;451;454;465;469;491;494;497;503;506;509;519;520;528,417;477;478;484;493,456;473;476;479;481;486;489,498,483
