pdb,antibody,method,constrained,wt_total,om_total,d_total,wt_interface,om_interface,d_interface,tot_stab_mut_close,tot_stab_mut_distal,tot_stab_other_close,tot_stab_other_distal,tot_destab_mut_close,tot_destab_other_close,tot_destab_mut_distal,tot_destab_other_distal,int_destab_mut,int_destab_other,int_stab_mut,int_stab_other
7B18,6,rpk,cons,-478.5459514430372,-461.1433340893942,17.402617353642995,-64.28448658016667,-54.267922159820124,10.016564420346548,,339,,,446;484;496;498;501,,375,372;502,484;498,,,
7B18,6,rpk,free,-571.6656934524021,-562.9415143976867,8.724179054715478,-72.2313753809411,-62.29099375128075,9.94038162966035,,339,455;491,338;387;480;508,417;446;484;493;498,403,375,372;386;402,417;484;493;498,403;490,478,449;489
7B18,6,af2,cons,-622.3805372009817,-616.0475000053273,6.3330371956544695,-45.00277171477542,-40.47735594743605,4.525415767339368,,339;371,483;485,367;369;372;518,446;493,449;453;494;495,375,365;368;374;434;435;528,446;498,,501,486
7B18,6,af2,free,-676.0547668934523,-673.51944767758,2.5353192158722777,-69.88208403698026,-58.48985228643772,11.392231750542543,,339;371,449;483,369;372;406;480;518;527,417;446;498,448;486;489;490;494;497,,356;374;435;528,417;446,403;483;486;487,478;493;501,449;468
