pdb,antibody,method,constrained,wt_total,om_total,d_total,wt_interface,om_interface,d_interface,tot_stab_mut_close,tot_stab_mut_distal,tot_stab_other_close,tot_stab_other_distal,tot_destab_mut_close,tot_destab_other_close,tot_destab_mut_distal,tot_destab_other_distal,int_destab_mut,int_destab_other,int_stab_mut,int_stab_other
7L7E,6,rpk,cons,-539.4581604121129,-522.7318299642004,16.72633044791246,-40.328455026989985,-38.88014295225069,1.4483120747392988,,339,,,446;484,,371;373;375;501,372;455,484,,,
7L7E,6,rpk,free,-567.9316844742718,-557.6107380254575,10.320946448814311,-43.49069195393144,-41.3695573302445,2.1211346236869417,,339,,368,484,447;472,375;501,372;502,484,449,446,
7L7E,6,af2,cons,-617.758797981735,-614.2508221698569,3.5079758118781683,-35.713646451892046,-26.160847128750007,9.55279932314204,,339;371,483,367;369;372;406;485;518,,445;499,375;501,365;368;374;434;435;528,,445;450;499,,
7L7E,6,af2,free,-656.7895926871624,-663.7167284939433,-6.927135806780825,-37.66278101060035,-40.616803566798396,-2.9540225561980478,,339;371,346;483,360;369;393;406;425;518;527,,448;449;452;490,,374;435;455;526;528,,449;490,446,346;494
