pdb,antibody,method,constrained,wt_total,om_total,d_total,wt_interface,om_interface,d_interface,tot_stab_mut_close,tot_stab_mut_distal,tot_stab_other_close,tot_stab_other_distal,tot_destab_mut_close,tot_destab_other_close,tot_destab_mut_distal,tot_destab_other_distal,int_destab_mut,int_destab_other,int_stab_mut,int_stab_other
7JWB,3,rpk,cons,-489.06712070220465,-474.67931676069065,14.387803941513994,-29.76966949558652,-34.84368352849596,-5.074014032909439,,339;408,,,501,,371;373;375,372;374,,,498;501,
7JWB,3,rpk,free,-499.7890406064121,-500.89697615130166,-1.1079355448895853,-32.36252729506732,-33.47331704119413,-1.1107897461268053,,339;408,449;491;504,506,452;498,,371;375,372;374,493,496,501,
7JWB,3,af2,cons,-576.1674690055569,-483.95686371117927,92.21060529437761,-31.947620738814205,-20.89136252130084,11.056258217513363,,339,458;485;490;500;502,347;515;518,405;493;498;501,448;449;451;453;456;457;473;474;475;487;489;492;495;497;499;503;504;506,371;373,351;365;370;372;446;471;479;491;517;520;522;541,417;484;493;505,449;453;483;489;496,498,403;494;495;500;502
7JWB,3,af2,free,-658.1164102347005,-625.4992300653141,32.617180169386415,-47.18767404097866,-42.045852281216426,5.141821759762237,,339;478,490;499;500;502,320;338;358;367;369;390;407;418;422;436;437;466;518;527,493;501,403;453;457;492;494;495;497,405,368;374;391;430;445;446;448;451;469;479;506;519;520;528,484;493,449;456;475;483;489,498;501,450;455;495;499;503
