pdb,antibody,method,constrained,wt_total,om_total,d_total,wt_interface,om_interface,d_interface,tot_stab_mut_close,tot_stab_mut_distal,tot_stab_other_close,tot_stab_other_distal,tot_destab_mut_close,tot_destab_other_close,tot_destab_mut_distal,tot_destab_other_distal,int_destab_mut,int_destab_other,int_stab_mut,int_stab_other
7CWM,1,rpk,cons,-346.6379779788956,-336.34721969906883,10.290758279826775,-43.016128734473426,-41.677896661985635,1.3382320724877914,,,,453;506,446,447;455;456,373,372,484;493,,478,
7CWM,1,rpk,free,-461.8641583965126,-447.9405195322845,13.92363886422811,-47.42016994681741,-52.0757981510693,-4.65562820425189,,373,,340;342;437,446,447;455;456;495,371;375,365;389;467,484,449,478;493,
7CWM,1,af2,cons,-610.5223749717926,-618.5152715377419,-7.992896565949309,-32.6184528301774,-34.376819561242264,-1.7583667310648678,,339;371,483;485;486,367;369;372;406;518,493,455,375;501,365;368;420;434;435;499;528,484,481,,483;485;486
7CWM,1,af2,free,-658.3756951833248,-664.6416523121168,-6.265957128792024,-44.46993656783423,-54.121610562576755,-9.651673994742524,,339;371,455;472;483;485,360;369;372;393;406;451;518;527,446;498,452;489;490;494,,374;424;435;526;528,,490,493,470;482;483;485;486
