pdb,antibody,method,constrained,wt_total,om_total,d_total,wt_interface,om_interface,d_interface,tot_stab_mut_close,tot_stab_mut_distal,tot_stab_other_close,tot_stab_other_distal,tot_destab_mut_close,tot_destab_other_close,tot_destab_mut_distal,tot_destab_other_distal,int_destab_mut,int_destab_other,int_stab_mut,int_stab_other
7K9H,2,rpk,cons,-482.48699871232697,-383.09022277847544,99.39677593385153,-30.855075762366916,-31.4419072901497,-0.5868315277827847,,339;408,487;490,,,,371;373;405;501,372;374,486,483,,487
7K9H,2,rpk,free,-538.3735220372168,-452.89384520167414,85.4796768355427,-43.77566185682106,-39.125901402340745,4.649760454480315,,339;408,489,386,452;484,,373;375;405,372;374,484;486,449,,487;489
7K9H,2,af2,cons,-611.854798642745,-534.7864580907017,77.06834055204331,-33.94140219198546,-13.862501932406726,20.078900259578734,,339,449;481;483;485;496;502,421;443,484,451;455;456;487;488;489;492;493;494;495;497;503,405;477,365;442;448;454;457;465;469;474;475;479;480;491;506,452;484;486,449;483;488;489;493;494,498;501,495
7K9H,2,af2,free,-660.105991269698,-606.2754350636196,53.83055620607843,-41.91527886485745,-26.14701808010418,15.76826078475327,,339,490;496;499;502,320;367;369;372;390;436;443;481;500,486,446;449;453;487;488;489;491;492;494;495;497,405,377;386;391;407;421;425;435;442;448;451;454;457;473;506,484;486,449;483;487;489;493,501,445;450;495;499
