pdb,antibody,method,constrained,wt_total,om_total,d_total,wt_interface,om_interface,d_interface,tot_stab_mut_close,tot_stab_mut_distal,tot_stab_other_close,tot_stab_other_distal,tot_destab_mut_close,tot_destab_other_close,tot_destab_mut_distal,tot_destab_other_distal,int_destab_mut,int_destab_other,int_stab_mut,int_stab_other
7DPM,4,rpk,cons,-834.8176373346929,-807.1166360108193,27.701001323873584,-86.54072459755099,-80.71242661973602,5.8282979778149695,,339;496;505,,,371;373;375,369;372,446;501,,,437;508,,
7DPM,4,rpk,free,-888.6708072093888,-878.8365574716859,9.834249737702976,-95.84454358580572,-95.66970463986578,0.1748389459399391,,339;496;505,368;374,,371;375,369,440;446;484,455;490,,46;369,375,
7DPM,4,af2,cons,-621.0104810702526,-618.7081936418498,2.302287428402792,-25.901575566251008,-23.367452126368363,2.534123439882645,,339;484,372,367;406;483;485;518,375,368;374;384;434;435,501,420;455;489;499;528,375,369,,437
7DPM,4,af2,free,-661.9153744888638,-664.3254302278268,-2.410055738963024,-34.450538172204595,-24.170252992774405,10.28028517943019,,339;484,369;406,483;518,375,374;378;435,446,448,371;375,370;374;377;378;383,,407;408
