pdb,antibody,method,constrained,wt_total,om_total,d_total,wt_interface,om_interface,d_interface,tot_stab_mut_close,tot_stab_mut_distal,tot_stab_other_close,tot_stab_other_distal,tot_destab_mut_close,tot_destab_other_close,tot_destab_mut_distal,tot_destab_other_distal,int_destab_mut,int_destab_other,int_stab_mut,int_stab_other
7E39,1,rpk,cons,-466.68771741085266,-452.97789763321487,13.70981977763779,-43.59053192626351,-40.470209445685924,3.1203224805775847,,339;408,,490,478,,371;373;375;405;501,,478,,477,
7E39,1,rpk,free,-514.4909920058037,-505.053828222995,9.437163782808739,-47.01890527010794,-38.432393586310155,8.586511683797788,,339;408;505,,490;508,477;478;484,473;483,371;375;405,433;492,478,476,,475
7E39,1,af2,cons,-601.9876266784731,-484.6631112799979,117.32451539847523,-24.829791370646852,-14.173149667458674,10.656641703188178,,339,490,500;502;518,478;484;493,456;473;474;475;479;481;486;487;488;495,371;373;375;405;501,346;351;365;372;442;446;449;451;453;454;455;457;459;461;467;469;471;491;492;494;497;506;520;522;538;541,478;484,475;486,,483;485;487
7E39,1,af2,free,-654.5751999021745,-619.0287849563188,35.54641494585576,-41.48446050065314,-30.84186552059354,10.642594980059602,,339,474;483;489;490,320;338;366;367;380;390;401;421;423;430;500;502;518;527,484;493,487;495,371;405;501,365;374;391;420;425;445;446;448;449;451;453;454;457;465;468;491;492;497;506;517;519;520;525;528,477;478;484,485;487;488,,474;483
