pdb,antibody,method,constrained,wt_total,om_total,d_total,wt_interface,om_interface,d_interface,tot_stab_mut_close,tot_stab_mut_distal,tot_stab_other_close,tot_stab_other_distal,tot_destab_mut_close,tot_destab_other_close,tot_destab_mut_distal,tot_destab_other_distal,int_destab_mut,int_destab_other,int_stab_mut,int_stab_other
7JV4,2,rpk,cons,-481.8702274569267,-467.3837627338501,14.486464723076608,-42.95335655819174,-36.69012043398749,6.263236124204255,,339;505,,,484,,371;373;375;501,372,484,,,
7JV4,2,rpk,free,-515.2440869262437,-497.36502509230587,17.879061833937783,-46.367872273114315,-44.11171315542047,2.256159117693848,,339;505,,369;436,484;501,,371;375,372;431,484,,498,
7JV4,2,af2,cons,-600.3803350763953,-611.9055356530735,-11.525200576678117,-18.85727089891935,-24.11914950853864,-5.261878609619291,,339;371,481;485,367;369;372;406;518,501,,375,365;368;374;420;434;435;455;528,,483,446;478,485
7JV4,2,af2,free,-653.4988051467435,-659.4228604262589,-5.924055279515414,-24.92120757008604,-36.52463848969009,-11.603430919604051,,339;371,481;483;485,358;369;372;393;406;518;528,,445;482,,374;387;390;434;435;452;455;526,484,445,478,449;481;490
