pdb,antibody,method,constrained,wt_total,om_total,d_total,wt_interface,om_interface,d_interface,tot_stab_mut_close,tot_stab_mut_distal,tot_stab_other_close,tot_stab_other_distal,tot_destab_mut_close,tot_destab_other_close,tot_destab_mut_distal,tot_destab_other_distal,int_destab_mut,int_destab_other,int_stab_mut,int_stab_other
7DZY,2,af2,cons,-741.3288854173737,-755.0039530112202,-13.675067593846506,-15.665856096099358,-19.121164807689375,-3.4553087115900176,,,67;73;76;97;180;182;185;186;212;250;251;253;260,18;20;21;41;63;79;111;153;228;229;242,70;213,27;64;72;183;184;245;249;257;258,19;25,80;140;146;197;244,70;213,183;249,,184;212;215;250;253
7DZY,2,af2,free,-890.8160964755098,-869.2738073289728,21.542289146536973,-36.89377655889824,-36.952174443524896,-0.058397884626657515,,142,64;73;76,15;18;95;98;108;110;144;153;154;217;222;227;228;237,24;25;70,28;66;181;182;183;214;218;250,19,55;79;84;143;152;186;221;245;247;249;259,24;70,27;28;66;74;215;218,,72;73;76;183;185;214
