pdb,antibody,method,constrained,wt_total,om_total,d_total,wt_interface,om_interface,d_interface,tot_stab_mut_close,tot_stab_mut_distal,tot_stab_other_close,tot_stab_other_distal,tot_destab_mut_close,tot_destab_other_close,tot_destab_mut_distal,tot_destab_other_distal,int_destab_mut,int_destab_other,int_stab_mut,int_stab_other
7KN7,1,rpk,cons,-501.854209473062,-476.26477923226105,25.589430240800937,-40.764721720799756,-37.35959440614261,3.4051273146571432,,339,,,501,,371;373;375;446,372,,,,
7KN7,1,rpk,free,-528.360543242273,-506.38862993480177,21.971913307471254,-47.49948447966224,-45.60001969259772,1.8994647870645238,,339,,,,490,371;373;375;446;484,372;472;522,417,455,,502
7KN7,1,af2,cons,-607.3748464068549,-617.2267445064226,-9.851898099567734,-27.554213870434225,-32.22661866275472,-4.672404792320492,,339;371,,367;369;372;483;485;518,,420,375,365;368;374;434;435;452;499;528,,,,473
7KN7,1,af2,free,-652.1687836270632,-658.0080821342624,-5.839298507199146,-53.184814522567,-46.10107602270751,7.083738499859493,,339;371,490,356;369;372;389;393;406;425;472;483;485;516;518;527,496;501,,446,374;435;444;448;452;528,417;493,403;455;489,,421
