pdb,antibody,method,constrained,wt_total,om_total,d_total,wt_interface,om_interface,d_interface,tot_stab_mut_close,tot_stab_mut_distal,tot_stab_other_close,tot_stab_other_distal,tot_destab_mut_close,tot_destab_other_close,tot_destab_mut_distal,tot_destab_other_distal,int_destab_mut,int_destab_other,int_stab_mut,int_stab_other
6ZDG,1,rpk,cons,-453.04385254284205,-448.6303211064501,4.413531436391963,-46.00709033392211,-45.91347283359595,0.09361750032616101,,339;446;496,,,,,373;484;501,372;455,,,,
6ZDG,1,rpk,free,-506.85857127420445,-519.8708735520221,-13.01230227781764,-59.02392358752462,-55.688955269413775,3.334968318110846,,339;446;496,,338;405;451;497,,,,,,,,
6ZDG,1,af2,cons,-612.2822261119993,-617.0644242832227,-4.782198171223399,-42.78298941021557,-47.49265445278415,-4.709665042568581,,339;371,372;429;518,367;406;483;485,375,427,446;501,420;434;435;455;489,,427,,372;383;384;385;429
6ZDG,1,af2,free,-659.0898791167349,-666.9472034492685,-7.857324332533608,-69.37879383750521,-56.11222492079944,13.266568916705772,,339,368;372;376;384;393;516,406;436;481;483;527,,374;385;386;391;427;428;432;528,446,519,,378;385;427;428;517,,369;372;429
