pdb,antibody,method,constrained,wt_total,om_total,d_total,wt_interface,om_interface,d_interface,tot_stab_mut_close,tot_stab_mut_distal,tot_stab_other_close,tot_stab_other_distal,tot_destab_mut_close,tot_destab_other_close,tot_destab_mut_distal,tot_destab_other_distal,int_destab_mut,int_destab_other,int_stab_mut,int_stab_other
7NDD,2,af2,cons,-825.9129214786527,-793.6674936566127,32.24542782204003,-0.5767790639271209,0.6693201610794186,1.2460992250065395,,67;95,,18;19;21;22;75;76;77;79;97;111;124;138;213;nan;215;216;247;260,142,149;151,143;144;212,20;23;66;102;141;147;152;153;154;179;210;245;246;249;254;255;256;257;259,,154,,
7NDD,2,af2,free,-891.115813767979,-871.9999867060727,19.115827061906316,-5.737649781554843,-4.569205386709005,1.1684443948458387,,67;95,,18;44;45;76;78;84;94;96;105;121;124;138;186;213;nan;215;216;222;242;248;260,,151;153;255,70;142;143;144;212,20;21;48;50;79;98;99;102;152;179;180;183;241;244;245;249;259;262,,161,,153
