pdb,antibody,method,constrained,wt_total,om_total,d_total,wt_interface,om_interface,d_interface,tot_stab_mut_close,tot_stab_mut_distal,tot_stab_other_close,tot_stab_other_distal,tot_destab_mut_close,tot_destab_other_close,tot_destab_mut_distal,tot_destab_other_distal,int_destab_mut,int_destab_other,int_stab_mut,int_stab_other
7M7W,3,rpk,cons,-549.9698163112694,-523.8440960448378,26.125720266431586,-48.949452954251385,-48.51817340900867,0.4312795452427167,,339,,,,,371;373;375;405;498;501,372;446,,,,
7M7W,3,rpk,free,-569.1740312143104,-555.3920667360921,13.781964478218242,-49.654409051058515,-51.82578207528181,-2.1713730242232927,,339;408,,,,,371;498;501,368;374;378;436;446,,,,462
7M7W,3,af2,cons,-603.6166284700209,-537.2305591616014,66.38606930841956,-33.353807199403825,-34.79067742275328,-1.4368702233494517,,339,520,383;481;483;485;490;502;508,,457,405;452;477;501,365;442;445;446;448;451;453;456;467;469;474;475;479;480;487;488;491;492;494;495;497;506;538,,,,520
7M7W,3,af2,free,-651.6216314496871,-621.0345943538082,30.58703709587894,-38.579733587449105,-46.62266352893811,-8.042929941489007,,339,430;468;514;519,358;367;369;372;390;443;472;483;485;490;499;500;502;517;528,,457,375;405;486;501,365;381;392;420;442;445;446;447;451;453;467;471;474;480;487;491;492;495;497;506,,462;520,,396;460;468;516;519
