pdb,antibody,method,constrained,wt_total,om_total,d_total,wt_interface,om_interface,d_interface,tot_stab_mut_close,tot_stab_mut_distal,tot_stab_other_close,tot_stab_other_distal,tot_destab_mut_close,tot_destab_other_close,tot_destab_mut_distal,tot_destab_other_distal,int_destab_mut,int_destab_other,int_stab_mut,int_stab_other
7LQ7,1,rpk,cons,-524.1641259381801,-498.59623965759454,25.567886280585526,-44.48656014024878,-35.74605180984822,8.740508330400559,,339,,,478;484;501,480;487,371;373;446,372;447,478,473,,455
7LQ7,1,rpk,free,-551.838234873496,-533.7686453539038,18.069589519592228,-47.49110005702215,-39.013788117176546,8.477311939845606,,339,456,502;508,484,480;489,371;373;446;501,342;368;372;436;449;506,477,473;489,,
7LQ7,1,af2,cons,-612.0824351826698,-610.8621587958737,1.2202763867960584,-34.24550235113944,-32.82947078534971,1.41603156578973,,339;371,483;485,367;369;372;406;451;518,478;496;501,487,375,365;368;374;434;435;492;528,484,486;487,493,485
7LQ7,1,af2,free,-658.612864140717,-658.6789133442093,-0.06604920349229815,-48.469257603728956,-42.21100223826672,6.258255365462233,,339;371,481;483;485,369;372;406;472;516;518,478;496,,446;501,332;342;374;435;448,484,483;486,,
