pdb,antibody,method,constrained,wt_total,om_total,d_total,wt_interface,om_interface,d_interface,tot_stab_mut_close,tot_stab_mut_distal,tot_stab_other_close,tot_stab_other_distal,tot_destab_mut_close,tot_destab_other_close,tot_destab_mut_distal,tot_destab_other_distal,int_destab_mut,int_destab_other,int_stab_mut,int_stab_other
7CZS,3,rpk,cons,-436.13737363821366,-412.04232035295206,24.0950532852616,-37.091093940014844,-29.094012207490536,7.9970817325243075,,339,,,498;501;505,,371;373;375,372;472,505,,,
7CZS,3,rpk,free,-516.1234199599218,-512.6279026298,3.495517330121743,-60.66585469921409,-44.683069754903585,15.982784944310502,,339,449;487;497,368;374,405;417;498,446,371;375,480,417;486;505,494;500;503,501,
7CZS,3,af2,cons,-605.9403851062258,-513.8547557711285,92.08562933509734,-30.722198720563277,-20.83467554280048,9.887523177762798,,339,458;481;490;496;500;502,383;483;485,405;477;478;486;505,453;454;457;473;474;475;479;480;487;489;494;495;497;503;504;506,452,365;442;448;451;467;469;491;492,486;505,475;489;503,477,
7CZS,3,af2,free,-661.5748288385316,-610.7903483819634,50.78448045656819,-72.20538713949927,-28.832547561927903,43.37283957757136,,339,475;483;485;490;499;500;502;503,338;347;367;369;389;390;423;436;443;472,405;417;477;501;505,406;420;449;453;456;460;474;479;487;495,375;452,326;368;386;391;442;445;446;448;451;466;471;491;492;497;506,417;477;486;505,403;406;409;415;416;421;449;455;456;460;473;475;489,478;498;501,495;503
