pdb,antibody,method,constrained,wt_total,om_total,d_total,wt_interface,om_interface,d_interface,tot_stab_mut_close,tot_stab_mut_distal,tot_stab_other_close,tot_stab_other_distal,tot_destab_mut_close,tot_destab_other_close,tot_destab_mut_distal,tot_destab_other_distal,int_destab_mut,int_destab_other,int_stab_mut,int_stab_other
7N9E,1,rpk,cons,-471.0175313199819,-460.56311586262524,10.454415457356674,-18.871100141934452,-21.02848024449789,-2.1573801025634367,,339,,493,371;373;375,372,405;484;501,502,,,373;440,
7N9E,1,rpk,free,-542.1026938409209,-533.9797343226979,8.122959518222956,-26.3923003348587,-27.105267251962324,-0.7129669171036248,,339,370,409,,369;372,405;484,366;450;490;502,408,,440,
7N9E,1,af2,cons,-609.3455203948909,-522.3729228271933,86.97259756769756,-10.337726092641153,-8.655336992917755,1.6823890997233981,,339,,443;481;483;485;490;502,371;375,370;503;506,405;477;501,351;365;442;448;451;453;454;455;456;457;461;465;467;469;474;475;479;480;487;488;491;492;493;494;495;497,,370,375,369
7N9E,1,af2,free,-655.7717305224604,-611.0785506993451,44.693179823115315,-23.226882982795324,-19.28977763728227,3.9371053455130536,,339,369;374,347;367;390;436;483;490;499;500;502,375,370;372;433;503;506,405;501,368;391;406;442;445;446;447;448;451;453;454;465;479;487;491;492;495;497;526,408,370;372;377;503,373,369;374;385
