pdb,antibody,method,constrained,wt_total,om_total,d_total,wt_interface,om_interface,d_interface,tot_stab_mut_close,tot_stab_mut_distal,tot_stab_other_close,tot_stab_other_distal,tot_destab_mut_close,tot_destab_other_close,tot_destab_mut_distal,tot_destab_other_distal,int_destab_mut,int_destab_other,int_stab_mut,int_stab_other
7LY0,1,af2,cons,-799.107833917962,-760.0612655708042,39.04656834715786,-21.364325646697715,-26.29506817942312,-4.930742532725404,,,16;17;18;20;21;248,22;41;75;76;79;111;186;228;229;272,19,140;141;145;148;152;155;244;245;246;247;249;250;251;252;253;257;258,24;25,160;183;197;259;271,19,147;148;246;251;253;258,,16;17;248;249;254;255;256
7LY0,1,af2,free,-880.0451263928401,-881.1642228812509,-1.1190964884108325,-50.397260487497086,-65.6876601316748,-15.290399644177718,,,138;145;154;158;242;248;250;251;252,66;75;76;80;81;84;97;157;180;222;224;260,19,73;147;245;253;257;258,25;69,77;78;133;181;221;226;259;263,19,73;147;246;258,,158;248;249;250;251;252;254
