pdb,antibody,method,constrained,wt_total,om_total,d_total,wt_interface,om_interface,d_interface,tot_stab_mut_close,tot_stab_mut_distal,tot_stab_other_close,tot_stab_other_distal,tot_destab_mut_close,tot_destab_other_close,tot_destab_mut_distal,tot_destab_other_distal,int_destab_mut,int_destab_other,int_stab_mut,int_stab_other
7NTC,1,af2,cons,-722.6686001470406,-762.8173436595878,-40.148743512547185,-0.778819742125652,-11.826249476866458,-11.047429734740806,,67,75;77;182;183;184;213;242;248;249;250;251;252;253;254;259;260;262,19;21;22;111;124;138;154;nan;215;216;233,70;143;144;145;212,72;73;146;148;149;151;152;153;179;180;181;185;187;214;245;256;257,142,17;20;23;66;102,145,71;73;147;151;187;213;251,,183;184;nan;248;250;252;253;259
7NTC,1,af2,free,-880.1158540265628,-883.4163580674083,-3.3005040408454533,-7.450329088779297,-39.38699754275887,-31.93666845397957,,67,121;170;176;248,18;19;55;73;77;84;96;97;111;119;136;138;155;157;158;159;186;201;213;nan;215;216;222;227;260,70;142;143;144,141;146;151;152;180;245;246;249;256,,20;21;79;92;98;99;102;134;140;153;189;191;210;221;229;255;257;258,145,150;182,,73;149;176;178;183;184;185;187;246;248;249;251
