pdb,antibody,method,constrained,wt_total,om_total,d_total,wt_interface,om_interface,d_interface,tot_stab_mut_close,tot_stab_mut_distal,tot_stab_other_close,tot_stab_other_distal,tot_destab_mut_close,tot_destab_other_close,tot_destab_mut_distal,tot_destab_other_distal,int_destab_mut,int_destab_other,int_stab_mut,int_stab_other
7N4I,1,rpk,cons,-514.897939880782,-446.60476430268267,68.29317557809935,-48.13667125279016,-48.02082593004734,0.11584532274282111,,339;496,,,,,371;373;446;498;501,372;374,,,,
7N4I,1,rpk,free,-543.391805304524,-526.857058178278,16.53474712624609,-56.42518554391808,-50.68623381605086,5.738951727867224,,339;496,,368,,,371;373;446;484;498;501,372;447;455,,480,,
7N4I,1,af2,cons,-616.0197371186509,-618.2792080786182,-2.2594709599673024,-40.617776305239445,-46.89910959811159,-6.281333292872148,,339;371,481;483;518,367;369;372;406;485,,,375;501,365;368;434;435;455;489;497;528,,,,481;518
7N4I,1,af2,free,-653.8369397773737,-660.9922353126601,-7.155295535286427,-46.15946759684048,-55.73195197852049,-9.572484381680013,,339;371,474;480;481;483;518,356;369;372;406;452;527,,,446;496;501,354;374;435;455;528,,458,,474;481;518
