pdb,antibody,method,constrained,wt_total,om_total,d_total,wt_interface,om_interface,d_interface,tot_stab_mut_close,tot_stab_mut_distal,tot_stab_other_close,tot_stab_other_distal,tot_destab_mut_close,tot_destab_other_close,tot_destab_mut_distal,tot_destab_other_distal,int_destab_mut,int_destab_other,int_stab_mut,int_stab_other
7LS9,1,rpk,cons,-528.390891347518,-522.1465078409542,6.2443835065638496,-47.15998670474049,-40.7828251688896,6.377161535850888,,339;373;408,,436,452;484;498,,375,502,452;498,,,
7LS9,1,rpk,free,-579.4565496972518,-582.9664980743684,-3.5099483771165296,-50.6269150382646,-44.53488821327461,6.092026824989986,,339;373;408,,338;368;406;525,452;484,446,376;405,387;502,452;493,,498,
7LS9,1,af2,cons,-615.6698058320012,-521.5711686482588,94.09863718374243,-33.23826803573783,-21.80826303387644,11.430005001861392,,339,483;496;499;502,383;518,452;493;498;501,346;351;445;446;448;449;450;451;453;471;491;492;494;495;497,371;373;405,365;372;387;454;455;456;457;461;473;475;479;487;506;520;522;541,452;493;498,444;449;450;470;490;492,501,497;499;503
7LS9,1,af2,free,-662.8301912857638,-612.7055607142577,50.124630571506145,-43.51314242747626,-41.66689174847064,1.846250679005621,,339;478,483;496;500;502,320;354;367;380;390;443;466;473;474;518,452;493,346;445;446;449;451;455;470;491;492;494;495;497,371;405,365;374;377;381;391;402;403;465;467;469;479;480;506;517;519;520,452;493,444;446;448;449;470;483;490;492,501,450;494;495;497;499;503
