pdb,antibody,method,constrained,wt_total,om_total,d_total,wt_interface,om_interface,d_interface,tot_stab_mut_close,tot_stab_mut_distal,tot_stab_other_close,tot_stab_other_distal,tot_destab_mut_close,tot_destab_other_close,tot_destab_mut_distal,tot_destab_other_distal,int_destab_mut,int_destab_other,int_stab_mut,int_stab_other
7KFV,1,rpk,cons,-595.0234334674456,-570.4638941520333,24.55953931541228,-63.614593915857625,-43.91692543912338,19.697668476734243,,339,,,405;417;484;493;498;501,,371;375,372,417;493;498;505,496,,
7KFV,1,rpk,free,-616.3845250758634,-598.1537056270381,18.230819448825287,-65.10593253623567,-46.46398879160028,18.64194374463539,,339,494,347,405;417;484;493;498,446;489,371;373;375;376;452,372,417;484;493;505,415;496,501,421;494
7KFV,1,af2,cons,-611.9146321447346,-479.5806883376036,132.333943807131,-43.00507981000173,-15.435371166377095,27.569708643624637,,339,500,437;483;490;518,405;477;478;498;501;505,420;447;453;454;455;456;473;474;475;476;487;489;494;495;497;503;504,371;373;375;452,346;351;365;372;446;451;465;469;471;479;491;492;506;520;538;541,417;498;505,455;475;476;494;502,,457;486;489;495;499;503
7KFV,1,af2,free,-671.0211980022584,-604.4685374085784,66.55266059368,-72.26518161879795,-10.039459479264876,62.225722139533076,,339,483;490;503,320;338;367;380;390;423;443;450;518;527,405;417;493;501;505,421;446;447;448;453;455;456;475;487;489;492;494;495;497;506,371;452,342;351;365;374;377;381;391;442;451;467;469;511;517;519;520,417;493;501;505,403;416;421;453;455;456;460;473;475;487;489;490;494;496;502,498,503
