pdb,antibody,method,constrained,wt_total,om_total,d_total,wt_interface,om_interface,d_interface,tot_stab_mut_close,tot_stab_mut_distal,tot_stab_other_close,tot_stab_other_distal,tot_destab_mut_close,tot_destab_other_close,tot_destab_mut_distal,tot_destab_other_distal,int_destab_mut,int_destab_other,int_stab_mut,int_stab_other
7E7X,2,af2,cons,-811.6549859536133,-777.8136529208513,33.84133303276201,-5.164521730266401,-11.883912281460095,-6.719390551193694,,,147;148;246;248,16;111;180;228;229,,141;145;150;152;156;245;249;251;256;257,19;24;25;26,17;18;23;29;80;140;233;244;258;259,,146;150;155,,147;148;248;250
7E7X,2,af2,free,-894.6928381907796,-886.2837990207352,8.40903917004448,-12.36701821042456,-21.81115828153231,-9.444140071107752,,,148;243;247;248;251,41;66;84;97;105;119;154;180;186;222;228;242;252,,144;245;249,19;25;26,29;55;64;71;77;78;80;101;140;170;181;202;216;221;259,,146;155,,246;248;251;252
