pdb,antibody,method,constrained,wt_total,om_total,d_total,wt_interface,om_interface,d_interface,tot_stab_mut_close,tot_stab_mut_distal,tot_stab_other_close,tot_stab_other_distal,tot_destab_mut_close,tot_destab_other_close,tot_destab_mut_distal,tot_destab_other_distal,int_destab_mut,int_destab_other,int_stab_mut,int_stab_other
6YZ7,4,rpk,cons,-502.8487992660629,-489.8072465785433,13.041552687519584,-38.75294574677286,-32.852976519271934,5.899969227500925,,339,,,484,455,371;405;501,372,452;484,,,
6YZ7,4,rpk,free,-541.071857093276,-536.3430109081459,4.728846185130124,-39.272696861584805,-39.44231412036541,-0.16961725878060463,,339;373;408,,370;508,484,450;455,,372;374;434,484,,,
6YZ7,4,af2,cons,-610.9154805735676,-529.4025265253766,81.51295404819098,-31.55824024594741,-8.891192719938998,22.66704752600841,,339,481;483;485;502,,501,445;446;449;456;487;488;489;490;491;492;493;494;495;497,405;477,351;365;420;442;448;451;454;457;467;469;474;479;480;506;538,484,449;483;489;490;494;497,498;501,
6YZ7,4,af2,free,-659.9384141926619,-614.571220531993,45.36719366066882,-41.519199322746054,-14.277916140408767,27.241283182337288,,339;478,472;473;485,320;347;368;369;372;390;418;443;474;500;502,452,445;446;447;453;455;483;489;491;492;493;494;495;497,375;405;486,391;421;442;448;451;454;465;487;506,452;484,449;483;489;490;493,498;501,495
