pdb,antibody,method,constrained,wt_total,om_total,d_total,wt_interface,om_interface,d_interface,tot_stab_mut_close,tot_stab_mut_distal,tot_stab_other_close,tot_stab_other_distal,tot_destab_mut_close,tot_destab_other_close,tot_destab_mut_distal,tot_destab_other_distal,int_destab_mut,int_destab_other,int_stab_mut,int_stab_other
7LY3,1,af2,cons,-802.2292681179608,-770.7065953443703,31.522672773590557,-26.520029917148946,-15.803138955132125,10.716890962016821,,,18;20;21;158;248,22;65;75;76;79;111;228;229;237,19,140;141;145;146;148;155;245;249;250;251;253;254;257;258,24;25,29;66;80;160;183;197;259,19,144;148;155;251,,147;158;248;252;255;256
7LY3,1,af2,free,-881.6908303909843,-884.1996401733647,-2.5088097823804674,-47.200264918750364,-67.8363761291676,-20.63611121041724,,,242;248;255,44;54;81;97;98;108;119;128;180;212;222;228;237;262,19,147;253;257,25;70,67;77;101;179;214;263;272,19,144;146;147;246;247;258,,17;155;248;249;250;251;252;254;255
