pdb,antibody,method,constrained,wt_total,om_total,d_total,wt_interface,om_interface,d_interface,tot_stab_mut_close,tot_stab_mut_distal,tot_stab_other_close,tot_stab_other_distal,tot_destab_mut_close,tot_destab_other_close,tot_destab_mut_distal,tot_destab_other_distal,int_destab_mut,int_destab_other,int_stab_mut,int_stab_other
7EAN,1,rpk,cons,-543.79969909879,-540.0962952274358,3.703403871354226,-57.22483716899979,-57.14700893407705,0.07782823492274105,,339;408,,,,,371;375;376;501,372,,,,
7EAN,1,rpk,free,-565.1929340959832,-568.8648898635097,-3.6719557675264696,-59.88341330086952,-58.93396898362154,0.9494443172479805,,339;408,,434;502;508,,,371,372;506,,,,
7EAN,1,af2,cons,-621.7079101763547,-524.8161730846282,96.89173709172655,-47.75934056630242,-45.16843041376188,2.5909101525405376,,339,518,443;483;490;496;502,493,457;467;469;471;491;492;497;519;520,371;373;405;501,346;365;372;391;442;446;449;451;453;454;455;456;473;474;479;487;488;494;495;506;541,,396;471;519,,466;470;518
7EAN,1,af2,free,-669.8711592904597,-626.1745631261906,43.69659616426907,-68.65364275836409,-52.11548195034748,16.538160808016606,,339,396;518,338;367;390;407;421;423;436;443;483;490;500;502;527,493,352;465;466;471;491;492;517;519;520,405;501,374;391;403;442;445;446;447;451;454;455;480;487;495;497;506,,462;464;465;471;479;516;519,,468;492;518
