pdb,antibody,method,constrained,wt_total,om_total,d_total,wt_interface,om_interface,d_interface,tot_stab_mut_close,tot_stab_mut_distal,tot_stab_other_close,tot_stab_other_distal,tot_destab_mut_close,tot_destab_other_close,tot_destab_mut_distal,tot_destab_other_distal,int_destab_mut,int_destab_other,int_stab_mut,int_stab_other
7BEN,4,rpk,cons,-457.9372709637911,-440.2877892305301,17.649481733260984,-45.23737647525314,-41.74649305615131,3.4908834191018343,,339;408,,406,501,,371;375;405,372,493,,,
7BEN,4,rpk,free,-494.851702603582,-484.9899372925811,9.861765311000909,-47.892297512187405,-46.42952422888042,1.462773283306987,,339,,406,,,371;375;405,372,493,,,494
7BEN,4,af2,cons,-608.5281904249009,-508.20688186451287,100.32130856038805,-28.746132698210275,-6.353414000226786,22.39271869798349,,339,483;490;502,383;518,493;501,442;443;444;445;446;448;449;451;455;456;492;494;495;497;499,371;373;405,351;365;372;387;454;457;471;473;475;479;487;491;506;520;522;541,493,444;446;449;490,,447;495
7BEN,4,af2,free,-659.3957808589971,-626.1202890873157,33.27549177168146,-40.05555825665329,-28.24063302092207,11.814925235731224,,339;478,483;490;499;500,320;356;367;369;390;407;436;473;474;502;508;518;527,452;493,442;444;445;446;447;451;455;491;492;495,405,368;374;377;391;403;435;454;465;469;479;480;487;506;519;520;528,440;493,444;449;490,498;501,446;494;495;499
