pdb,antibody,method,constrained,wt_total,om_total,d_total,wt_interface,om_interface,d_interface,tot_stab_mut_close,tot_stab_mut_distal,tot_stab_other_close,tot_stab_other_distal,tot_destab_mut_close,tot_destab_other_close,tot_destab_mut_distal,tot_destab_other_distal,int_destab_mut,int_destab_other,int_stab_mut,int_stab_other
7CWN,5,rpk,cons,-401.95539716607095,-386.08128873177566,15.874108434295295,-38.748694594855124,-36.612863728816244,2.13583086603888,,,,500,371;373;375,372,478;501,,376;408,,375,
7CWN,5,rpk,free,-538.4852448560393,-528.987674971246,9.497569884793393,-58.84016400072837,-59.0389794538049,-0.19881545307652715,,498,,,371,,493;501,487,376;408,,375,369
7CWN,5,af2,cons,-605.2887816314538,-514.1238497477025,91.16493188375136,-23.179960696353323,-28.817497201462714,-5.6375365051093915,,339,378;380;436,443;483;490;496;502;518,371;375;405,370;374;503;506,493;501,346;351;365;442;446;447;449;451;453;454;455;456;457;461;467;469;471;473;475;479;487;491;492;494;495;497;520;522;538;541,,370;372,,369;377;378
7CWN,5,af2,free,-667.9613743873572,-614.7501265274725,53.21124785988468,-60.53743518901565,-55.15532396650294,5.382111222512712,,339;478,369;380;406;436,347;367;390;421;443;458;474;483;490;499;500;502;518,371;405,379;389;503;506,493;501,365;391;403;420;442;445;446;447;448;451;453;465;479;480;487;491;492;495;497;519;520;526,376;408,370;372;378;379;389;503,375,369;374;377;380;384
