pdb,antibody,method,constrained,wt_total,om_total,d_total,wt_interface,om_interface,d_interface,tot_stab_mut_close,tot_stab_mut_distal,tot_stab_other_close,tot_stab_other_distal,tot_destab_mut_close,tot_destab_other_close,tot_destab_mut_distal,tot_destab_other_distal,int_destab_mut,int_destab_other,int_stab_mut,int_stab_other
7OAP,1,rpk,cons,-572.0137417941346,-558.5530324082983,13.460709385836253,-49.68091377960638,-43.93154715225726,5.749366627349119,,339;408,,,452;484,,371;375,372,484,,,
7OAP,1,rpk,free,-597.1058213478602,-577.6208656812013,19.484955666658948,-49.51912987977234,-39.96104865892527,9.558081220847072,,339,,368,452;484,446;455,371;373;405,372,452;484,,,
7OAP,1,af2,cons,-602.891031037886,-516.3015297199213,86.58950131796473,-33.77974014222341,-14.11930027655351,19.6604398656699,,339,480;482;483;485,443;502,452;501,351;449;456;475;487;488;489;490;491;492;493;494;495;497;499,405;477,365;442;446;448;451;454;457;461;465;467;469;474;479;506,,449;456;470;483;489;490;493;494;495,484;498,482
7OAP,1,af2,free,-663.5746199423413,-615.2111963920765,48.36342355026477,-46.98551272078981,-29.382076420580344,17.603436300209463,,339;478,472;481;485;499,320;347;358;367;369;390;418;422;436;443;500;502;527,452;501,447;448;449;455;456;471;475;482;487;489;490;491;492;493;494;495;497,375;405,377;442;446;451;457;506;516;528,484,449;456;470;483;490;493,486,487;495
