pdb,antibody,method,constrained,wt_total,om_total,d_total,wt_interface,om_interface,d_interface,tot_stab_mut_close,tot_stab_mut_distal,tot_stab_other_close,tot_stab_other_distal,tot_destab_mut_close,tot_destab_other_close,tot_destab_mut_distal,tot_destab_other_distal,int_destab_mut,int_destab_other,int_stab_mut,int_stab_other
7BEJ,1,rpk,cons,-565.2803294734239,-542.4618169883695,22.818512485054384,-56.65658252125522,-45.329594142267176,11.326988378988041,,339,,,405;417;498;501;505,493,371;373,372,417;486;498;505,,,
7BEJ,1,rpk,free,-584.7152779424719,-568.506571725095,16.208706217376857,-66.91578123693904,-45.742927448614374,21.172853788324666,,339,,480,405;417;477;498;505,476,371;373;375,365;368,405;417;486;498;505,495,478,
7BEJ,1,af2,cons,-617.0868666288675,-517.6808503036916,99.40601632517587,-44.65978968761336,-26.668273922212762,17.9915157654006,,339,421;458;500;502,483;485;490,405;417;477;478;505,453;456;457;473;474;475;476;479;480;487;489;494;495;497,452,365;442;445;446;448;451;467;469;491;492;506;538,417;486;505,456;475;476;487;495;502,477,421;474;503
7BEJ,1,af2,free,-666.8757077632556,-616.8642308336307,50.011476929624905,-67.0910539594792,-9.102577745435065,57.988476214044134,,339,500;502,320;338;347;358;367;369;390;436;443;472;483;485;490,405;417;501;505,453;454;455;456;460;473;474;480;487;495;497;503;506,375;452,326;368;377;425;430;442;445;446;448;451;467;469;471;491;492,405;417;486;498;501;505,403;409;420;455;456;460;473;475;487;489;495;502;503,477;478,479
