pdb,antibody,method,constrained,wt_total,om_total,d_total,wt_interface,om_interface,d_interface,tot_stab_mut_close,tot_stab_mut_distal,tot_stab_other_close,tot_stab_other_distal,tot_destab_mut_close,tot_destab_other_close,tot_destab_mut_distal,tot_destab_other_distal,int_destab_mut,int_destab_other,int_stab_mut,int_stab_other
7E5R,8,rpk,cons,-366.80726902278354,-322.28316262650026,44.52410639628329,-22.321820970206396,-23.317839332583432,-0.9960183623770362,,339,,508,484;498,,371;373;375;501,437;439;499,484,,493,
7E5R,8,rpk,free,-493.7792587895715,-490.2135201439394,3.565738645632109,-46.78796209593902,-51.71890951250396,-4.9309474165649405,,339;373;408,455;473;489,365;367;372;382;508,484;498,456,371;501,336;337;361;362;364;366;369;389;403;437;499;525;540,484,449;485,493,456;488;489
7E5R,8,af2,cons,-612.2190697570534,-519.5959609261095,92.62310883094392,-22.708874158660684,-13.983607904822968,8.725266253837717,,339,483;485;490,500;502;518,493;501,446;449;453;454;455;456;470;487;488;491;492;494;495;497,371;373;375;405,346;351;365;372;442;451;457;459;461;465;473;475;479;506;520;522;541,484,470;481;486;490;492;494,498,483;485;495
7E5R,8,af2,free,-661.0230064116117,-626.7124305425045,34.3105758691072,-53.720870939860724,-43.11681516455893,10.604055775301795,,339;408,482;483;485;500;502,320;354;367;369;389;390;407;436;437;443;474;518,452;493,446;449;451;456;469;470;481;489;491;492;495;497,405,374;377;391;403;424;430;435;442;448;459;465;467;479;506;517;519;520,484,446;449;470;481;483;490,498;501,485;486;487;494;495
