pdb,antibody,method,constrained,wt_total,om_total,d_total,wt_interface,om_interface,d_interface,tot_stab_mut_close,tot_stab_mut_distal,tot_stab_other_close,tot_stab_other_distal,tot_destab_mut_close,tot_destab_other_close,tot_destab_mut_distal,tot_destab_other_distal,int_destab_mut,int_destab_other,int_stab_mut,int_stab_other
7CWT,2,rpk,cons,-328.09215167634926,-321.67467417006867,6.417477506280591,-27.6590792564958,-22.734211048036727,4.924868208459074,,,,497,375;498;501,,493,,498;505,,,
7CWT,2,rpk,free,-460.95077321869485,-446.4348331918834,14.51594002681145,-35.77135156864437,-36.04858853969571,-0.2772369710513374,,,497,429;436;509,375;501;505,437;449,371;493,368;388;427;442;455,501;505,449;500;503,446;498,445;506
7CWT,2,af2,cons,-606.5484698777238,-576.3220072485716,30.226462629152252,-15.838166474829393,-24.090846815730657,-8.252680340901264,,339;371,,367;369;372;406;483;485;518,375;446;498;501;505,437;439;506;508,,365;368;374;389;420;434;435;448;455;489,498,,,445;449;499;500;506
7CWT,2,af2,free,-657.8199107369585,-652.6229396429437,5.196971094014771,-34.70044717312887,-29.622207662470565,5.078239510658307,,339;371,,369;372;389;406;450;483;485;516;518;527,446;496;498;501,497;499;500,,374;435;455;526,498;505,447;500;502,501,449;506
