pdb,antibody,method,constrained,wt_total,om_total,d_total,wt_interface,om_interface,d_interface,tot_stab_mut_close,tot_stab_mut_distal,tot_stab_other_close,tot_stab_other_distal,tot_destab_mut_close,tot_destab_other_close,tot_destab_mut_distal,tot_destab_other_distal,int_destab_mut,int_destab_other,int_stab_mut,int_stab_other
7NX6,1,rpk,cons,-555.7249886984412,-546.7337009390525,8.991287759388683,-53.021478482852565,-52.955654964093895,0.06582351875866976,,339;408,,406,375,,371,372;502,,,,
7NX6,1,rpk,free,-570.6094667346827,-565.592189625228,5.017277109454653,-60.82591642918261,-60.71761356921075,0.1083028599718645,,339;373,,,375,,371;405,502,375,,,388
7NX6,1,af2,cons,-605.7129524876775,-538.6142061886818,67.0987462989957,-33.069823419905006,-45.23836522746923,-12.168541807564225,,339,364;370;385,443;481;483;485;490;502,,,405;452;477;501,357;394;442;446;448;449;451;453;454;457;467;469;474;475;479;487;488;491;492;494;495;497;506,,,,369;377;385
7NX6,1,af2,free,-663.0799055266154,-626.4230595415884,36.656845985027076,-54.89827623096822,-69.00473312390352,-14.106456892935299,,339,374;377;385;517,338;342;358;367;443;472;483;490;500;502,,368;369;383;384,405;501,434;442;445;446;448;451;453;456;465;479;480;487;491;492;495;497;506,,370,,369;374;377;385;386
