pdb,antibody,method,constrained,wt_total,om_total,d_total,wt_interface,om_interface,d_interface,tot_stab_mut_close,tot_stab_mut_distal,tot_stab_other_close,tot_stab_other_distal,tot_destab_mut_close,tot_destab_other_close,tot_destab_mut_distal,tot_destab_other_distal,int_destab_mut,int_destab_other,int_stab_mut,int_stab_other
7L2C,2,af2,cons,-823.5663821021753,-787.8367118739677,35.729670228207624,-7.770541220973669,-19.98311517041612,-12.21257394944245,,,146;148;248,79;97;111;228,,147;156;245;249;257,19;24;25;26,18;23;29;80;140;233;244;258;259;260;270,,147;153,,148;248;250;251;254
7L2C,2,af2,free,-885.1186827601693,-868.2029381511969,16.91574460897243,-20.836853047606013,-35.55459392102945,-14.717740873423438,,,153;154;247;248;252;256,22;41;68;79;97;108;110;180;186;212;222;228;237;242;267;291,,156;245;249;258,19;24;25;26,29;71;78;98;118;140;181;191;210;221;244;259;260,,144;146;149;247,,156;248;251;252;254
