pdb,antibody,method,constrained,wt_total,om_total,d_total,wt_interface,om_interface,d_interface,tot_stab_mut_close,tot_stab_mut_distal,tot_stab_other_close,tot_stab_other_distal,tot_destab_mut_close,tot_destab_other_close,tot_destab_mut_distal,tot_destab_other_distal,int_destab_mut,int_destab_other,int_stab_mut,int_stab_other
6ZFO,1,rpk,cons,-480.13134934451307,-467.8562279771455,12.275121367367547,-41.1826918382027,-45.108196079035594,-3.9255042408328933,,339;408,,,,372,373;405;501,,,,,378
6ZFO,1,rpk,free,-514.3306245076556,-515.7072990854647,-1.3766745778091263,-54.69969527616115,-52.53866150195054,2.1610337742106083,,339;408;452,,436;502;508,,,405,506,,,,
6ZFO,1,af2,cons,-602.1953364376059,-523.8791885902796,78.3161478473263,-35.759305385745286,-33.38840677406312,2.370898611682165,,339,366;367;377;387;389;432;518,483;490;496;502,373,369,371;405;501,346;351;372;446;449;451;454;455;456;457;459;461;467;469;471;473;474;475;479;487;491;492;494;495;497;506;520;541,,370;386,,369;377;383
6ZFO,1,af2,free,-661.0514749372654,-624.4048249850409,36.64664995222449,-50.180595890499504,-54.76448250089263,-4.5838866103931295,,339;478,378;382;389;518,320;367;443;458;483;490;499;500;502;527,,383;385;386,371;405;493;501,365;442;445;446;447;448;449;451;453;454;467;480;487;491;492;495;497;503;506;511;519;520,,386,,369;377;378
