pdb,antibody,method,constrained,wt_total,om_total,d_total,wt_interface,om_interface,d_interface,tot_stab_mut_close,tot_stab_mut_distal,tot_stab_other_close,tot_stab_other_distal,tot_destab_mut_close,tot_destab_other_close,tot_destab_mut_distal,tot_destab_other_distal,int_destab_mut,int_destab_other,int_stab_mut,int_stab_other
7ND7,1,rpk,cons,-571.057031270545,-551.5323190335863,19.52471223695875,-41.95027011695556,-32.48061973297562,9.469650383979939,,339;408,,,484,,371;373;375;405,372,484;486,,,
7ND7,1,rpk,free,-606.6073144192749,-590.2982080417659,16.30910637750901,-56.860516684100254,-40.62771367091981,16.232803013180444,,339;408,,356,484,,371;373;376;405,372;450,484;486,494,,
7ND7,1,af2,cons,-600.7252232122501,-516.6340124330532,84.0912107791969,-31.85191747423249,-20.84311963682157,11.00879783741092,,339,481;482;483;485;500;502,,501,449;472;475;487;490;492;493;494;495;497,405;477,351;365;442;448;451;454;457;467;469;474;479;491;506,486,449;483;489;490;493;494,452;484;501,
7ND7,1,af2,free,-655.1599121542835,-612.1441345554551,43.01577759882832,-38.689109921779696,-41.82480042317208,-3.135690501392382,,339,481;483;485;490;499;502,320;367;369;372;390;436,452,445;446;447;449;455;489;492;493;494;495;497;503,371;405,377;386;391;407;421;442;448;451;457;465;467;491;506;507,484,449;483;492;493;494,486;498;501,450;487;499
