pdb,antibody,method,constrained,wt_total,om_total,d_total,wt_interface,om_interface,d_interface,tot_stab_mut_close,tot_stab_mut_distal,tot_stab_other_close,tot_stab_other_distal,tot_destab_mut_close,tot_destab_other_close,tot_destab_mut_distal,tot_destab_other_distal,int_destab_mut,int_destab_other,int_stab_mut,int_stab_other
7AKD,1,rpk,cons,-460.8222588042654,-447.56174139089865,13.260517413366756,-43.59577172666013,-38.95013934690533,4.645632379754801,,505,,492,339;371;373,343,375;484;501,,339,343,371,
7AKD,1,rpk,free,-558.4397057131215,-544.5083568235715,13.931348889550009,-58.44576982195531,-56.37546420801713,2.0703056139381815,,408,340;366,384;392;502;515,,368,375;405;484;501,347;377;381;442;455;495,339,342;343;374,371,
7AKD,1,af2,cons,-607.2251682475505,-508.93116388664976,98.29400436090077,-20.394320150726564,-8.933502093765426,11.460818056961138,,,369,483;490;502;518,339;371,370,373;405;452;501,346;351;446;449;451;453;454;455;456;457;471;473;475;479;487;491;492;494;495;497;506;520;522;538;541,339,367,,
7AKD,1,af2,free,-656.7648301170059,-601.7932719282016,54.97155818880424,-59.44242938713443,-38.515794929521434,20.926634457612998,,478,,320;354;360;379;443;483;490;499;500;502;518;528,371;373,356;364;365;370;374,405;493;501,391;433;442;445;446;447;448;451;453;455;467;487;488;491;492;495;497;506;519;520,339,338;343;363;364;365;367;368,,342
