pdb,antibody,method,constrained,wt_total,om_total,d_total,wt_interface,om_interface,d_interface,tot_stab_mut_close,tot_stab_mut_distal,tot_stab_other_close,tot_stab_other_distal,tot_destab_mut_close,tot_destab_other_close,tot_destab_mut_distal,tot_destab_other_distal,int_destab_mut,int_destab_other,int_stab_mut,int_stab_other
7LAA,1,rpk,cons,-468.97747780630857,-455.5831659258853,13.394311880423288,-21.372507049875203,-23.023917114991097,-1.6514100651158934,,339;505,,,,494,371;373;375;501,372,,,493,
7LAA,1,rpk,free,-543.5965342511261,-537.6394106140035,5.9571236371225496,-29.653326770916106,-33.91513706352266,-4.261810292606551,,339,,,478;484,,371;373;375,372;456,484,481,493,483;486;494
7LAA,1,af2,cons,-601.1863839945077,-600.2425707081636,0.9438132863440387,-17.854041491736695,-20.71622362896115,-2.8621821372244547,,339;371,472;481;483;485,367;369;372;406;518,496,449,375;501,365;368;374;420;434;435;455;528,484,449,493,471;481;483;494
7LAA,1,af2,free,-653.0097254293553,-649.8437604374984,3.1659649918568675,-32.81926364158013,-32.55298043893206,0.2662832026480686,,339;371,480;483;485,369;372;382;406;418;518;527,446;496;501,444;448;449;482;490,,332;356;374;435;455;526,484;493,482,,483;494
