pdb,antibody,method,constrained,wt_total,om_total,d_total,wt_interface,om_interface,d_interface,tot_stab_mut_close,tot_stab_mut_distal,tot_stab_other_close,tot_stab_other_distal,tot_destab_mut_close,tot_destab_other_close,tot_destab_mut_distal,tot_destab_other_distal,int_destab_mut,int_destab_other,int_stab_mut,int_stab_other
7B27,2,rpk,cons,-411.56162004047417,-361.14863256395535,50.41298747651882,-42.9147562381752,-37.93109024513142,4.983665993043779,,417;452,,343,405;440;478;484,391;472,371;373;493;498,372;395;423;485,478,458,,
7B27,2,rpk,free,-469.787255247322,-438.98073434892154,30.806520898400436,-60.089724056667784,-67.3646803241813,-7.2749562675135095,,408;417;452;501,439,356;370;377;378;413;420,478;484,460;479,371;373;376;493;498,326;344;346;350;372;395;398;485,,458,,441;471;480
7B27,2,af2,cons,-621.9883378402922,-519.6316371135915,102.35670072670064,-56.872967587847924,-32.95042743863199,23.922540149215934,,339,450;485;496;502,500;518,452;493;501,446;449;451;454;456;468;469;470;473;491;492;494;495;497,371;373;375;405,365;372;442;457;467;474;475;479;487;506;520;522;541,417;452;484,449;450;468;470;483;490;492;494,498,346;445;453;495;497
7B27,2,af2,free,-674.9908595365091,-623.976941101381,51.01391843512806,-89.6583651030659,-50.459029923302154,39.19933517976375,,339;408;478,473;496;499;502,320;358;367;389;390;407;436;443;500;518;527,417;484;493,351;444;445;446;448;449;451;455;468;487;492;494;495;497,405,357;374;377;391;420;442;454;465;479;491;506;528,417;484;493,346;351;444;449;450;468;470;481;483;487;489;490;492;494,498;501,403;453;486;488;495
