pdb,antibody,method,constrained,wt_total,om_total,d_total,wt_interface,om_interface,d_interface,tot_stab_mut_close,tot_stab_mut_distal,tot_stab_other_close,tot_stab_other_distal,tot_destab_mut_close,tot_destab_other_close,tot_destab_mut_distal,tot_destab_other_distal,int_destab_mut,int_destab_other,int_stab_mut,int_stab_other
7NX6,1,rpk,cons,-555.79001274588,-550.3072792632272,5.482733482652748,-53.108657589547725,-53.025951224051134,0.08270636549659116,,339;446,,406,375,,371,372;502,,,,
7NX6,1,rpk,free,-566.434600427719,-569.8071109283603,-3.372510500641283,-61.877565925914574,-60.884128704882244,0.9934372210323303,,339;446,374;434,,375,,371,502,,,,
7NX6,1,af2,cons,-605.7129524876775,-609.7933390915082,-4.080386603830675,-33.069823419905006,-40.02877207244312,-6.958948652538112,,339,366;372;385;518,406;483;485,375,365;369;374;387;389;528,501,420;434;435;452;489;499,,366,373,372;377;384;385;386
7NX6,1,af2,free,-663.0799055266154,-665.7884311293642,-2.7085256027487503,-54.89827623096822,-65.89365288786627,-10.995376656898046,,339,372;377;384;517;518,406;483;485;527,,374;383;389;414,,332;387;448;519,,370,,372;377;379;386
