pdb,antibody,method,constrained,wt_total,om_total,d_total,wt_interface,om_interface,d_interface,tot_stab_mut_close,tot_stab_mut_distal,tot_stab_other_close,tot_stab_other_distal,tot_destab_mut_close,tot_destab_other_close,tot_destab_mut_distal,tot_destab_other_distal,int_destab_mut,int_destab_other,int_stab_mut,int_stab_other
7JZM,1,rpk,cons,-556.2858491360503,-527.6812716408991,28.604577495151148,-54.91987121070297,-48.67456339681317,6.245307813889802,,339,,,417;501,449,371;373;375,369;372,417;505,,493;498,
7JZM,1,rpk,free,-572.9815720691947,-571.9900441704674,0.9915278987273268,-56.47898493800134,-56.44076283247816,0.03822210552318239,,339,502,,417;501,449;490;506,371;375,434,417;505,449,493;498;501,453
7JZM,1,af2,cons,-614.990051773678,-609.4033580581187,5.586693715559363,-48.41973724819465,-48.16077089955461,0.25896634864003687,,339;371,403;485,367;369;372;483;518,417;496;498;501,449;494,375,365;368;434;435;499;528,417;505,,493;496,403
7JZM,1,af2,free,-654.525781072711,-661.3240439370761,-6.798262864365142,-64.38920149660579,-67.30774426928218,-2.918542772676389,,339,403;406;483;485;488,369;372;451;472;518;527,417,449;486;497,,365;368;374,417;484;505,486,493;496;498;501,403
