pdb,antibody,method,constrained,wt_total,om_total,d_total,wt_interface,om_interface,d_interface,tot_stab_mut_close,tot_stab_mut_distal,tot_stab_other_close,tot_stab_other_distal,tot_destab_mut_close,tot_destab_other_close,tot_destab_mut_distal,tot_destab_other_distal,int_destab_mut,int_destab_other,int_stab_mut,int_stab_other
6XKP,2,rpk,cons,-525.5982093699683,-493.2932537964178,32.30495557355056,-37.75936062181053,-31.226384221483073,6.532976400327456,,339;408,,,452;484,,371;373;375,372,452;484,,,
6XKP,2,rpk,free,-556.8435085404495,-552.4941805869728,4.349327953476745,-48.126757794956816,-45.286639766749246,2.84011802820757,,339,,406;508,452,,371;373;405,,452;484,,,483
6XKP,2,af2,cons,-606.6675625329074,-519.8255977562928,86.84196477661453,-23.962489534496846,-22.73941223782081,1.2230772966760348,,339,450;483;490,383;434;481;496;500;502;508;518,501,351;446;448;449;451;491;492;494;495;497,371;373;405,365;372;454;456;457;459;461;467;469;471;473;474;475;479;487;488;489;506;520;522;541,,444;446;449;450;490,,346;445;494;495;497
6XKP,2,af2,free,-652.0813511906495,-612.679909719966,39.401441470683494,-41.52416422830598,-17.51208672376841,24.01207750453757,,339;478,450;466;490,320;356;367;369;390;407;436;443;458;502;518;527,452;493,444;446;447;448;449;451;454;491;492;495,405;501,374;391;435;456;469;487;506;519;520;528,452;484;498,346;444;447;449;450;483,,497
