pdb,antibody,method,constrained,wt_total,om_total,d_total,wt_interface,om_interface,d_interface,tot_stab_mut_close,tot_stab_mut_distal,tot_stab_other_close,tot_stab_other_distal,tot_destab_mut_close,tot_destab_other_close,tot_destab_mut_distal,tot_destab_other_distal,int_destab_mut,int_destab_other,int_stab_mut,int_stab_other
7LY3,1,af2,cons,-802.2292681179608,-791.7758615950087,10.45340652295215,-26.520029917148946,-24.947353120365296,1.5726767967836501,,67;95,18;138;154;158;247,22;75;76;77;79;97;111;124;213;nan;215;216;242;260;272,142;143;144;145,17;20;147;148;149;150;151;153;249;254;256,212,23;32;62;141;152;179;210;245;259,144,17;147;148;248,,150;154;156;158;249;252;255;256
7LY3,1,af2,free,-881.6908303909843,-868.099446207346,13.591384183638297,-47.200264918750364,-31.609981788796553,15.59028312995381,,67;95,18,54;68;77;80;111;114;128;186;213;nan;215;216;222;242,142;143;144,20;21;146;147;148;151;153;253;254;255,70;212,50;85;100;102;152;179;249;263;269;298,144,19;146;147;148;246;247;248;258,,17;150;154
