pdb,antibody,method,constrained,wt_total,om_total,d_total,wt_interface,om_interface,d_interface,tot_stab_mut_close,tot_stab_mut_distal,tot_stab_other_close,tot_stab_other_distal,tot_destab_mut_close,tot_destab_other_close,tot_destab_mut_distal,tot_destab_other_distal,int_destab_mut,int_destab_other,int_stab_mut,int_stab_other
6ZH9,2,rpk,cons,-540.5081204669702,-511.8271431323388,28.68097733463145,-43.601795193598456,-37.54667429688725,6.055120896711209,,339,,,452;484,,371;373;375;405;498;501,372,452;484,,,
6ZH9,2,rpk,free,-569.2214259075616,-553.790927673429,15.430498234132642,-47.10616355930242,-45.858146022455415,1.2480175368470086,,339;408,,,,446;455,371;373;498;501,372;499,484,,,
6ZH9,2,af2,cons,-616.4974468127936,-528.4104408801284,88.08700593266519,-34.70114366084807,-11.556633581784485,23.144510079063583,,339,450;481;483;485;496,421;502;508,452,446;448;449;451;455;456;488;489;491;492;493;494;495;497,405;477,351;365;391;442;454;457;467;469;474;475;479;487;506,,449;455;470;483;489;490;494,501,492
6ZH9,2,af2,free,-666.6700444316757,-616.3584881844334,50.311556247242265,-45.6194731169422,-19.432886832811622,26.18658628413058,,339;478,450;472;499;500;502,320;367;369;372;390;407;421;436;528,452,446;448;449;451;455;456;483;488;489;491;492;493;495;497,405,403;442;457;465;467;480;487;506;526,484,449;455;470;483;489;490;493,498;501,445;495;499
