pdb,antibody,method,constrained,wt_total,om_total,d_total,wt_interface,om_interface,d_interface,tot_stab_mut_close,tot_stab_mut_distal,tot_stab_other_close,tot_stab_other_distal,tot_destab_mut_close,tot_destab_other_close,tot_destab_mut_distal,tot_destab_other_distal,int_destab_mut,int_destab_other,int_stab_mut,int_stab_other
7KML,3,rpk,cons,-584.9183305853823,-563.836443472519,21.081887112863228,-45.226639729516044,-43.02675379018522,2.1998859393308265,,,403,,405;484;493;501,490,371;373;375;452,434;496,417,,493,
7KML,3,rpk,free,-603.5551766700356,-585.1674119825091,18.387764687526555,-45.72108876943218,-52.48074944676471,-6.759660677332533,,339,,,405;493;501,486,371;375,446;496,417,,493;505,490
7KML,3,af2,cons,-608.2978727217571,-525.9287521743092,82.36912054744789,-28.96936479630556,-31.07810815461869,-2.1087433583131308,,339,483;486;490;502,443;500;518,405;484;493;501,449;453;455;456;457;473;487;492;494;495;497,371;373,346;351;365;372;442;446;451;454;461;469;471;479;491;506;520;541,417;505,456;473;487,,403;475;486;495
7KML,3,af2,free,-656.6320633762887,-614.4314875595475,42.20057581674121,-48.31231022590327,-64.39810331501918,-16.085793089115917,,339,476;485;486;489;490;502,320;367;369;390;407;422;436;443;500;518;528,405;417;452;493;501,456;473;474;475;487;491;492;495;497,,374;391;435;445;446;447;448;451;465;506;519;520;526;540,417;484;493;505,473;483,498,453;457;474;475;485;486;494;495;503
