pdb,antibody,method,constrained,wt_total,om_total,d_total,wt_interface,om_interface,d_interface,tot_stab_mut_close,tot_stab_mut_distal,tot_stab_other_close,tot_stab_other_distal,tot_destab_mut_close,tot_destab_other_close,tot_destab_mut_distal,tot_destab_other_distal,int_destab_mut,int_destab_other,int_stab_mut,int_stab_other
7NX8,2,rpk,cons,-549.4985480957937,-543.2827151565391,6.215832939254597,-46.87408424402173,-42.847535482562634,4.026548761459097,,339;373,,,505,500,375;376,,505,,501,
7NX8,2,rpk,free,-566.4812440908156,-566.8694380429265,-0.38819395211089613,-53.47778767868593,-56.05748532963159,-2.5796976509456613,,339;373,418;420;458,471,405;505,500,371;375,,417;505,457,493;501,456;460;489
7NX8,2,af2,cons,-609.9001613147907,-462.38042005385546,147.51974126093523,-39.1525786621879,0.7991661225944409,39.95174478478234,,339,481;485;489;496;502,434;483;490;518,405;477;478;493;501;505,449;453;454;455;456;457;459;473;474;475;476;479;487;494;495;497;503;506,371;373;375;452,346;351;365;372;446;451;467;469;491;492;520;522;541,417;477;478;505,455;473;474;475;476,498,487;489;504
7NX8,2,af2,free,-659.154802763422,-617.2330311268054,41.921771636616654,-68.35187286490628,-22.814596917804586,45.5372759471017,,339,474;485;500;502,320;367;369;390;407;436;437;443;472;482;483;490;518;528,405;493;505,403;406;447;456;457;459;473;475;487;495;497;506,,351;374;391;442;445;446;451;491;492;519;520;526,493;505,420;421;455;456;460;473;475;486;487;489;495,,453;503
