pdb,antibody,method,constrained,wt_total,om_total,d_total,wt_interface,om_interface,d_interface,tot_stab_mut_close,tot_stab_mut_distal,tot_stab_other_close,tot_stab_other_distal,tot_destab_mut_close,tot_destab_other_close,tot_destab_mut_distal,tot_destab_other_distal,int_destab_mut,int_destab_other,int_stab_mut,int_stab_other
7E5R,2,af2,cons,-824.2967904257162,-782.970224708597,41.32656571711914,-5.471387053110362,-12.957931163822522,-7.48654411071216,,,144;248,97;111;228;272,,146;156;245;249;250;256,19;24;25;26,18;23;29;77;80;140;193;233;244;254;257;258;259;270,,,,246;248;251
7E5R,2,af2,free,-879.3690274091291,-880.891343422021,-1.5223160128919062,-6.9830316243774435,-19.20872184805602,-12.225690223678576,,,248;251;252;256,41;79;81;97;182;222;228;229;291,,143;249;250,19;25;26,22;23;71;77;80;84;134;135;140;181;191;221;254,,,,248;251;252
