pdb,antibody,method,constrained,wt_total,om_total,d_total,wt_interface,om_interface,d_interface,tot_stab_mut_close,tot_stab_mut_distal,tot_stab_other_close,tot_stab_other_distal,tot_destab_mut_close,tot_destab_other_close,tot_destab_mut_distal,tot_destab_other_distal,int_destab_mut,int_destab_other,int_stab_mut,int_stab_other
7MKL,1,rpk,cons,-311.8187423977954,-299.85552208793206,11.963220309863345,-29.554334127250602,-30.033383184761163,-0.4790490575105615,,339,,,,439,373;375;405;501,455,,,,
7MKL,1,rpk,free,-438.482114816695,-440.1362518035133,-1.654136986818287,-38.798032218848846,-38.02333591376613,0.7746963050827134,,339;452;505,447,367;370;374;488,,446,371;405;493,366;369;377;392;422;434,,441,,
7MKL,1,af2,cons,-613.6487027197859,-511.767604812305,101.88109790748086,-26.292548589914123,-4.586320043836812,21.706228546077313,,339,,483;490;502;508;518,501,346;439;441;444;445;446;447;448;449;451;494,371;373;405,351;365;372;454;455;456;457;471;473;475;479;487;491;492;495;497;506;520;522;541,,441;444;445;449,440,
7MKL,1,af2,free,-660.6302618178154,-611.4791637933329,49.15109802448251,-39.18211533653754,-11.79675570815772,27.385359628379824,,339;478,500,320;367;369;390;407;421;436;483;490;502;518;527,,441;444;445;446;447;448;451,405;493;501,374;391;403;420;425;435;453;454;465;471;487;491;492;495;497;506;517;519;520;528,498,441;444;445;446;499,,
