pdb,antibody,method,constrained,wt_total,om_total,d_total,wt_interface,om_interface,d_interface,tot_stab_mut_close,tot_stab_mut_distal,tot_stab_other_close,tot_stab_other_distal,tot_destab_mut_close,tot_destab_other_close,tot_destab_mut_distal,tot_destab_other_distal,int_destab_mut,int_destab_other,int_stab_mut,int_stab_other
7DX4,1,rpk,cons,-515.4951266216178,-492.3829728583021,23.112153763315746,-54.465228535924496,-53.87889178576513,0.5863367501593686,,339,,,484;493,,371;373;375;446;501,372,,,,
7DX4,1,rpk,free,-554.0340738627599,-539.5492653048696,14.484808557890346,-61.59931076082486,-57.08349329780731,4.515817463017548,,339,,372;374;376;502;508,484,490,371;375;446;498;501,506,,357;471,,
7DX4,1,af2,cons,-623.3097800965609,-624.0039122322521,-0.694132135691234,-46.643776966770105,-44.24576359363051,2.398013373139598,,339;371,483,367;369;372;406;485;518,,494,375;446;501,365;368;374;420;434;435;455;499;528,,471;483,,482
7DX4,1,af2,free,-662.466703337173,-667.0721640455088,-4.605460708335727,-66.15824615875111,-59.31765237386069,6.840593784890423,,339,450;467;471;480,369;372;393;406;516;518,,449,496;501,374;435;455;526,484,346;457;481;483,,357;467;471
