pdb,antibody,method,constrained,wt_total,om_total,d_total,wt_interface,om_interface,d_interface,tot_stab_mut_close,tot_stab_mut_distal,tot_stab_other_close,tot_stab_other_distal,tot_destab_mut_close,tot_destab_other_close,tot_destab_mut_distal,tot_destab_other_distal,int_destab_mut,int_destab_other,int_stab_mut,int_stab_other
7CZV,3,rpk,cons,-448.0678601214011,-425.9661381205586,22.10172200084253,-34.87646453321483,-27.72993172686039,7.14653280635444,,339,,,417;501,,371;373;375,372,417;505,,,
7CZV,3,rpk,free,-515.1713466540398,-517.9454652029767,-2.77411854893694,-57.02083333448095,-56.71776286374599,0.3030704707349585,,,449;455;489,386;392,417;477;501,487,371;375,370;390;434;491,408;417;477;505,449;487;503,,421;475;485;489
7CZV,3,af2,cons,-610.7866204499812,-525.6297040157745,85.15691643420678,-28.850654399116003,-29.30643916421279,-0.4557847650967872,,339,483;485;490;499;500;502,481,405;417;477;501;505,474;487;488;492;493;494;495;497,,365;442;448;451;454;457;467;469;479;480;491;506,417;505,449;493,498,403;487;495;499;500
7CZV,3,af2,free,-658.5236399762156,-610.5664549694353,47.957185006780264,-56.173703715637615,-57.33769138941772,-1.163987673780106,,339,450;483;485;490;499;500;502,356;360;367;369;372;390;466,405;486,403;406;416;446;453;455;479;487;493;495;497;506,375,381;391;392;410;433;442;448;451;454;457;469;480;491;492,484;486;505,403;415;449;489;493,477;478;498;501,420;476;499;500;502;503
