pdb,antibody,method,constrained,wt_total,om_total,d_total,wt_interface,om_interface,d_interface,tot_stab_mut_close,tot_stab_mut_distal,tot_stab_other_close,tot_stab_other_distal,tot_destab_mut_close,tot_destab_other_close,tot_destab_mut_distal,tot_destab_other_distal,int_destab_mut,int_destab_other,int_stab_mut,int_stab_other
7N5H,3,rpk,cons,-503.46425419761806,-486.88203620854836,16.582217989069704,-45.65260352923932,-45.73868593501013,-0.08608240577081006,,339,,495,371;373,372,375;446;484;493;501,490,,,,
7N5H,3,rpk,free,-580.4796763008457,-562.5946549864975,17.885021314348137,-46.21383503543602,-49.686113388013304,-3.472278352577284,,339,372;420,326;356;491;515,371,,446;484;493,338;341;365;449;490;499,,,,415
7N5H,3,af2,cons,-611.1800943973833,-608.0628793982255,3.1172149991577953,-37.75390896842026,-35.072398976777706,2.6815099916425567,,339,,406;483;485;518,,365;368;384;434,375;446;501,435;455;499;528,,,,408;414
7N5H,3,af2,free,-661.0579702490472,-659.6095612419083,1.4484090071389346,-57.38985685548281,-51.3261386145863,6.063718240896513,,339,,338;436;480;483;515;518,,365;368;405,446,332;356;374;389;432;517,505,369;405;413;460,,420;427
