pdb,antibody,method,constrained,wt_total,om_total,d_total,wt_interface,om_interface,d_interface,tot_stab_mut_close,tot_stab_mut_distal,tot_stab_other_close,tot_stab_other_distal,tot_destab_mut_close,tot_destab_other_close,tot_destab_mut_distal,tot_destab_other_distal,int_destab_mut,int_destab_other,int_stab_mut,int_stab_other
6XC2,2,rpk,cons,-509.1951298787019,-441.4296965467505,67.76543333195139,-67.92962131858988,-50.238407479251045,17.691213839338836,,339,403,,498;501;505,495;496,373,372;374,408;417;498;505,496,,453
6XC2,2,rpk,free,-533.2795019757488,-476.4943419543655,56.78516002138326,-68.62853620717361,-66.06589592555277,2.562640281620844,,339,420;503,370;508,493;498,489,373;452,372;374;499,408;417;505,403;489,405;501,503
6XC2,2,af2,cons,-609.8327304032478,-461.84418205694715,147.9885483463006,-51.757364954255124,-26.825302945437652,24.93206200881747,,339,403;483;485;486;490;500;502,518,405;477;478;493;498;501;505,446;449;451;453;454;455;456;457;471;472;473;474;475;476;487;488;489;492;494;495;497;504;506,371;373,346;351;365;372;442;448;465;491;520;522;541,477;478;493;505,455;474;475;476;489;494;496,498,403;416;486;487;499;500;503
6XC2,2,af2,free,-660.2795752910993,-600.4605954193735,59.81897987172579,-73.39571829902124,-52.91316091130729,20.482557387713953,,339,485;490;500;502,320;338;367;382;443;450;461;482;518,405;498;501;505,421;446;449;453;454;456;475;486;487;492;494;495;497;506,371;375,342;365;377;391;442;445;448;451;465;468;469;491;511;517;519;520,484;493;501;505,420;421;455;460;473;486;489;502,478,415;456;457;458;476;495;503
