pdb,antibody,method,constrained,wt_total,om_total,d_total,wt_interface,om_interface,d_interface,tot_stab_mut_close,tot_stab_mut_distal,tot_stab_other_close,tot_stab_other_distal,tot_destab_mut_close,tot_destab_other_close,tot_destab_mut_distal,tot_destab_other_distal,int_destab_mut,int_destab_other,int_stab_mut,int_stab_other
7CWU,2,rpk,cons,-415.59331195482946,-394.92136399679106,20.671947958038402,-42.51238194243314,-44.827296283457855,-2.3149143410247177,,,,506;508,478,,371;373;501,,,,452,487
7CWU,2,rpk,free,-539.3443459064224,-525.5714444099467,13.772901496475697,-54.36216523673162,-53.74121038345436,0.6209548532772615,,,,366;388;436;510,452;478,446;483,371;405;501,365;369;385;409;419,484,,478,449
7CWU,2,af2,cons,-611.2517064631296,-523.7857586845352,87.46594777859445,-32.100502364828245,-23.639026475481344,8.4614758893469,,339,483;485,434;500;502;508,452,446;449;469;475;479;480;487;491;492;493;494;495;497,405;477,346;365;442;445;448;451;453;454;457;461;467;474;506,484,481;483;489;490;494,498;501,485;495
7CWU,2,af2,free,-653.892019055294,-612.633400904767,41.25861815052701,-51.908258282607086,-39.97957443560124,11.928683847005843,,339,483;485;499,320;347;358;367;369;390;418;422;436;500;502,452,445;446;447;455;456;475;480;487;491;492;495;497,375;405,368;389;442;451;453;479;506;526;541,,447;449;472;481;483;489;490,498;501,470;485;493;494;495
