pdb,antibody,method,constrained,wt_total,om_total,d_total,wt_interface,om_interface,d_interface,tot_stab_mut_close,tot_stab_mut_distal,tot_stab_other_close,tot_stab_other_distal,tot_destab_mut_close,tot_destab_other_close,tot_destab_mut_distal,tot_destab_other_distal,int_destab_mut,int_destab_other,int_stab_mut,int_stab_other
7MZH,2,rpk,cons,-552.2184235218917,-536.9122557952676,15.306167726624153,-47.5956804108176,-45.99596905828033,1.5997113525372697,,339,,,501,,371;375;446,372,493,,,
7MZH,2,rpk,free,-572.9820930594149,-560.6070902163751,12.375002843039738,-59.02941528613056,-61.514744074638394,-2.485328788507836,,339,,368;497,446,494;495,371,372,493,,505,
7MZH,2,af2,cons,-588.8901179350241,-617.4382207093431,-28.548102774318977,-28.834267168431367,-43.84647885966031,-15.012211691228941,,339;371,480;483;485;486,367;369;372;406;518,501,455,375;446,365;368;434;435;452;499;528,,,484,483;486
7MZH,2,af2,free,-661.3125582650882,-667.6970151051437,-6.3844568400554635,-48.005523398122406,-59.750083589463834,-11.744560191341428,,339;371,480;483;485;488,369;372;406;418;518;527,,455;486,446,374;430;435;448;526,,473,477;478;484,483;486
