pdb,antibody,method,constrained,wt_total,om_total,d_total,wt_interface,om_interface,d_interface,tot_stab_mut_close,tot_stab_mut_distal,tot_stab_other_close,tot_stab_other_distal,tot_destab_mut_close,tot_destab_other_close,tot_destab_mut_distal,tot_destab_other_distal,int_destab_mut,int_destab_other,int_stab_mut,int_stab_other
7MMO,1,rpk,cons,-575.0362458777624,-563.8086216276022,11.227624250160261,-49.54203058677058,-49.14030855829677,0.4017220284738059,,339,,,446,,371;373;375,372;455,446,,498,
7MMO,1,rpk,free,-596.6919830138366,-594.3911638174188,2.3008191964178195,-51.52352322290667,-55.84954595963238,-4.326022736725712,,339,,368;369;406;434,446,,373;375,372;455,,,498,
7MMO,1,af2,cons,-617.0799925714275,-616.7034656941983,0.37652687722925293,-47.60126653513564,-39.79506520671948,7.806201328416165,,339;371;484,,367;369;372;406;472;483;485;518,,445,375,365;368;374;389;420;434;435;455;494,446,444;445;447,498,
7MMO,1,af2,free,-665.2421868199768,-666.5317117199318,-1.2895248999549267,-51.37347545265708,-51.46815335710297,-0.09467790444588786,,339,346;450;451,369;372;390;406;425;483;518,446,445;448;449,,332;365;368;374;391;392;455,,444;445,498,345
