pdb,antibody,method,constrained,wt_total,om_total,d_total,wt_interface,om_interface,d_interface,tot_stab_mut_close,tot_stab_mut_distal,tot_stab_other_close,tot_stab_other_distal,tot_destab_mut_close,tot_destab_other_close,tot_destab_mut_distal,tot_destab_other_distal,int_destab_mut,int_destab_other,int_stab_mut,int_stab_other
7MJJ,1,rpk,cons,-533.1933604762888,-529.5543251683541,3.639035307934705,-43.23335244600567,-36.41596751615712,6.817384929848551,,339;446,,,,,371;373;375,372,477;493,,,
7MJJ,1,rpk,free,-571.9384038460661,-586.6267747664391,-14.688370920373018,-52.60944698855752,-48.064358855906875,4.545088132650648,,339,474;490;495,436,,492,373;375,372;374;452,417;477;505,,478;501,489
7MJJ,1,af2,cons,-611.3845479502122,-612.9129205837628,-1.528372633550589,-32.226927268556814,-39.13827673495619,-6.911349466399379,,339;371;484,,367;372;472;481;483;485;518,493;501,492,375,365;368;435;452;499;528,505,,478,403;473;487
7MJJ,1,af2,free,-658.2460810310951,-659.5660750168362,-1.319993985741121,-58.163046941945325,-56.70933293030986,1.453714011635462,,339;371,406;485;488,369;372;425;450;451;518;527,493,489;492,446,332;374;430;435;452;479;528,417;505,486;489,478;493;501,421
