pdb,antibody,method,constrained,wt_total,om_total,d_total,wt_interface,om_interface,d_interface,tot_stab_mut_close,tot_stab_mut_distal,tot_stab_other_close,tot_stab_other_distal,tot_destab_mut_close,tot_destab_other_close,tot_destab_mut_distal,tot_destab_other_distal,int_destab_mut,int_destab_other,int_stab_mut,int_stab_other
7EY5,1,rpk,cons,-418.48884534934757,-410.26395787622766,8.224887473119907,-31.019531775861132,-28.77711681958956,2.242414956271574,,339;408,,374,501,,371;375;376;405,372,498,,,
7EY5,1,rpk,free,-497.5260354053004,-483.83182582618286,13.694209579117512,-34.59252811435934,-31.75312443625966,2.8394036780996785,,339,,364;370;434;502;508,,,371;375;405,362;363;372;392;432,498,,,
7EY5,1,af2,cons,-618.6813508104983,-533.9626390705239,84.71871173997442,-32.10789782771013,-11.032702736781667,21.075195090928467,,339,,481;483;485;490;502,,441;442;444;445;446;447;506,405;477,365;448;451;453;454;456;457;461;465;469;474;475;479;480;487;488;491;492;493;494;495;497,498,444;445;499;500,440,
7EY5,1,af2,free,-663.58791391666,-602.5675467767921,61.02036713986786,-40.42483531362445,-25.39386576876103,15.030969544863417,,339,439;449;500;502,320;367;369;372;390;436;472;483;490;496;518;527,440,442;444;445;446;447;448;506,371;405,351;353;386;391;407;420;434;435;451;453;456;466;467;471;479;487;491;492;495;497;528,498,444;445;450;499;500,,439;449;503
