pdb,antibody,method,constrained,wt_total,om_total,d_total,wt_interface,om_interface,d_interface,tot_stab_mut_close,tot_stab_mut_distal,tot_stab_other_close,tot_stab_other_distal,tot_destab_mut_close,tot_destab_other_close,tot_destab_mut_distal,tot_destab_other_distal,int_destab_mut,int_destab_other,int_stab_mut,int_stab_other
7E8C,7,rpk,cons,-366.2857319634821,-331.0901867949353,35.1955451685468,-44.05345349564402,-35.88127035513125,8.172183140512772,,339,,,484;498;501;505,446,371;373;375,369;499,408;486;501;505,,478,
7E8C,7,rpk,free,-463.8163135501433,-466.66053078293805,-2.8442172327947333,-56.50777995015199,-54.18334179833839,2.3244381518136024,,339,474,365;368;394;413;524;527;528;529;530,405;478;484;498;501,494;499,371;375;452,363;364;446;525;526;531,417;486,,,475;500
7E8C,7,af2,cons,-614.4869308938437,-508.5726073276952,105.91432356614848,-43.640464168685384,-15.024569759638023,28.61589440904736,,339,458;500;502,483;485,405;477;478;498;501;505,454;456;457;473;474;475;476;479;480;487;494;495;497;503;506,452,365;442;445;446;448;451;467;469;491;492,417;478;501;505,455;473;475;476;489;502,477,474
7E8C,7,af2,free,-662.5001378201061,-621.6632114318375,40.836926388268694,-63.328124907912056,-28.05951315889651,35.26861174901555,,484,490;496;500;502,320;338;358;366;367;372;390;423;443;472;483;499,405;417;501;505,403;420;446;447;449;457;476;488;495;497,371,377;430;442;445;448;451;465;466;471;480;491;492;506;526,408;417;477;501;505,403;420;421;455;456;473;476,,453;475;503
