pdb,antibody,method,constrained,wt_total,om_total,d_total,wt_interface,om_interface,d_interface,tot_stab_mut_close,tot_stab_mut_distal,tot_stab_other_close,tot_stab_other_distal,tot_destab_mut_close,tot_destab_other_close,tot_destab_mut_distal,tot_destab_other_distal,int_destab_mut,int_destab_other,int_stab_mut,int_stab_other
7D4G,1,af2,cons,-817.790327055136,-799.0352636870957,18.755063368040283,-7.035337881677986,-14.209466523261169,-7.174128641583183,,67;95,147;148;247,18;19;21;22;29;75;76;77;79;97;111;124;138;186;213;nan;215;216;229;260;272,142;143;144,149;151;153;156;246;254;256;257,212,20;23;141;152;179;187;210;245;249;255;258;259,144,146;155,,147;148;149;257
7D4G,1,af2,free,-899.3329200117048,-884.939814400387,14.393105611317765,-8.607100624236864,-14.313368718542002,-5.706268094305138,,67;95,155;247;248,35;55;76;77;78;94;111;114;121;154;170;186;200;213;nan;215;216;222;229;233;242,142;143;144,146;151;153;244;249;255;256,69;70;212,20;21;85;98;99;108;135;152;180;181;183;187;203;221;258;262,,146,,246;251;257
