pdb,antibody,method,constrained,wt_total,om_total,d_total,wt_interface,om_interface,d_interface,tot_stab_mut_close,tot_stab_mut_distal,tot_stab_other_close,tot_stab_other_distal,tot_destab_mut_close,tot_destab_other_close,tot_destab_mut_distal,tot_destab_other_distal,int_destab_mut,int_destab_other,int_stab_mut,int_stab_other
7OLZ,1,rpk,cons,-472.269128840196,-453.17271931371977,19.096409526476236,-49.44386213429127,-33.25510761659929,16.188754517691983,,339,,,371;373;375,368;370;372,484,455,376;408,368;369;508,371,
7OLZ,1,rpk,free,-496.7999723684835,-489.12561851047144,7.6743538580120685,-52.08872665341737,-35.68690211434294,16.401824539074426,,339,406,,373;375,370;372,484;501,455;490,376;408,368;369;508,371;405,
7OLZ,1,af2,cons,-618.8359277241889,-538.6932079493438,80.14271977484509,-35.51879305241592,-28.587132932995562,6.931660119420361,,339,502,390;481;483;485;490;500,375;405,372;374;506;508,452;477;501,365;442;448;451;453;456;457;467;469;474;475;479;480;487;488;491;492;494;495;497,408,372;503;508,373,378
7OLZ,1,af2,free,-659.8748781557741,-615.1677570191471,44.70712113662705,-45.61754895534443,-27.777049490679296,17.840499464665136,,339,369,320;347;390;418;430;483;485;490;499;500;502;528,375;405,503;506,501,365;381;391;442;445;446;447;448;451;453;456;465;474;479;480;487;491;492;493;495;497,408,370;372;385;503;508,,378
