pdb,antibody,method,constrained,wt_total,om_total,d_total,wt_interface,om_interface,d_interface,tot_stab_mut_close,tot_stab_mut_distal,tot_stab_other_close,tot_stab_other_distal,tot_destab_mut_close,tot_destab_other_close,tot_destab_mut_distal,tot_destab_other_distal,int_destab_mut,int_destab_other,int_stab_mut,int_stab_other
6XC7,1,rpk,cons,-520.5248881903613,-496.03088741083104,24.49400077953021,-38.00929718999793,-34.455663240931074,3.5536339490668567,,339,,,405;498;501,,371;373;375,372,501;505,,,
6XC7,1,rpk,free,-555.1451026333499,-542.357759879865,12.78734275348495,-46.710681821651775,-50.336201406498965,-3.62551958484719,,339,,358,405;501,,371;375,368;377;384;492;499,,421,501,502
6XC7,1,af2,cons,-598.7640999315918,-459.62527193740414,139.13882799418764,-28.452533858600468,50.738343503216036,79.1908773618165,,339,481;489;500;502,483;485;490,405;477;478;501,453;454;456;457;474;475;476;479;487;494;495,452,365;442;446;448;449;451;467;469;491;492;497;506,477;478;505,455;456;474;475;476;479;489,498,503
6XC7,1,af2,free,-654.8462787168401,-610.4687431335308,44.37753558330928,-45.706209804672866,-35.13520462931912,10.571005175353747,,339,458;490;496;499;502;503,338;358;367;369;382;389;390;436;443;472;483;485;500,405;417;501,453;456;457;459;475;487;495,375;452,351;356;368;377;395;442;445;446;447;448;454;465;480;491;492;497;506;526,417;505,455;456;457;473;489,477;498,503
