pdb,antibody,method,constrained,wt_total,om_total,d_total,wt_interface,om_interface,d_interface,tot_stab_mut_close,tot_stab_mut_distal,tot_stab_other_close,tot_stab_other_distal,tot_destab_mut_close,tot_destab_other_close,tot_destab_mut_distal,tot_destab_other_distal,int_destab_mut,int_destab_other,int_stab_mut,int_stab_other
7BEI,1,rpk,cons,-564.3488555139431,-542.4269659836756,21.92188953026755,-66.67908167835573,-49.24450996593284,17.434571712422887,,339,,406,417;498;501;505,495,371;373;375;376,372,408;417;486;505,495,,
7BEI,1,rpk,free,-581.1074874481119,-571.4250984024428,9.682389045669083,-78.33819104291405,-56.96434109015172,21.373849952762328,,339,406,365;366,498;505,,371;373;375,372;378,417;486;498;505,403;495,501,
7BEI,1,af2,cons,-616.4423632430392,-508.5161746509749,107.92618859206425,-59.248283560462085,-31.032403558771776,28.21588000169031,,339,458;485;490;500;502,483,405;477;478;498;501;505,448;454;456;473;474;475;476;479;480;487;489;492;493;494;495;497;503,452,365;442;446;451;467;469;491;506,408;417;478;498;501;505,456;475;476;489;493;496;502,477,453;457;474;503
7BEI,1,af2,free,-661.9110652648661,-618.2005080165989,43.710557248267264,-71.4456797671184,-44.231992680637426,27.21368708648098,,339,418;490;500;503;504,320;338;363;366;367;368;372;390;423;424;481;483;485;528,405;505,406;446;448;449;453;460;474;476;487;495;497;506,452,365;377;388;391;434;442;445;451;466;471;479;491;492,408;417;505,403;415;420;453;455;460;473;476;489;493;496;502,498;501,503
