pdb,antibody,method,constrained,wt_total,om_total,d_total,wt_interface,om_interface,d_interface,tot_stab_mut_close,tot_stab_mut_distal,tot_stab_other_close,tot_stab_other_distal,tot_destab_mut_close,tot_destab_other_close,tot_destab_mut_distal,tot_destab_other_distal,int_destab_mut,int_destab_other,int_stab_mut,int_stab_other
7CYP,2,rpk,cons,-354.27451872213476,-336.45551592196045,17.819002800174303,-26.339230683616034,-22.440128336172588,3.8991023474434456,,339;408,,367;451;453,375;498;501,494;496,371;373,372,498,,501,
7CYP,2,rpk,free,-484.04435938264976,-462.85595996786174,21.188399414788023,-42.08530804808092,-32.40041439461102,9.6848936534699,,339,,332;349;354;526,375;405;501,494,371;484,329;333;337;341;350;355;407;455;488;495;510,440;505,506,,503
7CYP,2,af2,cons,-608.1511964676498,-519.6870952027485,88.46410126490127,-23.5805783498769,-5.469459619670115,18.111118730206787,,339,443;502,483;490;518,375;405;501;505,446;449;494;506,371;373;493,346;351;365;372;442;451;453;454;456;457;461;471;473;475;479;487;491;492;495;497;520;522;541,498;501;505,449;499;500,,506
7CYP,2,af2,free,-661.8657937993406,-612.2579406199978,49.60785317934278,-37.873485372893875,-37.41318356513692,0.46030180775695584,,339;478,502;503,338;366;367;380;390;399;401;466;467;473;483;490;518,405;493;501,445;446;447;448;453;494;495;497;506,371,342;356;365;374;381;391;451;454;455;457;469;479;480;487;491;492;517;519;520;526,498;501;505,447;449;499;500,405,450;503;506
