pdb,antibody,method,constrained,wt_total,om_total,d_total,wt_interface,om_interface,d_interface,tot_stab_mut_close,tot_stab_mut_distal,tot_stab_other_close,tot_stab_other_distal,tot_destab_mut_close,tot_destab_other_close,tot_destab_mut_distal,tot_destab_other_distal,int_destab_mut,int_destab_other,int_stab_mut,int_stab_other
7D0D,1,rpk,cons,-450.3927967117004,-422.7068152818812,27.685981429819208,-21.264774983648184,-13.806552789323385,7.458222194324799,,339,,,484;493,,371;373;375,372,417;484,,,
7D0D,1,rpk,free,-534.0088241546532,-525.5063800633018,8.502444091351435,-41.30482705708774,-29.356836117185466,11.947990939902276,,339,455;475;485,351;372;374;380;386;431;515,484,489,371;375;405;501,353;370;429;446;513,417;484,455;486,,475;487
7D0D,1,af2,cons,-606.5612728178471,-521.712391387885,84.84888142996215,-12.306769242650551,-10.783329889715974,1.5234393529345773,,339,483;485;486;490;502,383;443;496;508;518,493;501,455;456;473;475;487;494;495,371;373;405,351;365;372;442;446;449;451;453;454;457;459;461;469;471;474;479;491;492;497;506;520;522;541,417,483;489,,486;495
7D0D,1,af2,free,-660.2317142640031,-613.4312179669105,46.80049629709265,-41.79805369282457,-42.82725579088531,-1.0292020980607433,,339,421;474;476;483;486;490;499,320;354;367;382;390;407;436;458;481;500;502;518;527,493,455;475;487;489;491;492;495;497,375;405;501,368;374;377;391;418;420;430;445;446;447;448;451;454;469;503;506;519;520;526,417;493,456;473;489,,476;485;486;495
