pdb,antibody,method,constrained,wt_total,om_total,d_total,wt_interface,om_interface,d_interface,tot_stab_mut_close,tot_stab_mut_distal,tot_stab_other_close,tot_stab_other_distal,tot_destab_mut_close,tot_destab_other_close,tot_destab_mut_distal,tot_destab_other_distal,int_destab_mut,int_destab_other,int_stab_mut,int_stab_other
7DZY,3,af2,cons,-778.1469272407658,-768.8569897978618,9.28993744290392,-8.26262365825838,-8.367870095839013,-0.10524643758063235,,,185;214;215;248;253,21;111;153;217;228;229;237;272,24,70;183;244;245;251;256;257;258,19;25;26,17;18;23;77;80;140;193;233;270,213,70;71,,72;73;185;253
7DZY,3,af2,free,-892.2889824883492,-862.8198739087547,29.46910857959449,-46.561235679854164,-43.71760958510147,2.8436260947526932,,142,69;180,15;16;41;79;111;136;153;154;222;228;229;248;255;256;291,24;25;26,22;70;76;77;97;179;181;214,19,23;55;80;140;146;156;191;221;244;245;249;261;263;300,24;27,28;218,,78;214;215
