pdb,antibody,method,constrained,wt_total,om_total,d_total,wt_interface,om_interface,d_interface,tot_stab_mut_close,tot_stab_mut_distal,tot_stab_other_close,tot_stab_other_distal,tot_destab_mut_close,tot_destab_other_close,tot_destab_mut_distal,tot_destab_other_distal,int_destab_mut,int_destab_other,int_stab_mut,int_stab_other
6ZDH,2,rpk,cons,-513.3292409812659,-497.37031015734647,15.958930823919445,-53.28737908170219,-53.0001611772769,0.28721790442529027,,339,,,375,372,371;373;405;484;501,434,,,,
6ZDH,2,rpk,free,-555.1946715603455,-552.8346595472583,2.3600120130871574,-58.442192339464754,-60.68094560611257,-2.2387532666478194,,339;408,,,375,,501,,,,,385
6ZDH,2,af2,cons,-618.4664294769266,-546.303858592167,72.16257088475959,-48.48962942142431,-45.898144971069925,2.591484450354386,,339,369;429,347;367;443;481;483;485;490;500;502,,,405;452;477;501,442;446;448;451;453;454;456;457;467;469;474;475;479;480;487;488;491;492;494;495;497;506,,427,,429
6ZDH,2,af2,free,-662.4141361264446,-622.038689655083,40.37544647136167,-51.96966424403123,-52.67346939797865,-0.703805153947421,,339,389;412,346;347;367;372;443;476;481;483;485;490;500;502;516,375,378;517,405;501,326;351;420;425;442;445;446;448;451;453;454;456;465;467;469;487;491;492;495;497;506,,370;378;414,,369;377;379
