pdb,antibody,method,constrained,wt_total,om_total,d_total,wt_interface,om_interface,d_interface,tot_stab_mut_close,tot_stab_mut_distal,tot_stab_other_close,tot_stab_other_distal,tot_destab_mut_close,tot_destab_other_close,tot_destab_mut_distal,tot_destab_other_distal,int_destab_mut,int_destab_other,int_stab_mut,int_stab_other
7KLW,2,rpk,cons,-538.358636759453,-504.08128325600535,34.27735350344767,-60.99915701026784,-49.02511518074517,11.974041829522669,,339,,508,405;452;484;501;505,455;496,371;373;375,372,405;484;505,,498,
7KLW,2,rpk,free,-558.7257876434373,-557.8925673336846,0.8332203097527326,-66.9500156615502,-61.83935258009335,5.110663081456849,,339,506,507,484;505,450;455;496,371;375,369,405;484;505,471,498,409;481
7KLW,2,af2,cons,-600.0912350566964,-528.3328734593119,71.75836159738446,-38.00749925919119,-25.615691811746913,12.391807447444279,,339,406;481;483;485;502,,405;452;501,448;455;487;488;491;492;494;495;497;499,477,365;442;451;454;457;467;469;474;475;479;506,405;486;505,403;449;470;483;490;494,498;501,493;495;503
7KLW,2,af2,free,-667.7592540666074,-622.7622705246662,44.99698354194118,-54.32287720435466,-36.02075381274617,18.30212339160849,,339,481;483;493;496;500;502,338;347;367;369;390;424;436;443,405;452,445;446;448;449;453;468;470;471;491;492;495;497;503;506,,391;442;451;454;474;479;487,452;484;505,446;449;453;470;483;490,498;501,493;504
