pdb,antibody,method,constrained,wt_total,om_total,d_total,wt_interface,om_interface,d_interface,tot_stab_mut_close,tot_stab_mut_distal,tot_stab_other_close,tot_stab_other_distal,tot_destab_mut_close,tot_destab_other_close,tot_destab_mut_distal,tot_destab_other_distal,int_destab_mut,int_destab_other,int_stab_mut,int_stab_other
7MJJ,2,rpk,cons,-528.2308465269787,-521.9542932582415,6.276553268737189,-44.74339757032344,-39.00362635581142,5.739771214512018,,339;446,,,,,371;373;375,367;372,477;493,,501,
7MJJ,2,rpk,free,-581.9710111158263,-583.6424568924092,-1.6714457765829138,-52.23880474914797,-43.26874078097496,8.970063968173008,,339,490;495,434;508,,,373,372;374;377;452,417;477;493;505,456,478,403
7MJJ,2,af2,cons,-610.041941953604,-610.6324327306515,-0.5904907770475347,-28.925107276015353,-36.778505149562214,-7.853397873546861,,339;371;484,,367;369;372;472;481;483;485;518,493;501,494,375,365;368;374;434;435;499;528,,,478,403;473;487
7MJJ,2,af2,free,-657.6467657902072,-649.1399882467581,8.506777543449061,-52.98734682630142,-63.62141465594711,-10.634067829645694,,339;484,,369;372;390;451;483;485;516;518;527,493;496,473;486,446,326;332;365;368;374;430;448;452;528,417,486,478;501,421;460;490;502
