pdb,antibody,method,constrained,wt_total,om_total,d_total,wt_interface,om_interface,d_interface,tot_stab_mut_close,tot_stab_mut_distal,tot_stab_other_close,tot_stab_other_distal,tot_destab_mut_close,tot_destab_other_close,tot_destab_mut_distal,tot_destab_other_distal,int_destab_mut,int_destab_other,int_stab_mut,int_stab_other
7BEN,4,rpk,cons,-457.8173879179771,-441.29291163757034,16.52447628040676,-45.16885297961387,-43.81158421813424,1.3572687614796237,,339;408,,406,,,371;375;405;501,372,,,,
7BEN,4,rpk,free,-493.1628077704638,-486.8264584572331,6.3363493132306985,-47.660403291475134,-45.88907944123347,1.7713238502416644,,339,,508,,446,371;405,372;374,452,,,490
7BEN,4,af2,cons,-608.5281904249009,-505.1774687406087,103.35072168429224,-28.746132698210275,-6.528830096812513,22.217302601397762,,339,483;500;502,481;485,501,442;444;445;446;448;449;451;492;493;494;495;497,405;477,365;454;456;457;461;465;469;474;475;479;480;487;488;491;506,,444;445;446;449;490;493,,447;495
7BEN,4,af2,free,-659.3957808589971,-613.9436274663137,45.452153392683385,-40.05555825665329,-24.961389760048338,15.094168496604954,,339,449;483;490;500;502,338;358;367;369;390;436;485;508;527,452;501,351;442;444;447;450;451;455;491;492;495;497,405,357;368;391;394;453;465;467;474;479;487;506;528,440,444;449;490;493,,445;494;503
