pdb,antibody,method,constrained,wt_total,om_total,d_total,wt_interface,om_interface,d_interface,tot_stab_mut_close,tot_stab_mut_distal,tot_stab_other_close,tot_stab_other_distal,tot_destab_mut_close,tot_destab_other_close,tot_destab_mut_distal,tot_destab_other_distal,int_destab_mut,int_destab_other,int_stab_mut,int_stab_other
7L7E,1,rpk,cons,-531.9495250513603,-524.6011087639347,7.348416287425607,-43.32227205106734,-38.36246660613507,4.959805444932265,,339;373;408,,,452;484,,371;375;501,455,452;484,,,
7L7E,1,rpk,free,-553.095825780121,-542.9236685413133,10.1721572388077,-46.39141189427383,-40.973470727379755,5.4179411668940745,,339;373;408,,367;502;508,452,,371;375;405;501,377;506,484,490,,
7L7E,1,af2,cons,-618.9839215619565,-498.6937540639637,120.29016749799285,-36.2825956471393,-1.1695873060579673,35.11300834108133,,339,450;483;496;502,481;485,452;501,442;444;445;446;447;448;449;491;492;493;494;495;497,405;477,351;365;451;453;455;456;457;467;469;474;475;479;487;488;489;506,,444;445;446;447;449;490;499,,
7L7E,1,af2,free,-655.7676405457469,-605.644317116784,50.12332342896286,-42.41531623851875,-20.912802219786673,21.502514018732075,,339;478;505,443;472;483;496;499,320;338;358;367;369;390;392;436;500;502,452;501,442;444;445;446;448;449;492;495,375;405,389;395;425;451;454;455;456;457;460;471;480;487;488;491;497;506,,346;444;445;449;490;493,,441;494;495
