pdb,antibody,method,constrained,wt_total,om_total,d_total,wt_interface,om_interface,d_interface,tot_stab_mut_close,tot_stab_mut_distal,tot_stab_other_close,tot_stab_other_distal,tot_destab_mut_close,tot_destab_other_close,tot_destab_mut_distal,tot_destab_other_distal,int_destab_mut,int_destab_other,int_stab_mut,int_stab_other
7KFV,1,rpk,cons,-594.7657718689481,-573.4136873541385,21.35208451480969,-63.76538569358598,-46.117578326374186,17.647807367211797,,339,,,405;417;484;498;501,,371;375,372,417;486;498;505,496,,
7KFV,1,rpk,free,-615.8475021572044,-592.8674575778945,22.980044579309947,-65.46950584435498,-54.443443091724454,11.02606275263053,,339,494,,405;484;498,493,371;373;375;452,356;372,417;484;505,460;493;496,501,415;457;494
7KFV,1,af2,cons,-611.9146321447346,-508.6381827801812,103.2764493645534,-43.00507981000173,-19.2868589352357,23.718220874766033,,339,499;500;502,383;483;485;490,405;417;477;478;498;501;505,420;455;456;473;474;475;476;479;480;488;489;494;495;497;503,375;452,365;442;448;451;467;469;491;492;506;538,417;478;498;505,456;475;476;494;502,477;486,453;457;474;499;503
7KFV,1,af2,free,-671.0211980022584,-606.9464986555657,64.07469934669268,-72.26518161879795,-15.061028976502323,57.20415264229563,,339,483;490;500,338;358;367;369;390;423;436;499,405;486;501,406;420;446;447;448;449;453;454;455;456;460;474;487;489;491;492;493;495;497,375;452,368;377;424;430;445;451;465;467;469;480;506,417;501;505,416;421;453;455;456;460;473;475;487;489;490;493;494;496;502,478;498,503
