pdb,antibody,method,constrained,wt_total,om_total,d_total,wt_interface,om_interface,d_interface,tot_stab_mut_close,tot_stab_mut_distal,tot_stab_other_close,tot_stab_other_distal,tot_destab_mut_close,tot_destab_other_close,tot_destab_mut_distal,tot_destab_other_distal,int_destab_mut,int_destab_other,int_stab_mut,int_stab_other
7EH5,1,rpk,cons,-360.42395974437363,-346.27875448169414,14.145205262679497,-19.69644133190026,-21.410794267468663,-1.714352935568403,,339;408;505,,,477,,371;373;375;501,372,477,,,
7EH5,1,rpk,free,-487.7799581449324,-466.32797366494594,21.451984479986436,-31.336298675789656,-29.007729622447147,2.328569053342509,,376;408,,366;377;378;491;508,477;478,,371;373;484,347;362;365;388;389;391;436;442;451;499,477;478,,,
7EH5,1,af2,cons,-609.8547929952178,-517.9147235390872,91.94006945613069,-12.801534870189531,-12.065857080599304,0.7356777895902269,,339,483,443;490;496;502;518,477,455;456;475;479;486;487;489;495,371;373;405;493;501,346;351;365;372;446;449;451;453;454;457;469;471;480;491;492;494;497;506;520;522;541,,476;486;489,478;484,
7EH5,1,af2,free,-658.5104903303937,-607.0189973738605,51.49149295653319,-27.652556693114285,-19.67281835513218,7.979738337982106,,339,458;481;483;490,320;338;354;367;390;418;499;500;502;518;527,477,475;479;486;487,371;405;493;501,365;374;377;391;433;445;446;447;448;449;451;453;467;491;492;495;497;503;506;519;520;528,477,474;479;486;489,478,481;483
