pdb,antibody,method,constrained,wt_total,om_total,d_total,wt_interface,om_interface,d_interface,tot_stab_mut_close,tot_stab_mut_distal,tot_stab_other_close,tot_stab_other_distal,tot_destab_mut_close,tot_destab_other_close,tot_destab_mut_distal,tot_destab_other_distal,int_destab_mut,int_destab_other,int_stab_mut,int_stab_other
7ORB,1,rpk,cons,-511.34378386270043,-490.3992517745355,20.94453208816492,-40.704236201561976,-40.784706995316846,-0.08047079375486987,,339,,406,484;493,455;490,371;375;446;501,372;447,,,,
7ORB,1,rpk,free,-535.9568965671964,-517.1400788637557,18.816817703440734,-47.99529485308139,-50.95135718868601,-2.9560623356046207,,339,,406;436,484,490,373;446,372;374;377;392;499,484,,478,479
7ORB,1,af2,cons,-613.2185081252039,-610.7736268100082,2.444881315195744,-26.073708690396476,-24.601141465520406,1.4725672248760695,,339;371,485,367;372;406;481;483;518,496,455,375;501,365;368;420;435;528,,487,493,
7ORB,1,af2,free,-664.5278972009748,-664.8384052818053,-0.3105080808304592,-52.88862505175408,-45.2466015594726,7.642023492281481,,339;371,483;485;486;488,369;372;406;409;425;451;472;518;527,478;493,479,446,332;374;424;430;435;448;526;528,478;484,479,,486
