pdb,antibody,method,constrained,wt_total,om_total,d_total,wt_interface,om_interface,d_interface,tot_stab_mut_close,tot_stab_mut_distal,tot_stab_other_close,tot_stab_other_distal,tot_destab_mut_close,tot_destab_other_close,tot_destab_mut_distal,tot_destab_other_distal,int_destab_mut,int_destab_other,int_stab_mut,int_stab_other
7CZR,2,rpk,cons,-454.79289592016016,-432.58492194228836,22.207973977871802,-39.00809162741092,-40.14020604702095,-1.1321144196100335,,339,,,493;501,447,371;373;375;446,369;372,505,,493;496,
7CZR,2,rpk,free,-519.2154569124132,-512.9289476255551,6.286509286858063,-51.36874020790392,-55.285826085488104,-3.917085877584185,,339,,386,417;484,490,371;375;446,370;434,417;505,,477;493;501,
7CZR,2,af2,cons,-603.9381504599639,-600.8335239320654,3.1046265278985175,-30.772325067005042,-30.85108765789078,-0.0787625908857379,,339;371;484,,367;369;372;481;483;485;518,496;498;501,420;494,375,365;368;374;389;434;435;452,498;505,,493,
7CZR,2,af2,free,-657.6075169599712,-664.0986955605358,-6.491178600564581,-62.00232879708402,-50.2930488926965,11.709279904387522,,339;371,415;485,369;372;390;393;450;451;472;483;488;518;527,417,449;486;502,,365;374;391;392;424;435;452;508;519;528,417;493;505,449;475;486;494,496;501,405;415;416;421;460
