pdb,antibody,method,constrained,wt_total,om_total,d_total,wt_interface,om_interface,d_interface,tot_stab_mut_close,tot_stab_mut_distal,tot_stab_other_close,tot_stab_other_distal,tot_destab_mut_close,tot_destab_other_close,tot_destab_mut_distal,tot_destab_other_distal,int_destab_mut,int_destab_other,int_stab_mut,int_stab_other
7KL9,3,rpk,cons,-337.34759072264455,-314.24183343391496,23.105757288729592,-22.183900531100694,-20.560049991904748,1.6238505391959457,,339,,,417;493;505,,371;373;375;484,372;482,417;505,,493,
7KL9,3,rpk,free,-457.90256452439917,-452.68412305339945,5.218441470999721,-35.41947297158549,-49.04589925438983,-13.626426282804339,,339;446,403;483;495;502,374;376;406;407;435;491;516,484,473,371;373,369;372;377;402;497;521,417;505,,493;496;501,455;489
7KL9,3,af2,cons,-612.9872993311989,-608.9283756847901,4.0589236464087435,-31.96616588455384,-31.884124385541135,0.08204149901270341,,339;371,485,367;369;372;406;483;518,493;496;501,455;489,375,365;368;374;434;435;528,417;505,,496,449
7KL9,3,af2,free,-662.8406858779001,-664.4065408080753,-1.5658549301751918,-58.44037026213837,-53.321735128633506,5.118635133504867,,339;371,406;485,369;390;393;451;483;518;527,446;505,455,,365;374;391;392;434;435;452;479,417;505,403;502,493,487
