pdb,antibody,method,constrained,wt_total,om_total,d_total,wt_interface,om_interface,d_interface,tot_stab_mut_close,tot_stab_mut_distal,tot_stab_other_close,tot_stab_other_distal,tot_destab_mut_close,tot_destab_other_close,tot_destab_mut_distal,tot_destab_other_distal,int_destab_mut,int_destab_other,int_stab_mut,int_stab_other
7DEO,1,rpk,cons,-557.1842722964925,-518.9924791215204,38.19179317497208,-43.34926076526205,-39.850121512807625,3.4991392524544267,,339,,,446;493;496,455,371;373;375,367;372,493,495,501,
7DEO,1,rpk,free,-583.9548269013083,-560.5575204727518,23.397306428556476,-52.02170799818249,-53.02170323933791,-0.9999952411554176,,339,,,446;493;498,445;447;455;486,373;375,366;372;434,,495,501,487
7DEO,1,af2,cons,-620.5608367861398,-613.0643087149988,7.496528071141029,-39.53075173612035,-37.69000268105029,1.840749055070063,,339;371,483;485,367;369;372;451;481;518,446;493;498,449;452;455;489;494,375,365;368;374;420;434;435;499,493,483;494,501,489
7DEO,1,af2,free,-661.5454083336379,-660.2591244935644,1.2862838400734518,-46.64558104809102,-48.12492711917494,-1.4793460710839241,,339;371,485;486,356;369;372;390;393;480;481;518;527,446;493,449;455;489;494,,374;381;389;391;499;519;526,484,453;483,,486;487
