pdb,antibody,method,constrained,wt_total,om_total,d_total,wt_interface,om_interface,d_interface,tot_stab_mut_close,tot_stab_mut_distal,tot_stab_other_close,tot_stab_other_distal,tot_destab_mut_close,tot_destab_other_close,tot_destab_mut_distal,tot_destab_other_distal,int_destab_mut,int_destab_other,int_stab_mut,int_stab_other
6YLA,2,rpk,cons,-553.8397906485952,-542.0893696026776,11.75042104591762,-63.043333791118016,-62.999172761109165,0.0441610300088513,,339;446,,,371;373;375,372,501,,,,,
6YLA,2,rpk,free,-582.4738945006955,-573.8948467525335,8.579047748161997,-74.20318523086677,-72.14139578925871,2.061789441608056,,339;446,434,,371;373;375,368;370,501,489,375,369,,372
6YLA,2,af2,cons,-599.3905366127933,-605.1577878978176,-5.767251285024258,-67.86690726061941,-65.26833245333012,2.598574807289296,,339,372;430;517;518,366;367;393;406;451;483;485,,369;374;384,496;501,365;434;435;436;455;489;494;528,,321;377;378;519,373,369;372;383
6YLA,2,af2,free,-661.8797394021144,-663.303360994536,-1.4236215924215685,-82.8211290390843,-68.83579654798106,13.985332491103236,,339;484,393;430;518,406;483;527,,368;374;385;434;435,446;496;501,448;455;528,375,374;377;378;385;408;428,,372;381
