pdb,antibody,method,constrained,wt_total,om_total,d_total,wt_interface,om_interface,d_interface,tot_stab_mut_close,tot_stab_mut_distal,tot_stab_other_close,tot_stab_other_distal,tot_destab_mut_close,tot_destab_other_close,tot_destab_mut_distal,tot_destab_other_distal,int_destab_mut,int_destab_other,int_stab_mut,int_stab_other
7E3O,1,rpk,cons,-481.5060273681416,-456.7721237113469,24.733903656794666,-71.06791244528821,-68.65519752144921,2.4127149238390047,,339;408,496,,452;484,455,371;373;375,372,452;486,,,
7E3O,1,rpk,free,-534.083511282876,-510.72877125442085,23.354740028455126,-75.8603367655496,-68.89206748084412,6.968269284705485,,339,,406;434;497,452;484;501,,371;373;375;405,372,452;486,449;471,,
7E3O,1,af2,cons,-611.798969814135,-510.8853406741215,100.91362914001354,-47.906852740551486,-24.715718506599877,23.191134233951608,,339,481;485;500;502,,452;501,403;444;445;446;448;449;450;453;454;455;456;469;470;487;489;490;491;492;493;494;495;497,405;477,365;442;451;457;467;474;475;479;506,452,444;446;449;450;468;470;483;490;494,484;486;501,493
7E3O,1,af2,free,-660.3046621147744,-621.392055021316,38.912607093458405,-66.51850387101044,-33.20236924978652,33.31613462122392,,339;478,481;485;499;502,320;338;347;358;367;369;390;421;436;500;528,,444;446;450;455;456;470;475;487;488;491;492;495;497,375;405,365;368;420;442;451;465;467;479;503;506;518;526,484,444;450;470;483;488;489;490;493,501,494;495;499
