pdb,antibody,method,constrained,wt_total,om_total,d_total,wt_interface,om_interface,d_interface,tot_stab_mut_close,tot_stab_mut_distal,tot_stab_other_close,tot_stab_other_distal,tot_destab_mut_close,tot_destab_other_close,tot_destab_mut_distal,tot_destab_other_distal,int_destab_mut,int_destab_other,int_stab_mut,int_stab_other
7E5R,5,rpk,cons,-365.8769929861072,-347.0749162232728,18.802076762834417,-45.486589102110514,-39.46684596076842,6.019743141342097,,339;417,,,371;373;375,,501,,408,414,375,504
7E5R,5,rpk,free,-503.05244628469086,-502.21931780390116,0.8331284807896964,-58.08885172063896,-44.97938519390087,13.109466526738089,,452,369;379;388;508,344;364;418,371,374;506,477;478;501,366;387;439;499,373;375;405;408,378,,
7E5R,5,af2,cons,-606.9194780523641,-516.7811016696958,90.1383763826683,-26.748605874780104,-18.388412589050322,8.360193285729782,,339,366;369,367;436;483;490;496;500;502;518,371;373;375;405,370;372;503;506;508,493;501,346;351;391;446;447;448;449;451;454;455;456;457;459;461;467;469;471;473;474;475;479;487;491;492;494;495;497;520;541,408,372;374;503,,
7E5R,5,af2,free,-661.8973014370185,-621.4540994865581,40.443201950460434,-58.2183604338852,-54.79267135924766,3.425689074637539,,339;478,380;435;528,320;358;367;421;443;458;474;483;490;500;502;518,371;373;405,372;378;381;503;506,493;501,391;424;434;442;445;446;449;451;453;454;465;479;487;491;492;495;497;519;520,405,372;378,375,374
