pdb,antibody,method,constrained,wt_total,om_total,d_total,wt_interface,om_interface,d_interface,tot_stab_mut_close,tot_stab_mut_distal,tot_stab_other_close,tot_stab_other_distal,tot_destab_mut_close,tot_destab_other_close,tot_destab_mut_distal,tot_destab_other_distal,int_destab_mut,int_destab_other,int_stab_mut,int_stab_other
7DZY,1,af2,cons,-752.5322421032748,-743.8991116548376,8.633130448437214,-9.612345974266981,-13.176354989457202,-3.564009015190221,,,22;97;98;182;183;213;215;218;248;253;260;261,18;19;77;90;111;124;138;154;nan;216,,66;73;74;76;179;180;187;214;245;255;256;257,142;143;144;145,20;23;62;102;146;149;151;152;153;nan;272,70;211,74;185;214;nan;254;255;262,212,66;72;76;97;183;184;213;218;251;252;253
7DZY,1,af2,free,-882.1161929837416,-885.2761049936037,-3.1599120098620688,-26.99395423526186,-37.26005055086853,-10.266096315606667,,67;145,68;73;76;184;213;214;215;248,18;77;94;111;121;123;150;155;168;186;nan;216;222;260;301,70;212,24;66;71;180;183;245;249;262,142;143;144,20;81;99;100;108;120;152;153;156;181;187;210;221;255,70,24;71;183,,68;73;76;184;214;nan;215
