pdb,antibody,method,constrained,wt_total,om_total,d_total,wt_interface,om_interface,d_interface,tot_stab_mut_close,tot_stab_mut_distal,tot_stab_other_close,tot_stab_other_distal,tot_destab_mut_close,tot_destab_other_close,tot_destab_mut_distal,tot_destab_other_distal,int_destab_mut,int_destab_other,int_stab_mut,int_stab_other
7R7N,1,rpk,cons,-524.2041711995578,-504.4808131411601,19.72335805839765,-46.97001484916009,-45.011297906982605,1.9587169421774817,,339;408,,,,,371;373;375;405;501,372,493,,478,
7R7N,1,rpk,free,-548.1671396800433,-532.3924834074003,15.774656272643028,-58.33270019803261,-58.59134258732428,-0.2586423892916656,,339;408,,,417,490,371;373;501,372,452;493,490,,456;487;489
7R7N,1,af2,cons,-609.9850349410989,-520.0605495286284,89.92448541247052,-36.33530321601255,-24.915299112385334,11.420004103627214,,339,483;485;490,500;502;518,493;501,351;446;449;455;456;473;474;475;487;491;492;494;495;497,371;373;405,365;372;442;448;451;454;457;459;461;469;471;479;506;520;522;538;541,484,449;456;470;483;489;490;492,493,485;495
7R7N,1,af2,free,-663.1987897482184,-616.9258797312309,46.27291001698745,-53.819872563038665,-47.680243976214314,6.139628586824351,,339,450;473;483;500,320;367;390;407;418;436;437;443;466;502;518,501,445;446;447;449;456;486;487;491;492;495;497,405,365;374;377;391;442;448;451;453;457;465;467;469;506;517;519;520,452,449;455;456;470;481;490,493;501,475;485;495;497
