pdb,antibody,method,constrained,wt_total,om_total,d_total,wt_interface,om_interface,d_interface,tot_stab_mut_close,tot_stab_mut_distal,tot_stab_other_close,tot_stab_other_distal,tot_destab_mut_close,tot_destab_other_close,tot_destab_mut_distal,tot_destab_other_distal,int_destab_mut,int_destab_other,int_stab_mut,int_stab_other
7SOB,6,rpk,cons,-584.5312180916926,-565.1077834734406,19.42343461825203,-50.865813283492784,-50.40400717798018,0.4618061055126006,,408,,,,,371;373;375;405;501,372,,,,
7SOB,6,rpk,free,-603.838236753222,-590.6697963042984,13.168440448923548,-54.271106583207924,-56.33318076207181,-2.062074178863888,,408,,369,,,371;373;375;405,372,,,440,
7SOB,6,af2,cons,-623.130164205135,-540.1236874718968,83.00647673323817,-49.56110193373688,-48.09603524893385,1.465066684803027,,,,367;383;483;490;496;502;508;518,371,442;446,373;405;493;501,351;365;387;389;448;449;451;453;454;455;456;457;467;469;471;473;479;487;491;492;494;495;497;506;520;538;541,,345,,346
7SOB,6,af2,free,-666.9218160544146,-608.7619346181298,58.15988143628488,-56.789792130576934,-60.743574524147476,-3.953782393570542,,477,335;338,320;367;380;390;399;483;490;500;502;518,371,346;445;446;448;451,405;493;501,365;374;377;391;453;456;465;469;471;473;479;480;488;489;491;492;494;495;497;503;506;517;519;520;528,339;440,,,446
