pdb,antibody,method,constrained,wt_total,om_total,d_total,wt_interface,om_interface,d_interface,tot_stab_mut_close,tot_stab_mut_distal,tot_stab_other_close,tot_stab_other_distal,tot_destab_mut_close,tot_destab_other_close,tot_destab_mut_distal,tot_destab_other_distal,int_destab_mut,int_destab_other,int_stab_mut,int_stab_other
7L7E,7,rpk,cons,-524.7010718139995,-144.05611444462005,380.6449573693795,-44.06367826185863,-29.812205264392,14.251472997466628,,339,,,417;484;486,,371;373;375;405;452;498;501,342;347;352;358;364;367;372;374;392;395;418;434;435;436;492;502;508;509;511;515;524,478;486,489,,
7L7E,7,rpk,free,-556.4330884671028,-554.5373877223628,1.8957007447399974,-46.27780037964013,-40.40409969696338,5.873700682676748,,339,,370;406;508,486,,405,369;472,477;486,,,
7L7E,7,af2,cons,-611.1434482585166,-525.5985123804511,85.54493587806553,-34.16672564399923,-17.799673374845238,16.36705226915399,,339,481;483;485;490,500;502,477;478;501,455;456;474;475;476;479;480;487;488;492;493;494;495,405;452,365;442;445;446;448;451;454;457;467;469;491;497;506,477;478;486,475;489;493,484,481;495
7L7E,7,af2,free,-662.2176448560385,-616.2837212638691,45.933923592169435,-46.063626872205454,-20.105403155302856,25.958223716902598,,339;376,481;483;485;502,320;338;358;367;369;390;418;422;434;436;443;466;490;500;517;527,478;486,453;455;473;474;479;487;495,405,351;368;442;445;446;448;451;454;457;467;469;491;492;497;506;528,477;478;484;486,476;485;487;493,498,495
