pdb,antibody,method,constrained,wt_total,om_total,d_total,wt_interface,om_interface,d_interface,tot_stab_mut_close,tot_stab_mut_distal,tot_stab_other_close,tot_stab_other_distal,tot_destab_mut_close,tot_destab_other_close,tot_destab_mut_distal,tot_destab_other_distal,int_destab_mut,int_destab_other,int_stab_mut,int_stab_other
7P7A,1,rpk,cons,-296.1887133313395,-282.1062587664578,14.082454564881687,-23.252045500476452,-25.42921582724857,-2.177170326772117,,339;505,,406,371;373;375,372,446;484;501,,,,,
7P7A,1,rpk,free,-447.5790427847104,-426.6040313634538,20.975011421256568,-36.72372049183985,-39.39127636992276,-2.667555878082908,,339;496,374,423;472;475;527,371;375,,446;478;484;493,338;447;454;461;466;474;476;479;487,,369,,370;372
7P7A,1,af2,cons,-611.859422862992,-609.3514514362755,2.5079714267164945,-24.396999987229115,-19.830810713485423,4.566189273743692,,339,370;378,367;406;483;485;518,375,368;369;374,446;496;501,420;434;435;452;499,375,369;378,373,370
7P7A,1,af2,free,-662.7889417471202,-650.8941209275088,11.894820819611482,-37.16259343712704,-30.967081468814637,6.195511968312406,,339,372,393;406;421;483;518,375,374;377;378;379;382;408,446,332;356;391,375,369;370;374;378,373,372;384;412
