pdb,antibody,method,constrained,wt_total,om_total,d_total,wt_interface,om_interface,d_interface,tot_stab_mut_close,tot_stab_mut_distal,tot_stab_other_close,tot_stab_other_distal,tot_destab_mut_close,tot_destab_other_close,tot_destab_mut_distal,tot_destab_other_distal,int_destab_mut,int_destab_other,int_stab_mut,int_stab_other
7RW2,2,af2,cons,-828.4108576122293,-801.1121559413946,27.298701670834703,-36.001632886615106,-43.076671307779996,-7.075038421164891,,67;95,97;124,18;19;22;75;76;77;81;111;138;154;213;nan;215;216;242;260,,146;147;149;151;152;153;179;188,142;143;144;145;212,17;20;23;140;141;245;246;249;254;255;256;257;259,,,,152;187;190
7RW2,2,af2,free,-904.6036313714975,-886.7598386020428,17.843792769454694,-60.24183868599215,-56.61299436554762,3.6288443204445286,,67;95,173;190;222,16;18;19;77;154;158;189;213;nan;215;216;248;260,,97;102;149;151;152;153;175;178;179;180;183;221,69;142;143;144;212,17;20;21;73;98;140;245;246;249;255;257;259;262,,149;151;190,,99;177
