pdb,antibody,method,constrained,wt_total,om_total,d_total,wt_interface,om_interface,d_interface,tot_stab_mut_close,tot_stab_mut_distal,tot_stab_other_close,tot_stab_other_distal,tot_destab_mut_close,tot_destab_other_close,tot_destab_mut_distal,tot_destab_other_distal,int_destab_mut,int_destab_other,int_stab_mut,int_stab_other
7BYR,1,rpk,cons,-435.0933609369153,-418.8072862458074,16.2860746911079,-27.614298776686542,-33.98708473225804,-6.372785955571498,,339;408,403,,493,,371;373;375;405,372,484,,498;501,
7BYR,1,rpk,free,-509.5032286649416,-506.9632773864074,2.539951278534204,-46.783545525717756,-42.540176152069826,4.24336937364793,,339;408,444,369;437,,487,371;375,366;368;436;509,452;505,449;492,501,
7BYR,1,af2,cons,-609.1796024365699,-517.5470846597708,91.63251777679909,-25.12872964347415,-9.464648182755962,15.664081460718187,,339,450;485;490;496;502,481;518,493;498,446;447;449;456;487;492;494;495;497,371;373;405,346;351;365;372;420;448;451;453;454;457;461;469;471;473;475;479;491;506;520;522;541,484;493;498,449;483;490;494,501,495;503
7BYR,1,af2,free,-649.6522801914286,-620.2964907237481,29.35578946768055,-35.918253101873546,-49.40274128885986,-13.484488186986312,,339;477,483;485;486;490;499;502,320;366;367;368;380;389;390;436;518;527,,446;455;456;488;491;492;494;495;497,371;405,342;374;381;391;442;451;454;457;469;506;517;519;520;528,498,449;489;490,484;501,486;495;499;502;503
