pdb,antibody,method,constrained,wt_total,om_total,d_total,wt_interface,om_interface,d_interface,tot_stab_mut_close,tot_stab_mut_distal,tot_stab_other_close,tot_stab_other_distal,tot_destab_mut_close,tot_destab_other_close,tot_destab_mut_distal,tot_destab_other_distal,int_destab_mut,int_destab_other,int_stab_mut,int_stab_other
7KN3,1,rpk,cons,-561.1645839326206,-544.0428427213386,17.12174121128203,-44.948295838855564,-37.866546045232276,7.081749793623288,,339;408,,,452;477;484;486;501,,371;373;375,372,484;486,,498;505,
7KN3,1,rpk,free,-583.39713322085,-570.3392964245827,13.057836796267338,-48.253382721513574,-43.66223874480419,4.5911439767093825,,339;408,,436,477;486,446;449,371;375;405,347;372,486,449,505,
7KN3,1,af2,cons,-611.4524826569257,-516.5170387064895,94.93544395043614,-35.01350154360777,-17.157892776938457,17.85560876666931,,339,421;485;496;502,481;508,452;477;478;486;501,446;449;453;456;474;475;479;487;489;492;493;494;495;497,405,365;442;445;448;451;457;467;469;480;491;506,478;484;486,456;476;483;489;490;493;494,498;501,495
7KN3,1,af2,free,-665.0521672586748,-619.868304660964,45.1838625977108,-55.47079839384632,-40.16761798848387,15.303180405362454,,339,481;485;500;502,320;338;358;367;369;372;374;390;436;443;527,452;501,446;449;475;487;489;491;492;493;494;495;497,375;405,353;368;420;442;448;451;466;467;506;528,484;486,449;475;476;482;483;489;490;493,478;498;501,455;456;495
