pdb,antibody,method,constrained,wt_total,om_total,d_total,wt_interface,om_interface,d_interface,tot_stab_mut_close,tot_stab_mut_distal,tot_stab_other_close,tot_stab_other_distal,tot_destab_mut_close,tot_destab_other_close,tot_destab_mut_distal,tot_destab_other_distal,int_destab_mut,int_destab_other,int_stab_mut,int_stab_other
6YOR,1,rpk,cons,-542.3224548775123,-519.631832953671,22.690621923841263,-68.1952648757876,-66.13964431579194,2.05562055999566,,339,,,371;375,372,373;501,490,408,,,
6YOR,1,rpk,free,-566.0820669342538,-553.6508071734879,12.431259760765897,-73.44650536517285,-74.38124164363155,-0.9347362784587006,,339,,,371;373;375,368,405;501,490;493,,,,372
6YOR,1,af2,cons,-598.7781418398549,-520.6980960505728,78.08004578928217,-64.96454761019712,-59.448131125479506,5.51641648471761,,339,377;392,347;481;483;485;490;496;500;502,,381,405;452;477;501,365;434;442;446;448;449;451;453;454;456;457;465;467;469;474;475;479;487;488;491;492;494;495;497;506,,370;381;519,,369;377
6YOR,1,af2,free,-659.5285620392701,-621.3155062127836,38.21305582648654,-76.16895053690631,-56.724073722243105,19.444876814663203,,339;478,369;372;374;377;378;430,326;347;367;399;421;483;490;499;500;502,375,321;381;428;433;540,405;501,420;424;442;445;446;447;448;451;453;454;457;465;480;487;491;492;493;495;497;503;506,375,321;383;386;428;517,,369;374;430
