pdb,antibody,method,constrained,wt_total,om_total,d_total,wt_interface,om_interface,d_interface,tot_stab_mut_close,tot_stab_mut_distal,tot_stab_other_close,tot_stab_other_distal,tot_destab_mut_close,tot_destab_other_close,tot_destab_mut_distal,tot_destab_other_distal,int_destab_mut,int_destab_other,int_stab_mut,int_stab_other
7MZJ,1,rpk,cons,-542.7855060406413,-507.7016237508823,35.083882289759,-57.353093673395044,-50.17229695923889,7.180796714156152,,339,453,,417;478;484,490,371;373;375,372,405;486;505,,477,403
7MZJ,1,rpk,free,-566.3061991221862,-556.0651923888099,10.241006733376253,-61.99289903830296,-57.81314240493694,4.1797566333660185,,339,493,,417;477;484;486,,371;375,450,405;417;486,487,477,403;476;493
7MZJ,1,af2,cons,-612.4433750895846,-509.1754493570819,103.2679257325027,-33.41213404377974,-23.627962730150532,9.784171313629205,,339,485;490;502,443;481;483;500,405;417;477;478,457;473;474;475;476;479;487;491;492;493;494;495;497,452,365;442;445;446;448;451;454;469;480;488;506,405;417;486,476;487;489;493,478;498,453
7MZJ,1,af2,free,-663.1486718319272,-612.4620294531225,50.68664237880478,-64.22832196042118,-19.83622156257553,44.39210039784565,,339,485;490;502,347;356;367;369;390;436;443;472;500,405;417;477;484;486,453;455;473;474;491;492;493;495,375,351;365;430;442;445;446;448;451;454;467;469;497;506,417;477;484;486;505,416;455;456;473;475;476;489;493,498;501,495
