pdb,antibody,method,constrained,wt_total,om_total,d_total,wt_interface,om_interface,d_interface,tot_stab_mut_close,tot_stab_mut_distal,tot_stab_other_close,tot_stab_other_distal,tot_destab_mut_close,tot_destab_other_close,tot_destab_mut_distal,tot_destab_other_distal,int_destab_mut,int_destab_other,int_stab_mut,int_stab_other
7OAP,2,rpk,cons,-566.1715995681689,-558.3831269284091,7.788472639759789,-50.370937312205385,-52.938812630917816,-2.5678753187124315,,339,,,371;375;376,372,,,,,,369
7OAP,2,rpk,free,-587.4022472904153,-581.9647118139726,5.43753547644269,-51.43549347143562,-51.766360476941806,-0.3308670055061853,,339,368,,371;375;376,,501,455;522,408,,,
7OAP,2,af2,cons,-618.0304424413948,-523.3093045060664,94.72113793532844,-41.61151584335704,-34.83229418025827,6.779221663098767,,339,437,443;483;490;496;502;518,371;373;375;405,370;372;374;503;506,493;501,346;351;365;442;446;449;451;453;454;455;456;457;461;469;471;473;475;479;487;491;492;494;495;497;520;522;538;541,376,374,,378
7OAP,2,af2,free,-665.0345803890847,-610.2595849917323,54.77499539735243,-44.735930508311434,-43.598930119631774,1.1370003886796596,,339;478,436,389;399;421;443;466;474;483;490;500;502;518,371;373;405,374;377;503;506,501,365;391;420;442;445;446;447;451;455;456;457;469;479;480;488;491;492;495;497;519,,369;385,,378
