pdb,antibody,method,constrained,wt_total,om_total,d_total,wt_interface,om_interface,d_interface,tot_stab_mut_close,tot_stab_mut_distal,tot_stab_other_close,tot_stab_other_distal,tot_destab_mut_close,tot_destab_other_close,tot_destab_mut_distal,tot_destab_other_distal,int_destab_mut,int_destab_other,int_stab_mut,int_stab_other
7MFU,2,rpk,cons,-571.8778320527028,-518.0005227792606,53.87730927344228,-66.39910093405297,-45.00100389219638,21.398097041856587,,339,,,417;446;484;493;496;498;501,447;455;499,371;373;375,370;372,417;484;493;498;501;505,490,,449
7MFU,2,rpk,free,-594.9540218895833,-560.9576108376996,33.99641105188368,-76.71222921857621,-57.242000165908024,19.470229052668188,,339,406,,417;446;484;493;496;501,447;449;487,371;373,372;434,417;484;493;498;501;505,490,,405;453
7MFU,2,af2,cons,-621.9550962990113,-613.3546071646167,8.600489134394593,-49.23217509998077,-35.364028534411595,13.868146565569177,,339;371,406;483,367;369;372;485;518,417;493;498,489;494,375,365;368;374;434;435;528,417;493;498,445;490,,403
7MFU,2,af2,free,-668.7296961416395,-662.4868488775671,6.2428472640723385,-70.75554082367493,-60.74602920585534,10.00951161781959,,339,403;406,369;372;390;450;451;480;481;518,417,405;420;424;494,,365;368;374;391;448;519;528,417;484;493,405;420;445;490,501,403;449;487
