pdb,antibody,method,constrained,wt_total,om_total,d_total,wt_interface,om_interface,d_interface,tot_stab_mut_close,tot_stab_mut_distal,tot_stab_other_close,tot_stab_other_distal,tot_destab_mut_close,tot_destab_other_close,tot_destab_mut_distal,tot_destab_other_distal,int_destab_mut,int_destab_other,int_stab_mut,int_stab_other
7MFU,3,rpk,cons,-565.481743844899,-540.5477474852962,24.933996359602816,-34.797073025129265,-36.445778243299294,-1.6487052181700292,,339,,,371;373,370;372,446;501,,,,375,
7MFU,3,rpk,free,-587.7125726209222,-566.4344074990172,21.278165121904976,-44.46728408861125,-43.170551892759036,1.2967321958522149,,339,502;508,366,371;373;375,369;372;506,446,365;447,,370,375,
7MFU,3,af2,cons,-619.2965573167875,-611.7976918702564,7.498865446531113,-25.74015432114477,-26.156536386182115,-0.4163820650373431,,339;484,372,406;483;485;518,375,368;369;374;377,496;501,365;420;435;455;499;528,375,,,369
7MFU,3,af2,free,-671.5714204920994,-668.8402593143023,2.7311611777970484,-48.71714558365015,-37.61909030535156,11.098055278298588,,339;505,380;383;406;506,367;390;483;516;518;527,375,374;377;378;435;502;503;508,446,365;430;448;455;519;528,375,369;374;377;378;408;502;503,373,372;380;383
