pdb,antibody,method,constrained,wt_total,om_total,d_total,wt_interface,om_interface,d_interface,tot_stab_mut_close,tot_stab_mut_distal,tot_stab_other_close,tot_stab_other_distal,tot_destab_mut_close,tot_destab_other_close,tot_destab_mut_distal,tot_destab_other_distal,int_destab_mut,int_destab_other,int_stab_mut,int_stab_other
6XKP,1,rpk,cons,-531.6360269247656,-510.0817635316262,21.554263393139365,-46.69871469152784,-42.92880429294788,3.7699103985799596,,339;417,,,484,,371;373;375,372,484,,,
6XKP,1,rpk,free,-561.4925894892225,-555.4089965073244,6.08359298189805,-51.18800928599923,-51.144315563838674,0.04369372216055467,,339,,365;368;508,484,449,371;373,372;382;388;515,484,,,483
6XKP,1,af2,cons,-610.6586796529398,-619.1231731001394,-8.46449344719963,-31.41553154766696,-35.15028704486292,-3.7347554971959624,,339;371,449;450;472;483;485,367;369;372;406;481;518,446,494,375;501,365;368;374;434;435;489;499;528,,,,450
6XKP,1,af2,free,-655.452182587869,-665.8785462750496,-10.426363687180697,-43.417028763562676,-43.73882537736006,-0.3217966137973818,,339;371,450;483,369;406;418;420;480;516;518;527,,444,,374;430;455;526,,445,446,346
