pdb,antibody,method,constrained,wt_total,om_total,d_total,wt_interface,om_interface,d_interface,tot_stab_mut_close,tot_stab_mut_distal,tot_stab_other_close,tot_stab_other_distal,tot_destab_mut_close,tot_destab_other_close,tot_destab_mut_distal,tot_destab_other_distal,int_destab_mut,int_destab_other,int_stab_mut,int_stab_other
7MZM,1,rpk,cons,-542.1078175307669,-533.1025460677336,9.005271463033296,-72.98718221735847,-64.00086369797363,8.986318519384838,,339,,,484,,371;405;501,,484,490,,
7MZM,1,rpk,free,-566.7583709298976,-569.3377503417335,-2.5793794118358164,-72.23557681037492,-67.27516607352082,4.960410736854101,,339;408,,502;508,484,,,436;506,484,,,
7MZM,1,af2,cons,-620.7323883692284,-531.2367484829956,89.49563988623277,-51.12612423545128,-36.50818778191987,14.617936453531406,,339,450;466;483;490,443;496;502;508;518,452;484;501,351;446;448;449;451;469;492;494;495;497,371;373;405,365;372;453;454;455;456;457;467;473;474;475;479;487;491;506;520;522;541,484,346;444;449;470;483;490,493,340;445;450
7MZM,1,af2,free,-675.6129527986847,-619.6249749723652,55.98797782631948,-60.442645708311346,-52.4027908535075,8.039854854803849,,339;478;505,466;483;490,320;326;367;380;390;443;500;502;518;527,452;493,353;444;446;447;449;451;492;495;497,371;405,342;365;377;381;391;424;453;457;465;480;487;491;506;517;519;520;528;540,484,444;449;468;470;483;490,493,346;445;494
