pdb,antibody,method,constrained,wt_total,om_total,d_total,wt_interface,om_interface,d_interface,tot_stab_mut_close,tot_stab_mut_distal,tot_stab_other_close,tot_stab_other_distal,tot_destab_mut_close,tot_destab_other_close,tot_destab_mut_distal,tot_destab_other_distal,int_destab_mut,int_destab_other,int_stab_mut,int_stab_other
7SOF,1,af2,cons,-591.6612318130443,-4.1141487862517465,587.5470830267925,-0.866545919244496,162.42846907509323,163.29501499433772,,339,334;335;483;518,362;383;434;443;500;502,452;484;493;498,346;349;350;351;352;353;354;355;360;398;400;414;416;418;419;420;421;422;423;424;425;426;453;454;455;456;457;458;459;460;461;462;463;464;465;466;467;468;469;470;471;472;473;474;479;480;487;488;489;490;491;492;494;495;496;497,371;373;375;405;417;501;505,365;372;387;399;402;409;442;446;449;451;506;510;520;541,478,332;424;453;457;459;461;462;465;466;468;469;470;471;472;473;474;487;488;489;492;495;496,484;493,334;355;398;423;456;458;464;481;512
7SOF,1,af2,free,-651.0493643804518,-496.5605085937183,154.48885578673355,-6.79225276563049,-13.05585254176471,-6.263599776134219,,477,481;482;483,363;367;382;390;407;436;437;499;500;502;518;533;541,493,332;334;335;350;351;353;357;492;495,405;452;501,324;325;326;327;329;336;342;343;344;349;354;355;356;361;362;364;365;374;377;387;388;391;392;394;395;396;398;399;400;401;402;442;445;446;447;449;451;453;454;455;456;459;467;479;491;497;506;509;511;514;516;517;519;522;523;524;525;526;527;528;531;534;538;539;540,,333;334,493,351;357;492
