pdb,antibody,method,constrained,wt_total,om_total,d_total,wt_interface,om_interface,d_interface,tot_stab_mut_close,tot_stab_mut_distal,tot_stab_other_close,tot_stab_other_distal,tot_destab_mut_close,tot_destab_other_close,tot_destab_mut_distal,tot_destab_other_distal,int_destab_mut,int_destab_other,int_stab_mut,int_stab_other
7S0D,2,af2,cons,-731.9640392467734,-766.3846718527313,-34.42063260595796,-3.072802255029128,-17.575115742530286,-14.502313487501159,,142,64;71;75;76;78;147;180;181;185;250;251;252;253;254;255,20;21;41;79;111;138;153;228;229,24,72;141;182;183;214;244;248;249;257;258;259;262,19;25,140;146;149;160;197;270,213,68;72;73;76;182;183;211;215;248,69,181;187;247;251;252;253;254;255;259
7S0D,2,af2,free,-907.6170544147408,-888.1130529892387,19.50400142550211,-42.59172250051521,-44.14378307855084,-1.5520605780356291,,142,73;184;253,16;41;81;85;96;97;110;139;145;150;222;228;246;248;256;291,24;25;70;213,64;179;181;182;244;249;259,19,22;29;55;77;80;84;140;216;221;245;257,24;70;213,66;71;74;75;254,,68;72;73;97;183;212;214;215
