pdb,antibody,method,constrained,wt_total,om_total,d_total,wt_interface,om_interface,d_interface,tot_stab_mut_close,tot_stab_mut_distal,tot_stab_other_close,tot_stab_other_distal,tot_destab_mut_close,tot_destab_other_close,tot_destab_mut_distal,tot_destab_other_distal,int_destab_mut,int_destab_other,int_stab_mut,int_stab_other
7LY3,2,af2,cons,-804.3973875930608,-794.7995947057834,9.597792887277365,-24.87249894212249,-11.367796149295565,13.504702792826926,,67;95,18;75;138;158;246;247,22;76;77;79;97;111;124;154;213;nan;215;216;260,142;143;144;145,17;149;150;151;153;245;249;254;256;257,212,141;152;179;187;210;229,144,146;147;148;150;248;254,,154;246;255;256
7LY3,2,af2,free,-899.150053016007,-872.1195932626299,27.030459753377045,-38.65258819147606,-41.421111602803535,-2.7685234113274717,,67;95,18;75;158;244;247;252,77;84;114;139;157;176;213;nan;215;216;222;272,142;143;144,20;140;151;153;249;255;258,69;70;212,37;53;71;72;80;97;98;100;102;152;183;209;221;262;291,144,19;147;148;246;248,145,20;149;249;251;252;253;257
