pdb,antibody,method,constrained,wt_total,om_total,d_total,wt_interface,om_interface,d_interface,tot_stab_mut_close,tot_stab_mut_distal,tot_stab_other_close,tot_stab_other_distal,tot_destab_mut_close,tot_destab_other_close,tot_destab_mut_distal,tot_destab_other_distal,int_destab_mut,int_destab_other,int_stab_mut,int_stab_other
7KLG,1,rpk,cons,-514.6488881602907,-501.31749782165446,13.331390338636197,-63.838661240870856,-55.332269714248106,8.50639152662275,,339,,,484;493,,375;446,,417;484;505,,,
7KLG,1,rpk,free,-545.2833055020226,-538.5582527116273,6.725052790395239,-68.67609800853943,-60.39100679403822,8.285091214501207,,339;373,418;472,,501,502,375;446,,417;484;505,,,
7KLG,1,af2,cons,-611.2832143697128,-618.3087970261258,-7.0255826564130075,-37.1540737899491,-38.33634812205509,-1.1822743321059903,,339;371,403;406;483;485,367;369;372;518,417;501,,375;446;496,365;368;374;434;435;452;499;528,417;505,,,403
7KLG,1,af2,free,-658.1350804610214,-665.6811752319738,-7.546094770952436,-51.03884817549894,-52.679294409294236,-1.640446233795295,,339;371,403;406;485;492,369;372;389;451;518,501,452;490,446;496,374;430;435;448;526,417,415;483;490,493,403;494
