pdb,antibody,method,constrained,wt_total,om_total,d_total,wt_interface,om_interface,d_interface,tot_stab_mut_close,tot_stab_mut_distal,tot_stab_other_close,tot_stab_other_distal,tot_destab_mut_close,tot_destab_other_close,tot_destab_mut_distal,tot_destab_other_distal,int_destab_mut,int_destab_other,int_stab_mut,int_stab_other
7JW0,1,rpk,cons,-585.3384233842315,-553.6489372208798,31.689486163351717,-33.07073632321691,-33.44026137981227,-0.36952505659535717,,339,,,375;376,,371;373;405;484;501,372,,,,
7JW0,1,rpk,free,-600.8543647847483,-574.9592927819791,25.89507200276921,-39.29381254526844,-43.84442978771608,-4.550617242447643,,339;408,368;378,367;374,376,369;370,371;373;484;501,372,,369,375,378
7JW0,1,af2,cons,-617.4313816804993,-538.9093083831593,78.52207329733994,-33.29390492540059,-31.522926470071546,1.7709784553290433,,339,370,347;367;443;481;483;485;490;502,,366;374;381,405;477;501,434;442;445;446;448;451;453;454;457;467;469;474;475;479;480;487;488;491;492;493;494;495;497;506;538,,381,,369
7JW0,1,af2,free,-660.9758238176994,-619.3275140001392,41.648309817560175,-48.98850595909789,-51.15070159433545,-2.162195635237559,,339,374;385,320;358;367;432;436;443;472;483;485;490;499;500;502;528,375,369,405;501,368;420;434;442;445;446;447;448;451;453;456;457;465;467;474;479;480;487;491;492;495;497;506,,370;378;381;383,,369;374;380
