pdb,antibody,method,constrained,wt_total,om_total,d_total,wt_interface,om_interface,d_interface,tot_stab_mut_close,tot_stab_mut_distal,tot_stab_other_close,tot_stab_other_distal,tot_destab_mut_close,tot_destab_other_close,tot_destab_mut_distal,tot_destab_other_distal,int_destab_mut,int_destab_other,int_stab_mut,int_stab_other
7ORB,3,rpk,cons,-511.68644553953146,-498.40827914830874,13.278166391222726,-41.037356003657095,-37.80627858923714,3.231077414419957,,339;408,,406,484;493;501,,371;375;405,372,493,,,
7ORB,3,rpk,free,-543.9066997691889,-528.8515200271239,15.055179742064979,-47.224715051275254,-40.55042466365884,6.674290387616416,,339,,369;406,,490;492,371;375;405,372,440;493,346,,
7ORB,3,af2,cons,-611.4714073018732,-508.4316490162922,103.039758285581,-36.61376475132229,-8.074749762798792,28.5390149885235,,339,483;490;496;499;502,518,493;501,442;443;444;445;446;447;448;451;456;492;494;495;497,371;373;405,351;365;372;454;457;461;469;471;473;479;487;491;506;520;522;541,493,444;446;449,501,495;499
7ORB,3,af2,free,-664.2884412449735,-619.4613397619657,44.82710148300771,-52.13468077268495,-29.966002529596185,22.168678243088767,,339;478;505,483;490;499;500,367;390;407;436;437;467;474;502;518;527,452;493,445;446;450;455;492;495;497;509,405,374;377;391;453;454;461;479;480;491;506;519;520;528,440;452;493,444;445;449;490,498;501,495;499
