pdb,antibody,method,constrained,wt_total,om_total,d_total,wt_interface,om_interface,d_interface,tot_stab_mut_close,tot_stab_mut_distal,tot_stab_other_close,tot_stab_other_distal,tot_destab_mut_close,tot_destab_other_close,tot_destab_mut_distal,tot_destab_other_distal,int_destab_mut,int_destab_other,int_stab_mut,int_stab_other
6XCN,2,rpk,cons,-434.9517115418794,-405.7393237277196,29.212387814159797,-35.241276076564134,-28.744755305889605,6.496520770674529,,339,,,,447;449,371;373;375;446,,417;505,,,
6XCN,2,rpk,free,-521.1594632888124,-520.4836567059103,0.6758065829020552,-43.58641403490341,-43.836076674626966,-0.24966263972355307,,339,456;488,366;372;376;377,,449;455,371;375;446;484,336;384;499,417;505,456,501,408;473
6XCN,2,af2,cons,-615.8433077756613,-612.0525956876692,3.7907120879921195,-29.04323533421407,-26.285347149702996,2.7578881845110743,,339;371,,367;369;372;483;485;518,,489;494,375,365;368;374;434;435;528,417;477;498,500,496,405;453
6XCN,2,af2,free,-654.1762173630511,-650.6910783713205,3.4851389917306506,-42.97859900423881,-44.16729591062466,-1.1886969063858501,,339;371;484,405;485,369;372;393;406;451;472;483;518,446;477,408,,374;391;392;425;435;492;526,477;505,487;500,501,405;420;504
