pdb,antibody,method,constrained,wt_total,om_total,d_total,wt_interface,om_interface,d_interface,tot_stab_mut_close,tot_stab_mut_distal,tot_stab_other_close,tot_stab_other_distal,tot_destab_mut_close,tot_destab_other_close,tot_destab_mut_distal,tot_destab_other_distal,int_destab_mut,int_destab_other,int_stab_mut,int_stab_other
7MJI,1,rpk,cons,-533.5999070052981,-522.796019652565,10.803887352733113,-37.47247410451229,-33.97938049474397,3.493093609768316,,339,,,484,,371;373;375,372,484,,498,
7MJI,1,rpk,free,-556.0608456253262,-549.4280373379552,6.632808287371063,-35.22946345921769,-37.31810663684138,-2.0886431776236876,,339,,,484,488,373,372,484,,493;498,449
7MJI,1,af2,cons,-606.7690952831854,-614.9958781383756,-8.226782855190208,-16.725326372761906,-23.243855201610966,-6.51852882884906,,339;371,483;485,367;369;372;406;518,501,,375,365;368;374;420;434;435;499;528,,,,485;486
7MJI,1,af2,free,-654.0927446500134,-658.438476589675,-4.3457319396616185,-30.21567888608599,-28.765660913441955,1.4500179726440336,,339;371,483;485,369;406;420;480;518;527,,455;490,,374;448;528,,403;483;488;490,498,486
