pdb,antibody,method,constrained,wt_total,om_total,d_total,wt_interface,om_interface,d_interface,tot_stab_mut_close,tot_stab_mut_distal,tot_stab_other_close,tot_stab_other_distal,tot_destab_mut_close,tot_destab_other_close,tot_destab_mut_distal,tot_destab_other_distal,int_destab_mut,int_destab_other,int_stab_mut,int_stab_other
7E8C,4,rpk,cons,-451.20281022285053,-419.3175074064637,31.885302816386854,-37.069913923832665,-29.32580106567214,7.744112858160523,,339,,,452;484,,371;373;375;376;405;501,,452;484,,,
7E8C,4,rpk,free,-505.21630306678617,-495.5199834988458,9.69631956794035,-41.74305712752283,-32.91754990682285,8.825507220699983,,339;408,,331;362;366,452;484,,371;375;501,364;379;527,484,,,
7E8C,4,af2,cons,-614.1471320701053,-523.7188542436261,90.42827782647919,-28.56721592888303,-9.965965659014335,18.601250269868693,,339,483;485;499,383;500;502,452;484;501,351;446;448;449;451;472;479;488;491;492;493;494;495;497,405;477,365;442;453;454;456;457;467;469;474;475;487;506,484,346;449;450;490,,
7E8C,4,af2,free,-662.0231106239751,-611.3667246808442,50.656385943130886,-41.21758364902532,-31.508787460354984,9.708796188670338,,339,346;472;485,320;338;347;358;367;369;389;390;436;443;500;502,,445;446;449;451;480;481;482;487;491;492;493;495,375;405;501,337;368;430;442;455;459;467;473;497;506;528;533,452,449;450;481;482;483,486,346;493;495
