pdb,antibody,method,constrained,wt_total,om_total,d_total,wt_interface,om_interface,d_interface,tot_stab_mut_close,tot_stab_mut_distal,tot_stab_other_close,tot_stab_other_distal,tot_destab_mut_close,tot_destab_other_close,tot_destab_mut_distal,tot_destab_other_distal,int_destab_mut,int_destab_other,int_stab_mut,int_stab_other
7NX7,2,rpk,cons,-546.4298830459859,-538.2503430618412,8.17953998414464,-48.84983382058981,-40.80813469725278,8.041699123337025,,339;373,,,405;505,500,371;375,,417;505,,501,
7NX7,2,rpk,free,-563.7019286713435,-563.946796060463,-0.24486738911957673,-56.585797049151225,-53.25335695791462,3.332440091236606,,339,420;456;458;497,367;471;515,405;505,406;500,371;375,368,505,457;486;495;503,493;501,460;489
7NX7,2,af2,cons,-613.6270726363439,-466.87659468194335,146.75047795440054,-39.6963044519975,1.5148133199415668,41.211117771939065,,339,485;489;496;502,483;490;518,405;477;478;493;501;505,406;447;449;453;454;455;456;457;459;473;474;475;476;487;494;495;497;503,371;373;452,346;351;365;372;391;446;451;467;469;491;492;506;520;522;541,477;478;505,455;473;474;475;476,498,487;489;504
7NX7,2,af2,free,-656.2282799253803,-622.3422939702627,33.885985955117576,-65.33664648739945,-20.179667678764478,45.156978808634975,,339,403;483;485;502,320;338;354;358;367;369;390;407;422;436;443;482;490;518;527,405;501;505,421;446;456;460;475;486;487;495;497;506,,351;368;374;391;435;442;445;448;451;472;480;492;519;528,405;493;501;505,403;420;455;456;460;473;475;486;502,498,415;503;504
