pdb,antibody,method,constrained,wt_total,om_total,d_total,wt_interface,om_interface,d_interface,tot_stab_mut_close,tot_stab_mut_distal,tot_stab_other_close,tot_stab_other_distal,tot_destab_mut_close,tot_destab_other_close,tot_destab_mut_distal,tot_destab_other_distal,int_destab_mut,int_destab_other,int_stab_mut,int_stab_other
7L0N,2,rpk,cons,-534.9854209755104,-511.9439589833268,23.041461992183542,-44.14246499204761,-44.26231296235678,-0.11984797030917349,,339,374,,371;375;376,372,405;493;501,,,,,
7L0N,2,rpk,free,-560.3197770355098,-544.873596332342,15.446180703167784,-53.27856221641689,-54.87689974677139,-1.598337530354506,,339;498;505,,451;508,,374,371;501,368;372;449;490;510,,,,412;414
7L0N,2,af2,cons,-605.3699762535365,-523.8759811567185,81.49399509681803,-36.34855052009588,-28.24815761872553,8.100392901370348,,339,377;384;387;518,367;443;483;490;496;500;502,371;373,370;381,405;493;501,346;351;365;446;449;451;453;454;455;456;457;459;461;467;469;471;473;474;475;479;487;491;492;494;495;497;506;520;541,,370;381,,
7L0N,2,af2,free,-663.9205925760238,-627.7922822299931,36.12831034603062,-46.18692623343681,-50.824884520868366,-4.637958287431559,,339;478,515,354;358;367;407;423;436;437;443;458;483;490;500;502;527,,368;369;374;389;413;517,405;493;501,357;420;434;442;445;446;448;451;456;488;491;492;495;497;506;519,,412;518,,377;381;391
