pdb,antibody,method,constrained,wt_total,om_total,d_total,wt_interface,om_interface,d_interface,tot_stab_mut_close,tot_stab_mut_distal,tot_stab_other_close,tot_stab_other_distal,tot_destab_mut_close,tot_destab_other_close,tot_destab_mut_distal,tot_destab_other_distal,int_destab_mut,int_destab_other,int_stab_mut,int_stab_other
7C01,1,rpk,cons,-506.7950061201027,-482.7512158185656,24.043790301537115,-49.8500284620965,-40.91498616462517,8.935042297471334,,339,406,,405;417;493;501,,371;373;375,370;372,417;493;505,,,421
7C01,1,rpk,free,-539.1155007383136,-526.4572299920173,12.658270746296239,-51.44980717646428,-46.1196782479733,5.330128928490986,,339,489,,405;484;493;501,,371;375,369,405;417;493;505,502,,421;460
7C01,1,af2,cons,-603.108228531159,-471.2431904486921,131.86503808246698,-45.28191814764473,0.6668312657319762,45.94874941337671,,339,490;500;502,383;443;483;508;518,405;417;477;478;493;501,449;455;456;471;473;474;475;476;479;487;492;494;495;497,371;373,346;351;365;372;387;446;448;451;454;465;491;506;520;522;538;541,417;477;478;493;505,456;474;475;476;489,498,421;457;486;495
7C01,1,af2,free,-651.8458492554767,-615.0128498188967,36.83299943657994,-57.89229836218804,-33.725351478019064,24.16694688416898,,,458;473;474;476;486;490;499;500;502;503;508,320;356;367;380;389;390;422;471;482;518,405;417;493,406;420;449;453;457;475;487;492;506,371;452,342;365;374;377;381;391;445;446;447;448;451;465;467;491;495;497;519;526,408;417;493;505,420;455;456;457;460;473;475;483;487;489,501,415;476;503;504;506
