pdb,antibody,method,constrained,wt_total,om_total,d_total,wt_interface,om_interface,d_interface,tot_stab_mut_close,tot_stab_mut_distal,tot_stab_other_close,tot_stab_other_distal,tot_destab_mut_close,tot_destab_other_close,tot_destab_mut_distal,tot_destab_other_distal,int_destab_mut,int_destab_other,int_stab_mut,int_stab_other
7KSG,2,rpk,cons,-450.5277096954154,-441.88097527903864,8.646734416376773,-46.59548334428999,-39.262804831613266,7.332678512676722,,339;373;408,,,452;484;501,,371;375,372,484;486,,478,
7KSG,2,rpk,free,-553.7963556835083,-541.731967058314,12.064388625194283,-60.93536393435241,-55.21415660638165,5.72120732797076,,339;408,468;496,347,417;452;484;501,,371;375,372;433;474,417;452;484,,478,496
7KSG,2,af2,cons,-615.0366092544266,-515.3161904243092,99.72041883011741,-27.612055831005474,-22.793185664483456,4.818870166522018,,339,483;485;496;502,481;508,452;501,403;446;447;449;450;455;456;475;487;489;491;492;493;494;495;497,405;477;505,365;442;448;451;453;454;457;461;465;467;469;474;479;480;506,486,446;489;490;494,501,495;497
7KSG,2,af2,free,-674.5851526876272,-623.8902992494482,50.69485343817905,-67.25194753663997,-52.07613513865962,15.175812397980351,,339,481;483;500;502,320;338;356;367;369;390;434;436,417,403;445;446;449;453;456;487;488;489;491;492;493;494;495;497,405,368;391;442;451;469;506,417;484,446;449;483;489;490;492;493;494,486;498;501,481;487;495;497;499
