pdb,antibody,method,constrained,wt_total,om_total,d_total,wt_interface,om_interface,d_interface,tot_stab_mut_close,tot_stab_mut_distal,tot_stab_other_close,tot_stab_other_distal,tot_destab_mut_close,tot_destab_other_close,tot_destab_mut_distal,tot_destab_other_distal,int_destab_mut,int_destab_other,int_stab_mut,int_stab_other
7CZP,2,rpk,cons,-453.41221605055887,-431.65617521938475,21.75604083117412,-34.4133979443571,-24.04073040762487,10.37266753673223,,339,406,,446;484;501;505,,371;373;375,369;372,417;496;501;505,,,
7CZP,2,rpk,free,-528.225586960458,-513.7338590228311,14.491727937626933,-55.628832035130195,-54.27078461085519,1.3580474242750071,,339,497,331;363;386,417;446;484;498;501;505,494;495,371;375,361;370;434,417;496;505,,,405;453;500
7CZP,2,af2,cons,-610.7613578271513,-613.4107206405614,-2.6493628134101073,-32.61244619705536,-27.87271355404974,4.739732643005624,,339;371,455;485,367;369;372;483;518,501,420;494,375,365;368;374;434;435;528,417;505,,,455;486
7CZP,2,af2,free,-657.9613693231006,-653.9249733387289,4.036395984371666,-67.30134282665848,-38.779370617206396,28.521972209452088,,339,483;485,369;372;390;518;527,501,405;497;500,,365;368;374;444;490;528,417;493;501;505,405;408;494;495;500;502,496,
