pdb,antibody,method,constrained,wt_total,om_total,d_total,wt_interface,om_interface,d_interface,tot_stab_mut_close,tot_stab_mut_distal,tot_stab_other_close,tot_stab_other_distal,tot_destab_mut_close,tot_destab_other_close,tot_destab_mut_distal,tot_destab_other_distal,int_destab_mut,int_destab_other,int_stab_mut,int_stab_other
7K9Z,1,rpk,cons,-496.7889594909692,-466.87914908292805,29.909810408041153,-33.67603217182832,-27.329193314043884,6.346838857784434,,339,,,452;484,,371;373;375;405;501,372;502,452,,,
7K9Z,1,rpk,free,-536.1754218922761,-511.68114193368467,24.49427995859139,-36.381246126388916,-34.03808299486819,2.3431631315207255,,339,,367,452;484,489;490,371;405,388;436;510,452,492,,449
7K9Z,1,af2,cons,-613.358168360975,-509.51833645690954,103.83983190406548,-32.42954491063234,-12.62608729498498,19.803457615647357,,339,466;471;481;483;496,443;485;502,452;501,357;451;457;465;467;468;469;480;491;492;493;494;495;497,405;477,365;394;442;445;446;448;453;456;461;474;475;479;487;489;506;538,452;484,468;483;490;493,,357;465;470
7K9Z,1,af2,free,-665.3410903225897,-614.8685772540257,50.47251306856401,-51.016291370435944,-33.9675703331385,17.048721037297447,,339;478,358;472;490;496,320;347;367;369;372;382;390;392;421;434;443;499;500;502;508;528,452,451;465;467;468;469;482;491;492;495;497,405;501,326;365;377;394;407;420;424;425;438;442;446;447;448;487;506,452;484,355;450;466;468;472;481;482;483;490,,470;492;497
