pdb,antibody,method,constrained,wt_total,om_total,d_total,wt_interface,om_interface,d_interface,tot_stab_mut_close,tot_stab_mut_distal,tot_stab_other_close,tot_stab_other_distal,tot_destab_mut_close,tot_destab_other_close,tot_destab_mut_distal,tot_destab_other_distal,int_destab_mut,int_destab_other,int_stab_mut,int_stab_other
7DK7,2,rpk,cons,-461.36141415550543,-427.68877509694715,33.672639058558275,-62.476932801747296,-58.141198595647595,4.335734206099701,,339,,367,405;493;498;501,449;502,371;373;375,372;374,493;505,,501,
7DK7,2,rpk,free,-523.0746988651968,-511.1411208976945,11.93357796750223,-92.86029188536094,-77.04712575367891,15.813166131682024,,339,444,365;366,405;493;498;501,,371;375,336;338;499,417;493;505,403;473;482;487;489;492,452;477;484,
7DK7,2,af2,cons,-601.6243231037743,-509.10599582616703,92.51832727760723,-44.42522720232258,-38.70662507559605,5.71860212672653,,339,421;458;481;483;486;490;496;500;502,518,405;452;477;501;505,446;449;453;455;456;457;473;474;476;488;489;491;492;494;495;497;506,371;373,346;351;365;372;451;454;469;479;480;520;522;538;541,484;505,449;455;456;476;483;488;489;490;492,498,486;495;497;502
7DK7,2,af2,free,-665.2070675093173,-608.3520716565263,56.854995852791035,-72.64861848288713,-54.930134162441526,17.718484320445604,,339;477,409;481;483;486;490;500;502;503,338;354;367;380;390;418;422;423;443;518,405;493;501;505,446;449;453;456;474;488;489;491;492;495;497,371,353;365;374;377;381;391;433;451;479;480;506;517;519;520;539,484;505,449;453;455;456;473;483;489;490;496,478;498,445;486;494;495;503
