pdb,antibody,method,constrained,wt_total,om_total,d_total,wt_interface,om_interface,d_interface,tot_stab_mut_close,tot_stab_mut_distal,tot_stab_other_close,tot_stab_other_distal,tot_destab_mut_close,tot_destab_other_close,tot_destab_mut_distal,tot_destab_other_distal,int_destab_mut,int_destab_other,int_stab_mut,int_stab_other
7LCN,1,af2,cons,-796.2992749418192,-719.1549217336781,77.14435320814118,-13.698850120602383,25.626979876922622,39.325829997525005,,,138;144;150,20;21;41;75;76;78;79;111;228;229;272,,140;141;147;148;158;242;245;247;248;249;250;251;252;253;254;255;256;257;259,19;24;25,160;270,,145;247;248;249;250;251;256;258,,144;246;252;253;257
7LCN,1,af2,free,-905.7950621843452,-860.6318993319815,45.16316285236371,-31.833234311309685,-44.10203486334036,-12.268800552030672,,,20;154;251,38;81;85;95;106;110;119;137;153;184;200;222;228;260;269;272,19;69,18;140;141;147;156;158;244;246;247;249;257;259,25,66;84;97;98;100;134;135;181;183;221;261;262,,16;144;146;246;247;256;257,142,147;158;249;250;251;252;253;255
