pdb,antibody,method,constrained,wt_total,om_total,d_total,wt_interface,om_interface,d_interface,tot_stab_mut_close,tot_stab_mut_distal,tot_stab_other_close,tot_stab_other_distal,tot_destab_mut_close,tot_destab_other_close,tot_destab_mut_distal,tot_destab_other_distal,int_destab_mut,int_destab_other,int_stab_mut,int_stab_other
7CM4,1,rpk,cons,-541.5892938634056,-522.6223343555594,18.96695950784624,-54.824608305522084,-53.95826847237082,0.8663398331512653,,339,,,446;484;501,,371;373;375,372,484,449,493,
7CM4,1,rpk,free,-567.1867539029128,-550.4166874910691,16.770066411843686,-56.18206161064962,-58.70984697122967,-2.5277853605800544,,339,495,436,484;501,447;491;492,373,372;374,484,449,446;498,403
7CM4,1,af2,cons,-613.9671991566659,-615.2948289188112,-1.3276297621453068,-37.344221554754604,-36.82509040245705,0.5191311522975539,,339;371,483;485,367;369;372;406;481;518,501,455;492,375,365;368;389;420;434;435;499,,403;450;483;490,484,485
7CM4,1,af2,free,-661.722777924995,-657.2921042491171,4.43067367587787,-53.14900444435995,-58.203189315100225,-5.054184870740272,,339,406;483;485;486,328;369;372;425;481;518;527,446,452;489;492;494,,342;374;424;435;511;528,417,403;483;489,,453;485;486
