pdb,antibody,method,constrained,wt_total,om_total,d_total,wt_interface,om_interface,d_interface,tot_stab_mut_close,tot_stab_mut_distal,tot_stab_other_close,tot_stab_other_distal,tot_destab_mut_close,tot_destab_other_close,tot_destab_mut_distal,tot_destab_other_distal,int_destab_mut,int_destab_other,int_stab_mut,int_stab_other
7DK6,2,rpk,cons,-472.76615125659043,-430.4671646578705,42.29898659871992,-71.83679312340497,-64.24311395584715,7.5936791675578235,,339,449,,405;486;498;501,487;507,371;373,372;439,501;505,403,,
7DK6,2,rpk,free,-529.1591581627517,-509.4296955000352,19.729462662716514,-89.48899381390319,-80.81318415137396,8.675809662529232,,339,,346;437;439;508,405;486;501;505,487;502,371,436;509,484;501;505,493,486,490
7DK6,2,af2,cons,-562.5814861076935,-528.6295835433161,33.951902564377406,-42.27891405046388,-41.79901981430611,0.4798942361577758,,339,472;473;481;482;483;485;489;502,383,405;505,403;445;446;449;455;457;474;475;480;491;492;493;494;495;497;503;506,,365;394;424;442;448;451;467;469;479,505,403;445;455;456;473;475;483;489;493,478;484;486;498;501,487;495
7DK6,2,af2,free,-656.7702330821207,-609.0371187728291,47.733114309291636,-85.05910179022665,-69.52480531699938,15.534296473227272,,,473;476;483;500;502;503,320;347;367;372;390;401;423,405;452;505,403;420;445;446;447;449;474;489;491;492;493;494;495;497;506;507,371,326;377;407;425;430;442;448;451;461;466;471;479;480,486;505,403;444;449;455;456;473;481;485;489;490;493,478;498;501,476;487;494;495;503
