pdb,antibody,method,constrained,wt_total,om_total,d_total,wt_interface,om_interface,d_interface,tot_stab_mut_close,tot_stab_mut_distal,tot_stab_other_close,tot_stab_other_distal,tot_destab_mut_close,tot_destab_other_close,tot_destab_mut_distal,tot_destab_other_distal,int_destab_mut,int_destab_other,int_stab_mut,int_stab_other
7CAK,1,rpk,cons,-259.0699915709772,-156.76125704224214,102.30873452873507,-46.50551999454523,-38.05431695610811,8.451203038437122,,339,368,,371;373;375,372;374;437;508,,,373;376;408,377,375,
7CAK,1,rpk,free,-481.7742232088042,-374.0150882827983,107.75913492600591,-66.56178388466776,-56.40700914307205,10.154774741595709,,,365;370;378;387;508,336;342;448,371;373;375;405,372;374;385;386;409,484,418;419;444;447;449;461;492;496;497;511;523,376;405,374;385;389,375,369;372;504
7CAK,1,af2,cons,-584.9928527845201,-517.1115097071346,67.88134307738551,-29.621227337254354,-33.426081256366096,-3.8048539191117428,,339,370;372;380,481;483;485;490;500;502,373;375;405,437;503;506,477;501,365;420;442;445;446;448;451;453;454;455;456;457;467;468;469;474;475;479;480;487;488;491;492;493;494;495;497,,370;383;503,375,369;372;380;414
7CAK,1,af2,free,-664.6650073145893,-619.4543810264361,45.21062628815321,-52.51936336415059,-53.073104974925194,-0.5537416107746012,,339,369;381;407;427,338;358;390;472;483;490;500;502,405,366;377;382;389;503;506,452;501,357;391;392;394;442;445;446;448;449;451;453;457;466;467;479;480;487;491;492;495;497;533,405,370;372;389;412;503,373,374;383;385;386
