pdb,antibody,method,constrained,wt_total,om_total,d_total,wt_interface,om_interface,d_interface,tot_stab_mut_close,tot_stab_mut_distal,tot_stab_other_close,tot_stab_other_distal,tot_destab_mut_close,tot_destab_other_close,tot_destab_mut_distal,tot_destab_other_distal,int_destab_mut,int_destab_other,int_stab_mut,int_stab_other
7N9T,2,rpk,cons,-254.66421223939048,-251.21888936511857,3.445322874271909,-23.852005866296608,-24.150962246836748,-0.2989563805401403,,339;373;496,,,,,371;446;501,,,,,
7N9T,2,rpk,free,-466.2935924236498,-468.4621069371167,-2.168514513466903,-47.63409686034485,-49.94527703082007,-2.3111801704752253,,373;496;505,,329;367;506;533;541,,452,371;375;501,324;508,,468,484,
7N9T,2,af2,cons,-607.6075973132008,-608.4271166661929,-0.8195193529920743,0.0,0.0,0.0,,339;371,,367;369;372;406;483;485;518,,,375;501,365;368;374;420;434;435;455;489;499;528,,,,
7N9T,2,af2,free,-654.1467249679692,-656.7427140224348,-2.5959890544655764,0.0,0.0,0.0,,339;371;484,,369;406;451;483;485;516;518;527,,,446;501,374;435;455;526,,,,
