pdb,antibody,method,constrained,wt_total,om_total,d_total,wt_interface,om_interface,d_interface,tot_stab_mut_close,tot_stab_mut_distal,tot_stab_other_close,tot_stab_other_distal,tot_destab_mut_close,tot_destab_other_close,tot_destab_mut_distal,tot_destab_other_distal,int_destab_mut,int_destab_other,int_stab_mut,int_stab_other
7EKF,1,rpk,cons,-495.7058066421651,-468.6446833156149,27.061123326550216,-46.98710392636858,-38.412034867003236,8.575069059365347,,339,,,417;446;484;498,,371;373;375,,417;493,,501,
7EKF,1,rpk,free,-536.1419493532546,-522.8907143209588,13.251235032295881,-49.05738148416277,-51.701614591994336,-2.6442331078315675,,339,,372;374,417;446;484;493;498,445;490,371;375,364;365;366,417,,477;501,453
7EKF,1,af2,cons,-622.4001723313272,-623.048172892017,-0.6480005606897521,-49.85182561762624,-43.03512067551857,6.81670494210767,,339;371,485,367;369;372;406;483;518,417,489;494,375,365;368;374;434;435;528,417;493,,501,
7EKF,1,af2,free,-660.6337499281854,-671.8233173417348,-11.189567413549412,-58.21485920780207,-53.45493170907818,4.75992749872389,,339;371,456;485,369;372;393;406;451;483;518,417;446;493;496,,,342;374;435;519;526,417;493;496,403;500,477;501,489
