pdb,antibody,method,constrained,wt_total,om_total,d_total,wt_interface,om_interface,d_interface,tot_stab_mut_close,tot_stab_mut_distal,tot_stab_other_close,tot_stab_other_distal,tot_destab_mut_close,tot_destab_other_close,tot_destab_mut_distal,tot_destab_other_distal,int_destab_mut,int_destab_other,int_stab_mut,int_stab_other
6YZ5,1,rpk,cons,-568.7743702651615,-539.3403518851879,29.43401837997351,-41.35821493243476,-30.354638959436503,11.00357597299826,,339,,,446;484;493,455,371;373;375;501,372,484;493,,,
6YZ5,1,rpk,free,-588.5384671181257,-570.2295321112052,18.30893500692048,-41.443293235474414,-35.258656000888465,6.184637234585949,,339,,434,446;484;493,455,371;375;498,372;377,484;493,,,489
6YZ5,1,af2,cons,-612.9535309016252,-618.773718932117,-5.820188030491863,-32.529812383120536,-28.5541106378738,3.9757017452467345,,339;371,472;481;483;485,367;369;372;406;518,446,452;490;494,375;501,365;368;374;420;434;435;528,,483;490,484,
6YZ5,1,af2,free,-662.6403812129968,-664.3861500680275,-1.7457688550307466,-42.666841126845476,-37.73309663900427,4.933744487841203,,339;371,485,369;372;406;481;516;518,446;493;496,494,501,374;435;526,484;493,483,,444;485;489
