pdb,antibody,method,constrained,wt_total,om_total,d_total,wt_interface,om_interface,d_interface,tot_stab_mut_close,tot_stab_mut_distal,tot_stab_other_close,tot_stab_other_distal,tot_destab_mut_close,tot_destab_other_close,tot_destab_mut_distal,tot_destab_other_distal,int_destab_mut,int_destab_other,int_stab_mut,int_stab_other
7JZU,1,rpk,cons,-581.0954358513859,-545.3191590228591,35.77627682852676,-71.0692683833523,-59.081645937682886,11.987622445669409,,339,,,446;493;498,449;494;495,371;373;375,369;499,417;493;498;505,,501,
7JZU,1,rpk,free,-593.4060159060895,-577.3376940258952,16.068321880194276,-73.22550219862684,-62.318261646641915,10.907240551984927,,339,403,356,446;484;493;498,490,371;375,365;368;388,417;484;493;498;505,489,501,403
7JZU,1,af2,cons,-622.8758300689236,-614.9815574183274,7.8942726505962355,-61.97682185232465,-58.23957923262086,3.7372426197037854,,339;371,403;483;485,367;369;372;518,493;498,449;494;495,375,365;368;374;434;435;528,417;498,,501,489
7JZU,1,af2,free,-664.0909199494663,-674.1941297878549,-10.10320983838858,-72.18043435239376,-64.50657048644027,7.673863865953493,,339;371,403;483;485,369;450;451;518,493,497,,356;365;374;435;526,417;484;498;505,,501,
