pdb,antibody,method,constrained,wt_total,om_total,d_total,wt_interface,om_interface,d_interface,tot_stab_mut_close,tot_stab_mut_distal,tot_stab_other_close,tot_stab_other_distal,tot_destab_mut_close,tot_destab_other_close,tot_destab_mut_distal,tot_destab_other_distal,int_destab_mut,int_destab_other,int_stab_mut,int_stab_other
7BEH,1,rpk,cons,-521.607153293322,-500.7778450403479,20.829308252974045,-38.632021752437346,-30.04625912292157,8.585762629515777,,339;408;505,,340;374,484;493;501,490,371;373;375;405,372,484,,,
7BEH,1,rpk,free,-548.5945470942764,-532.2396696192083,16.35487747506818,-45.46739344549675,-40.16037045488631,5.3070229906104345,,339;408;505,488;489,,484;498,446,371;373;376;405,372,484,,,483;489
7BEH,1,af2,cons,-601.850076106173,-513.1801385346092,88.66993757156376,-31.802071304382522,-22.201310080972462,9.60076122341006,,339,481;483;485;486;490;500;502,518,493;501,446;449;453;456;475;487;492;494;495;497,371;373;375;405,346;351;365;372;448;451;454;457;461;465;471;473;479;491;506;520;541,493,449;486;489;490,484;501,
7BEH,1,af2,free,-652.1869726876204,-609.4906683992925,42.69630428832784,-36.29967970671313,-41.56377007288751,-5.264090366174379,,477,474;483;486;487;490;499;502,320;338;358;367;390;407;436;466;482;500;518;527,493,445;446;449;453;456;492;494;495;496;497,405,357;374;391;448;454;457;469;472;479;491;506;519;520,484;493,449;492,498;501,456;485;486;487;495
