pdb,antibody,method,constrained,wt_total,om_total,d_total,wt_interface,om_interface,d_interface,tot_stab_mut_close,tot_stab_mut_distal,tot_stab_other_close,tot_stab_other_distal,tot_destab_mut_close,tot_destab_other_close,tot_destab_mut_distal,tot_destab_other_distal,int_destab_mut,int_destab_other,int_stab_mut,int_stab_other
7CZW,1,rpk,cons,-445.213074395305,-430.3374182572946,14.875656138010413,-31.143924810598786,-26.898315831639174,4.245608978959613,,339,,,484,,371;373;375;446,369;372,493,,,
7CZW,1,rpk,free,-524.2936283360812,-512.895766296393,11.397862039688107,-48.088486654202384,-45.13849520511373,2.9499914490886567,,339,,,446;484,,371;375,361;370;420,417;484;493;496,453,501,486
7CZW,1,af2,cons,-613.8067477426038,-616.9921478212691,-3.1854000786653387,-33.11012197276463,-30.15889797071226,2.9512240020523706,,339;371,406;483;485,367;369;372;481;518,496;501,,375,365;368;374;420;434;435;497;528,505,453,,486
7CZW,1,af2,free,-658.7324092126075,-661.2751247552561,-2.5427155426485797,-43.55274837840079,-40.37255930831491,3.1801890700858806,,339;371,406;485,369;372;382;516;518;527,,447;455;486,,374;435;526,484;505,483;486,496;501,
