pdb,antibody,method,constrained,wt_total,om_total,d_total,wt_interface,om_interface,d_interface,tot_stab_mut_close,tot_stab_mut_distal,tot_stab_other_close,tot_stab_other_distal,tot_destab_mut_close,tot_destab_other_close,tot_destab_mut_distal,tot_destab_other_distal,int_destab_mut,int_destab_other,int_stab_mut,int_stab_other
7K9J,3,rpk,cons,-386.39308025229593,-375.29727191039694,11.095808341898987,-27.58026732868948,-26.990683009298042,0.5895843193914381,,408;505,,367,,,371;373;375;376;405;501,372,,,,
7K9J,3,rpk,free,-454.3364704422456,-448.7114243806044,5.625046061641228,-36.84390711706118,-39.00445932668718,-2.1605522096260046,,,340;436;451,367;437,,,371;405;493,370;372;377;414;453,,,,340
7K9J,3,af2,cons,-611.9169394352642,-513.9230184081663,97.99392102709794,-26.777418537164962,-25.040222996072757,1.7371955410922055,,,445,483;490;496;502;518,,345;441;444;446;447;448;449;451,371;373;405;493;501,351;365;372;453;454;455;456;457;467;469;471;473;474;475;479;487;491;492;494;495;497;506;520;522;541,,345;446,,346;445
7K9J,3,af2,free,-659.8427393310506,-624.316096323707,35.52664300734352,-40.257223106394754,-39.98833653302863,0.26888657336612454,,478,356;436;443;499,338;367;369;390;407;421;458;483;490;500;502;518;527,,345;442;444;445;446;447;451;509,405;493;501,374;377;391;403;430;435;449;453;457;469;480;491;492;495;497;506;519;526;528,,340;345;441,440,445;446
