pdb,antibody,method,constrained,wt_total,om_total,d_total,wt_interface,om_interface,d_interface,tot_stab_mut_close,tot_stab_mut_distal,tot_stab_other_close,tot_stab_other_distal,tot_destab_mut_close,tot_destab_other_close,tot_destab_mut_distal,tot_destab_other_distal,int_destab_mut,int_destab_other,int_stab_mut,int_stab_other
7N9A,1,rpk,cons,-415.3872462919266,-395.95712295341207,19.430123338514534,-29.661892068503285,-30.21653437017737,-0.554642301674086,,339;408,494,,484;501,,371;373;375,372;502,484,,493,
7N9A,1,rpk,free,-519.6413582158629,-495.74491821393934,23.89644000192351,-42.14872043673776,-47.97302620592964,-5.824305769191881,,339;408,455;490,366,,456;483;491,371;373,365;372;377;454;457;467;473;502;526,,482;483,493,455;489;490
7N9A,1,af2,cons,-593.3043772162808,-508.11698401853926,85.18739319774159,-22.948630087713557,-24.332556256998906,-1.383926169285349,,339,485;490;496;502,383;518,493;501,346;351;403;446;448;451;453;455;456;475;486;487;491;492;494;495;497,371;373;405,365;372;387;454;457;467;468;469;471;473;474;479;506;520;522;541,,482;483;486;490;492,484;498;501,449;495;497
7N9A,1,af2,free,-656.455409230038,-610.2858618600491,46.16954736998889,-49.67082342807267,-49.988171850346944,-0.3173484222742715,,339;478,483;486;490;500;502,320;338;354;367;369;390;407;436;437;474;518,493;501,349;445;446;447;449;450;451;455;456;489;492;495,405,365;374;377;391;420;435;442;454;457;467;469;491;506;519;520;526;540,484,449;450;483;489;490;492,498;501,455;486;494;495;497;499
