pdb,antibody,method,constrained,wt_total,om_total,d_total,wt_interface,om_interface,d_interface,tot_stab_mut_close,tot_stab_mut_distal,tot_stab_other_close,tot_stab_other_distal,tot_destab_mut_close,tot_destab_other_close,tot_destab_mut_distal,tot_destab_other_distal,int_destab_mut,int_destab_other,int_stab_mut,int_stab_other
7NX8,2,rpk,cons,-547.3551027096537,-545.4552192651144,1.8998834445393413,-48.49680462143469,-42.98614974991635,5.510654871518341,,339;373,,,,500,375;376,,417;505,,501,
7NX8,2,rpk,free,-571.6339670686975,-557.9051084745911,13.728858594106441,-52.68835221863951,-47.5868377149571,5.101514503682409,,339,406;458,471,505,500,371;375,372;402;434;437,486;505,403;457,501,453;455;460;487
7NX8,2,af2,cons,-609.9001613147907,-502.30933562185305,107.59082569293764,-39.1525786621879,-16.219841969424333,22.932736692763566,,339,500;502,347;434;483;485,405;477;478;501;505,453;455;456;457;473;474;475;476;479;480;487;494;495;497;503;506,452,365;442;446;448;451;469;491;492,486;505,455;457;475;476,,421;504
7NX8,2,af2,free,-659.154802763422,-619.8806562207254,39.2741465426966,-68.35187286490628,-14.973339360608735,53.37853350429755,,339;484,485;496;500;502,320;347;358;367;369;372;390;443;472;483;490;499;528,405;486;501;505,406;447;453;456;487;495;497,375,351;365;430;442;445;446;448;451;465;471;480;491;492;506;526,405;486;505,420;421;455;456;473;475;487;489;493;495;502,478,503
