pdb,antibody,method,constrained,wt_total,om_total,d_total,wt_interface,om_interface,d_interface,tot_stab_mut_close,tot_stab_mut_distal,tot_stab_other_close,tot_stab_other_distal,tot_destab_mut_close,tot_destab_other_close,tot_destab_mut_distal,tot_destab_other_distal,int_destab_mut,int_destab_other,int_stab_mut,int_stab_other
7JZN,2,rpk,cons,-591.4204721091676,-562.0649515419572,29.35552056721042,-59.49846832413889,-48.05303169572646,11.44543662841243,,339,,,484;498;501;505,,371;373;375,372,417;498;505,,,
7JZN,2,rpk,free,-616.4275386288366,-599.2231405602327,17.20439806860395,-58.313799114400226,-54.879843093297445,3.43395602110278,,339,487,,405;501,495,371;373;375,372,417;498;505,,,487;489
7JZN,2,af2,cons,-616.781601333098,-532.3815176399987,84.4000836930993,-51.24046752352105,-40.97654662031513,10.263920903205914,,339,421;485;490;496;500;502,481;483,405;417;477;501;505,446;449;453;455;456;457;474;487;489;493;494;495;497;503;506,452,365;442;445;448;451;454;469;479;491;492,417;501;505,449;456;489;493;502,478;498,455;499;500
7JZN,2,af2,free,-655.1056539600578,-626.2357672566322,28.86988670342555,-50.37319923998227,-52.92541484434733,-2.5522156043650597,,339,403;421;483;485;490;500;502;503,320;338;347;358;367;369;374;389;390;436;472,405;417;486;501,420;446;449;453;456;487;495;497;506,375,326;368;430;442;445;448;451;454;467;469;480;491;492;526,417;501;505,449;456;489;493,478;498,403;455;476;487;503
