pdb,antibody,method,constrained,wt_total,om_total,d_total,wt_interface,om_interface,d_interface,tot_stab_mut_close,tot_stab_mut_distal,tot_stab_other_close,tot_stab_other_distal,tot_destab_mut_close,tot_destab_other_close,tot_destab_mut_distal,tot_destab_other_distal,int_destab_mut,int_destab_other,int_stab_mut,int_stab_other
7KZB,1,rpk,cons,-457.87807799255876,-451.70369893911686,6.174379053441896,-39.918896797617464,-40.0341442702588,-0.11524747264133595,,339;446,,,,,371;373;501,372,,,,
7KZB,1,rpk,free,-504.94618974212875,-506.5884873331813,-1.642297591052568,-46.63443808368515,-48.36046172510867,-1.7260236414235237,,339;446,,418;420,,455,373;375,372;434;499;500,,486,,
7KZB,1,af2,cons,-607.557775758677,-609.6847891239723,-2.1270133652952836,-22.5342863327144,-23.79724774244589,-1.2629614097314885,,339;371,483;485,367;369;372;406;451;481;518,496,489,375;446;501,365;368;374;420;434;435;452;528,417,483,,
7KZB,1,af2,free,-668.3952449505548,-674.1801870501622,-5.784942099607406,-53.86999662720318,-48.659742966359524,5.210253660843655,,339;371,483;485,360;369;372;390;393;406;518;527,,455,446,374;448;528,417;484;505,405;488,,486;489;490
