pdb,antibody,method,constrained,wt_total,om_total,d_total,wt_interface,om_interface,d_interface,tot_stab_mut_close,tot_stab_mut_distal,tot_stab_other_close,tot_stab_other_distal,tot_destab_mut_close,tot_destab_other_close,tot_destab_mut_distal,tot_destab_other_distal,int_destab_mut,int_destab_other,int_stab_mut,int_stab_other
6YZ5,1,rpk,cons,-570.2981017783115,-543.1903557962585,27.107745982053075,-40.410233672193726,-35.18466676160725,5.22556691058648,,339,,,452;484,455,371;373;376;405;501,372,452;484,,,
6YZ5,1,rpk,free,-589.7644074923754,-574.6490704714442,15.115337020931179,-41.64721777571736,-44.516370857270026,-2.8691530815526676,,339;408,,374,484;498,455,371;375;376;501,372;378,484,,452;486,
6YZ5,1,af2,cons,-612.9535309016252,-528.4402492002239,84.5132817014013,-32.529812383120536,-8.895613611726215,23.63419877139432,,339,450;481;483;485;502,383,452,446;448;449;487;488;490;491;492;494;495;497,405;477,351;365;442;451;454;457;465;467;469;474;475;479;480;506,,449;483;489;490;492;494;497,498;501,445
6YZ5,1,af2,free,-662.6403812129968,-609.2053441012953,53.43503711170149,-42.666841126845476,-17.486394418826805,25.18044670801867,,339;478,472;499,320;367;369;372;382;390;407;436;443;481;485;500;502,452,446;449;455;456;483;488;489;490;491;492;493;494;495;497,405,326;394;442;451;457;465;471;480;487;506,484,449;483;489;490;493,501,346;445
