pdb,antibody,method,constrained,wt_total,om_total,d_total,wt_interface,om_interface,d_interface,tot_stab_mut_close,tot_stab_mut_distal,tot_stab_other_close,tot_stab_other_distal,tot_destab_mut_close,tot_destab_other_close,tot_destab_mut_distal,tot_destab_other_distal,int_destab_mut,int_destab_other,int_stab_mut,int_stab_other
7MY3,3,rpk,cons,-372.95604833792027,-347.11727568128083,25.838772656639435,-16.101642126230555,-14.610896080276648,1.490746045953907,,339,,,371;373;375;405,372,498;501,403,,372,,
7MY3,3,rpk,free,-524.915719937507,-510.1415792834777,14.774140654029281,-26.275651434791612,-26.004189358004265,0.2714620767873477,,498,,497;509,371;375;505,369;374;502,,368;449;450,505,372;374;502,405,377;407;504
7MY3,3,af2,cons,-609.6429176153142,-525.1168767779309,84.52604083738333,-12.190227005999063,-3.637679903623967,8.552547102375096,,339,500;502,367;483;490;496;518,371;373;405;501,372;374;503;506,493,346;351;365;442;446;449;451;453;454;455;456;457;461;469;471;473;475;479;487;491;492;494;495;497;520;522;541,408,372;503,373,
7MY3,3,af2,free,-654.336151324926,-619.7963149076336,34.53983641729246,-19.280980635340438,-22.514350544865472,-3.2333699095250346,,339;478,502,338;366;367;368;380;390;399;430;466;467;473;474;483;490;500;518;527,405;501,406;503;506,371;493,355;365;391;420;442;445;446;448;451;454;455;457;465;479;480;487;491;492;494;495;497;519;520;528,505,502;503,375,374;506
