pdb,antibody,method,constrained,wt_total,om_total,d_total,wt_interface,om_interface,d_interface,tot_stab_mut_close,tot_stab_mut_distal,tot_stab_other_close,tot_stab_other_distal,tot_destab_mut_close,tot_destab_other_close,tot_destab_mut_distal,tot_destab_other_distal,int_destab_mut,int_destab_other,int_stab_mut,int_stab_other
6ZH9,2,rpk,cons,-540.2155123257222,-510.24401558773656,29.97149673798566,-43.640472431593786,-34.642233291080046,8.99823914051374,,339,,,484;493,,371;373;375;405;498;501,372,484;493,,,
6ZH9,2,rpk,free,-569.5620086269732,-554.1167812267763,15.445227400196927,-46.580227883022204,-36.903156611548866,9.677071271473338,,339;408,,,484;493,446;489,371;373;498;501,372;499,484;493,,,
6ZH9,2,af2,cons,-616.4974468127936,-514.9891919863552,101.50825482643836,-34.70114366084807,-12.493829189565274,22.207314471282793,,339,450;481;483;485,502;508;518,452;493;501,346;446;448;449;451;455;456;473;487;489;491;492;494;495;497;499,371;373;405,351;365;372;454;457;468;471;479;506;520;522;538;541,493,449;455;470;483;489;490;494,501,
6ZH9,2,af2,free,-666.6700444316757,-619.3119754089573,47.35806902271838,-45.6194731169422,-18.79430355489916,26.825169562043044,,339;478,450;473;502,338;354;367;390;443;466;468;474;500;518,484;493,446;448;449;451;455;470;489;491;492;494;495;497,371;405,342;365;374;377;391;442;454;469;487;506;519;520;525,484;493,449;455;470;483;489;490;494,498;501,445;450;495
