pdb,antibody,method,constrained,wt_total,om_total,d_total,wt_interface,om_interface,d_interface,tot_stab_mut_close,tot_stab_mut_distal,tot_stab_other_close,tot_stab_other_distal,tot_destab_mut_close,tot_destab_other_close,tot_destab_mut_distal,tot_destab_other_distal,int_destab_mut,int_destab_other,int_stab_mut,int_stab_other
7N0H,1,rpk,cons,-525.7828795376123,-506.2292942761593,19.55358526145301,-51.657312218051494,-43.73844065488658,7.918871563164913,,339,,367,452;484;501,,371;373;375;376,,484;486;505,,498,
7N0H,1,rpk,free,-592.1023381425609,-577.4240944202347,14.678243722326215,-63.38900064818079,-54.84073979258242,8.548260855598372,,339,,410,452;484;501,502,371;375,,405;484,,498,
7N0H,1,af2,cons,-603.9252156809295,-517.523634493043,86.40158118788645,-35.88453496812989,-20.497437013652018,15.387097954477873,,339,481;482;483;485;500;502,,405;452,446;448;449;453;455;456;470;488;491;492;494;495;497;499,477,365;442;451;454;457;467;469;474;475;479;480;487;506,505,449;450;453;470;483;490;494,498;501,495
7N0H,1,af2,free,-658.490777972408,-623.0728982829548,35.417879689453116,-52.21924009647235,-57.342972249256086,-5.123732152783738,,339;478,409;418;483;485;488;490;500;502,320;338;358;367;369;372;374;390;422;436;443;473,405;452,446;447;449;453;455;470;487;491;492;493;494;495;497;506,375,353;365;386;391;392;442;451;465;466;467;475;480,484;505,449;470;483;490;494,405;498;501,409;493;495;503
