pdb,antibody,method,constrained,wt_total,om_total,d_total,wt_interface,om_interface,d_interface,tot_stab_mut_close,tot_stab_mut_distal,tot_stab_other_close,tot_stab_other_distal,tot_destab_mut_close,tot_destab_other_close,tot_destab_mut_distal,tot_destab_other_distal,int_destab_mut,int_destab_other,int_stab_mut,int_stab_other
7LY2,4,af2,cons,-799.3263063752219,-756.9210635210143,42.405242854207586,-27.60907997183826,-27.24911975761505,0.3599602142232108,,,17;18;20;21;143;144;154;248,22;75;76;79;97;111;228;229,19,140;145;148;152;158;244;245;247;249;250;251;253;256;257;258,24;25,259,19,147;148;155;251,,17;248;252;254;255
7LY2,4,af2,free,-884.8328643183027,-882.6824053367857,2.1504589815169766,-46.55113037876136,-68.27715179419914,-21.726021415437785,,,143;155;242;246;248;251;252,22;41;55;66;80;95;97;180;182;186;222;228;237;269;298,19,77;140;147;158;244;245;247;257;258,25;69,54;78;170;183;214;259;261;263,19,73;144;147;246;258,,17;148;155;248;249;250;251;252;254;255
