pdb,antibody,method,constrained,wt_total,om_total,d_total,wt_interface,om_interface,d_interface,tot_stab_mut_close,tot_stab_mut_distal,tot_stab_other_close,tot_stab_other_distal,tot_destab_mut_close,tot_destab_other_close,tot_destab_mut_distal,tot_destab_other_distal,int_destab_mut,int_destab_other,int_stab_mut,int_stab_other
6ZCZ,2,rpk,cons,-533.8422418246214,-521.9776972122148,11.864544612406576,-56.11611460131975,-56.591138065782914,-0.47502346446316324,,339,,,,372,371;373;484;501,,,,,
6ZCZ,2,rpk,free,-563.6686638533248,-545.6805143966621,17.988149456662654,-60.46217965567603,-61.52906767148633,-1.0668880158102994,,339;408,,,,372;433,371;484;501,490;494,,,,
6ZCZ,2,af2,cons,-616.899137360851,-541.0949205191004,75.80421684175064,-48.24480018849258,-40.96126841817819,7.28353177031439,,339,,443;481;483;485;490;502,,381,405;452;477;501,434;442;446;448;451;453;454;457;461;465;467;469;474;475;479;480;487;488;491;492;494;495;497;506,,378;383;386,,377;384;385
6ZCZ,2,af2,free,-660.208616711342,-633.1721542296117,27.03646248173027,-60.826488161280956,-67.89063149770114,-7.06414333642018,,339;478,377;385;386;515,347;358;367;372;421;443;472;483;490;499;500;502;516,,369,405;486;501,326;351;424;425;442;445;446;447;451;453;465;466;471;487;488;491;492;495;497;506,,,,369;377;414
