pdb,antibody,method,constrained,wt_total,om_total,d_total,wt_interface,om_interface,d_interface,tot_stab_mut_close,tot_stab_mut_distal,tot_stab_other_close,tot_stab_other_distal,tot_destab_mut_close,tot_destab_other_close,tot_destab_mut_distal,tot_destab_other_distal,int_destab_mut,int_destab_other,int_stab_mut,int_stab_other
7E5S,7,rpk,cons,-157.52498300656165,-150.2374101865875,7.2875728199741445,-42.924419799576924,-40.207366462793644,2.7170533367832803,,339,,,371;375;405,409,,,,,,
7E5S,7,rpk,free,-244.37175961823152,-247.63946811694035,-3.267708498708828,-70.05604815561603,-67.99558993724955,2.0604582183664775,,339,374;407;410;411;414;434;435,361;399;402;415,375;405,372;378;409,,392;397;400,,372,,374
7E5S,7,af2,cons,-603.9930833351029,-524.1908488710377,79.80223446406524,-29.864282206873188,-28.63056689520183,1.2337153116713573,,339,366;369;434,367;443;483;490;502;518,371;375;405,374;506,493;501,346;351;365;446;449;451;453;454;455;456;457;471;473;475;479;487;491;492;494;495;497;520;522;541,375,372;374,,369;377;378
7E5S,7,af2,free,-665.0606883879459,-618.1104025971972,46.950285790748694,-52.13117223857609,-57.23225620905646,-5.101083970480367,,339;478,,320;421;443;458;483;490;499;500;502;518,371;373;405,368;374;425;503;506,493;501,391;442;445;446;447;448;451;453;456;465;488;491;492;495;497;519;520,,374,373;375,369;377
