pdb,antibody,method,constrained,wt_total,om_total,d_total,wt_interface,om_interface,d_interface,tot_stab_mut_close,tot_stab_mut_distal,tot_stab_other_close,tot_stab_other_distal,tot_destab_mut_close,tot_destab_other_close,tot_destab_mut_distal,tot_destab_other_distal,int_destab_mut,int_destab_other,int_stab_mut,int_stab_other
7KL9,2,rpk,cons,-213.75015857839907,-178.59532418529534,35.15483439310373,-37.06369763935196,-29.547572120525047,7.516125518826911,,408,,370,417;493;498;501,494,371;373;375;484,372;374;439,417;505,,,
7KL9,2,rpk,free,-369.18622109519697,-351.8304402295232,17.35578086567375,-54.28591101588391,-50.926506407266906,3.3594046086170053,,339,403;474;486;502,343;365;368;380;386;482;508;527;528,417;478,476;494,371;373,329;332;338;367;372;388;392;397;427;432;492;506,417;505,476;494;496,501,455;486
7KL9,2,af2,cons,-617.7380485365641,-500.05273982066376,117.6853087159003,-45.36384559175164,-13.473359061968411,31.89048652978323,,339,483;490;500;502,390;437;443;485;518,405;417;498;501;505,403;446;447;449;453;455;456;473;475;486;487;489;492;494;495;497;503;506,371;373;375;484,346;351;365;372;442;451;454;457;461;471;479;491;520;522;528;538;541,417;493;505,449;456;476;486;487;489;494,,455;474;500;503
7KL9,2,af2,free,-654.386584133434,-617.793547268567,36.59303686486703,-42.669458488654506,-38.93224591145871,3.7372125771957982,,,458;474;475;476;483;490;502,367;369;390;407;436;443;466;518;528,417;493;501;505,403;406;446;447;456;488;494;495;497,405,355;374;391;420;442;445;451;454;465;469;479;491;492;506;517;519;520;526,417;501;505,446;449;486;489;500;502,477;498,455;475;476;503
