pdb,antibody,method,constrained,wt_total,om_total,d_total,wt_interface,om_interface,d_interface,tot_stab_mut_close,tot_stab_mut_distal,tot_stab_other_close,tot_stab_other_distal,tot_destab_mut_close,tot_destab_other_close,tot_destab_mut_distal,tot_destab_other_distal,int_destab_mut,int_destab_other,int_stab_mut,int_stab_other
7JV4,2,rpk,cons,-482.0109866238978,-458.90125851940354,23.109728104494252,-42.83319734671658,-34.75286319927833,8.08033414743825,,339;505,,403,452;484,,371;373;375;405;501,372;495,484;486,,,
7JV4,2,rpk,free,-513.1437967075151,-493.15621811457964,19.98757859293545,-46.34876213846471,-38.25324571952054,8.095516418944165,,339;505,,324;368;403;434,452;484;498,,371;373;375;501,372;541,484,,,
7JV4,2,af2,cons,-600.3803350763952,-535.6583887949214,64.72194628147383,-18.85727089891935,-14.890661372174403,3.9666095267449464,,339,483;485;490;500;502,443,452,448;449;479;487;491;492;494;495;497,405;477,365;442;451;453;454;455;456;457;467;469;473;474;475;506,484,449;481;483;490,501,446;489;495
7JV4,2,af2,free,-653.4988051467435,-616.9244051661829,36.574399980560656,-24.92120757008604,-22.61260043588613,2.30860713419991,,339,483;485;490;499;500;502,347;358;367;369;374;382;392;436;443,452,445;446;487;488;495,375;405,368;442;451;453;456;459;467;473;491;492;497;506;526,484,446;483,501,
