pdb,antibody,method,constrained,wt_total,om_total,d_total,wt_interface,om_interface,d_interface,tot_stab_mut_close,tot_stab_mut_distal,tot_stab_other_close,tot_stab_other_distal,tot_destab_mut_close,tot_destab_other_close,tot_destab_mut_distal,tot_destab_other_distal,int_destab_mut,int_destab_other,int_stab_mut,int_stab_other
7OAQ,1,rpk,cons,-567.6142220192248,-559.443939091442,8.170282927782864,-50.08110100230193,-50.02518317341856,0.05591782888336638,,339,,,371;373;375;376,372,484,,,,,
7OAQ,1,rpk,free,-593.7498892745014,-581.950367905475,11.799521369026365,-53.294310449121205,-53.69100124084459,-0.39669079172338684,,339,368,406,371;375;376,372,498,,,,,
7OAQ,1,af2,cons,-618.3475478259494,-525.1892435474814,93.158304278468,-42.236212967967546,-36.059065584437384,6.177147383530162,,339,,443;483;490;502;518,371;373;375;405,372;374;385;503;506,493;501,346;351;365;446;449;451;453;454;455;456;457;471;473;475;479;487;491;492;494;495;497;520;522;541,376,374,,378
7OAQ,1,af2,free,-661.59189358094,-610.2840125843625,51.30788099657752,-46.232972111886674,-44.180032805298914,2.05293930658776,,339;478,502,338;347;367;389;421;443;473;474;483;490;499;500;518,371;405,368;374;385;506,493;501,353;365;391;420;425;442;445;446;447;448;449;451;453;454;456;465;471;480;487;491;492;495;497;517;519;520,376,374;385;503,375,378
