pdb,antibody,method,constrained,wt_total,om_total,d_total,wt_interface,om_interface,d_interface,tot_stab_mut_close,tot_stab_mut_distal,tot_stab_other_close,tot_stab_other_distal,tot_destab_mut_close,tot_destab_other_close,tot_destab_mut_distal,tot_destab_other_distal,int_destab_mut,int_destab_other,int_stab_mut,int_stab_other
7EH5,6,rpk,cons,-352.87511954215915,-341.35302038514703,11.522099157012121,-20.040549118613885,-21.5633859582623,-1.5228368396484164,,339;496;505,,,477,,371;373;375;501,372,,,,
7EH5,6,rpk,free,-468.08693636689105,-463.33190512923164,4.755031237659409,-37.68166900004839,-29.316841281253737,8.36482771879465,,339;496,,342;345;347;348;399;434;492,477;478,489,371;373;375;501,346;366;368;372;388;490;497,478,486,,
7EH5,6,af2,cons,-606.8536486708326,-612.3648320140878,-5.5111833432551975,-12.078973026218698,-16.134407699271364,-4.055434673052666,,339;371,485,367;369;372;406;483;518,477,,375;446;496;501,365;368;374;434;435;452;499;528,,,,474
7EH5,6,af2,free,-655.3487167393979,-655.3232683507147,0.025448388683230405,-31.505666586584884,-26.236631612381434,5.26903497420345,,339;371;484,485,369;372;393;406;472;483;518;527,477,455,446;496;501,332;342;356;374;435;448;519;526,477,475;476;487,478,489
