pdb,antibody,method,constrained,wt_total,om_total,d_total,wt_interface,om_interface,d_interface,tot_stab_mut_close,tot_stab_mut_distal,tot_stab_other_close,tot_stab_other_distal,tot_destab_mut_close,tot_destab_other_close,tot_destab_mut_distal,tot_destab_other_distal,int_destab_mut,int_destab_other,int_stab_mut,int_stab_other
7N5H,3,rpk,cons,-503.58376367733547,-489.5838227427193,13.999940934616177,-46.20965417948615,-44.23190816302173,1.9777460164644225,,339,,495,371;373,372,484;501,,408,,,
7N5H,3,rpk,free,-584.0393413281693,-563.4905099566233,20.54883137154593,-55.245209173835164,-50.899961617047765,4.345247556787399,,339;486,367;414;502,363;456;508;515,371;375;405,369;434,484,365;455;488;490;493;506,405;408;505,369;415,,368;414
7N5H,3,af2,cons,-611.1800943973833,-540.9569854519282,70.22310894545512,-37.75390896842026,-30.2851647721511,7.468744196269164,,339,502,347;481;483;485;490;500,405,369,477;501,365;442;445;446;448;451;453;454;456;457;465;467;469;474;475;479;480;487;491;492;493;494;495;497;506,408,427,,377
7N5H,3,af2,free,-661.0579702490472,-614.4597727986643,46.59819745038294,-57.389856855482805,-38.19219814643722,19.197658709045584,,339;478,382,347;358;367;372;443;472;483;490;499;500;502;515;528,405,384;413;425;430;460,375;486;501,351;356;442;445;446;448;451;453;487;491;492;495;497;506;518,405;408;505,369;413;460,,420
