pdb,antibody,method,constrained,wt_total,om_total,d_total,wt_interface,om_interface,d_interface,tot_stab_mut_close,tot_stab_mut_distal,tot_stab_other_close,tot_stab_other_distal,tot_destab_mut_close,tot_destab_other_close,tot_destab_mut_distal,tot_destab_other_distal,int_destab_mut,int_destab_other,int_stab_mut,int_stab_other
6M0J,1,rpk,cons,-524.6864688988289,-493.6276265571235,31.05884234170543,-46.81909171008016,-42.26922926713773,4.549862442942427,,339,,,405;417;484;493;501,490,371;373;375,372,417,496,498;501,
6M0J,1,rpk,free,-555.5264288068904,-540.7725109669905,14.753917839899941,-49.18169080025752,-49.17419102174968,0.007499778507842336,,339;452,,367;372;374;508,417;484;493,455,371;405,356;369,417,496,498;501,453;489
6M0J,1,af2,cons,-620.9937904115498,-490.2743571682372,130.71943324331255,-43.774777586954386,-15.58492234050731,28.189855246447074,,339,483;490;502,437;518,405;417;477;493;498;501;505,403;446;449;455;456;473;474;475;476;479;486;487;489;492;494;495;497;500;503;506,371;373;375;484,346;351;365;372;448;451;457;461;467;469;471;480;491;520;522;541,417;493;505,449;456;475;476;487;500,501,486;495
6M0J,1,af2,free,-664.9143997526244,-625.2986699029732,39.61572984965119,-52.23226719434644,-35.60117157209241,16.63109562225403,,339,473;476;483;485;490;500;502;503,320;338;354;358;367;369;390;407;436;443;450;466;518,405;417;493;501,403;445;446;449;453;455;486;487;494;495;497;506,,368;374;377;391;448;451;454;464;469;480;491;492;519;520;526,417;505,449;453;456;475;486;489;500,498,499;503
