pdb,antibody,method,constrained,wt_total,om_total,d_total,wt_interface,om_interface,d_interface,tot_stab_mut_close,tot_stab_mut_distal,tot_stab_other_close,tot_stab_other_distal,tot_destab_mut_close,tot_destab_other_close,tot_destab_mut_distal,tot_destab_other_distal,int_destab_mut,int_destab_other,int_stab_mut,int_stab_other
7K8Z,2,rpk,cons,-407.6540666832234,-397.7892483966775,9.86481828654587,-17.13162664108591,-18.81606657229209,-1.6844399312061817,,339;496,,,373;375;440,372,371;493;501,502,,,,
7K8Z,2,rpk,free,-485.5091581712094,-489.59354245898663,-4.0843842877772545,-23.797254585743215,-36.209543212791075,-12.412288627047861,,339,,328;403;406;455,375;440,372,371;493,327,,,373;440,343
7K8Z,2,af2,cons,-608.6311662573909,-602.7121384557561,5.9190278016347975,-20.432396997178948,-16.96466772041979,3.467729276759158,,339;371,372,367;406;483;485;518,375;446,374;444;448;499,496;501,365;368;420;434;435;455;494;528,,346;444,,
7K8Z,2,af2,free,-654.6092465930205,-659.2485550057115,-4.63930841269098,-32.89307393684689,-34.533786682507525,-1.640712745660636,,339,445,393;406;423;483;518,446,441,,332;356;489;526,,346;372;441,440,374;445
