pdb,antibody,method,constrained,wt_total,om_total,d_total,wt_interface,om_interface,d_interface,tot_stab_mut_close,tot_stab_mut_distal,tot_stab_other_close,tot_stab_other_distal,tot_destab_mut_close,tot_destab_other_close,tot_destab_mut_distal,tot_destab_other_distal,int_destab_mut,int_destab_other,int_stab_mut,int_stab_other
7ORA,1,rpk,cons,-535.8137136820831,-520.4933274361331,15.320386245949976,-42.966719359272936,-37.86838113373385,5.098338225539088,,339;408,,,484,455,371;373;375;405;501,372,478;486,,,
7ORA,1,rpk,free,-561.2775150196417,-545.7141568801253,15.563358139516367,-49.70169013454426,-44.869655411841336,4.832034722702922,,339;408;505,,508,484,455;490,371;373;405;498,364;372,478;486,,,
7ORA,1,af2,cons,-617.7637917815744,-482.84227170652173,134.92152007505263,-38.01332205781082,18.006191217268107,56.01951327507892,,339,481;483;485;490,347;500;502,477;478;486;501,455;456;457;473;474;475;476;479;480;487;488;492;493;494;495,405,365;420;442;446;448;451;454;467;469;491;497;506;538,477;478;486,456;473;474;475;476;489,,495
7ORA,1,af2,free,-662.0670402457833,-619.5101862945563,42.556853951227026,-52.84398280125456,-30.48768194944255,22.356300851812012,,339,421;481;483;490;499,338;347;358;367;369;390;436;443;500;502;517,477;486;501,420;453;456;473;476;479;487;492;495;497,375;405,326;430;442;445;446;447;448;451;454;471;491;506;526,477;484;486,456;473;476;479;485;489;493,498,495
