pdb,antibody,method,constrained,wt_total,om_total,d_total,wt_interface,om_interface,d_interface,tot_stab_mut_close,tot_stab_mut_distal,tot_stab_other_close,tot_stab_other_distal,tot_destab_mut_close,tot_destab_other_close,tot_destab_mut_distal,tot_destab_other_distal,int_destab_mut,int_destab_other,int_stab_mut,int_stab_other
7L2C,1,af2,cons,-818.6110060926196,-790.7171324015544,27.89387369106521,-13.36297148269887,-4.1843328778553595,9.17863860484351,,67;95,247,18;19;21;22;75;76;77;79;97;111;124;138;213;nan;215;216;242;260,142;143;144;145,150;151;153;156;246;254;256,212,20;23;66;140;141;152;187;210;229;245;249;255;257;270,144,146;148;246,,147;150
7L2C,1,af2,free,-911.5244516429898,-873.9146628529088,37.609788790080984,-13.465037378079922,-3.8181215454617483,9.646915832618173,,67;95,,19;76;77;78;123;124;182;186;213;nan;215;216;222;242;248,143;144,146;149;153;246;249;255,69;70;212,21;71;85;97;113;151;152;180;183;244;245;253;258;259;262,144,146;148;155,,147
