pdb,antibody,method,constrained,wt_total,om_total,d_total,wt_interface,om_interface,d_interface,tot_stab_mut_close,tot_stab_mut_distal,tot_stab_other_close,tot_stab_other_distal,tot_destab_mut_close,tot_destab_other_close,tot_destab_mut_distal,tot_destab_other_distal,int_destab_mut,int_destab_other,int_stab_mut,int_stab_other
7CAN,1,rpk,cons,-548.855191045395,-542.5767992008268,6.278391844568205,-58.58338390731796,-60.618168242211134,-2.0347843348931747,,339;373,,,417;484;501,,371;375;405,,417;486;505,,478;498;501,493
7CAN,1,rpk,free,-571.6841175257479,-570.0652870146962,1.6188305110516694,-62.99918268759859,-63.88405829635572,-0.8848756087571275,,339;373;408,472,,405;417;501,,375,434,417;486,,478;498,453
7CAN,1,af2,cons,-594.6056703245247,-525.1472748880465,69.45839543647821,-35.08422801315646,-25.547372003704968,9.536856009451494,,339,472;481;482;483;485;496;499;500;502,421,405;417;498;501,446;449;451;453;455;456;475;479;487;488;489;492;494;495;497,477,365;424;442;445;448;454;457;465;467;469;474;491;506,417,449;453;483;490;493;494,484;498;501,499;500
7CAN,1,af2,free,-661.7652654975807,-619.4503134126612,42.31495208491947,-40.25619250418184,-42.74965225312708,-2.4934597489452415,,339;478,499;500;502,347;367;369;372;390;421;434;443;481,405;417,406;446;449;451;475;487;492;494;495,375,365;381;391;424;442;448;454;467;469;491;497;506,417;505,449;483;490;494,501,403;493;499;500;503
