pdb,antibody,method,constrained,wt_total,om_total,d_total,wt_interface,om_interface,d_interface,tot_stab_mut_close,tot_stab_mut_distal,tot_stab_other_close,tot_stab_other_distal,tot_destab_mut_close,tot_destab_other_close,tot_destab_mut_distal,tot_destab_other_distal,int_destab_mut,int_destab_other,int_stab_mut,int_stab_other
7N4M,1,rpk,cons,-522.2859132583685,-509.08290332914294,13.203009929225573,-28.236405979360008,-28.849015053037295,-0.6126090736772873,,339,,,371;375,372,405;501,455,,374,,
7N4M,1,rpk,free,-570.3987159353725,-564.0578203053783,6.340895629994179,-38.006336713938204,-34.01520638205551,3.991130331882694,,339,368;508,331;332;502;531,371;375;405,372;383,484;501,446;488;506;530,,383,,
7N4M,1,af2,cons,-613.6480631874347,-528.3266891657852,85.32137402164949,-26.030898915318396,-22.14482769840898,3.8860712169094143,,339,366;367;369,443;483;490;496;502;508;518,371;373,365;372;374,405;493;501,346;351;442;446;449;451;453;454;455;456;457;461;469;471;473;475;479;487;491;492;494;495;497;506;520;522;538;541,,369,,
7N4M,1,af2,free,-661.1275139625099,-627.4619276554515,33.665586307058334,-43.84213770904083,-38.51025105880543,5.331886650235397,,339;478,367;369;407,338;421;423;429;436;443;458;483;490;500;502;518,405,368;414;435,493;501,391;392;403;420;442;445;446;447;448;451;465;480;491;492;495;497;506;517;519;520,375;376;408,370;378;414,373,369;377
