pdb,antibody,method,constrained,wt_total,om_total,d_total,wt_interface,om_interface,d_interface,tot_stab_mut_close,tot_stab_mut_distal,tot_stab_other_close,tot_stab_other_distal,tot_destab_mut_close,tot_destab_other_close,tot_destab_mut_distal,tot_destab_other_distal,int_destab_mut,int_destab_other,int_stab_mut,int_stab_other
7MZK,4,rpk,cons,-556.5813040188345,-538.627930782978,17.95337323585659,-37.30454576812129,-35.952290974352834,1.3522547937684521,,339;408,437,,371;373;375;440,372;446,484;501,455;490,440,,,437
7MZK,4,rpk,free,-577.0993092577614,-557.0939427048622,20.005366552899204,-40.31140594005441,-37.37810497929521,2.9333009607591976,,339;408,437,,371;373;375;440,372;446;449,405;484;501,434,440,372,,437
7MZK,4,af2,cons,-617.4312412050663,-509.3904276859922,108.04081351907405,-36.14887421218104,-15.90728818651561,20.241586025665434,,339,,481;483;485;490;502,440;501,346;438;439;441;442;444;445;446;447;448;449,405;452;477,365;451;453;454;456;457;461;465;467;469;474;475;479;487;488;491;492;494;495;497;506,,443;444;445;499;500,,372;437;441
7MZK,4,af2,free,-664.0776392452315,-615.6753237148339,48.40231553039757,-42.280667412119335,-32.425792182232705,9.85487522988663,,339,436;500;502;503,320;367;369;390;483;490,501,444;445;446;447;448;506,375;405;452,351;377;391;420;451;453;454;465;479;487;491;492;493;495;497,440,372;441;443;444;445;499,,449;503
