pdb,antibody,method,constrained,wt_total,om_total,d_total,wt_interface,om_interface,d_interface,tot_stab_mut_close,tot_stab_mut_distal,tot_stab_other_close,tot_stab_other_distal,tot_destab_mut_close,tot_destab_other_close,tot_destab_mut_distal,tot_destab_other_distal,int_destab_mut,int_destab_other,int_stab_mut,int_stab_other
7K9J,2,rpk,cons,-381.9348336225768,-367.11866316452404,14.816170458052738,-23.374828717814914,-22.966593737946873,0.40823497986804114,,408;505,,,,,371;373;375;376;405;493;501,372,,,,
7K9J,2,rpk,free,-450.4234537700951,-448.40296151703944,2.020492253055636,-33.31352128434814,-42.12153911015467,-8.80801782580653,,408,436;443;444,367;369,,340;441;442,371,372;438;453,,340,440,443;444;445
7K9J,2,af2,cons,-608.7104020732927,-517.7476461848037,90.96275588848903,-27.94456821008866,-18.637152656137243,9.307415553951419,,,443,383;483;490;502;518,,441;444;446;447;451,371;373;405;493;501,351;365;372;387;449;453;454;455;456;457;459;461;465;471;473;474;475;479;487;491;492;494;495;497;506;520;522;541,,346;444;446,,445
7K9J,2,af2,free,-653.7855203338055,-599.8021148003388,53.98340553346668,-40.15780816942786,-24.737017075032465,15.420791094395394,,477,,320;338;367;390;421;466;481;483;490;502;518;528,371,340;345;442;444;446;447;448;451,405;493;501,365;374;391;403;424;453;456;457;465;469;470;479;487;488;491;492;495;497;506;519;520;526,,340;343;344;345;346,,445;446
