pdb,antibody,method,constrained,wt_total,om_total,d_total,wt_interface,om_interface,d_interface,tot_stab_mut_close,tot_stab_mut_distal,tot_stab_other_close,tot_stab_other_distal,tot_destab_mut_close,tot_destab_other_close,tot_destab_mut_distal,tot_destab_other_distal,int_destab_mut,int_destab_other,int_stab_mut,int_stab_other
7K9J,2,rpk,cons,-381.5877323504146,-368.85533474846136,12.732397601953267,-23.33440288756941,-23.07058666633152,0.2638162212378923,,408;505,,367,,,371;373;375;376;405;501,372,,,,
7K9J,2,rpk,free,-451.8265247779832,-450.17143009520004,1.655094682783158,-38.35402378352816,-39.964503844079985,-1.6104800605518221,,408;505,436,367;369,,340;442,371;405,370;372;377,,340,440,
7K9J,2,af2,cons,-608.7104020732927,-531.1723600972867,77.53804197600596,-27.94456821008866,-20.072569947975087,7.871998262113575,,,346,481;483;485;490;500;502,,442;444;446;447;448;451,405;477;501,365;449;453;454;455;456;457;469;474;475;479;480;487;488;491;492;493;494;495;497;506,,444;446,,445
7K9J,2,af2,free,-653.7855203338055,-610.3820127844501,43.40350754935537,-40.15780816942786,-34.4272915136213,5.730516655806561,,,340;346;356;499,320;338;360;367;369;372;390;423;436;473;483;490;500;502;508;528,,343;442;444;445;446;447;448;451,376;405;452;501,326;351;365;391;420;424;435;438;453;456;457;465;466;471;479;480;487;491;492;495;497;503;506,,345;445,339,441
