pdb,antibody,method,constrained,wt_total,om_total,d_total,wt_interface,om_interface,d_interface,tot_stab_mut_close,tot_stab_mut_distal,tot_stab_other_close,tot_stab_other_distal,tot_destab_mut_close,tot_destab_other_close,tot_destab_mut_distal,tot_destab_other_distal,int_destab_mut,int_destab_other,int_stab_mut,int_stab_other
7K9H,1,rpk,cons,-732.2527388985222,-120.4792690718533,611.7734698266689,-46.13737382010859,-18.657260288430635,27.480113531677958,,339,,,375;493;498;446;496,406;453;495;404;447;449;486;489;492;508,371;373;501,322;324;326;329;336;342;347;348;350;353;358;361;372;380;382;387;392;395;399;400;402;410;422;423;429;437;439;448;451;464;466;497;506;511;515;524;528;534;537;538;541;359;364;368;374;377;389;398;434;435;436;457;461;473;475;509;522,484;493,449;486;489;490,,
7K9H,1,rpk,free,-925.6894126400525,-912.3065810483167,13.382831591735794,-50.91803693660576,-83.83511193696074,-32.917075000354984,,339,427;495;506;406;472;483,364;385;434;436;508;541;368,505;446,448;504;445;447;489;492;506,371,335;338;353;363;369;372;402;418;423;443;464;497;507;365;374;468,505,489,417;493;446;484,408;415;420;427;495;503;504;449;483;490
7K9H,1,af2,cons,-1209.4511320552583,-1215.3121272704084,-5.860995215150069,-38.49069273806071,-30.93523460326932,7.55545813479139,,339;371,406;483;485;449,367;369;372;518,446;496,452;489,375;501,365;368;374;420;434;435;499;528,484,449;483,,
7K9H,1,af2,free,-1317.742245103221,-1304.4974093873857,13.24483571583528,-59.93850442091109,-71.6527151947731,-11.714210773862007,,339;371,483;452;481;485,369;390;480;518;527;372,446,504;420;455;482;487;492,,365;374;389;391;392;435;519;444;528,505,502;504;482;483;487;489,493,408;455;486;487;489;449;492
