pdb,antibody,method,constrained,wt_total,om_total,d_total,wt_interface,om_interface,d_interface,tot_stab_mut_close,tot_stab_mut_distal,tot_stab_other_close,tot_stab_other_distal,tot_destab_mut_close,tot_destab_other_close,tot_destab_mut_distal,tot_destab_other_distal,int_destab_mut,int_destab_other,int_stab_mut,int_stab_other
7LXY,4,af2,cons,-819.7457867984999,-787.5798483110534,32.16593848744651,-40.66290154154228,-33.21054619700958,7.452355344532705,,67;95,19;77;258,22;29;75;76;97;111;124;213;nan;215;216;260,142;143;144;145,16;18;140;141;147;148;149;151;153;156;245;246;254;255;256;257;259,212,102;152;179;187;210;249;272,142;144;145,18;246;258,,17;20;150;154;255
7LXY,4,af2,free,-894.8771541364952,-893.1246226299502,1.7525315065449831,-50.334693996411836,-46.042649262661115,4.292044733750721,,67;95,19;138;149;155;158;242;247;253;258,38;55;76;77;121;154;186;201;213;nan;215;216;248;260,142;143;144;145,17;21;140;146;151;153;156;243;245;257,70;212,23;85;98;99;128;152;183;210;214;221;249;262,142,140;147;156;258,,17;19;20;154;246;256
