pdb,antibody,method,constrained,wt_total,om_total,d_total,wt_interface,om_interface,d_interface,tot_stab_mut_close,tot_stab_mut_distal,tot_stab_other_close,tot_stab_other_distal,tot_destab_mut_close,tot_destab_other_close,tot_destab_mut_distal,tot_destab_other_distal,int_destab_mut,int_destab_other,int_stab_mut,int_stab_other
7RW2,3,af2,cons,-825.9453725497333,-806.1595138965738,19.785858653159494,-34.1198468582288,-42.804255274470904,-8.684408416242107,,,96;153;173;190,97;111;215;228;229;248;272,,182,19;24;25;26,17;18;23;80;140;233;244;245;249;250;251;256;257;258;259,,,,176;187
7RW2,3,af2,free,-914.8961897581516,-874.5619759500865,40.3342138080651,-60.780923622049244,-58.082596312821195,2.6983273092280484,,142,41;119;123;128;149;153;167;222;226,55;68;73;106;110;184;228;229;237;243;246;247;255;300,,97;98;104;146;176;188,19;24;25;26,18;22;29;54;77;78;79;80;140;181;183;185;221;244;245;249;259;261;262,,104;150;174;176;187;224,,149;203;226;227
