pdb,antibody,method,constrained,wt_total,om_total,d_total,wt_interface,om_interface,d_interface,tot_stab_mut_close,tot_stab_mut_distal,tot_stab_other_close,tot_stab_other_distal,tot_destab_mut_close,tot_destab_other_close,tot_destab_mut_distal,tot_destab_other_distal,int_destab_mut,int_destab_other,int_stab_mut,int_stab_other
6Z2M,2,rpk,cons,-516.4947511464871,-500.885457539373,15.609293607114125,-39.019654707898134,-28.63531997871591,10.384334729182225,,339,,,484,,371;373;375;501,372,484;493,,,490
6Z2M,2,rpk,free,-550.3559275316538,-548.6600303378543,1.6958971937995102,-40.890670006022475,-34.709541646324205,6.1811283596982705,,339,,377,484,452,371;375,453,484;493,,446,
6Z2M,2,af2,cons,-613.114933878034,-619.4371129007037,-6.322179022669729,-34.97492588525294,-28.453145355850026,6.5217805294029105,,339;371,472;481;483;485,367;369;372;406;518,446,452,375;501,365;368;420;434;435;499;528,493,483,,
6Z2M,2,af2,free,-665.0520501036422,-670.5690053975283,-5.516955293886099,-39.078222587585344,-34.14967521963862,4.928547367946727,,339;371,485,369;372;393;406;480;518,446;493,444;482;494,501,374;430;435;519,493,483,484,489
