pdb,antibody,method,constrained,wt_total,om_total,d_total,wt_interface,om_interface,d_interface,tot_stab_mut_close,tot_stab_mut_distal,tot_stab_other_close,tot_stab_other_distal,tot_destab_mut_close,tot_destab_other_close,tot_destab_mut_distal,tot_destab_other_distal,int_destab_mut,int_destab_other,int_stab_mut,int_stab_other
7C2L,1,af2,cons,-760.4212749398696,-753.5730935377392,6.848181402130422,-8.139118489098589,-17.651581346938556,-9.512462857839967,,,143;144;145;146;148;149;151;153;156;180;251,32;79;97;111;228,,141;150;152;249;250;256;257,19;24;25;26,17;18;23;80;140;233;254;258;259,,145;150;152;246,,146;147;148;151;249;251
7C2L,1,af2,free,-886.7877837351355,-871.8161055631201,14.971678172015345,-13.888271060261097,-24.257584863048475,-10.369313802787378,,,150;158;246;252;253,16;41;56;73;95;128;184;220;222;229;256;298,,144;146;245;249,19;25;26,29;67;70;71;78;80;98;100;115;134;140;181;183;221;226;227;242;244;260;261;262;273;300,,145;248,,249;250;252;253
