pdb,antibody,method,constrained,wt_total,om_total,d_total,wt_interface,om_interface,d_interface,tot_stab_mut_close,tot_stab_mut_distal,tot_stab_other_close,tot_stab_other_distal,tot_destab_mut_close,tot_destab_other_close,tot_destab_mut_distal,tot_destab_other_distal,int_destab_mut,int_destab_other,int_stab_mut,int_stab_other
7K43,2,rpk,cons,-644.0884713567318,-621.3088153460221,22.779656010709687,-44.934008779803136,-40.02284491675582,4.911163863047314,,339;408,,,484;501,495,371;373;375;405,372,484,,452,
7K43,2,rpk,free,-659.3602771994467,-644.8617640971003,14.498513102346465,-43.9831974526209,-39.76079940865469,4.2223980439662085,,339;408,,,484;501,449;455,371;373;405,372,484,,,494
7K43,2,af2,cons,-613.2390191677107,-511.97901325063617,101.26000591707452,-36.05135637869721,-22.024958640380476,14.026397738316732,,339,483;485;500;502,481;508,452;501,446;448;449;453;456;475;487;488;491;492;493;494;495;497,405;477,351;357;365;389;394;434;442;451;454;457;461;465;467;469;474;479;480;506,,449;483;489;490;493,452;498;501,495;499
7K43,2,af2,free,-658.841528705927,-613.6107824432186,45.23074626270841,-45.20962328561253,-46.51091846578679,-1.3012951801742574,,339,485;490;499;500;502,320;338;358;367;369;372;390;434;436;481;508,501,446;448;449;453;456;473;487;492;495;497,405,357;370;394;420;425;430;442;451;457;459;460;467;479;491;506,484,444;449;483;489;490;493,478;498;501,475;487;494;495;499;503
