pdb,antibody,method,constrained,wt_total,om_total,d_total,wt_interface,om_interface,d_interface,tot_stab_mut_close,tot_stab_mut_distal,tot_stab_other_close,tot_stab_other_distal,tot_destab_mut_close,tot_destab_other_close,tot_destab_mut_distal,tot_destab_other_distal,int_destab_mut,int_destab_other,int_stab_mut,int_stab_other
7MJK,1,rpk,cons,-542.6863079086129,-534.2565585224454,8.429749386167487,-51.610309929470006,-43.55741199217467,8.052897937295334,,339,,,493,,371;375,372,417;505,403,,
7MJK,1,rpk,free,-584.5470351628669,-583.7214311426537,0.8256040202131771,-51.92669030384232,-60.52575597712758,-8.59906567328526,,339,406;490,434;508,493,458,371;373,372;449,417,476,478,421;455;458;490
7MJK,1,af2,cons,-606.6923103727742,-481.0188177323556,125.67349264041854,-41.01635003262368,-2.6007714858713786,38.4155785467523,,339,481;485;490;496;500;502,483;518,405;477;478;493;501;505,449;453;454;455;456;457;471;473;474;475;476;479;487;492;494;495;497,371;373,346;351;365;372;446;451;461;465;467;469;491;506;520;522;541,417;477;478;493;501;505,453;455;474;475;476;489,498,487;495
7MJK,1,af2,free,-658.3465312951749,-610.0819870263856,48.26454426878934,-56.17941813674048,-36.79579196260409,19.38362617413639,,339,421;473;474;490;500;502,320;326;338;354;367;380;390;443;508;518,405,453;456;457;475;492;495;497;506,371;452,342;351;353;356;365;374;377;391;442;445;446;448;451;467;469;517;519;520;539;540,417;505,403;415;420;455;456;457;475;490,498,421;487;502;503;504
