pdb,antibody,method,constrained,wt_total,om_total,d_total,wt_interface,om_interface,d_interface,tot_stab_mut_close,tot_stab_mut_distal,tot_stab_other_close,tot_stab_other_distal,tot_destab_mut_close,tot_destab_other_close,tot_destab_mut_distal,tot_destab_other_distal,int_destab_mut,int_destab_other,int_stab_mut,int_stab_other
7CWT,4,rpk,cons,-356.6406842225277,-358.69010273725803,-2.0494185147303483,-25.799741148932515,-22.066269227008938,3.7334719219235772,,339,,497,501,,375;493,,505,500,,
7CWT,4,rpk,free,-475.5712535495537,-480.52290228108535,-4.951648731531634,-31.201800813869795,-40.90746343707937,-9.705662623209577,,339;373,,338;340;369;387;406;434;436,498;505,,375,323;370,498,,440;501,499;502
7CWT,4,af2,cons,-607.6665082061868,-604.4738971746788,3.1926110315080223,-21.135238234217116,-21.10651282018903,0.028725414028084373,,339;371,,367;369;372;406;483;485;518,446;496;501,494,375,365;368;374;434;435;452;528,505,,501,
7CWT,4,af2,free,-657.5908917374416,-653.6393649632062,3.95152677423539,-37.97758526923654,-32.05311300751492,5.924472261721618,,339,,372;390;406;425;441;451;483;485;518;527,440;446,500,,332;374;391;392,440;498,449;500,501;505,
