pdb,antibody,method,constrained,wt_total,om_total,d_total,wt_interface,om_interface,d_interface,tot_stab_mut_close,tot_stab_mut_distal,tot_stab_other_close,tot_stab_other_distal,tot_destab_mut_close,tot_destab_other_close,tot_destab_mut_distal,tot_destab_other_distal,int_destab_mut,int_destab_other,int_stab_mut,int_stab_other
7LQ7,5,rpk,cons,-539.8395268680989,-530.1764368622071,9.663090005891831,-44.515009777630304,-44.22561795221911,0.2893918254111938,,339,,,371;373,,501,,408,,,
7LQ7,5,rpk,free,-563.8221618525372,-559.6531252328791,4.169036619658073,-48.167280652696064,-44.035327722031994,4.13195293066407,,339,,502;508,371;373;375,368,501,506,408,374;427,,369;428
7LQ7,5,af2,cons,-609.8148030973733,-525.8722802011396,83.94252289623375,-29.16800844445696,-29.72936899916641,-0.5613605547094522,,339,429,443;483;490;496;502;508;518,371;373;405,372,452;501,346;351;365;446;449;451;453;454;456;457;459;465;471;473;475;479;487;491;492;494;495;497;506;520;522;541,,427,408,429
7LQ7,5,af2,free,-659.3374974569845,-611.0609747452676,48.27652271171689,-46.74545137305085,-38.63406256919379,8.11138880385706,,339;478,389;390,356;358;367;421;443;466;468;474;483;490;502;518,371;375;405,369;377;384;386;414;420,501,365;391;442;445;446;447;448;451;454;456;457;469;491;492;494;495;497;506;519;520;526,,380;386;414;415;429,,413
