pdb,antibody,method,constrained,wt_total,om_total,d_total,wt_interface,om_interface,d_interface,tot_stab_mut_close,tot_stab_mut_distal,tot_stab_other_close,tot_stab_other_distal,tot_destab_mut_close,tot_destab_other_close,tot_destab_mut_distal,tot_destab_other_distal,int_destab_mut,int_destab_other,int_stab_mut,int_stab_other
7P78,2,rpk,cons,-381.67939770208,-369.9171206460265,11.762277056053506,-28.385637875197986,-36.62460614163916,-8.238968266441177,,339;408,,,498;501,449,371;373;375,372,505,403,417;501,
7P78,2,rpk,free,-469.4773076169263,-463.7080551329095,5.769252484016761,-41.219140841408,-41.652519003305464,-0.4333781618974655,,339,,338;358;369;407;422;433;438;492;518,405;498,449;455;456,373;375,365;366;374;432,505,403;455;456;493,417;501,421
7P78,2,af2,cons,-597.182508303119,-519.343566546871,77.838941756248,-20.780930315083765,-33.67354015797592,-12.892609842892156,,339,483;496;500;502,383;443;481;485;490,405;501;505,446;449;451;453;456;489;493;495;497;503;504;506,452;477,365;442;448;457;467;469;474;479;487;488;491;492,505,421;445;446;493,405;417;501,403;444;500;502;503
7P78,2,af2,free,-657.7461977568023,-619.7076655493895,38.0385322074128,-43.085033523564185,-36.48426087433647,6.600772649227714,,339,409;418;455;490;502;503,320;338;346;347;358;367;369;390;407;436;450;472;483,405;501;505,403;406;420;446;449;454;456;493;495;506,452,351;368;442;448;467;469;471;479;480;487;491;492;497,505,446;449;489;493;500,,453;502;503;504
