pdb,antibody,method,constrained,wt_total,om_total,d_total,wt_interface,om_interface,d_interface,tot_stab_mut_close,tot_stab_mut_distal,tot_stab_other_close,tot_stab_other_distal,tot_destab_mut_close,tot_destab_other_close,tot_destab_mut_distal,tot_destab_other_distal,int_destab_mut,int_destab_other,int_stab_mut,int_stab_other
7E5Y,1,rpk,cons,-395.4235445761652,-390.84445701732744,4.579087558837784,-47.89405244280425,-43.15092420043588,4.743128242368371,,339,403,449;508,405,,,372;374,408;478;505,403,493;501,
7E5Y,1,rpk,free,-458.38624592141025,-455.10041670856515,3.285829212845101,-55.06759432934729,-64.19631736209125,-9.128723032743963,,339;376,403,508,,490,,342;374,408;478,403,493;498;501,455;502
7E5Y,1,af2,cons,-617.066726307879,-480.34338691195296,136.72333939592602,-46.41514201449952,10.069195247302538,56.48433726180206,,339,481;485;490;500;502,434;482;483;518,405;477;478;493;501,453;454;456;457;471;473;474;475;476;479;487;492;495;497,371;373;375,346;351;365;372;391;442;446;449;451;469;491;494;506;520;522;538;541,408;477;478;493;505,474;475;476;489,498,403;457
7E5Y,1,af2,free,-662.3145372584586,-618.7041302951258,43.61040696333282,-58.09895141774258,-27.95176384178713,30.147187575955453,,339,474;490;500;502,320;338;358;367;369;390;407;423;436;437;443;483;518,405;493;501,420;455;457;475;495;506,,368;374;377;391;430;442;445;446;447;448;451;465;467;480;491;492;494;497;519;520;526,408;417;477;478;493;505,420;421;455;456;457;473;475;476;486,405;498,453;503
