pdb,antibody,method,constrained,wt_total,om_total,d_total,wt_interface,om_interface,d_interface,tot_stab_mut_close,tot_stab_mut_distal,tot_stab_other_close,tot_stab_other_distal,tot_destab_mut_close,tot_destab_other_close,tot_destab_mut_distal,tot_destab_other_distal,int_destab_mut,int_destab_other,int_stab_mut,int_stab_other
7DD2,2,rpk,cons,-158.03596801915887,-137.6728098646493,20.363158154509563,-29.0169920337744,-28.442734784398038,0.5742572493763625,,339,,,375,372,371;373;446,447,,,,
7DD2,2,rpk,free,-248.42643349139644,-242.9401404809753,5.48629301042115,-38.1132290331409,-38.23475132578238,-0.12152229264148673,,339,435,400;434;436,375,437,371;446,,,403,,
7DD2,2,af2,cons,-580.0516615582995,-594.9627312251873,-14.911069666887784,-33.776816191588736,-42.37871734451612,-8.601901152927383,,339,369;372;376;406,367;393;483;485;518,375,374;435,,365;368;434;452;489,417;505,,,369;376;503;504
7DD2,2,af2,free,-654.9296152139109,-655.9246973426843,-0.995082128773447,-28.074880051335725,-42.042993296258565,-13.96811324492284,,339,369;372;403;406;408;503,451;483;518,417;501,374;376;435;502,,332;356;448;453;526;528,,376;414,373,369;374;405;408;503;504
