pdb,antibody,method,constrained,wt_total,om_total,d_total,wt_interface,om_interface,d_interface,tot_stab_mut_close,tot_stab_mut_distal,tot_stab_other_close,tot_stab_other_distal,tot_destab_mut_close,tot_destab_other_close,tot_destab_mut_distal,tot_destab_other_distal,int_destab_mut,int_destab_other,int_stab_mut,int_stab_other
7LXZ,5,af2,cons,-821.7462656188848,-790.7669450069558,30.979320611928983,-13.87189532527563,-0.26387796355594384,13.608017361719687,,,20;138,21;22;41;75;76;78;79;111;153;228;229;272,19,17;140;156;242;245;247;249;250;251;252;253;254;255;256;257;258,24;25,141;160;197;259,,17;144;246;247;250;254;255;256,,249
7LXZ,5,af2,free,-887.726644617736,-851.7633489285658,35.963295689170195,-18.720570867357615,-30.657981901900865,-11.93741103454325,,142,20;154,41;75;78;84;97;119;153;184;187;222;272,19,17;140;245;246;248;249;252;253;256;258,25;69;70,55;120;143;146;148;157;179;183;221;259;271,,17;144;246;247;248;256,,16;249;250;251;253;254;255
