pdb,antibody,method,constrained,wt_total,om_total,d_total,wt_interface,om_interface,d_interface,tot_stab_mut_close,tot_stab_mut_distal,tot_stab_other_close,tot_stab_other_distal,tot_destab_mut_close,tot_destab_other_close,tot_destab_mut_distal,tot_destab_other_distal,int_destab_mut,int_destab_other,int_stab_mut,int_stab_other
7E88,4,rpk,cons,-784.2556138920306,-757.845754571327,26.409859320703617,-86.65238964544307,-89.80027394630537,-3.1478843008623016,,339,,,,,371;373;375;405;484;501,,,,478,
7E88,4,rpk,free,-836.4319469032502,-819.9016665605602,16.530280342689935,-95.04481520472979,-94.39113791997642,0.6536772847533712,,339,91,90;366,,92;474,371;375;405;498;501,2;446,,94,477;478,
7E88,4,af2,cons,-610.4590330016092,-458.8847369864976,151.5742960151116,-28.861857630016708,11.320843811130501,40.18270144114721,,339,421,443;483;490;496;500;502;518,477;478;493,454;456;457;459;473;474;475;476;479;480;487;488,371;373;405;501,346;351;365;372;442;446;449;451;453;467;491;492;494;495;497;506;520;522;538;541,477;478,474;475;476,,421;457
7E88,4,af2,free,-656.1962948325163,-620.28163031539,35.91466451712631,-49.85618965314212,-30.79293390748679,19.063255745655326,,339,,320;338;358;367;390;407;423;436;443;450;471;472;482;490;500;502;518;527,493,453;456;457;475;486;487;495;497,405;501,351;357;377;391;403;435;442;445;446;447;448;449;451;479;491;492;506;519;528,477,456;457;473;474;475;486;487;488,,421;455
