pdb,antibody,method,constrained,wt_total,om_total,d_total,wt_interface,om_interface,d_interface,tot_stab_mut_close,tot_stab_mut_distal,tot_stab_other_close,tot_stab_other_distal,tot_destab_mut_close,tot_destab_other_close,tot_destab_mut_distal,tot_destab_other_distal,int_destab_mut,int_destab_other,int_stab_mut,int_stab_other
7LXW,1,af2,cons,-808.0448654993223,-775.514696891473,32.530168607849305,-30.412337038458254,-38.67157546804651,-8.259238429588258,,67;95,19;77;138;247;258,22;29;75;76;97;111;124;213;nan;215;216;260,142;143;145,16;147;148;149;151;153;156;241;245;254;255;256;257;259,212,23;101;102;152;179;187;210;229;249;272,142,18;147;254,,17;20;150;156;246;255
7LXW,1,af2,free,-890.042135346691,-877.7052179886958,12.336917357995162,-46.556350658518774,-42.145454631365396,4.4108960271533775,,67;95,18;19;138;141;158;242;256,76;77;94;96;119;121;154;176;182;184;213;nan;215;216;222;248;260,142;143;144;145,16;20;140;146;147;153;243;257,70;212,21;23;98;99;100;101;125;152;172;179;180;183;221;249;262;265;269,,18;140;147;148;258,,17;19;256
