pdb,antibody,method,constrained,wt_total,om_total,d_total,wt_interface,om_interface,d_interface,tot_stab_mut_close,tot_stab_mut_distal,tot_stab_other_close,tot_stab_other_distal,tot_destab_mut_close,tot_destab_other_close,tot_destab_mut_distal,tot_destab_other_distal,int_destab_mut,int_destab_other,int_stab_mut,int_stab_other
6YZ7,1,rpk,cons,-506.4473414527898,-493.9955064821701,12.4518349706197,-64.42074678766033,-64.27165400381614,0.14909278384419622,,339,378,,371;375;376,372,373;501,,376;408,,,378
6YZ7,1,rpk,free,-553.1107800658433,-548.6955895558197,4.415190510023649,-69.78732747735137,-67.50383920422135,2.2834882731300183,,339;505,,,371;373,372,,,376,,,
6YZ7,1,af2,cons,-596.0438194798444,-515.9352270228128,80.10859245703159,-53.33465473082066,-46.028734536739854,7.305920194080805,,339,321;369;383,481;483;485;490;500;502,375,381;384;385;389;434,405;452;477;501,442;445;446;448;451;453;454;456;457;467;469;474;475;479;480;487;488;491;492;494;495;497;506,408,370;381;430;519,,369;386
6YZ7,1,af2,free,-651.5835202513384,-622.9871088951447,28.5964113561937,-60.37668664168673,-42.01273495316815,18.363951688518583,,339,320;372;377;385;389,358;367;481;483;490;500;502;527,375;376,434,405;501,420;442;445;446;447;448;451;453;456;467;469;487;488;491;492;495;497;503;506,375;376;408,321;369;370;386;390,,383
