pdb,antibody,method,constrained,wt_total,om_total,d_total,wt_interface,om_interface,d_interface,tot_stab_mut_close,tot_stab_mut_distal,tot_stab_other_close,tot_stab_other_distal,tot_destab_mut_close,tot_destab_other_close,tot_destab_mut_distal,tot_destab_other_distal,int_destab_mut,int_destab_other,int_stab_mut,int_stab_other
7L7E,3,rpk,cons,-534.6302047253484,-523.9132084296551,10.71699629569332,-43.761314681920084,-35.446566519329664,8.31474816259042,,339,,,484;486,,371;375;405,502,477;478;486,,,
7L7E,3,rpk,free,-559.025230143171,-549.7128002727002,9.31242987047085,-43.8424094560387,-43.06175527313242,0.7806541829062823,,339;373,485;488,,484;486,490,375;405;501,449;502,478;486,,484,489
7L7E,3,af2,cons,-616.8715781920431,-523.9654976040144,92.90608058802866,-42.88063461024156,-13.242531545065907,29.63810306517565,,339,481;483;485;490,421;482;500;502,477;478;501,455;456;474;475;476;479;487;492;493;494;495,405,365;442;445;446;448;449;451;454;457;467;469;491;497;506,477;478;484;486,475;476;487;489;493,,474;481;495
7L7E,3,af2,free,-660.1738326534539,-619.4989116758566,40.67492097759737,-46.80240870620092,-44.14873934199201,2.653669364208909,,339,483;485;490,338;347;358;367;369;374;390;436;500;502;528,501,453;456;476;479;480;487;493;495;497,375;405,351;353;368;425;442;445;446;447;448;451;454;457;460;466;468;491;492;503;506;526;541,477;478;484;486,476;487;489;493,498,474;483;495
