pdb,antibody,method,constrained,wt_total,om_total,d_total,wt_interface,om_interface,d_interface,tot_stab_mut_close,tot_stab_mut_distal,tot_stab_other_close,tot_stab_other_distal,tot_destab_mut_close,tot_destab_other_close,tot_destab_mut_distal,tot_destab_other_distal,int_destab_mut,int_destab_other,int_stab_mut,int_stab_other
7MJK,2,rpk,cons,-540.3803723290396,-535.1003246928769,5.280047636162635,-45.920429996935695,-42.593592332378606,3.3268376645570896,,339,,,405,,371;375,372,417;505,,,
7MJK,2,rpk,free,-593.2372458113541,-582.8161570848577,10.421088726496464,-54.02277041819663,-49.26572066993681,4.757049748259817,,339,,497,,489;494;495,371;375;452,372,417;486;505,403,405,
7MJK,2,af2,cons,-607.3927909566298,-507.61321009729426,99.77958085933557,-39.12183737264776,-22.37109187772028,16.750745494927482,,339,458;485;496;500;502,472;483,405;477;478;501;505,420;449;453;456;457;474;475;476;479;480;487;488;489;492;493;494;495;497;503,,365;442;445;446;448;451;467;469;491;506,417;501;505,456;476;489;493,498,495
7MJK,2,af2,free,-658.8312940768249,-610.1739045317453,48.65738954507958,-63.70562824354503,-16.110808714720307,47.59481952882472,,339,473;490;500;502,320;338;347;368;369;372;390;443;483;485;499;528,405;501,403;420;447;453;455;456;457;475;487;491;492;493;495;497;503,375,326;351;391;430;442;445;446;451;454;465;480;506,417;486;505,403;420;421;453;455;456;457;460;475;487;489;490;493;502,477;478,
