pdb,antibody,method,constrained,wt_total,om_total,d_total,wt_interface,om_interface,d_interface,tot_stab_mut_close,tot_stab_mut_distal,tot_stab_other_close,tot_stab_other_distal,tot_destab_mut_close,tot_destab_other_close,tot_destab_mut_distal,tot_destab_other_distal,int_destab_mut,int_destab_other,int_stab_mut,int_stab_other
7LAB,1,af2,cons,-799.1798063419509,-795.7383470043875,3.4414593375634013,-33.12155377863847,-37.155980473039826,-4.034426694401354,,,76;78;97;180;210;212;214;215;217;218,21;111;153;223;228;229;248,24;25;26,23;249;250;256;257;258;259,19,17;18;140;193;233;244;245;251;270,27,66;69,,68;78;184;262
7LAB,1,af2,free,-897.6870439903244,-875.7945144985304,21.892529491793994,-67.61728214535336,-56.144514491611524,11.472767653741833,,142,184;214;217,16;41;81;84;153;154;157;188;189;222;228;242;248;256,24;25;26,70;77;181;218;249;259;261,19,17;18;54;80;98;101;140;146;221;233;245;250;254,24;213,68;70;97;183;218,,71;78;184;185;214
