pdb,antibody,method,constrained,wt_total,om_total,d_total,wt_interface,om_interface,d_interface,tot_stab_mut_close,tot_stab_mut_distal,tot_stab_other_close,tot_stab_other_distal,tot_destab_mut_close,tot_destab_other_close,tot_destab_mut_distal,tot_destab_other_distal,int_destab_mut,int_destab_other,int_stab_mut,int_stab_other
7DD8,1,rpk,cons,-617.9239472116906,-585.2414318995037,32.682515312186865,-25.324152396974903,-25.209577819205965,0.11457457776893776,,339,,497,371;373;375;501,372;502;500,446,445,505,,375,
7DD8,1,rpk,free,-949.4781626244396,-943.3502820925228,6.127880531916844,-28.441392099082208,-32.068942072868644,-3.6275499737864365,,339;496,506;376;377,356;437;438;439;442;455;509;527;530;347;368;474;492;508,375;501;505;477,381;408;499;500,371;446,390;435;532;326;436;438;445;475;540,501;505,503,477,378;383;407
7DD8,1,af2,cons,-1199.9497181434351,-1201.176375459277,-1.226657315841976,-11.408114636727582,-24.683481250439733,-13.275366613712151,,339,376;407;369;372;406,367;483;485;518,373;375;501,369;370;435;368;374,446;496,420;434;455;489;528;365;452,,370,,374;376;378
7DD8,1,af2,free,-1300.2284827628498,-1295.2279207738693,5.0005619889805075,-27.253752089930828,-40.24439108321398,-12.990638993283156,,339;484,369;377;383;372,406;451;483;485;518;390;393;527,375,374;435;486,446,321;424;447;448;455;365;389;391;392;444,375,378;500;486,373;501;477,369;372;374;376;383;502
