pdb,antibody,method,constrained,wt_total,om_total,d_total,wt_interface,om_interface,d_interface,tot_stab_mut_close,tot_stab_mut_distal,tot_stab_other_close,tot_stab_other_distal,tot_destab_mut_close,tot_destab_other_close,tot_destab_mut_distal,tot_destab_other_distal,int_destab_mut,int_destab_other,int_stab_mut,int_stab_other
7M6E,2,rpk,cons,-520.3837311929306,-495.15153084357814,25.23220034935241,-43.56854815476838,-40.93486128082166,2.633686873946722,,496,438,,371;373,372;374;434,375;501,455,371,,,343
7M6E,2,rpk,free,-588.1308083263112,-568.2470795176484,19.883728808662795,-55.92135560762222,-53.83001843232975,2.091337175292466,,496,438;439,507;508,371;373,372,484;493,369;377;455;490,373,343;445,339;440,345
7M6E,2,af2,cons,-611.3583707810536,-611.2499022933576,0.10846848769597273,-40.66175237535327,-39.46045323095902,1.2012991443942482,,,,372;406;483;485;518,,374;436;499,496;501,420;435;455,,346;374;445,440,367
7M6E,2,af2,free,-645.8194085513619,-666.7373190575033,-20.917910506141425,-43.200565033974264,-55.481622521533765,-12.2810574875595,,,372;377;437,360;369;385;406;425;483;485;518;527,446,374;435;436;448,,390;455;489;517;528,373,346;436,339;440,345;367;437;444;445
