pdb,antibody,method,constrained,wt_total,om_total,d_total,wt_interface,om_interface,d_interface,tot_stab_mut_close,tot_stab_mut_distal,tot_stab_other_close,tot_stab_other_distal,tot_destab_mut_close,tot_destab_other_close,tot_destab_mut_distal,tot_destab_other_distal,int_destab_mut,int_destab_other,int_stab_mut,int_stab_other
7DCX,1,rpk,cons,-391.89533803863185,-367.20480873505016,24.690529303581684,-40.364315073005876,-43.356352881257024,-2.9920378082511476,,339,,497,371;373,369;370;372;374,446;493,,505,,375,
7DCX,1,rpk,free,-471.78938820529856,-470.13856766481354,1.6508205404850287,-44.10117969658367,-44.87039066545685,-0.7692109688731819,,339,,368;434;448;497,371,,446;493,365;422;445;447,,372,375,
7DCX,1,af2,cons,-599.8983690084092,-600.8462006332828,-0.9478316248736292,-24.16864057204205,-28.514117438189654,-4.345476866147603,,339,369;376;405;406,367;483;485;518,375;501,435,,365;368;420;434;455;528,,372;506,373;501,369;374;376
7DCX,1,af2,free,-651.2268052859686,-650.8422204996339,0.38458478633469895,-31.21672216848608,-37.289822462168146,-6.073100293682067,,339,405;406;436,390;393;451;483;485;518,,370;374;377;503,446,391;392;448;455,,370;372;385;437;503,373,374;376;405;408;504
