pdb,antibody,method,constrained,wt_total,om_total,d_total,wt_interface,om_interface,d_interface,tot_stab_mut_close,tot_stab_mut_distal,tot_stab_other_close,tot_stab_other_distal,tot_destab_mut_close,tot_destab_other_close,tot_destab_mut_distal,tot_destab_other_distal,int_destab_mut,int_destab_other,int_stab_mut,int_stab_other
7CHF,2,rpk,cons,-510.52193329850695,-482.92820361098063,27.59372968752632,-53.756263395088865,-44.74782428303163,9.008439112057232,,339,,,484;498;501,,371;373;375,372;499,408;417;498,496,478,
7CHF,2,rpk,free,-544.6980941082106,-535.7619773111425,8.936116797068166,-61.570904732725495,-51.40092126854998,10.169983464175516,,339,447,372;374,498,458,371;375,369;471,408;417,455;460;496,478;501,457
7CHF,2,af2,cons,-612.4885066942031,-488.85165157851304,123.63685511569008,-41.42795891174611,-29.843439752438833,11.584519159307277,,339,486;490;496;500;502,483;518,405;477;498;501,453;454;455;456;457;473;474;475;476;487;494;495;497;503,371;373;375,346;351;365;372;442;446;451;469;471;479;491;492;506;520;522;541,505,455;476;489;502,478,457;486;495;503
7CHF,2,af2,free,-658.68515231789,-605.1375166138657,53.54763570402429,-66.19301771861285,-15.362158532291849,50.830859186321,,339,458;490;500;502;503,320;338;367;380;390;466;471;483;485;518;527,405;493;501,403;420;421;446;455;456;457;475;487;494;495;497,371,342;351;365;377;391;434;436;445;448;451;467;492;506;517;519;520,417;477;493;501;505,403;420;421;455;456;460;473;475;476;489,,503
