pdb,antibody,method,constrained,wt_total,om_total,d_total,wt_interface,om_interface,d_interface,tot_stab_mut_close,tot_stab_mut_distal,tot_stab_other_close,tot_stab_other_distal,tot_destab_mut_close,tot_destab_other_close,tot_destab_mut_distal,tot_destab_other_distal,int_destab_mut,int_destab_other,int_stab_mut,int_stab_other
7DET,1,rpk,cons,-548.5126626588412,-453.93412044710044,94.5785422117408,-33.517976982071815,-34.823338632391476,-1.3053616503196608,,339;408,,,373;440,446,371;375,372;374;455,,,440,
7DET,1,rpk,free,-564.8304418499963,-479.98863281005765,84.84180903993865,-35.74712876760219,-38.28619629162306,-2.539067524020865,,339;408,,356;368,373,,371;375;376;405,366;372;374;455,,,440,445
7DET,1,af2,cons,-615.5197081740419,-526.6609696440423,88.85873852999953,-33.16486355895845,-16.845955729956632,16.31890782900182,,339,500,481;483;485;490;502,440,442;444;446;447;448;449;451;497,405;452;477;501,357;365;394;453;456;457;465;467;469;474;475;479;480;487;488;491;492;494;495;506,,346;444;446;450;451,,445
7DET,1,af2,free,-662.8923138584464,-621.0436056374606,41.84870822098583,-37.465832630592786,-11.168706761515113,26.297125869077675,,339;478,500,320;338;367;369;390;407;436;473;483;485;490;502;527,,346;441;442;445;446;451;497,405;501,326;365;391;392;453;456;465;471;480;487;491;492;493;495;506;528,440,345;346;441;445;450;451,,
