pdb,antibody,method,constrained,wt_total,om_total,d_total,wt_interface,om_interface,d_interface,tot_stab_mut_close,tot_stab_mut_distal,tot_stab_other_close,tot_stab_other_distal,tot_destab_mut_close,tot_destab_other_close,tot_destab_mut_distal,tot_destab_other_distal,int_destab_mut,int_destab_other,int_stab_mut,int_stab_other
6YOR,2,rpk,cons,-539.9955723386122,-516.9391126907037,23.05645964790847,-63.81887712731683,-64.14722814043435,-0.32835101311751913,,339,,,371;373;375,372,501,,,,,
6YOR,2,rpk,free,-562.2220927112783,-543.7673761212437,18.454716590034536,-74.05427610179609,-76.47008262420944,-2.415806522413348,,339,,,371;373;375,368,405;501,,,369,,372
6YOR,2,af2,cons,-600.7838489044773,-526.7253682399376,74.05848066453973,-65.01141400184092,-59.17348964843702,5.837924353403899,,339,377,443;481;483;485;490;500;502,,381,405;477;501,365;442;446;448;449;451;453;454;456;457;467;469;474;475;479;480;487;488;491;492;493;494;495;497;506,,370;381;384,,369;377
6YOR,2,af2,free,-657.6723726586258,-626.0364591044067,31.635913554219087,-75.96661692573159,-59.87797422836945,16.088642697362133,,339;478;505,369;390;407;430,320;367;443;472;483;490;499;500;502,,434;517,405;501,420;425;442;445;446;447;448;451;453;457;465;466;471;480;487;491;492;495;497;506,375,321;370;386;428;430;517,,369;374
