pdb,antibody,method,constrained,wt_total,om_total,d_total,wt_interface,om_interface,d_interface,tot_stab_mut_close,tot_stab_mut_distal,tot_stab_other_close,tot_stab_other_distal,tot_destab_mut_close,tot_destab_other_close,tot_destab_mut_distal,tot_destab_other_distal,int_destab_mut,int_destab_other,int_stab_mut,int_stab_other
7K43,2,rpk,cons,-645.0480831784504,-626.5566826920669,18.49140048638344,-45.064650093452634,-35.31122934410381,9.753420749348827,,339,,,484;501,,371;373;375,372,484;493,,,
7K43,2,rpk,free,-657.5550492044586,-649.1121619850577,8.442887219400859,-45.85952237465402,-42.60114318740165,3.2583791872523733,,339,453,,484;501,,371;373,372,484;493,,496,494
7K43,2,af2,cons,-613.2390191677107,-616.5167209184405,-3.2777017507297614,-36.05135637869721,-32.8342062727405,3.217150105956705,,339;371,483;485,367;369;372;406;451;481;518,446;496;501,455,375,365;368;374;389;420;434;435,493,483,,485
7K43,2,af2,free,-658.841528705927,-660.8390955014994,-1.9975667955724248,-45.20962328561253,-37.48311235162518,7.726510933987349,,339;371,485,369;372;393;406;518,446;501,444;448;455;486,,374;435;497;499,484,444;483,478;496,
