pdb,antibody,method,constrained,wt_total,om_total,d_total,wt_interface,om_interface,d_interface,tot_stab_mut_close,tot_stab_mut_distal,tot_stab_other_close,tot_stab_other_distal,tot_destab_mut_close,tot_destab_other_close,tot_destab_mut_distal,tot_destab_other_distal,int_destab_mut,int_destab_other,int_stab_mut,int_stab_other
7LCN,3,af2,cons,-774.1879494463612,-766.6953840362015,7.492565410159727,-0.018350532023989174,-12.738773377056468,-12.720422845032479,,67;95,138;147;148;246;247;248;258,19;22;75;76;77;97;111;124;213;nan;215;216;260;272,142;143;145,17;141;146;149;150;151;152;153;156;244;245;249;250;255;256;257,212,20;23;101;102;177;187;190;210,144;145,146;155;156;256,143,150;244;246;247;249;254
7LCN,3,af2,free,-892.9396501945092,-889.8793292016832,3.060320992826064,-22.438712575865353,-17.65037704258372,4.788335533281632,,67;95,18;138;147;155;242;244;247;248;253,19;77;84;94;96;114;168;170;182;184;186;213;nan;215;216;222;266,142;143;144,152;153;158;243;249;255;256,69;70;212,20;21;99;108;180;183;187;210;221;237;257;259;262;265;272,144,153;156;158;246,,147;148;249;251
