pdb,antibody,method,constrained,wt_total,om_total,d_total,wt_interface,om_interface,d_interface,tot_stab_mut_close,tot_stab_mut_distal,tot_stab_other_close,tot_stab_other_distal,tot_destab_mut_close,tot_destab_other_close,tot_destab_mut_distal,tot_destab_other_distal,int_destab_mut,int_destab_other,int_stab_mut,int_stab_other
7BEO,1,rpk,cons,-483.8726778290377,-465.490063574847,18.382614254190685,-42.66594071526091,-42.764196747905345,-0.09825603264443572,,339,,406,478,,371;375;446;501,372,,,,
7BEO,1,rpk,free,-512.2989384694204,-499.41969564663805,12.879242822782317,-47.36035327335919,-47.5077372274818,-0.14738395412260985,,339,,358;391;406,478;484;493,490,371;375;446,369;372,478;484,,,
7BEO,1,af2,cons,-619.1320447666102,-616.567602228778,2.5644425378321785,-36.35197126828674,-38.13079855486361,-1.7788272865768704,,339;371,481;483;485,367;369;372;406;518,478,455,375;496;501,365;368;420;434;435;528,,487,493,
7BEO,1,af2,free,-660.8689452335614,-656.1908436871308,4.678101546430526,-47.94345749087689,-48.233597164464435,-0.29013967358754655,,339;371,483;485;486,369;372;406;518,478;493,455,446,332;342;374;389;430;435;526,478;484,,493,486;489
