pdb,antibody,method,constrained,wt_total,om_total,d_total,wt_interface,om_interface,d_interface,tot_stab_mut_close,tot_stab_mut_distal,tot_stab_other_close,tot_stab_other_distal,tot_destab_mut_close,tot_destab_other_close,tot_destab_mut_distal,tot_destab_other_distal,int_destab_mut,int_destab_other,int_stab_mut,int_stab_other
7CZQ,1,rpk,cons,-455.37636803608217,-434.84164522606994,20.534722810012227,-41.5471146133454,-37.7223988628456,3.8247157504997986,,339,,,498;501,,371;373;375;484,372,417;505,,405,
7CZQ,1,rpk,free,-541.6732337068328,-533.0819457577969,8.59128794903586,-59.685394441330494,-63.066243834578216,-3.380849393247722,,339,,380;386;431;508;515,505,490;503,371;375;484,370;429,408;498;505,457;487;503,405;477;478;501,
7CZQ,1,af2,cons,-607.8620670531672,-523.7356081746981,84.12645887846907,-41.24729512630104,-28.324751092592592,12.922544033708448,,339,490;500;502,347;443;481;483;485,405;452;477;498;501;505,403;449;454;456;474;475;479;480;487;492;494;495;497;506,,365;442;446;448;451;467;469;491,417;486;505,449;455;476;487;493;494,478,453;457;499;503
7CZQ,1,af2,free,-667.9102971578643,-607.4596500227831,60.450647135081226,-64.29922108806208,-15.084041994437232,49.215179093624855,,339,490;499;500;502,320;338;347;369;372;390;437;443;472;483,405;417;452;501;505,420;446;447;449;453;456;457;473;474;475;487;492;494;495;497;503,375,351;389;391;392;442;445;465;471;480;491;506,417;486;501;505,415;421;449;455;456;460;473;475;487;493;494;502;504,477;478;498,403;500
