pdb,antibody,method,constrained,wt_total,om_total,d_total,wt_interface,om_interface,d_interface,tot_stab_mut_close,tot_stab_mut_distal,tot_stab_other_close,tot_stab_other_distal,tot_destab_mut_close,tot_destab_other_close,tot_destab_mut_distal,tot_destab_other_distal,int_destab_mut,int_destab_other,int_stab_mut,int_stab_other
7EH5,6,rpk,cons,-353.0467614343049,-335.86826755063294,17.17849388367199,-20.115847073012187,-21.58057002323165,-1.464722950219464,,339;408;505,,,477,,371;373;501,372,,,,
7EH5,6,rpk,free,-467.36587677048067,-457.7405035875531,9.625373182927547,-29.877222181166516,-28.496803622303286,1.38041855886323,,339;376;408,,365;377;382;385;389;404;406;509,477;478,489,371;373;375;501,336;368;374;384;386;510;511,478,,,
7EH5,6,af2,cons,-606.8536486708326,-515.9485133521722,90.90513531866043,-12.078973026218698,-8.915919827415335,3.1630531988033628,,339,483,383;443;490;502;508;518,,455;456;475;479;486;487;489;495,371;373;405;484;501,346;351;365;372;387;446;449;451;454;457;465;471;480;491;492;494;497;506;520;522;541,,486;489,478,
7EH5,6,af2,free,-655.3487167393979,-615.1442285710127,40.20448816838518,-31.505666586584887,-18.60409502496386,12.901571561621026,,339,481;482;483,320;338;366;367;368;390;399;407;466;490;499;500;502;518;527,477,486,371;405;493;501,342;365;374;377;391;442;445;446;447;448;449;451;453;454;455;457;491;492;494;495;497;506;519;520;528,477,475;476;486;487;489,478,481;483
