pdb,antibody,method,constrained,wt_total,om_total,d_total,wt_interface,om_interface,d_interface,tot_stab_mut_close,tot_stab_mut_distal,tot_stab_other_close,tot_stab_other_distal,tot_destab_mut_close,tot_destab_other_close,tot_destab_mut_distal,tot_destab_other_distal,int_destab_mut,int_destab_other,int_stab_mut,int_stab_other
7E5S,2,af2,cons,-810.179188689,-760.2533558941129,49.925832794887015,-8.479382381298429,0.6722262766536793,9.151608657952108,,,138;148;153,20;21;22;41;75;76;78;79;111;186;228;229,,140;141;145;146;147;156;242;245;246;249;250;251;252;253;256;257,19;24;25,160;197;254;255;258;259,,147;246;252;253;254;255;256,,148;248;249;250;251
7E5S,2,af2,free,-900.1625765906135,-876.6681345561815,23.49444203443204,-17.14951787051941,-17.409705129337258,-0.2601872588178473,,,246;248;252,32;75;84;95;139;157;184;222;228;291;298,,140;244;245;249;250;257,19;24;25;69;70,23;29;71;77;97;98;170;181;183;191;216;221;226;258;259;261;262;272,,144;146;147;246;257,,248;251;252
