pdb,antibody,method,constrained,wt_total,om_total,d_total,wt_interface,om_interface,d_interface,tot_stab_mut_close,tot_stab_mut_distal,tot_stab_other_close,tot_stab_other_distal,tot_destab_mut_close,tot_destab_other_close,tot_destab_mut_distal,tot_destab_other_distal,int_destab_mut,int_destab_other,int_stab_mut,int_stab_other
7E8M,1,rpk,cons,-528.2453219481447,-509.28875767999074,18.956564268153954,-58.14551036535218,-53.810384451912356,4.335125913439825,,339,,406,493,,371;373;375,,493;505,,501,
7E8M,1,rpk,free,-547.0254920221687,-541.7388132801382,5.286678742030517,-65.7912365364607,-59.59758086523517,6.193655671225528,,339,406;449;460,367,405;498,,371;375,446,493;505,415;455,498;501,460
7E8M,1,af2,cons,-616.8113382015468,-471.56163521923406,145.24970298231278,-44.31601749427976,-16.030452804954095,28.285564689325668,,339,485;490;496;500;502,482;483;518,405;477;478;493;498;505,449;453;454;455;456;457;473;474;475;476;479;487;488;494;495;503;506,371;373;452,346;351;365;372;446;451;467;469;491;492;497;520;522;538;541,477;478;493;505,453;455;475;476;487;489,501,403;421;456;457;474;479
7E8M,1,af2,free,-652.8035207584544,-619.5547363128892,33.24878444556521,-63.10126255078162,-39.23109228965676,23.870170261124862,,339,458;473;483;485;486;490;499;500;502,320;367;369;390;407;436;443;450;466;471;482;527,405;493;501,420;446;447;449;453;454;455;456;457;475;487;495;497,,374;386;391;410;435;442;445;448;451;469;492;506;519;520,493;505,420;453;455;473;489,478;498,476;486;488
