pdb,antibody,method,constrained,wt_total,om_total,d_total,wt_interface,om_interface,d_interface,tot_stab_mut_close,tot_stab_mut_distal,tot_stab_other_close,tot_stab_other_distal,tot_destab_mut_close,tot_destab_other_close,tot_destab_mut_distal,tot_destab_other_distal,int_destab_mut,int_destab_other,int_stab_mut,int_stab_other
7CHH,1,rpk,cons,-454.5170952607248,-440.1892455054342,14.327849755290572,-27.884505842749537,-27.69157685822286,0.19292898452667728,,339,,,446;484,,371;375,372;502,484,,498,
7CHH,1,rpk,free,-513.0094189238606,-504.1736240354046,8.835794888456007,-42.33922106004465,-37.78876968605701,4.5504513739876415,,339,,338;374;432;433;508;523,446;484,445;447;449,375,372;380;434;436;506;521,484,450;481;486,498,
7CHH,1,af2,cons,-609.6230090790064,-611.7166304374296,-2.0936213584232064,-13.805736304178863,-18.937635846289147,-5.131899542110284,,339;371,481;483;485,367;369;372;406;518,,,375;501,365;368;420;434;435;455;489;528,484,,478;498,481
7CHH,1,af2,free,-658.6439454955078,-663.0961554673913,-4.452209971883576,-26.012689851469,-43.194724405586285,-17.182034554117287,,339;371,481;482;483;485,369;372;406;518;528,446,449,,342;356;374;420;435;453;519;526,,,478;484,471;482;486;490
