pdb,antibody,method,constrained,wt_total,om_total,d_total,wt_interface,om_interface,d_interface,tot_stab_mut_close,tot_stab_mut_distal,tot_stab_other_close,tot_stab_other_distal,tot_destab_mut_close,tot_destab_other_close,tot_destab_mut_distal,tot_destab_other_distal,int_destab_mut,int_destab_other,int_stab_mut,int_stab_other
6Z43,1,rpk,cons,-571.978623238016,-549.2621054132242,22.716517824791822,-40.115111356675904,-30.10720169213957,10.007909664536335,,339;408,,,484;493,,371;373;375;376;405;501,372,484;493,,,
6Z43,1,rpk,free,-608.6640817843664,-595.2464271077035,13.417654676662892,-41.562547980075834,-36.12265042413851,5.439897555937321,,339;408,455,329,484;493,446,371;373;375;405;501,368,484;493,,,444
6Z43,1,af2,cons,-615.8074830781218,-519.3779194297293,96.42956364839245,-36.66822102461002,-10.986272161877036,25.681948862732984,,339,481;483;502,443;500;518,452;493,446;447;448;449;456;473;487;489;491;492;494;495;497;499,371;373;405,351;365;372;403;451;454;457;461;471;479;506;520;522;541,493,449;483;489;490;494;499,501,445;495
6Z43,1,af2,free,-663.7904940725249,-620.5917606151916,43.19873345733333,-38.411099884614785,-34.77828812123387,3.6328117633809143,,339;478,450;473;486;490;499;502,320;326;338;354;367;390;443;466;474;500;518,493,446;447;449;453;455;489;491;492;494;495;497,371;405,351;365;391;403;442;448;451;454;469;479;506;519;520,452;493,449;483;489;490,484;498;501,445;486;495
