pdb,antibody,method,constrained,wt_total,om_total,d_total,wt_interface,om_interface,d_interface,tot_stab_mut_close,tot_stab_mut_distal,tot_stab_other_close,tot_stab_other_distal,tot_destab_mut_close,tot_destab_other_close,tot_destab_mut_distal,tot_destab_other_distal,int_destab_mut,int_destab_other,int_stab_mut,int_stab_other
7JZU,1,rpk,cons,-582.1439238290513,-551.1471704297168,30.99675339933458,-71.079484164443,-61.80885558055452,9.270628583888481,,339;408,,,405;493;498,,371;373;375,372;499,417;493;498;505,,501,
7JZU,1,rpk,free,-591.526145935034,-571.9647098734322,19.561436061601853,-74.0313563851907,-63.599684836080726,10.431671549109979,,339;408,,,405;484;498;505,,371;375,368,417;484;498;505,489;492,501,
7JZU,1,af2,cons,-622.8758300689236,-527.6495539691366,95.22627609978701,-61.97682185232465,-58.363368082115976,3.6134537702086718,,339,483;485;490;502,518,405;493;498;501,446;447;449;455;456;457;473;474;486;487;489;491;492;494;495;497;506,371;373;375,346;351;365;372;391;442;451;454;461;469;479;520;541,417;493,455;486;489;492;502,,475;487;495;500;503;504
7JZU,1,af2,free,-664.0909199494663,-617.4657645570312,46.62515539243509,-72.18043435239377,-72.74942142102464,-0.5689870686308609,,339;478,474;476;483;490;500;502;503,338;367;390;401;443;482;518;527,405;493;501,446;448;453;456;457;487;489;491;495;497;506,371,365;374;377;391;442;451;468;492;519;520;528,417;484;493;505,453;486;489;490;497,,420;475;476;494;495;500;503;504
