pdb,antibody,method,constrained,wt_total,om_total,d_total,wt_interface,om_interface,d_interface,tot_stab_mut_close,tot_stab_mut_distal,tot_stab_other_close,tot_stab_other_distal,tot_destab_mut_close,tot_destab_other_close,tot_destab_mut_distal,tot_destab_other_distal,int_destab_mut,int_destab_other,int_stab_mut,int_stab_other
7OAY,4,rpk,cons,-568.8593097497785,-548.0897272558248,20.76958249395375,-50.14928495653577,-44.9821981203746,5.167086836161175,,339,,,371;373;375,372,501,,376;408,,,
7OAY,4,rpk,free,-586.8497350614227,-573.1421246346267,13.707610426796009,-54.315914068617765,-46.653694130757124,7.662219937860641,,339,,406,373;375,372,,365;446,376;408,,,
7OAY,4,af2,cons,-617.2423726738145,-535.5911582654627,81.65121440835185,-29.29888795092375,-35.04763809184689,-5.748750140923143,,339,369,367;390;443;483;490;496;502;508;518,371;373,372,405;493;501,346;351;365;391;442;446;449;451;453;454;455;456;457;461;469;471;473;475;479;487;491;492;494;495;497;506;520;541,,,,369
7OAY,4,af2,free,-662.6260513412915,-628.4620342525097,34.16401708878175,-37.09132707184376,-40.03822472702421,-2.94689765518045,,339;478,427,320;338;356;367;390;399;466;473;483;490;500;502;518,371,370,405;452;501,342;365;391;442;445;446;451;454;455;456;457;469;479;480;491;492;494;495;497;506;519;520,,370,,374;377
