pdb,antibody,method,constrained,wt_total,om_total,d_total,wt_interface,om_interface,d_interface,tot_stab_mut_close,tot_stab_mut_distal,tot_stab_other_close,tot_stab_other_distal,tot_destab_mut_close,tot_destab_other_close,tot_destab_mut_distal,tot_destab_other_distal,int_destab_mut,int_destab_other,int_stab_mut,int_stab_other
6ZFO,1,rpk,cons,-480.3314843352899,-475.72856297623775,4.602921359052118,-41.22067123331277,-41.057384662684946,0.16328657062782526,,339;446;496,,,,,371;373;501,,,,,
6ZFO,1,rpk,free,-510.2010738883977,-509.0860366038278,1.115037284569894,-47.117593243909724,-46.478300539956535,0.6392927039531884,,339;446;496,368,,375,,371,372;434,,,,
6ZFO,1,af2,cons,-602.1953364376059,-614.4414102429231,-12.246073805317224,-35.759305385745286,-40.67632956947606,-4.917024183730774,,339;371,367;372;377;387;518,406;451;483;485;527,375,369;528,496;501,420;434;435;452;489,,370,,372;377;429
6ZFO,1,af2,free,-661.0514749372655,-675.1843299799069,-14.132855042641381,-50.180595890499504,-68.62965479398498,-18.44905890348548,,339;484,372;378;380;384;389;518,393;406;451;483;516;527,,374;386;517,446,332;365;444;448;455;519,,,,372;377;378;379
