pdb,antibody,method,constrained,wt_total,om_total,d_total,wt_interface,om_interface,d_interface,tot_stab_mut_close,tot_stab_mut_distal,tot_stab_other_close,tot_stab_other_distal,tot_destab_mut_close,tot_destab_other_close,tot_destab_mut_distal,tot_destab_other_distal,int_destab_mut,int_destab_other,int_stab_mut,int_stab_other
7JV4,3,rpk,cons,-499.7352160425836,-473.56791479565584,26.167301246927764,-41.35780710299042,-36.7533991239122,4.604407979078218,,339,,,484;501,,371;373;375;405,372,484,,498,
7JV4,3,rpk,free,-524.9237711812968,-500.8427643101046,24.081006871192244,-43.29311652419587,-38.54202375433458,4.7510927698612875,,339,482,367,484;501,,371;373;375;405,372;380;454,484,489,,482
7JV4,3,af2,cons,-602.6139355452008,-526.5373245097999,76.0766110354009,-18.403859018938103,-14.618025464392407,3.7858335545456967,,339,483;485;490;500;502,443;518,452,449;479;487;491;494;495;497,371;373;405,346;351;365;372;451;453;454;456;457;471;473;475;492;506;520;522;541,484,449;481;483;490,501,446;495
7JV4,3,af2,free,-654.8701945528778,-611.4553553198346,43.41483923304327,-33.77049396050475,-31.869139433326474,1.9013545271782775,,339,450;483;486;490;499;500;502,320;367;390;407;436;437;443;518,493,445;446;447;449;489;494;495,405,374;377;391;403;430;442;453;454;455;456;473;491;492;497;506;519;520,,445;446;449;481,501,483;494;503
