pdb,antibody,method,constrained,wt_total,om_total,d_total,wt_interface,om_interface,d_interface,tot_stab_mut_close,tot_stab_mut_distal,tot_stab_other_close,tot_stab_other_distal,tot_destab_mut_close,tot_destab_other_close,tot_destab_mut_distal,tot_destab_other_distal,int_destab_mut,int_destab_other,int_stab_mut,int_stab_other
7MZL,1,rpk,cons,-497.1824776825311,-477.46375235522663,19.71872532730447,-65.05523600122835,-54.27595789727385,10.779278103954503,,339;408,,368,484;498;501,,371;373;375;405,365;372,417;484;486;498;505,,501,
7MZL,1,rpk,free,-545.9488501949793,-517.4772069050622,28.471643289917097,-70.37877085968978,-65.48574487441307,4.893025985276708,,339;408,,338;436,498;501,446,371;373;375;405,347;369;372;377;481;499,484;486;498;505,,477;501,489
7MZL,1,af2,cons,-619.2468358925537,-520.3274767154921,98.91935917706155,-52.132692842652965,-45.20900023504524,6.923692607607727,,339,481;483;485;500;502;503,,452;477;498;501;505,446;449;453;455;456;457;473;474;476;479;489;491;492;494;495;497;506,405,365;442;448;451;454;468;469;480,417;477;486;505,449;456;476;489,478;501,474;495;499;502;503
7MZL,1,af2,free,-661.7940161978364,-619.2341133170713,42.559902880765094,-68.24957587879122,-50.34877834986558,17.900797528925636,,339,483;485;490;499;500;502;503,346;347;367;369;374;390;436;443,405;452;477;486,446;449;453;456;474;487;489;491;492;493;494;495;497,375,368;420;424;430;442;448;451;454;467;469;506,417;477;486;505,446;449;456;489;490;493;494,501,475;499;500;502;503
