pdb,antibody,method,constrained,wt_total,om_total,d_total,wt_interface,om_interface,d_interface,tot_stab_mut_close,tot_stab_mut_distal,tot_stab_other_close,tot_stab_other_distal,tot_destab_mut_close,tot_destab_other_close,tot_destab_mut_distal,tot_destab_other_distal,int_destab_mut,int_destab_other,int_stab_mut,int_stab_other
7M6F,2,rpk,cons,-501.3298135543772,-487.4109584658042,13.918855088573025,-36.3848024912772,-37.66733828300869,-1.2825357917314903,,339,,374;492,501,496,371;373;375;376,372,408,,,494
7M6F,2,rpk,free,-590.8209311722321,-578.4687237488456,12.352207423386517,-50.9330573465393,-59.08929949163486,-8.156242145095561,,339,,367;492,,475;496;504,371;373;375,368;369,408;417,504,405;477;501;505,473;502
7M6F,2,af2,cons,-597.7682150056228,-496.90926183953707,100.85895316608571,-32.642133411577134,-27.58468458406885,5.057448827508285,,339,496;502,443;483;490;518,405;478;493;498;501,446;453;454;455;456;457;473;474;476;479;487;488;494;495;497;506,371;373,346;351;365;372;442;451;467;469;480;491;492;520;522;541,478;505,455;473;476;489,477;501,403;475;486;503
7M6F,2,af2,free,-652.0537480840419,-622.4189323146451,29.634815769396823,-50.23920562529034,-54.28421845291008,-4.045012827619743,,,407;409;475;476;500;503,320;326;358;367;418;422;436;443;467;483;490;518,405;493;498,421;447;448;453;454;455;456;494;495;497;506,,374;391;442;446;451;465;479;480;491;492;519;520;526,408;505,449;455;456;473;494;502;504,478;501,403;476;486;487;499;503;506
