pdb,antibody,method,constrained,wt_total,om_total,d_total,wt_interface,om_interface,d_interface,tot_stab_mut_close,tot_stab_mut_distal,tot_stab_other_close,tot_stab_other_distal,tot_destab_mut_close,tot_destab_other_close,tot_destab_mut_distal,tot_destab_other_distal,int_destab_mut,int_destab_other,int_stab_mut,int_stab_other
7LRT,2,rpk,cons,-294.5082861514869,-290.8085080213105,3.699778130176412,-34.23096591608071,-31.756578339707133,2.47438757637358,,339;376;408;440;505,,497,478,455,371;375;405;501,401,486,,478,
7LRT,2,rpk,free,-403.64201141981664,-391.0666910866388,12.575320333177842,-48.9345993037893,-48.33892146065216,0.595677843137139,,339;376;408,472;488,355;441,417;478,455,371;375,351;409;492;495,478;486,,,475;483;489;490
7LRT,2,af2,cons,-613.9199036877594,-532.3730424918508,81.5468611959086,-23.51942475135254,-13.968191879611426,9.551232871741112,,339,481;483;485;490,383;421;496;500;502,477;478;486;501,453;456;474;475;480;487;488;493;494;495,405;452,365;442;445;446;448;449;451;454;457;467;469;491;492;497;506,478;486,475;493,498,481;495
7LRT,2,af2,free,-659.5118596607617,-607.5896428216953,51.92221683906644,-51.72410262319025,-32.29850989703854,19.425592726151706,,339,483;485;490,338;358;367;369;382;392;436;443;500;502,477;484,453;456;457;474;475;479;487;495;497,375;405;452;501,365;368;387;403;424;430;442;445;446;447;448;451;465;469;491;492;506;526,477;484;486,455;475;479;485;487;493,478;498,474;495
