pdb,antibody,method,constrained,wt_total,om_total,d_total,wt_interface,om_interface,d_interface,tot_stab_mut_close,tot_stab_mut_distal,tot_stab_other_close,tot_stab_other_distal,tot_destab_mut_close,tot_destab_other_close,tot_destab_mut_distal,tot_destab_other_distal,int_destab_mut,int_destab_other,int_stab_mut,int_stab_other
7L7E,3,rpk,cons,-534.8402368260217,-523.5412422036813,11.298994622340388,-43.792084306436934,-39.235661350107776,4.556422956329158,,339,,,484,,371;375;405,502,478;493,,,
7L7E,3,rpk,free,-557.1470781471307,-557.2642950768468,-0.1172169297160508,-44.482753163951436,-36.35710202062992,8.12565114332152,,339;373,489,342,484;493,,375;405;501,,493,489,,
7L7E,3,af2,cons,-616.8715781920431,-467.4015317475548,149.47004644448828,-42.88063461024156,1.3352904158992045,44.21592502614076,,339,481;483;485;490,482;496;500;502;518,477;478;484;493;501,453;455;456;473;474;475;476;479;486;487;488;492;494;495;497,371;373;405,346;351;365;372;446;449;451;454;457;461;491;506;520;522;538;541,477;478;484;493,476;487;489,,495
7L7E,3,af2,free,-660.1738326534539,-607.1892445368248,52.984588116629084,-46.80240870620092,-30.4464464309763,16.35596227522462,,,473;474;483;485;489;490,320;354;366;367;390;418;443;500;502;518;528,493,455;475;487;495,371;375;405;501,351;365;377;391;433;442;445;446;447;448;451;491;492;497;506;526,477;478;484;493,455;475;486;487;489,498,474;483
