pdb,antibody,method,constrained,wt_total,om_total,d_total,wt_interface,om_interface,d_interface,tot_stab_mut_close,tot_stab_mut_distal,tot_stab_other_close,tot_stab_other_distal,tot_destab_mut_close,tot_destab_other_close,tot_destab_mut_distal,tot_destab_other_distal,int_destab_mut,int_destab_other,int_stab_mut,int_stab_other
7MJJ,1,rpk,cons,-532.8770302396429,-531.5976791110058,1.2793511286370176,-44.83766431468635,-38.055126177516215,6.782538137170135,,339,496,497,405;501,,371;375,372,477;486,,,
7MJJ,1,rpk,free,-573.9797545146675,-574.7411510752979,-0.7613965606303736,-49.58674814014638,-48.87470320289081,0.7120449372555768,,339;408,,434;480,,492,371;375;452;484,372;377,417;505,,478,
7MJJ,1,af2,cons,-611.3845479502123,-522.0009229030828,89.3836250471295,-32.22692726855681,-27.623261706024785,4.603665562532022,,339,458;500;502,383;434;483;485,405;477;478;501;505,453;456;457;473;474;475;476;479;480;487;492;493;494;495;497,452,365;387;389;442;446;448;449;451;454;469;491;506,501;505,456;475;476;493,498,421;457;495;503
7MJJ,1,af2,free,-658.246081031095,-608.7589073391066,49.487173691988346,-58.163046941945325,-8.059984415921187,50.10306252602414,,339,458;485;490;500;502,320;338;358;367;369;374;390;436;443;471;472;499;527;541,405;486;501,447;453;455;456;457;460;473;474;475;487;489;492;495,375;452,327;351;353;368;442;446;448;451;467;480;491;497;506;528,417;486;505,403;415;420;421;453;455;456;457;460;473;475;487;489;493,477;478,
