pdb,antibody,method,constrained,wt_total,om_total,d_total,wt_interface,om_interface,d_interface,tot_stab_mut_close,tot_stab_mut_distal,tot_stab_other_close,tot_stab_other_distal,tot_destab_mut_close,tot_destab_other_close,tot_destab_mut_distal,tot_destab_other_distal,int_destab_mut,int_destab_other,int_stab_mut,int_stab_other
7CDJ,1,rpk,cons,-346.38107233744176,-327.3939460283898,18.987126309051973,-42.77734618379647,-33.29815497666441,9.479191207132061,,339,,,478;484;493;498;501,490,371;373;375,,478;484;493,,,
7CDJ,1,rpk,free,-433.08779979973406,-392.7929591067457,40.29484069298837,-43.77510825864495,-53.59012854923999,-9.815020290595044,,339,473,367;369,478;484;493;501,452;453;454;456;490,373;375,368;402;408;422;471,,,477;496,487
7CDJ,1,af2,cons,56.43150153363325,72.25098645164448,15.819484918011227,-17.94768593062676,-11.825210826062072,6.122475104564689,,339;371;505,447;451;472;473;475;476;482;483;485;486;487;488;495;497,369;372;380;392;394;396;399;401;402;403;404;405;406;426;431;470;471;474;480;506;507;509;522;523;524;525,446;496;498,449;452;453;455;456;489;490;492;494,375,336;348;351;352;353;355;356;357;358;361;365;368;376;378;379;398;400;421;422;433;434;435;454;457;459;464;467;469;491;508;510;511;512;513;514;515;518,498,486;489,484;493,485
7CDJ,1,af2,free,-275.1440712047556,-315.2549286093878,-40.110857404632156,0.0,0.0,0.0,,339;440;493;505,,320;321;322;334;336;338;347;367;368;370;380;383;384;385;386;392;395;404;405;406;409;411;418;419;420;423;426;432;448;451;464;473;480;481;485;487;488;492;495;506;511;513;516;528;531;541,,,375;484;496;501,326;327;329;350;351;356;358;360;364;365;369;376;381;387;398;429;436;455;456;459;465;471;475;486;489;491;497;502;518;523;536,,,,
