pdb,antibody,method,constrained,wt_total,om_total,d_total,wt_interface,om_interface,d_interface,tot_stab_mut_close,tot_stab_mut_distal,tot_stab_other_close,tot_stab_other_distal,tot_destab_mut_close,tot_destab_other_close,tot_destab_mut_distal,tot_destab_other_distal,int_destab_mut,int_destab_other,int_stab_mut,int_stab_other
7KLG,1,rpk,cons,-514.8056728356539,-498.9260048174053,15.879668018248594,-63.86741397958731,-55.08246465529942,8.784949324287894,,339,,,405;484;493,,371;375,,417;484;505,,,
7KLG,1,rpk,free,-544.8269794246226,-541.57891560624,3.2480638183825477,-67.69962658768716,-58.40156654891571,9.298060038771453,,339;373,,372;374;471,405;493;501,502,371;375,,417;484;505,460,,
7KLG,1,af2,cons,-611.2832143697128,-501.89723173832175,109.38598263139107,-37.154073789949095,-30.904689041855903,6.249384748093192,,339,483;486;490;502,383;443;500;518,405;452;477;478;484;493,453;456;457;473;474;475;476;480;487;488;489;494;495;497,371;373,346;351;365;372;446;451;454;469;479;491;492;506;520;522;541,417;493;505,456;475;476;487;489;490,498;501,403;486;495
7KLG,1,af2,free,-658.1350804610213,-613.7183614649898,44.41671899603148,-51.03884817549895,-59.33695191313709,-8.298103737638144,,339,476;485;486;490;499;502,338;367;389;390;443;466;500;518;527,405;493;498,453;456;457;475;487;489;495;497,371;452,365;374;391;442;445;446;447;448;451;461;469;491;492;506;519;520;528,417;484;493;505,415;473;483;489;490,498;501,403;457;476;485;486;495
