pdb,antibody,method,constrained,wt_total,om_total,d_total,wt_interface,om_interface,d_interface,tot_stab_mut_close,tot_stab_mut_distal,tot_stab_other_close,tot_stab_other_distal,tot_destab_mut_close,tot_destab_other_close,tot_destab_mut_distal,tot_destab_other_distal,int_destab_mut,int_destab_other,int_stab_mut,int_stab_other
7LQ7,3,rpk,cons,-537.0654985832755,-526.3820646681886,10.68343391508688,-46.300899018175734,-43.71404200405724,2.5868570141184932,,339,,,371;373,372,484;501,,408,,,
7LQ7,3,rpk,free,-569.904903401293,-557.7276068326732,12.177296568619795,-57.21975942918978,-43.522855038094555,13.696904391095224,,339;498,,,371;373;375,368,501,,371;408,374;377;427,,
7LQ7,3,af2,cons,-611.9908557587992,-532.0276774076651,79.96317835113405,-30.23070083675615,-27.692078351327638,2.5386224854285118,,339,414,443;481;483;485;490;496;502,405,374,477;501,365;442;446;448;451;453;454;455;456;457;467;469;474;475;479;480;487;491;492;493;494;495;497;506,408,374;413,,414;427
7LQ7,3,af2,free,-661.2077932801631,-612.6865443405118,48.52124893965129,-53.59364365371678,-39.471530689921664,14.122112963795118,,339;484,369;382;390;412,367;421;436;473;483;490;500;502,375;405;477;486,368;386;424,501,392;406;445;446;447;448;451;453;456;457;465;480;491;492;493;495;497;506;516;518;526,408;477;486,380;386;428;429,,378;412;414;427
