pdb,antibody,method,constrained,wt_total,om_total,d_total,wt_interface,om_interface,d_interface,tot_stab_mut_close,tot_stab_mut_distal,tot_stab_other_close,tot_stab_other_distal,tot_destab_mut_close,tot_destab_other_close,tot_destab_mut_distal,tot_destab_other_distal,int_destab_mut,int_destab_other,int_stab_mut,int_stab_other
7D0C,2,rpk,cons,-220.9446890141017,-208.96285796207306,11.981831052028639,-32.529967010850584,-29.202484752247784,3.3274822586027994,,339;408,,406;449,501,,371;373;375;452,,505,403,,
7D0C,2,rpk,free,-378.53307034040637,-397.09757750380425,-18.564507163397877,-63.06503269942276,-69.30353625519496,-6.238503555772198,,339,406;409;487,341;362;367;372;374;402;413;418;432;508,405,415;489;496,371,366;379;410;519,405;417,489;496,477;501,409;487;503
7D0C,2,af2,cons,-602.3644858741304,-500.99264983940645,101.37183603472397,-24.283311494198085,-2.1589989676199615,22.124312526578123,,339,490;500;502,443;483;485,405;417;477;478;501;505,453;456;457;473;474;475;476;479;480;487;493;494;495;506,,351;365;442;446;448;451;454;461;465;468;469;488;491;492;497,417;478;505,474;476;489;493,477,503
7D0C,2,af2,free,-653.3817323624274,-610.3461124748751,43.03561988755234,-45.84940181338606,-17.81067526855997,28.03872654482609,,339,458;483;490;502,347;356;367;369;374;390;436;443;472;499;500;528,405;501,421;424;453;455;456;474;475;487;489;495,375;452,337;368;391;442;445;446;447;448;466;467;479;491;492;497;506;526,417;486;505,403;415;420;421;455;456;460;475;489;493,477;498,503
