pdb,antibody,method,constrained,wt_total,om_total,d_total,wt_interface,om_interface,d_interface,tot_stab_mut_close,tot_stab_mut_distal,tot_stab_other_close,tot_stab_other_distal,tot_destab_mut_close,tot_destab_other_close,tot_destab_mut_distal,tot_destab_other_distal,int_destab_mut,int_destab_other,int_stab_mut,int_stab_other
7KKL,1,rpk,cons,-712.4109848384307,-682.9546042289561,29.45638060947465,-53.26821960375565,-35.0566094236508,18.21161018010485,,339;408,,,405;484;493;498,456;490;495,371;373;375,372,417;493;498;505,490,501,
7KKL,1,rpk,free,-723.8279292778113,-708.1789470989421,15.648982178869232,-51.84726404070575,-39.37209057155492,12.475173469150832,,339,456,434;515;517,405;452;484;493;498;505,473,371;373;375,372;516,493;498;505,490,501,486
7KKL,1,af2,cons,-609.4839013182111,-515.6611429005947,93.82275841761646,-37.41900409161862,-22.234280963936946,15.184723127681671,,339,490;496;500,518,405;452;493;498;501;505,406;446;447;448;449;453;456;473;475;487;489;491;492;494;495;497,371;373,346;351;352;365;372;451;454;457;467;469;474;479;506;520;522;541,417;493;498;505,449;483;489;490,501,486;494;495;500
7KKL,1,af2,free,-657.598802504913,-621.4427818348499,36.15602067006307,-49.51661671016427,-38.82097115750278,10.695645552661489,,339;478,421;487;490;500;502,320;338;354;367;369;390;407;436;437;481;518;527,405;452;493;501,446;448;449;455;456;488;491;492;495;497;506,,356;368;374;377;391;435;442;451;454;469;519;520;525;528,417;493;498;505,446;449;483;490,501,487;495;502;503
