pdb,antibody,method,constrained,wt_total,om_total,d_total,wt_interface,om_interface,d_interface,tot_stab_mut_close,tot_stab_mut_distal,tot_stab_other_close,tot_stab_other_distal,tot_destab_mut_close,tot_destab_other_close,tot_destab_mut_distal,tot_destab_other_distal,int_destab_mut,int_destab_other,int_stab_mut,int_stab_other
7EJ4,1,rpk,cons,-389.26807215331684,-379.82671333272225,9.441358820594587,-35.28866486030361,-35.870604693583054,-0.5819398332794421,,339,,,498;501,,373;375,372,,453,496,503
7EJ4,1,rpk,free,-476.92022242093833,-483.9110634651979,-6.990841044259582,-59.96362070320564,-40.136703143233035,19.826917559972607,,339;373,406;439;495,374;418,493,489;494,371;375,372,417;493;498,453;494;499;500;502;503,496;501,
7EJ4,1,af2,cons,-606.7420307874936,-609.0737492233893,-2.3317184358957093,-21.1211419374143,-24.039689575793858,-2.9185476383795574,,339;371,483,367;369;372;485;518,498,494,375,365;368;374;420;434;435;452;528,505,495,496;501,
7EJ4,1,af2,free,-654.8771250088437,-662.3126048635924,-7.435479854748678,-37.807540917884936,-46.12965614925944,-8.322115231374504,,339;371,483;500,369;372;418;481;518;527,446,494,,374;430;435;517;528,446;498;505,495,496;501,449;500
