pdb,antibody,method,constrained,wt_total,om_total,d_total,wt_interface,om_interface,d_interface,tot_stab_mut_close,tot_stab_mut_distal,tot_stab_other_close,tot_stab_other_distal,tot_destab_mut_close,tot_destab_other_close,tot_destab_mut_distal,tot_destab_other_distal,int_destab_mut,int_destab_other,int_stab_mut,int_stab_other
7K9I,1,rpk,cons,-483.7642068359667,-456.55562317449846,27.208583661468253,-42.01286343537312,-36.66583581906348,5.347027616309639,,339;408,,,452;484,492,371;373;375;501,372,452;484,,,
7K9I,1,rpk,free,-529.6030776347584,-523.2151469499383,6.3879306848200486,-47.40297681127329,-54.44778605579165,-7.044809244518362,,339,488,434,452,489;494,371;375;405;501,372;502,,487,478;493;498,490
7K9I,1,af2,cons,-612.8778898680621,-522.0102657443782,90.86762412368387,-34.54461447735374,-21.82674935022648,12.717865127127261,,339,483;490;496;502,481;500;518,452;493,446;447;449;453;456;487;488;492;494;495;497,371;373;375;405;505,346;351;365;372;403;451;454;457;461;467;469;471;473;479;491;506;520;522;541,493,483;489;490;494,501,495
7K9I,1,af2,free,-658.9211720710773,-613.9500457173338,44.97112635374356,-41.1548931188032,-36.47276261002818,4.682130508775025,,478,485;490;499;502,320;338;354;367;380;390;443;474;500;518;527,493,445;446;447;449;491;492;494;495;497,371;405,342;365;374;377;381;391;420;424;442;448;451;457;465;506;517;519;520;525;528,452;493,449;483;489;490;494,484;501,485;486;487;495;499
