pdb,antibody,method,constrained,wt_total,om_total,d_total,wt_interface,om_interface,d_interface,tot_stab_mut_close,tot_stab_mut_distal,tot_stab_other_close,tot_stab_other_distal,tot_destab_mut_close,tot_destab_other_close,tot_destab_mut_distal,tot_destab_other_distal,int_destab_mut,int_destab_other,int_stab_mut,int_stab_other
7LQ7,2,rpk,cons,-526.3919158991638,-514.0673650050969,12.324550894066874,-44.59558882591633,-43.72553324105607,0.8700555848602605,,339,,,371;373,,501,,408,,,
7LQ7,2,rpk,free,-556.3621732283552,-543.6468450524236,12.715328175931631,-57.38068188130522,-47.012536027593505,10.368145853711717,,339,,,371;373;375,,501,480;493,408,374;476,,369
7LQ7,2,af2,cons,-609.9595440811945,-531.3988316779476,78.56071240324695,-31.43957970059588,-25.879645918943122,5.559933781652756,,339,,481;483;485;490;500;502,371;405,,452;477;501,357;365;394;442;446;448;451;453;454;456;457;461;465;467;469;474;475;479;480;487;488;491;492;494;495;497;506,,374,,
7LQ7,2,af2,free,-660.171317981301,-615.5644001897253,44.6069177915756,-59.49482993358323,-43.42873324430521,16.066096689278027,,339,369;374;382;390;423,320;354;358;367;436;472;483;490;499;500;502,405;486,368;370;380;381;386;420;433;487,371;501,353;365;442;445;446;447;448;451;453;457;466;467;471;480;491;492;495;497;503;506;516;518;526;533,408;477;486,369;370;377;381;386;427,,410;411;415;433
