pdb,antibody,method,constrained,wt_total,om_total,d_total,wt_interface,om_interface,d_interface,tot_stab_mut_close,tot_stab_mut_distal,tot_stab_other_close,tot_stab_other_distal,tot_destab_mut_close,tot_destab_other_close,tot_destab_mut_distal,tot_destab_other_distal,int_destab_mut,int_destab_other,int_stab_mut,int_stab_other
7E8C,7,rpk,cons,-365.6834123301482,-332.0047411841515,33.6786711459967,-44.167683798430126,-42.30396271023817,1.8637210881919586,,339,497,,446;484;493;498;501;505,,371;373;375,499,477;501;505,,478,
7E8C,7,rpk,free,-462.38686248809574,-464.9283525603793,-2.5414900722835796,-56.44668776473819,-57.13398794627515,-0.6873001815369548,,339,475;497,365;367;368;413;436;527;528;529;530,478;493;498;501,474;487,371;375;446,363;366;499,417;498;505,,478,475;500
7E8C,7,af2,cons,-614.4869308938439,-608.2043234523055,6.282607441538403,-43.640464168685384,-36.999643919507946,6.6408202491774375,,339;371;484,421,367;369;372;406;472;483;485;518,496;501,424;494,375;446,365;368;374;434;435;452;528,417;498;501;505,475,478,408
7E8C,7,af2,free,-662.5001378201061,-657.6037498609301,4.8963879591760815,-63.328124907912056,-51.420664186508795,11.907460721403261,,339;371;484,,360;369;390;406;450;451;472;483;518,417;446,486;489,,332;365;374;377;471;479,417;498;505,456;486,478,500
