pdb,antibody,method,constrained,wt_total,om_total,d_total,wt_interface,om_interface,d_interface,tot_stab_mut_close,tot_stab_mut_distal,tot_stab_other_close,tot_stab_other_distal,tot_destab_mut_close,tot_destab_other_close,tot_destab_mut_distal,tot_destab_other_distal,int_destab_mut,int_destab_other,int_stab_mut,int_stab_other
7P77,2,rpk,cons,-285.39906611568927,-268.10799288391013,17.291073231779137,-23.929895611286582,-24.632850331994035,-0.7029547207074529,,339;376,406,,484;498;501,,371;373;375;452,372,505,,501,
7P77,2,rpk,free,-462.8751223188328,-422.5535090205918,40.321613298241004,-46.751565977745,-61.34400917035887,-14.592443192613871,,339,487;490;493,347;351;387;436;451,405;452;486;498,406;409;449;495;504,371;375;376,342;358;368;407;433;434;435;442;472;491;509,484;486,,405;417;452;501,455;487;493
7P77,2,af2,cons,-604.6250811203931,-510.23594012894205,94.38914099145109,-23.84077666690041,-27.015086321784153,-3.174309654883743,,339,483;502,443;481;485;490,405;452;501;505,445;446;451;453;456;457;475;489;494;495;497;503;504;506,477,365;442;448;467;469;474;479;487;491;492;507;538,498;505,445;446;493,405;452,403;502;503
7P77,2,af2,free,-659.7951513379055,-620.4707681042444,39.32438323366114,-49.84749662542288,-43.31255818407038,6.5349384413524945,,339,421;450;475;483;490;496;499,320;338;367;369;372;390;407;436;472,405;417;501,445;446;449;453;454;494;495;497,,326;351;356;365;377;391;424;442;448;451;465;469;480;488;491;492;506;516,417;498;505,403;416;445;446;449;489;493;500,452,450;453;456;475;495;503
