pdb,antibody,method,constrained,wt_total,om_total,d_total,wt_interface,om_interface,d_interface,tot_stab_mut_close,tot_stab_mut_distal,tot_stab_other_close,tot_stab_other_distal,tot_destab_mut_close,tot_destab_other_close,tot_destab_mut_distal,tot_destab_other_distal,int_destab_mut,int_destab_other,int_stab_mut,int_stab_other
7MKL,1,rpk,cons,-312.51032824942143,-299.3437859108496,13.166542338571844,-29.60679139175372,-30.138026557161318,-0.5312351654075975,,339,,,,,371;373;375;405;501,,,,,
7MKL,1,rpk,free,-445.2602078339185,-449.18763510550025,-3.9274272715817347,-36.93530240137358,-39.43604892560902,-2.5007465242354385,,339;373,438;442,370;374;507;508,501,439;451,371;405,412;434;437;455;490,,,498,
7MKL,1,af2,cons,-613.6487027197859,-521.5693662709133,92.0793364488726,-26.292548589914123,-4.9788718415423405,21.313676748371783,,339,500,421;481;483;485;490;502,501,441;442;444;445;446;447;448;449;451;494,405;452;477,365;453;454;456;457;467;469;474;475;479;480;487;491;492;495;497;506,,441;444;445;449,440,
7MKL,1,af2,free,-660.6302618178154,-615.2207701045149,45.40949171330044,-39.18211533653754,-24.437553710539518,14.744561625998024,,339;478,443;500;502;503,320;356;369;372;390;421;436;472;483;490;508;518,,441;442;444;445;446;448;451,375;405,351;391;406;424;453;454;456;457;465;469;475;487;491;492;495;497;506;510;516,498,346;441;444;445;446;499,440;501,502;503
