pdb,antibody,method,constrained,wt_total,om_total,d_total,wt_interface,om_interface,d_interface,tot_stab_mut_close,tot_stab_mut_distal,tot_stab_other_close,tot_stab_other_distal,tot_destab_mut_close,tot_destab_other_close,tot_destab_mut_distal,tot_destab_other_distal,int_destab_mut,int_destab_other,int_stab_mut,int_stab_other
7M3I,1,rpk,cons,-545.3531851433711,-515.0730533115615,30.280131831809626,-46.08660865868565,-44.69094835753893,1.3956603011467195,,339;505,,,371;373;375;405,374,498,372,375,,,378
7M3I,1,rpk,free,-574.8253578701117,-562.8335819979121,11.991775872199582,-48.464811725981946,-51.93834899276334,-3.473537266781392,,339,370,493,371;373;405,,501,372;492,,377,,508
7M3I,1,af2,cons,-616.0803626899142,-532.1727646446459,83.90759804526829,-36.616965693107915,-33.59082953812573,3.026136154982183,,339,502,347;481;483;485;490;496;500,371;405,369;503;506,452;477,365;442;445;446;448;451;453;454;456;457;467;469;474;475;479;480;487;488;491;492;494;495;497,,503,,377
7M3I,1,af2,free,-663.3255791349605,-630.8312617549009,32.49431738005967,-49.8535966384173,-50.071393104115316,-0.21779646569801514,,339;505,407;502;508,347;367;390;393;436;443;481;483;485;490;499;500,371;405,434;503;506,501,391;402;403;442;445;446;447;451;453;471;474;479;487;491;492;495;497,375,372;503,405,506;508
