pdb,antibody,method,constrained,wt_total,om_total,d_total,wt_interface,om_interface,d_interface,tot_stab_mut_close,tot_stab_mut_distal,tot_stab_other_close,tot_stab_other_distal,tot_destab_mut_close,tot_destab_other_close,tot_destab_mut_distal,tot_destab_other_distal,int_destab_mut,int_destab_other,int_stab_mut,int_stab_other
6XEY,2,rpk,cons,-484.70629719954115,-471.55291403363447,13.153383165906689,-38.94021362255366,-36.275663912805115,2.6645497097485418,,339,,406,446;484;493;501,,371;373;375;477,372,484,,498,455
6XEY,2,rpk,free,-558.9164119855091,-558.2896545954345,0.6267573900745447,-47.64477638161124,-49.60085925706737,-1.9560828754561328,,339;478;505,,364;365;369;377;434;506,446;484;498,449,371;373,372,484;493,,446;498,455
6XEY,2,af2,cons,-604.2068296923148,-612.5568812525396,-8.350051560224756,-28.00788204591153,-34.84249361202922,-6.834611566117694,,339;371,481;482;483;485;486,367;369;372;406;518,446;496;501,452,375,365;368;374;389;420;434;435;499,,,,485;486;489
6XEY,2,af2,free,-658.5323947079615,-659.6072895628639,-1.074894854902368,-50.842622782565805,-49.57493529940113,1.2676874831646714,,339,480;483;485;488,367;369;372;390;406;425;518,496;501,455;486;490,,365;374;391;392;528,,444;455;483;486;487,493,485;489
