pdb,antibody,method,constrained,wt_total,om_total,d_total,wt_interface,om_interface,d_interface,tot_stab_mut_close,tot_stab_mut_distal,tot_stab_other_close,tot_stab_other_distal,tot_destab_mut_close,tot_destab_other_close,tot_destab_mut_distal,tot_destab_other_distal,int_destab_mut,int_destab_other,int_stab_mut,int_stab_other
7CYH,1,rpk,cons,-395.14375866366356,-388.70035974599057,6.443398917672994,-28.86436805603993,-27.726580693697287,1.1377873623426424,,339;408,403,351,375;498;501,,371;373,,498,,501,506
7CYH,1,rpk,free,-481.5871443070878,-480.9729988355016,0.6141454715861983,-39.68164349639725,-32.22946763369398,7.452175862703271,,339;408,403;502,334;365;369;374;399,375;498,447;495,371,362;370;435,498;505,446,,494;503
7CYH,1,af2,cons,-601.2405952966656,-534.9557898013006,66.28480549536494,-26.79485815130086,-4.119546637737739,22.675311513563123,,339,446;502,390;481;483;485;490,405;501,449;494;503;506,477,365;442;448;451;453;454;456;457;465;467;469;474;475;479;480;487;488;491;492;493;495;497,498;501;505,445;449;500;503,,446
7CYH,1,af2,free,-649.7406505672486,-616.6515918901622,33.08905867708643,-30.292047242851563,-26.65869647317506,3.633350769676504,,,437;443;493;500;502;503;504;508,356;367;369;372;390;401;421;423;472;476;483;490;528,375;405;501,445;446;447;449;495;506,,351;391;392;420;448;451;456;457;465;466;467;479;480;487;491;492;497;526,498;505,445;449;494;499;500,,439;443;503;504;506
