pdb,antibody,method,constrained,wt_total,om_total,d_total,wt_interface,om_interface,d_interface,tot_stab_mut_close,tot_stab_mut_distal,tot_stab_other_close,tot_stab_other_distal,tot_destab_mut_close,tot_destab_other_close,tot_destab_mut_distal,tot_destab_other_distal,int_destab_mut,int_destab_other,int_stab_mut,int_stab_other
7BEO,2,rpk,cons,-482.8915364602051,-462.67965834726317,20.211878112941918,-40.74451664584226,-39.771394254899455,0.9731223909428053,,339,,,446;501,,371;375,372,446;493,,496,445
7BEO,2,rpk,free,-514.7110812844146,-497.9932027382665,16.717878546148086,-42.39943071719272,-48.91150054994127,-6.512069832748551,,339,,502;508,446;501,445;499,375,372;374;377;506,493,444,446;496,445;449
7BEO,2,af2,cons,-613.7417465913522,-599.8043666906956,13.937379900656651,-39.3521356338801,-33.156260209122976,6.195875424757126,,339;371,483,367;372;406;485;518,446,444;448,375;501,365;368;374;420;434;435;528,446;493,444,496,445;494
7BEO,2,af2,free,-665.7170716680162,-651.724129861186,13.992941806830117,-51.864133864519054,-44.82436367672554,7.039770187793515,,339,483,369;372;390;406;480;518;527,446;498;501,453;455;490,,332;342;374;435;528,446,445;449;450;483,,494
