pdb,antibody,method,constrained,wt_total,om_total,d_total,wt_interface,om_interface,d_interface,tot_stab_mut_close,tot_stab_mut_distal,tot_stab_other_close,tot_stab_other_distal,tot_destab_mut_close,tot_destab_other_close,tot_destab_mut_distal,tot_destab_other_distal,int_destab_mut,int_destab_other,int_stab_mut,int_stab_other
7MZK,1,rpk,cons,-552.2557152917223,-525.0590930469941,27.196622244728133,-36.48542533116917,-35.68580763063935,0.7996177005298151,,339,437,,373;375;440;446,372;447,371;484,366;490,373;440,,498,437
7MZK,1,rpk,free,-572.0452519907652,-554.1842682714046,17.86098371936066,-39.694919578879805,-35.54010147018693,4.154818108692872,,339,437,492;495,371;375;440;446,372;447,484,452;490,440,372,,437
7MZK,1,af2,cons,-620.6743130827921,-608.7201290639294,11.954184018862634,-38.305770674492486,-32.36526687309827,5.940503801394215,,339,372,367;369;406;483;485;518,375;440,445;499,496;501,365;368;420;434;435;455;528,440,445,446,
7MZK,1,af2,free,-666.7283816175429,-662.2107447988766,4.517636818666347,-41.08070567753467,-40.77780622604402,0.3028994514906458,,339;484,436;437,369;406;481;483;518;527,446,374;445;448,501,424;528,,372;445,375;440;446,436;437
