pdb,antibody,method,constrained,wt_total,om_total,d_total,wt_interface,om_interface,d_interface,tot_stab_mut_close,tot_stab_mut_distal,tot_stab_other_close,tot_stab_other_distal,tot_destab_mut_close,tot_destab_other_close,tot_destab_mut_distal,tot_destab_other_distal,int_destab_mut,int_destab_other,int_stab_mut,int_stab_other
7DPM,2,rpk,cons,-546.0997366691674,-512.7776830869424,33.32205358222507,-36.76469347328342,-33.64952178508224,3.1151716882011797,,339,,,371;373;376;405,372,484,455,376,,375,
7DPM,2,rpk,free,-569.2531880654217,-561.6870341720708,7.566153893350929,-38.736461566522365,-35.761184714678535,2.97527685184383,,339,,367,371;376;501,369;434,405;484;498,455,376,369,375,
7DPM,2,af2,cons,-619.1684261544946,-529.6505771671518,89.51784898734275,-33.22705805620802,-24.224639106068505,9.002418950139518,,339,499;502,367;443;483;490;496;518,371;373;376;405;501,369;370;372;374;377;503;506,,346;351;446;448;449;451;453;454;456;457;467;469;473;475;479;487;491;492;494;495;497;520;522;541,376,369;372;503,373;375,
7DPM,2,af2,free,-664.7498515256514,-610.4342777067177,54.31557381893367,-40.30628924994221,-48.04729512366293,-7.741005873720717,,339;477;478,378;380;437;502;508,320;347;367;389;390;399;421;434;443;450;458;466;474;483;490;500;518,371;405;501,369;370;377;403;433;503;506,493,365;391;420;445;446;447;448;451;453;456;457;461;467;469;479;489;491;492;495;497;517;519;520;525;526,440,369;372;503,373;375,374;378;380;407;437;439
