pdb,antibody,method,constrained,wt_total,om_total,d_total,wt_interface,om_interface,d_interface,tot_stab_mut_close,tot_stab_mut_distal,tot_stab_other_close,tot_stab_other_distal,tot_destab_mut_close,tot_destab_other_close,tot_destab_mut_distal,tot_destab_other_distal,int_destab_mut,int_destab_other,int_stab_mut,int_stab_other
7DX4,1,rpk,cons,-515.6070025576807,-490.30253028291907,25.30447227476168,-54.6363840031803,-51.68165812292945,2.954725880250848,,339;408,,508,452;484;493,,371;373;501,372;374,452,,,
7DX4,1,rpk,free,-551.0687874227053,-538.9875266439553,12.081260778749993,-59.77345528205217,-57.438248349278844,2.3352069327733247,,339,,436;502;508,452;484,490,371;375;405;501,434;506,452,,,
7DX4,1,af2,cons,-623.3097800965611,-519.0336060647669,104.2761740317942,-46.643776966770105,-34.2756561403331,12.368120826437007,,339,466;483,502;508;518,452;493,351;353;449;451;457;461;465;467;468;469;491;492;494;495;497,371;373;405;501,365;372;442;446;448;453;455;456;459;473;475;479;487;488;506;520;541,452,450;468;469;471;483;490,493,492;497
7DX4,1,af2,free,-662.466703337173,-617.4283451037538,45.03835823341922,-66.15824615875111,-53.56652808110259,12.591718077648522,,339;478,345;346;357;467;468,322;326;367;390;407;421;436;443;474;489;500;502;518,452;484;493,349;445;446;447;451;465;469;470;491;492;495;497,405;501,365;374;391;420;435;442;453;479;487;506;519;520;540,452;484,450;457;463;465;470;481;482;483;490,493,345;346;357;468;497
