pdb,antibody,method,constrained,wt_total,om_total,d_total,wt_interface,om_interface,d_interface,tot_stab_mut_close,tot_stab_mut_distal,tot_stab_other_close,tot_stab_other_distal,tot_destab_mut_close,tot_destab_other_close,tot_destab_mut_distal,tot_destab_other_distal,int_destab_mut,int_destab_other,int_stab_mut,int_stab_other
7KMI,1,rpk,cons,-590.3522098687679,-558.8144049891669,31.537804879601026,-52.333699627254276,-41.76850335019404,10.565196277060238,,339,,,446;498;501,,371;373;375,372;499,496;498;505,495,,
7KMI,1,rpk,free,-606.4655909709534,-588.6714489084079,17.79414206254546,-62.95695327171323,-48.23444488523758,14.722508386475653,,339,,451;506,417;446;498,449,371;373;375,372;452;508,417;496;498;505,495,501,
7KMI,1,af2,cons,-615.1987801756878,-616.6628605935191,-1.4640804178312692,-42.249362580505945,-38.676258781853235,3.57310379865271,,339;371,486,367;372;483;485;518,501,494,375,365;368;374;434;435;452;528,417;505,,496,486
7KMI,1,af2,free,-668.0985202107285,-663.3043318848561,4.794188325872369,-58.33771321088265,-53.12195963424841,5.215753576634235,,339;371,,356;367;369;372;390;480;483;518;527,417;446;496;501,449,,365;368;374;377;381;384;430;452;528,417,449;495;500,501;505,503
