pdb,antibody,method,constrained,wt_total,om_total,d_total,wt_interface,om_interface,d_interface,tot_stab_mut_close,tot_stab_mut_distal,tot_stab_other_close,tot_stab_other_distal,tot_destab_mut_close,tot_destab_other_close,tot_destab_mut_distal,tot_destab_other_distal,int_destab_mut,int_destab_other,int_stab_mut,int_stab_other
7LAB,2,af2,cons,-813.3716769286655,-768.4760880697243,44.89558885894121,-37.78881257880668,-28.166134972445626,9.622677606361052,,,22;32;75;97;182;213;215;216;217;218;260,18;19;21;77;111;124;138;154;nan;242;266,211;212,64;72;73;180;185;214;245;249;257,142;143;144;145,20;23;63;140;147;149;151;152;153;nan;229;246;254;255;256;272,,64;74;187;213;214;nan,,66;97;183;185;nan;215;218
7LAB,2,af2,free,-891.3267366934924,-907.9494219952164,-16.622685301724005,-58.167810539171455,-67.95555090776182,-9.787740368590363,,67,30;68;73;97;213;215;216,18;19;35;94;110;111;148;155;156;170;186;201;nan;226;227;242;248;260,70;211;212,66;179;181;263,142;143;144,21;23;100;140;141;152;153;221;246;249;256;257;258,70;211,26;66;71;213,212,72;73;185;nan;215
