pdb,antibody,method,constrained,wt_total,om_total,d_total,wt_interface,om_interface,d_interface,tot_stab_mut_close,tot_stab_mut_distal,tot_stab_other_close,tot_stab_other_distal,tot_destab_mut_close,tot_destab_other_close,tot_destab_mut_distal,tot_destab_other_distal,int_destab_mut,int_destab_other,int_stab_mut,int_stab_other
7L56,2,rpk,cons,-457.7786343693637,-439.8860897673427,17.89254460202102,-43.90177578937425,-35.91411199626535,7.987663793108901,,339,,406,484;496;501,,371;373;375;477,372,417;484;496,,,
7L56,2,rpk,free,-539.1178336730777,-521.3611815073351,17.756652165742594,-53.46441115451115,-37.024886471133385,16.439524683377762,,339,,365;406;436;454;469;497,417;446;477;478;484;493,456;472;489,371;373;375,366;372;377;445;475,417;484;493,447;455;456,,483
7L56,2,af2,cons,-609.8264839973363,-612.746216231639,-2.919732234302728,-28.674768960408674,-40.7686916354282,-12.093922675019524,,339;371,483;485,367;369;372;406;481;518,446;493;501,455;489;490,375,365;368;420;434;435;499,,,484;496,494
7L56,2,af2,free,-653.2934053956176,-661.419802369415,-8.126396973797455,-48.501161391063995,-63.467333989292,-14.966172598228006,,339;371,483;485,356;369;393;406;425;518,446;496;501,444;448;490,,374;434;497;526,,,478;493;496,486
