pdb,antibody,method,constrained,wt_total,om_total,d_total,wt_interface,om_interface,d_interface,tot_stab_mut_close,tot_stab_mut_distal,tot_stab_other_close,tot_stab_other_distal,tot_destab_mut_close,tot_destab_other_close,tot_destab_mut_distal,tot_destab_other_distal,int_destab_mut,int_destab_other,int_stab_mut,int_stab_other
7V26,3,rpk,cons,-331.592226662308,-305.20268131400184,26.38954534830617,-48.400309367569115,-49.23229531203365,-0.8319859444645346,,339,,,446,445;502,371;373;375;493,370;372,,445,440,
7V26,3,rpk,free,-466.1706974628652,-470.9074541890526,-4.736756726187423,-56.476835280546396,-55.71061622499425,0.7662190555521491,,,439,340;341;342;351;374;376;388;400;434;435;466;467;472;483;495,498,437;445;448;449;502,373;375;493,364;391;403;406;421;432;524;525,440,500,446,
7V26,3,af2,cons,-613.8197232074134,-613.5274700034478,0.2922532039656289,-46.771902073333194,-46.17976830987314,0.5921337634600548,,339;371,439,367;369;372;406;483;485;518,501,444;445;448,375;496,365;368;374;420;434;435;455;489,,445,,499
7V26,3,af2,free,-662.033838500671,-662.2308141379017,-0.19697563723070743,-49.59083276058789,-48.207313097280846,1.383519663307041,,339;371,346;450,369;372;383;385;406;481;483;518,446,444;445;448;449,,374;424;430;435;517;519,,445;500,440,450
