pdb,antibody,method,constrained,wt_total,om_total,d_total,wt_interface,om_interface,d_interface,tot_stab_mut_close,tot_stab_mut_distal,tot_stab_other_close,tot_stab_other_distal,tot_destab_mut_close,tot_destab_other_close,tot_destab_mut_distal,tot_destab_other_distal,int_destab_mut,int_destab_other,int_stab_mut,int_stab_other
7LX5,2,rpk,cons,-507.66582045237027,-497.2128313845416,10.452989067828696,-37.743764660851234,-35.14840331465143,2.5953613461998017,,339,406,,371;375;376,372,,446;494,376;440,,375,
7LX5,2,rpk,free,-564.626037075757,-545.5055388319829,19.120498243774136,-44.96802739462056,-48.416575001528926,-3.448547606908363,,339,370,479,371;376;405;501,372,484,347;436;446,376;440,372;414,375,
7LX5,2,af2,cons,-620.0513657994004,-515.9591119803324,104.09225381906799,-32.83055588547551,-17.220986370248706,15.609569515226806,,339,502,366;367;483;490;496;518,371;373;375;376;405;440,370;372;377;503;506,493;501,346;351;365;442;446;451;453;454;455;456;457;461;469;471;473;475;479;487;491;492;494;495;497;520;522;541,376;440,370;372;503,375,
7LX5,2,af2,free,-656.5648690763038,-600.9154168426276,55.64945223367624,-53.73704939189133,-38.12230139635141,15.614747995539922,,339;478,443;500;502,320;360;366;367;390;399;458;483;490;518,371;405;501,369;370;372;374;384;503;506,493,351;353;381;391;420;442;445;446;448;449;451;453;454;456;466;480;491;492;495;497;519;520,376;405;440,370;372;437;503,373;375,374
