pdb,antibody,method,constrained,wt_total,om_total,d_total,wt_interface,om_interface,d_interface,tot_stab_mut_close,tot_stab_mut_distal,tot_stab_other_close,tot_stab_other_distal,tot_destab_mut_close,tot_destab_other_close,tot_destab_mut_distal,tot_destab_other_distal,int_destab_mut,int_destab_other,int_stab_mut,int_stab_other
7E5S,1,rpk,cons,-382.565379912686,-379.6313484358353,2.9340314768506914,-26.568986346137116,-27.386977828734317,-0.8179914825972006,,339;408,,451,375;498;501,437;499,371,,,,,497
7E5S,1,rpk,free,-498.3869151712344,-507.67622915733523,-9.289313986100808,-35.513053450592906,-37.771277256869375,-2.258223806276469,,339,493,329;349;366;374;451,375;501,437;497,371,418;422,501,448;450;504,440,439;449;494;506
7E5S,1,af2,cons,-597.2895388791792,-528.1427983039522,69.146740575227,-22.907478004532013,-11.888964652579222,11.018513351952791,,339,443;446;502,481;483;485;490,405;501,439;449;494;497;503;504;506,477,365;442;448;451;453;455;456;457;467;469;474;475;479;480;487;488;491;492;493;495,505,445;449;500,,446;506
7E5S,1,af2,free,-655.5792620700854,-620.5228364236334,35.056425646452,-42.778393216728574,-23.463463521427617,19.314929695300957,,339;478,443;502;503,320;368;369;372;390;421;472;483;490,375;405,445;446;447;449;453;492;494;495;506,,351;391;442;451;457;465;466;471;475;487;491;497;516,498;505,445;449;494;499;500;502,,443;450;503;506
