pdb,antibody,method,constrained,wt_total,om_total,d_total,wt_interface,om_interface,d_interface,tot_stab_mut_close,tot_stab_mut_distal,tot_stab_other_close,tot_stab_other_distal,tot_destab_mut_close,tot_destab_other_close,tot_destab_mut_distal,tot_destab_other_distal,int_destab_mut,int_destab_other,int_stab_mut,int_stab_other
7D0B,1,rpk,cons,-467.04753768667405,-443.97091311836886,23.076624568305192,-21.149876055717503,-9.173036641026151,11.976839414691351,,339,,,417;484,,371;373;375;405,372,417;484;486,,,
7D0B,1,rpk,free,-539.2551765997591,-534.7449736651679,4.510202934591234,-44.45244664974037,-41.449324723747324,3.0031219259930424,,339;408,488;489,,477;484;486,,371;375;501,370,477;484;486,487,,420;455;489;490;493
7D0B,1,af2,cons,-604.9950713227756,-530.3940847857184,74.60098653705722,-12.719554646620749,-10.326129283641208,2.3934253629795403,,339,421;483;485;502,383;481;500,417;477;501,456;474;487;488;489;493;494;495,405;452,365;442;446;448;449;451;453;454;457;465;469;479;491;492;497;506,417,483;489,486,475
7D0B,1,af2,free,-649.2935558343322,-615.7060558724697,33.58749996186248,-40.04060949684469,-31.98422510078888,8.056384396055808,,339,485;502,338;347;358;367;369;374;390;392;436;443;499;500,452;501,475;487;491;492;493;495;497,375;405,368;420;425;442;445;446;447;448;451;465;506;526,484,473;483;489;490;493,498,455;485;495
