pdb,antibody,method,constrained,wt_total,om_total,d_total,wt_interface,om_interface,d_interface,tot_stab_mut_close,tot_stab_mut_distal,tot_stab_other_close,tot_stab_other_distal,tot_destab_mut_close,tot_destab_other_close,tot_destab_mut_distal,tot_destab_other_distal,int_destab_mut,int_destab_other,int_stab_mut,int_stab_other
7KKL,3,rpk,cons,-711.099541385675,-670.5498798709298,40.54966151474525,-52.844634118527324,-31.407841921711913,21.43679219681541,,339,,,446;484;493;496;498;505,447;449;456;490,371;373;375,372,417;493;496;498;505,490,501,
7KKL,3,rpk,free,-720.1796935483185,-693.8578728751642,26.32182067315432,-55.76664114026339,-39.99972507205314,15.76691606821025,,339,,515;517,446;493;498,447;452;453;456,371;373;375,372;516,417;493;498;505,455;456;486,,490
7KKL,3,af2,cons,-613.2067565302362,-598.7754251651099,14.431331365126312,-40.82122102052569,-33.07312943011879,7.748091590406901,,339;371,483;485,367;369;372;481;518,493;496;498,449;452;453;494,375,365;368;374;420;434;435;528,417;446;493;496;498;505,483,501,486;490;494
7KKL,3,af2,free,-655.5195163482404,-663.0779314125755,-7.558415064335122,-48.37385330913578,-47.42067452296114,0.9531787861746395,,339;371,483;485,369;372;518;527,446,449;489,,374;435;526,417;446;493;498,449,484;501,485;486;490;494
