pdb,antibody,method,constrained,wt_total,om_total,d_total,wt_interface,om_interface,d_interface,tot_stab_mut_close,tot_stab_mut_distal,tot_stab_other_close,tot_stab_other_distal,tot_destab_mut_close,tot_destab_other_close,tot_destab_mut_distal,tot_destab_other_distal,int_destab_mut,int_destab_other,int_stab_mut,int_stab_other
6ZER,2,rpk,cons,-529.4788883182582,-516.6323159118126,12.846572406445603,-55.106485627698504,-55.37967183426205,-0.273186206563544,,339,,340,,372;374,371;484;501,,,,,
6ZER,2,rpk,free,-562.2947906711913,-562.5585835638669,-0.26379289267561035,-59.009939026304835,-64.84642854699334,-5.836489520688502,,339;505,,,,368,371,367;434,,,,385;389
6ZER,2,af2,cons,-609.4126681334924,-547.797272813312,61.61539532018037,-50.07757909482629,-50.3020181945402,-0.22443909971391207,,339,377;387,481;483;485;490;500;502,,369;378;381,405;452;477;501,442;446;448;451;453;454;457;467;469;474;475;479;480;487;491;492;494;495;497;506,,378;381;429,,369;374;377;427
6ZER,2,af2,free,-662.7015210953562,-627.6259445144015,35.0755765809547,-65.9058520544008,-65.26362079244069,0.6422312619601058,,339;478,377;389,320;347;358;367;372;443;472;483;490;496;499;500;502;508,,368;369;428;516,405;486;501,351;353;393;424;442;445;446;448;451;453;454;456;465;487;488;491;492;495;497;506,,379;385;386;428,,369;374;377;427
