pdb,antibody,method,constrained,wt_total,om_total,d_total,wt_interface,om_interface,d_interface,tot_stab_mut_close,tot_stab_mut_distal,tot_stab_other_close,tot_stab_other_distal,tot_destab_mut_close,tot_destab_other_close,tot_destab_mut_distal,tot_destab_other_distal,int_destab_mut,int_destab_other,int_stab_mut,int_stab_other
7LY2,3,rpk,cons,-606.8953883092473,-586.7404461483386,20.154942160908718,-46.80204539365139,-40.26883458224761,6.533210811403784,,339;408,,,498;501,446;455,371;373;375;405,372,484;486,,452,
7LY2,3,rpk,free,-625.8841428979138,-618.0945579397842,7.789584958129581,-51.97182534378448,-43.599440893373995,8.372384450410486,,339;408,495,502;508,484;501,446,371;373;405,372;506,484;486,,452,
7LY2,3,af2,cons,-610.9314687512128,-522.8834380601646,88.04803069104821,-35.32919469193388,-19.742656040288356,15.586538651645522,,339,483;485;500;502,443;481,452;501,446;448;449;455;456;475;487;488;491;492;493;494;495;497,405;477,346;365;389;451;454;457;469;474;479;480;506,484,449;456;483;489;490;493,452;498;501,495
7LY2,3,af2,free,-655.6096674609988,-622.8818438876094,32.7278235733894,-44.574763856605806,-49.71704414848246,-5.142280291876652,,339,485;490;499;500;502,320;338;358;367;369;390;392;418;436;481;518,501,446;448;449;453;474;487;492;495;497,405,351;368;421;442;451;454;465;469;479;491;506,484;486,449;483;485;490;493,452;478;498;501,475;494;495;499
