pdb,antibody,method,constrained,wt_total,om_total,d_total,wt_interface,om_interface,d_interface,tot_stab_mut_close,tot_stab_mut_distal,tot_stab_other_close,tot_stab_other_distal,tot_destab_mut_close,tot_destab_other_close,tot_destab_mut_distal,tot_destab_other_distal,int_destab_mut,int_destab_other,int_stab_mut,int_stab_other
7NX9,1,rpk,cons,-556.0176111744706,-554.705338576918,1.3122725975525782,-46.73464369541035,-37.99367776016696,8.740965935243388,,339;373,,,405;505,,371,,417;505,,501,
7NX9,1,rpk,free,-571.211979678497,-563.5449013783098,7.6670783001872,-55.01390916170968,-48.86188234085664,6.152026820853038,,339,,451,405;477;505,,,,417;486;505,,501,487
7NX9,1,af2,cons,-610.5670235928982,-517.0781957211485,93.48882787174966,-34.55634884966001,-13.873065993819992,20.68328285584002,,339,458;500;502,383;483;485;490,405;477;478;505,449;453;455;456;473;474;475;476;479;480;487;494;495,452,365;442;445;446;448;451;467;469;491;492;497;506,505,455;473;474;475;476,417,457;503
7NX9,1,af2,free,-658.3083322491208,-621.1965849492628,37.11174729985794,-53.27833805897222,-34.003073740381836,19.27526431859038,,339,455;485;489;499;500;502;503,320;338;346;347;358;367;369;390;436;443;483;490,405;417;501;505,406;447;453;456;460;474;475;487;495;497;506,375;452,351;353;368;442;445;446;448;451;466;467;480;491;492,417;486;501;505,420;455;460;473;495,405,421;487;489;503
