pdb,antibody,method,constrained,wt_total,om_total,d_total,wt_interface,om_interface,d_interface,tot_stab_mut_close,tot_stab_mut_distal,tot_stab_other_close,tot_stab_other_distal,tot_destab_mut_close,tot_destab_other_close,tot_destab_mut_distal,tot_destab_other_distal,int_destab_mut,int_destab_other,int_stab_mut,int_stab_other
6ZDH,1,rpk,cons,-528.1339240705848,-524.3186430925277,3.8152809780571033,-54.40502176483638,-54.56535701654305,-0.16033525170666962,,339;446;496,,,,372,373;501,,,,,
6ZDH,1,rpk,free,-572.440076199608,-579.9989658424918,-7.5588896428837415,-64.74582901344627,-62.10351780319189,2.642311210254377,,339;446;493;496,,497;502;508,,374,,395;434;506,,385;414,,
6ZDH,1,af2,cons,-607.721165831301,-625.5506173831984,-17.829451551897364,-37.225311751559744,-56.08008336986102,-18.854771618301278,,339;371,372;377;378;385;387;389;518,367;406;483;485,375,369;374,501,434;435;452;489;499,,,,372;378;389;429
6ZDH,1,af2,free,-665.0647290872255,-666.3824767276103,-1.3177476403848232,-61.87765179778104,-66.19962499509285,-4.321973197311806,,339;484,372;384;518,393;406;451;483,,370;374;381;414;430;515;517,446,424;434;435;448;519,,385,,372;377;412
