pdb,antibody,method,constrained,wt_total,om_total,d_total,wt_interface,om_interface,d_interface,tot_stab_mut_close,tot_stab_mut_distal,tot_stab_other_close,tot_stab_other_distal,tot_destab_mut_close,tot_destab_other_close,tot_destab_mut_distal,tot_destab_other_distal,int_destab_mut,int_destab_other,int_stab_mut,int_stab_other
7MDW,2,rpk,cons,-387.58183018412007,-374.5435277596323,13.038302424487767,-23.670964798752557,-27.049483164433596,-3.378518365681039,,339;496;505,374,,371;373;375,,446;484;493,,,,375,
7MDW,2,rpk,free,-501.735185849244,-484.3919198071578,17.343266042086157,-43.94421198169977,-39.83125470130168,4.112957280398092,,339,374,335;362;451;502,371,369;370;372;408,417;446;493,387;415;418;490,,370;372;376;383,375,377;386
7MDW,2,af2,cons,-615.9633628165327,-615.7279720496144,0.23539076691827177,-28.767021303324672,-29.12173354366842,-0.3547122403437477,,339;484,372,367;406;483;485;518,375,368;374,496;501,420;434;455;528,375,508,373,
7MDW,2,af2,free,-665.0067026603169,-661.3182434724564,3.6884591878605306,-48.400391841914534,-53.67167236789044,-5.271280525975904,,339,379;406;502,358;360;393;481;483;518,375;501,368;374;377;435,446,332;391;392;519,375,369;370;377;508,373,376;379;380;414;503
