pdb,antibody,method,constrained,wt_total,om_total,d_total,wt_interface,om_interface,d_interface,tot_stab_mut_close,tot_stab_mut_distal,tot_stab_other_close,tot_stab_other_distal,tot_destab_mut_close,tot_destab_other_close,tot_destab_mut_distal,tot_destab_other_distal,int_destab_mut,int_destab_other,int_stab_mut,int_stab_other
7E3L,3,rpk,cons,-532.1582974614985,-500.2528064627471,31.90549099875136,-36.66313993439657,-30.202777505458293,6.460362428938275,,339,,,478;484,,371;373;375;405;501,372,486,,,
7E3L,3,rpk,free,-589.3934554068253,-575.2504164564808,14.143038950344476,-47.67843872520162,-49.926680284814495,-2.2482415596128718,,339,483,374;380,478;484,473,371;375;405;501,335;377,478;486,,,483;485
7E3L,3,af2,cons,-615.707539615855,-529.3786267279099,86.32891288794508,-33.73291823932786,-15.385484677372395,18.347433561955462,,339,421;483;485;490,500;502,477,453;456;474;475;476;479;480;487;488;489;493;494;495,405;501,365;442;445;446;448;449;451;454;457;467;469;491;492;497;506,477;486,475;476;487,,
7E3L,3,af2,free,-654.7412897704246,-613.1859910352705,41.55529873515411,-50.92527303697306,-22.791044407508103,28.134228629464957,,505,481;483;490,320;367;369;389;390;418;434;436;443;499;500;502;518;527,486,456;474;480;495,375;405;501,351;386;392;442;445;446;447;448;451;453;454;457;460;466;468;491;492;497;506;528,477;486,455;475;476;479;485;487;489,498,
