pdb,antibody,method,constrained,wt_total,om_total,d_total,wt_interface,om_interface,d_interface,tot_stab_mut_close,tot_stab_mut_distal,tot_stab_other_close,tot_stab_other_distal,tot_destab_mut_close,tot_destab_other_close,tot_destab_mut_distal,tot_destab_other_distal,int_destab_mut,int_destab_other,int_stab_mut,int_stab_other
7B3O,1,rpk,cons,-494.0910693279021,-472.6037735472312,21.487295780670934,-57.12477287358501,-41.83074953980361,15.294023333781396,,339,,,405;417;498;501;505,,371;373;375,372,417;498;505,,,
7B3O,1,rpk,free,-518.3342695824776,-499.92637160554847,18.407897976929178,-66.5219367129003,-55.32904395476845,11.192892758131848,,339,403,387,405;417;498,446,371;373;376,342;372,417;498;505,495;496,501,
7B3O,1,af2,cons,-620.5831682917922,-485.40442709896877,135.1787411928234,-49.80393751829459,-13.668029266484014,36.13590825181058,,339,485;502,434;483;490;518,405;417;477;505,453;454;456;459;473;474;475;476;487;488;494;495;497;504,371;373,346;351;365;372;446;448;451;465;467;469;471;479;491;492;506;520;522;541,417;505,474;475;476;487;495;502,501,403;457;503
7B3O,1,af2,free,-664.4730685984534,-621.7659968228623,42.70707177559109,-69.55683081367283,-45.90321121628833,23.653619597384505,,339,474;485;500;502;503;504,320;354;367;369;390;407;436;443;450;472;490;518,405;417;493;501;505,406;446;448;451;453;456;460;475;486;487;495;497;506,,351;353;374;391;435;442;445;468;491;492;519,417;484;505,420;455;456;460;473;475;489;495;496;502,477;478;498,499;503
