pdb,antibody,method,constrained,wt_total,om_total,d_total,wt_interface,om_interface,d_interface,tot_stab_mut_close,tot_stab_mut_distal,tot_stab_other_close,tot_stab_other_distal,tot_destab_mut_close,tot_destab_other_close,tot_destab_mut_distal,tot_destab_other_distal,int_destab_mut,int_destab_other,int_stab_mut,int_stab_other
7CHP,1,rpk,cons,-491.0632248266289,-397.595657103152,93.46756772347692,-60.64867915375389,-42.180215854619476,18.468463299134413,,339,,,417;498;501,,373;375,372;374,408;417;486;501;505,496,,
7CHP,1,rpk,free,-518.469901129623,-452.9249415877938,65.54495954182926,-65.91295222619809,-51.09314000675714,14.819812219440948,,339,,357;358;396,405;484;486;498,,373;375;376,363;372;374;435,417;486;498;505,494;496,,493
7CHP,1,af2,cons,-607.4851358426986,-511.71130118544687,95.77383465725171,-48.13853310049822,-21.98945151887544,26.14908158162278,,339,458;500,383;443;472;483;485,405;477;478;501;505,449;453;454;456;457;473;474;475;476;479;480;487;493;494;495;497;506,452,365;442;446;448;451;469;491;492;538,408;417;501;505,453;456;473;475;476;489;493,486;498,403;457;474
7CHP,1,af2,free,-658.4346947710649,-620.8267197336053,37.607975037459596,-60.83185199085892,-18.776469356439705,42.05538263441922,,339,500;502,320;338;356;358;367;369;374;390;436;443;472;483;485;490;527,405;417;486,421;446;453;456;460;475;487;495;497,375;452,326;351;365;368;391;442;445;448;451;466;467;480;491;492;506,408;417;486;505,415;420;453;455;456;460;473;475;489;493,,403;503
