pdb,antibody,method,constrained,wt_total,om_total,d_total,wt_interface,om_interface,d_interface,tot_stab_mut_close,tot_stab_mut_distal,tot_stab_other_close,tot_stab_other_distal,tot_destab_mut_close,tot_destab_other_close,tot_destab_mut_distal,tot_destab_other_distal,int_destab_mut,int_destab_other,int_stab_mut,int_stab_other
7ORA,2,rpk,cons,-541.2639596214981,-525.9188364917185,15.345123129779608,-58.69265559155875,-58.589330093578305,0.10332549798044255,,339;408,,,,,371;373;405;484,372;455,,,,
7ORA,2,rpk,free,-563.5715166295382,-551.1974870887011,12.374029540837114,-56.39542891100217,-56.87387501116133,-0.4784461001591609,,339;408;505,,508,,,371;373;405;484,364;372;455,,,,
7ORA,2,af2,cons,-617.9339053887031,-530.7076016340548,87.22630375464837,-45.41597254323825,-46.21032638418313,-0.7943538409448863,,339,518,443;483;490;496;502,,357;457;459;461;469;519;520,371;373;405;452;501,346;351;365;372;446;451;454;455;456;471;473;474;475;479;487;491;492;494;495;497;506;522;541,,354;357;462,,468;518;519
7ORA,2,af2,free,-662.6201398650021,-620.3564491144708,42.26369075053128,-47.64100619032022,-57.368401852655815,-9.727395662335596,,339;478,429;516;518,338;367;369;390;407;421;423;436;443;483;490;500;502,,358;465;466;467;519;520,405;493;501,368;374;391;403;420;442;445;446;447;448;488;491;492;495;497;506,,466;519,,357;468;516;518
