pdb,antibody,method,constrained,wt_total,om_total,d_total,wt_interface,om_interface,d_interface,tot_stab_mut_close,tot_stab_mut_distal,tot_stab_other_close,tot_stab_other_distal,tot_destab_mut_close,tot_destab_other_close,tot_destab_mut_distal,tot_destab_other_distal,int_destab_mut,int_destab_other,int_stab_mut,int_stab_other
7KXK,2,rpk,cons,-556.1660324525487,-539.878296277789,16.287736174759743,-31.382604307726616,-25.69391533049045,5.688688977236165,,339,,,417;501,,371;373;375,372,417;486,,,
7KXK,2,rpk,free,-603.3213407227663,-594.5157183329054,8.8056223898609,-40.876523634227176,-42.68723399069001,-1.8107103564628346,,339;373,453,451,484;498,490,371;375,,417;486;498,,477;501,475;489
7KXK,2,af2,cons,-598.81948105799,-517.7895604401634,81.02992061782652,-26.392721029755702,-22.372138627571704,4.020582402183997,,339,483;485;490;496;502,390;443;481,405;417,446;453;456;473;474;475;479;488;489;492;493;494;495,,365;442;448;451;454;457;465;467;469;491;497;506,417;484;505,473;474;475;483,477;501,487;495
7KXK,2,af2,free,-651.7892997634701,-616.8228774468129,34.96642231665726,-47.60554002086532,-47.639621290869876,-0.034081270004556075,,339,485;489;490;500;502,338;347;358;367;369;374;390;436;443;527,405;417;486,416;420;453;456;457;492;493;494;495;506,375,351;365;368;442;446;448;451;480;491;497;540,417;486;505,421;456;473;475;493,498;501,403;453;489;495;503
