pdb,antibody,method,constrained,wt_total,om_total,d_total,wt_interface,om_interface,d_interface,tot_stab_mut_close,tot_stab_mut_distal,tot_stab_other_close,tot_stab_other_distal,tot_destab_mut_close,tot_destab_other_close,tot_destab_mut_distal,tot_destab_other_distal,int_destab_mut,int_destab_other,int_stab_mut,int_stab_other
7A29,1,rpk,cons,-346.8304670198252,-335.672769513393,11.157697506432214,-30.194723853049254,-28.899721180448573,1.2950026726006811,,339;408;505,,,484,,371;373;375,,484,,498,
7A29,1,rpk,free,-460.0477921461628,-462.3688272110562,-2.321035064893408,-41.67302853035184,-45.54503556723891,-3.8720070368870694,,339,495,347;364;366;367;460;461;529,484,,371;375;405,369;381;434;436;509,,,,
7A29,1,af2,cons,-615.1776793255488,-535.8185341456167,79.35914517993206,-26.809533940725697,-16.80566970676762,10.003864233958076,,339,483;500;502,421;443;481;485;496,501,446;447;448;449;451;469;492;493;494;495;497,405;477,365;389;442;453;454;455;456;457;474;479;480;487;489;491;506,,446;447;449;450;470;490,,445;494
7A29,1,af2,free,-662.0623522439492,-619.1675083640514,42.89484387989785,-41.59906854551757,-39.189452862661035,2.4096156828565327,,339;478;484,490;499;502,338;358;367;369;372;390;407;436;443;473;483;527,452,351;442;446;447;448;449;451;492;495;497,405,377;391;403;420;453;456;466;467;475;480;487;488;491;506;516;528,,444;446;449;450;470;490,498;501,445;493;494;499;503
