pdb,antibody,method,constrained,wt_total,om_total,d_total,wt_interface,om_interface,d_interface,tot_stab_mut_close,tot_stab_mut_distal,tot_stab_other_close,tot_stab_other_distal,tot_destab_mut_close,tot_destab_other_close,tot_destab_mut_distal,tot_destab_other_distal,int_destab_mut,int_destab_other,int_stab_mut,int_stab_other
7EH5,3,rpk,cons,-360.41602854417584,-349.56199927855425,10.854029265621591,-14.959285200661318,-17.62354608187858,-2.6642608812172615,,339,,403,371;373;501,372,493,492,408,,375,
7EH5,3,rpk,free,-479.10303445494225,-476.2821250987274,2.820909356214827,-42.61802692192308,-40.390748020787925,2.2272789011351577,,339,407;508,358;364,371;373;501,372,,336;391,505,378,375,503
7EH5,3,af2,cons,-608.8008514910755,-519.1338799579379,89.6669715331376,-11.38268235999102,-4.639489487953778,6.743192872037241,,339,502,383;443;483;490;496;518,371;373;405;501,370;372;374;503;506,493,346;351;365;387;442;446;449;451;453;454;455;456;457;461;469;471;473;475;479;487;491;492;494;495;497;520;522;541,,372;502;503,375,
7EH5,3,af2,free,-661.5492069845474,-616.4215828090182,45.12762417552915,-46.673274370639355,-29.665663890503744,17.00761048013561,,339;478,436;502,320;347;360;366;367;380;390;421;443;458;466;471;473;483;490;518,371;375;405;501,377;404;506,493,365;370;381;391;420;442;445;446;447;448;451;453;454;455;456;457;465;469;479;480;491;492;495;497;519;520;526,408;501;505,372;378;500;502,,374;506
