pdb,antibody,method,constrained,wt_total,om_total,d_total,wt_interface,om_interface,d_interface,tot_stab_mut_close,tot_stab_mut_distal,tot_stab_other_close,tot_stab_other_distal,tot_destab_mut_close,tot_destab_other_close,tot_destab_mut_distal,tot_destab_other_distal,int_destab_mut,int_destab_other,int_stab_mut,int_stab_other
7LXZ,1,af2,cons,-824.8767212345199,-783.0333038887987,41.84341734572115,-13.36147000923657,-0.0021745669638593146,13.35929544227271,,,20;138;144,21;41;75;76;79;97;111;153;180;228;229;272,19,17;140;147;244;245;249;250;251;252;253;254;255;256;257;258,24;25;26,160;197;259,,17;144;246;247;250;254;255;256,,249
7LXZ,1,af2,free,-886.3299547678789,-867.3808150708969,18.949139696982,-17.27170613785736,-35.77651047527215,-18.504804337414786,,142,18;20;138;151;242;247;254,81;85;97;108;110;111;153;180;212;222;228;237,19,17;156;244;245;248;249;252;253,24;25,77;115;159;179;181;226;259,,17;144;246;248,,16;249;250;251;252;253;254;256
