pdb,antibody,method,constrained,wt_total,om_total,d_total,wt_interface,om_interface,d_interface,tot_stab_mut_close,tot_stab_mut_distal,tot_stab_other_close,tot_stab_other_distal,tot_destab_mut_close,tot_destab_other_close,tot_destab_mut_distal,tot_destab_other_distal,int_destab_mut,int_destab_other,int_stab_mut,int_stab_other
7N9T,2,rpk,cons,-257.1361695544209,-256.0136832365441,1.1224863178767919,-23.543003044913757,-23.590774081636724,-0.0477710367229669,,339;373;408,,,,,371;501,,,,,
7N9T,2,rpk,free,-478.5048472796524,-479.96751134000857,-1.4626640603561896,-43.86581658891598,-46.247167618848216,-2.381351029932233,,373;408;505,466;483;492,336;380,484,482,371,350;355;356;369;377;418;436;456;499,484,351;482,,349;354;483
7N9T,2,af2,cons,-607.6075973132007,-524.7598492771467,82.84774803605399,0.0,0.0,0.0,,339,,483;490;496;502;518,,,371;373;405;493;501,346;351;365;372;446;447;449;451;453;454;455;456;457;461;469;473;475;479;487;491;492;494;495;497;506;520;522;541,,,,
7N9T,2,af2,free,-654.1467249679692,-618.0747026161873,36.072022351781925,0.0,0.0,0.0,,339;408;478;505,,367;369;390;407;421;436;443;458;474;483;490;499;500;502;508;518;527,,,405;493;501,356;374;377;391;403;420;435;442;445;446;447;448;449;451;453;457;465;479;480;491;492;495;497;506;519;525;528;540,,,,
