pdb,antibody,method,constrained,wt_total,om_total,d_total,wt_interface,om_interface,d_interface,tot_stab_mut_close,tot_stab_mut_distal,tot_stab_other_close,tot_stab_other_distal,tot_destab_mut_close,tot_destab_other_close,tot_destab_mut_distal,tot_destab_other_distal,int_destab_mut,int_destab_other,int_stab_mut,int_stab_other
7N8H,6,rpk,cons,-612.5897558071542,-583.021937086302,29.567818720852188,-43.245743507201695,-34.47799675213332,8.767746755068373,,339,,,446;484;501,449,371;373;375,372,484;493,,,
7N8H,6,rpk,free,-632.6277870044294,-619.4605455195311,13.167241484898227,-46.83089810990226,-45.00098793513511,1.82991017476715,,339,453,502;508,446;484,449,371;373,372;506,484;493,,496,486;494
7N8H,6,af2,cons,-613.3742084438725,-616.1140444661957,-2.739836022323175,-32.411309557245794,-30.684983713349745,1.7263258438960492,,339;371,483;485,367;369;372;406;481;518,501,455;489,375,365;368;374;420;434;435;497;528,,483,,486
7N8H,6,af2,free,-656.6575850221728,-664.1554260226908,-7.497841000517951,-41.02590512689897,-37.64351775258613,3.3823873743128416,,339;371,483;485;486;488,369;372;406;418;518;527,446;493,448;455,,374;430;435;528,484,483,496,485;486
