pdb,antibody,method,constrained,wt_total,om_total,d_total,wt_interface,om_interface,d_interface,tot_stab_mut_close,tot_stab_mut_distal,tot_stab_other_close,tot_stab_other_distal,tot_destab_mut_close,tot_destab_other_close,tot_destab_mut_distal,tot_destab_other_distal,int_destab_mut,int_destab_other,int_stab_mut,int_stab_other
7LXY,3,rpk,cons,-617.2234385831531,-596.2355423553913,20.98789622776178,-44.64799113309819,-35.4936032160221,9.154387917076086,,339;408,,,,446,371;373;375;405,372,484;493,,,
7LXY,3,rpk,free,-635.5256015824107,-623.0182292614318,12.507372320978902,-46.75376132051578,-40.84376976246728,5.909991558048496,,339;375;408,453,502;508,,446,371;373,342;372;374;506;541,484;493,,,494
7LXY,3,af2,cons,-611.8877748206678,-505.86243999164606,106.02533482902174,-33.404536799819184,-18.441739569409442,14.962797230409741,,339,485;490;496;500;502,434;481;518,493;501,446;448;449;453;455;456;473;475;487;491;492;494;495;497,371;373;405,346;351;365;372;391;451;454;457;461;469;471;479;506;520;538;541,,449;483;489;490;494,501,
7LXY,3,af2,free,-658.6117879038652,-609.2327312091059,49.379056694759356,-42.75727984262453,-42.83017839047995,-0.0728985478554236,,478,474;483;499;500;502,320;354;356;367;380;389;390;458;508;518,484;493;501,446;449;453;456;475;491;492;494;495;497,371;405,342;365;377;391;420;442;451;457;465;506;507;509;519;520,484;493,449;456;483;490,498;501,450;485;486;487;488;495;499
