pdb,antibody,method,constrained,wt_total,om_total,d_total,wt_interface,om_interface,d_interface,tot_stab_mut_close,tot_stab_mut_distal,tot_stab_other_close,tot_stab_other_distal,tot_destab_mut_close,tot_destab_other_close,tot_destab_mut_distal,tot_destab_other_distal,int_destab_mut,int_destab_other,int_stab_mut,int_stab_other
6ZHD,3,rpk,cons,-584.7263552642564,-558.1351704108713,26.59118485338513,-44.98153473998588,-39.07374317993245,5.9077915600534325,,339,,,452;484,,371;373;375;405;501,372,452;484,,,
6ZHD,3,rpk,free,-614.1752209700938,-596.3384404669796,17.836780503114255,-43.863555361713054,-43.635837121216824,0.22771824049623035,,339;408;505,,388,484,,371;375;501,342;368;374;434,484,,452,
6ZHD,3,af2,cons,-616.0240509583539,-525.4913130039474,90.53273795440646,-39.95764516896716,-10.895803820197116,29.061841348770045,,339,481;483;502,485,452;501,446;448;449;451;455;456;487;488;489;490;491;492;493;494;495;497;499,405;477,351;365;442;454;457;467;469;474;479;480;506,,449;483;489;490;494;495;497,498;501,445
6ZHD,3,af2,free,-666.3062483216316,-615.1067203266857,51.199527994945925,-44.78647856324097,-25.974365449208772,18.812113114032197,,339,472;502,320;338;358;367;369;390;421;423;436;443;500;527,452,446;448;449;451;488;489;490;491;492;493;494;495;497,405,357;368;394;395;403;420;442;457;465;471;479;487;506;528,484,449;455;483;489;490;493;494,501,445;450;495
