pdb,antibody,method,constrained,wt_total,om_total,d_total,wt_interface,om_interface,d_interface,tot_stab_mut_close,tot_stab_mut_distal,tot_stab_other_close,tot_stab_other_distal,tot_destab_mut_close,tot_destab_other_close,tot_destab_mut_distal,tot_destab_other_distal,int_destab_mut,int_destab_other,int_stab_mut,int_stab_other
7L56,1,rpk,cons,-512.7779760434904,-490.26424152884556,22.513734514644852,-46.05811472712129,-42.08208516495453,3.976029562166765,,339;505,,,417;477;484,,371;373;375;405,372,417;484,,493,
7L56,1,rpk,free,-592.734072932772,-580.2683621084768,12.465710824295229,-51.585086335840586,-49.63022598662921,1.9548603492113727,,408,489,434;480,477;484,,371;376,341;372;377;414;442,417;484,490,,486;489
7L56,1,af2,cons,-609.769858321883,-516.142391701131,93.62746662075199,-32.128658407096935,-21.588107595355023,10.540550811741912,,339,481;483;485;490;496;499;502,508;518,493;498;501,446;448;449;456;475;487;488;491;492;494;495;497,371;373;405,346;351;365;372;451;454;457;461;467;469;473;479;506;520;522;538;541,493,449;456;489;490;494,501,495;499
7L56,1,af2,free,-658.4760353057302,-606.6705426203841,51.80549268534605,-49.89784507574943,-33.24138434632141,16.65646072942802,,339;478,473;475;483;490;500;502,320;354;367;369;390;407;436;437;518,417;493;501,420;446;449;453;456;489;492;494;495;497,405,336;337;353;374;377;391;435;451;454;467;469;491;506;519;520;526,417;484;493,421;444;449;456;483;489;490,498;501,450;475;495
