pdb,antibody,method,constrained,wt_total,om_total,d_total,wt_interface,om_interface,d_interface,tot_stab_mut_close,tot_stab_mut_distal,tot_stab_other_close,tot_stab_other_distal,tot_destab_mut_close,tot_destab_other_close,tot_destab_mut_distal,tot_destab_other_distal,int_destab_mut,int_destab_other,int_stab_mut,int_stab_other
7CWM,1,rpk,cons,-348.4123257706534,-323.3047014153244,25.107624355328994,-43.73654542880845,-41.874186028060585,1.862359400747863,,,,,478,455;456,371;373;501,372;437,484,449,,487
7CWM,1,rpk,free,-468.61151704201285,-452.92288376668546,15.68863327532739,-52.55896898785685,-42.67916476525273,9.879804222604122,,,481,404;458,452,455;456;470;489,371;501,374;502;513,486,470;482,,472
7CWM,1,af2,cons,-610.5223749717925,-531.0368752010174,79.48549977077505,-32.6184528301774,-21.696253083610934,10.922199746566463,,339,483;485,421;500;502,,446;449;455;456;469;475;479;480;487;491;492;493;494;495;497,405;477,365;442;445;448;451;454;457;474;506,484,456;481;489;490;493;494,486,485;492;495
7CWM,1,af2,free,-658.3756951833248,-612.837579840075,45.53811534324973,-44.46993656783423,-38.87594596119515,5.593990606639082,,339,455;483;485;499;502,320;338;356;358;367;369;382;390;423;436;500;527,452,445;446;447;449;453;456;471;480;487;489;491;492;493;495;497,375;405,326;368;395;420;442;448;451;466;475;503;506;526,,449;472;481;483;487;489;490,486;498;501,470;485;493;494
