pdb,antibody,method,constrained,wt_total,om_total,d_total,wt_interface,om_interface,d_interface,tot_stab_mut_close,tot_stab_mut_distal,tot_stab_other_close,tot_stab_other_distal,tot_destab_mut_close,tot_destab_other_close,tot_destab_mut_distal,tot_destab_other_distal,int_destab_mut,int_destab_other,int_stab_mut,int_stab_other
7V89,3,rpk,cons,-418.963947211569,-430.1544656184288,-11.19051840685978,-31.205642152041346,-31.26662734844844,-0.06098519640709554,,339;373;417;505,,354;372;422,484;501,,371;440,433,,,,
7V89,3,rpk,free,-508.38393722312935,-498.10183489750557,10.282102325623782,-33.73743912778602,-41.04704502686366,-7.3096058990776385,,339;446,495,384;432,484;501,,371;417;440;505,338;344;364;390;433;435,,,484;501,
7V89,3,af2,cons,-617.8072152449938,-619.9124475443568,-2.105232299363024,-34.484211349966095,-31.096247837197055,3.3879635127690406,,339;371,483;485,367;369;372;406;518,417,494,375,365;368;420;434;435;528,417,,498;501,
7V89,3,af2,free,-653.3642282417559,-668.755330220443,-15.391101978687175,-49.12622378979451,-48.72676529409104,0.39945849570347036,,339;371;484,483;485,369;393;450;516;518;527,,449,,374;424;434;435;519;528,417;493;505,449,477;496;501,486;503
