pdb,antibody,method,constrained,wt_total,om_total,d_total,wt_interface,om_interface,d_interface,tot_stab_mut_close,tot_stab_mut_distal,tot_stab_other_close,tot_stab_other_distal,tot_destab_mut_close,tot_destab_other_close,tot_destab_mut_distal,tot_destab_other_distal,int_destab_mut,int_destab_other,int_stab_mut,int_stab_other
7MFU,3,rpk,cons,-567.5433750082896,-519.2878846628364,48.255490345453154,-33.281704923636866,-26.42003474933672,6.861670174300148,,339,,,371;373;405,369;370;372,501,,371;408,377,,
7MFU,3,rpk,free,-589.2650526486418,-562.1368632696385,27.128189379003288,-43.74675552935897,-41.05119397567191,2.695561553687064,,339;505,,366;436,371;373;375;501,372;374,,,408,,375,
7MFU,3,af2,cons,-619.2965573167875,-539.9167974179315,79.37975989885592,-25.740154321144775,-22.995614310075876,2.7445400110688993,,339,,481;483;485;490;500;502,375;405,369,477;501,365;420;442;446;448;451;453;455;456;457;467;469;474;475;479;480;487;488;491;492;493;494;495;497;506;538,375,370;372,,374;378
7MFU,3,af2,free,-671.5714204920995,-625.2966560776161,46.27476441448334,-48.71714558365015,-37.07816225135256,11.638983332297592,,339;505,369;374;502,347;367;390;421;472;481;483;490;500,375;405;501,368;377;378;406;503;506;508,,353;391;425;442;445;446;448;451;456;461;466;471;474;480;487;488;491;492;495;497,408,378;502;503,373,374;385
