pdb,antibody,method,constrained,wt_total,om_total,d_total,wt_interface,om_interface,d_interface,tot_stab_mut_close,tot_stab_mut_distal,tot_stab_other_close,tot_stab_other_distal,tot_destab_mut_close,tot_destab_other_close,tot_destab_mut_distal,tot_destab_other_distal,int_destab_mut,int_destab_other,int_stab_mut,int_stab_other
6XC3,2,rpk,cons,-525.4482015675148,-501.5861028019874,23.862098765527435,-49.32034185136149,-46.58952745938666,2.730814391974832,,339,,403,371;373;375,372,405;501,,,386,,
6XC3,2,rpk,free,-553.1870845164851,-540.606107975327,12.58097654115818,-53.679115189397685,-54.653353110855285,-0.9742379214576005,,339,,491;492,371;373;375,368,405;484;501,489;490,,,,
6XC3,2,af2,cons,-601.3434709160297,-521.5168438310654,79.82662708496423,-47.5505361469292,-45.62388158545534,1.9266545614738604,,339,,366;443;483;490;502,371;373,370;372;374;519,405;493;501,346;351;365;446;447;449;451;453;454;456;457;461;471;473;475;479;487;491;492;494;495;497;506;520;541,,370;378,,517
6XC3,2,af2,free,-660.7478707572448,-629.6255954290893,31.12227532815541,-50.86372587599169,-60.08691621149634,-9.223190335504647,,339;478,321;377;380;392;515;518,320;367;443;466;467;473;483;490;499;500;502,371,370;519,405;493;501,355;365;391;434;442;445;446;447;451;454;455;457;465;469;471;479;480;491;492;494;495;497;506;520,,322;325;370;383,,374;377;380;386;390
