pdb,antibody,method,constrained,wt_total,om_total,d_total,wt_interface,om_interface,d_interface,tot_stab_mut_close,tot_stab_mut_distal,tot_stab_other_close,tot_stab_other_distal,tot_destab_mut_close,tot_destab_other_close,tot_destab_mut_distal,tot_destab_other_distal,int_destab_mut,int_destab_other,int_stab_mut,int_stab_other
7E5O,1,rpk,cons,-407.5443057334563,-392.67953799732805,14.864767736128272,-56.75429549242987,-49.50358281405596,7.250712678373908,,339,,,405;505,455,371;373;375,372,408;486;505,,501,
7E5O,1,rpk,free,-447.38224232895686,-438.61994168106435,8.762300647892516,-57.86393543381734,-52.918685932671565,4.945249501145774,,339,,382;386;508;516,405,,371;376,338;369;392,405;408;486;505,,501,
7E5O,1,af2,cons,-616.0822491565177,-536.4445369968516,79.63771215966608,-45.65105898383504,-30.3619953289545,15.289063654880543,,339,483;485;500;502,383;481;508,405;501;505,403;446;449;453;475;487;488;489;492;494;495;497;504;506,477,365;387;389;442;448;451;457;467;469;474;479;491,405;408;505,449;453;504,498,503
7E5O,1,af2,free,-663.5350285132497,-613.2470228703435,50.28800564290623,-65.84719004836775,-47.42266062246827,18.42452942589948,,339,421;485;490;500;502;503,320;358;369;372;382;390;401;436;450;508;528,405;501;505,403;420;446;448;449;456;487;489;493;495;497,375;452,377;442;445;451;454;457;467;469;491;492;506;518;526,408;505,403;449;483;489;493;502;504,498;501,495;503
