pdb,antibody,method,constrained,wt_total,om_total,d_total,wt_interface,om_interface,d_interface,tot_stab_mut_close,tot_stab_mut_distal,tot_stab_other_close,tot_stab_other_distal,tot_destab_mut_close,tot_destab_other_close,tot_destab_mut_distal,tot_destab_other_distal,int_destab_mut,int_destab_other,int_stab_mut,int_stab_other
7D00,1,rpk,cons,-444.6105008985345,-421.48343175861385,23.12706913992065,-37.5139615873081,-36.08996951625843,1.4239920710496747,,339,,,501,447,371;373;375;446,369;372;472,505,,493;496,
7D00,1,rpk,free,-503.81281896325936,-495.55588783295116,8.256931130308203,-42.67756075598806,-56.33528976792498,-13.657729011936922,,339,485;486,362;528;541,417;484,488;489;504,371;375;446,335;370;434,417;493;505,,478;498,405;486;489
7D00,1,af2,cons,-604.7445757433925,-604.9014140743564,-0.1568383309638648,-31.882120364341894,-30.209933951900148,1.6721864124417465,,339;371;484,476,367;369;372;406;481;483;485;518,498;501,420;494,375,365;368;374;434;435;452;492,417;498;505,,493,
7D00,1,af2,free,-663.0509553033376,-657.9465418206144,5.104413482723203,-70.87417308335554,-60.754124256736176,10.120048826619367,,339;371;484,483;485,369;372;450;451;480;506;516;518;527,493;498,420;449;455;486;502,,374;430;435;497;499;526;528,505,406;409;415;449;455;486,493;496;501,405
