pdb,antibody,method,constrained,wt_total,om_total,d_total,wt_interface,om_interface,d_interface,tot_stab_mut_close,tot_stab_mut_distal,tot_stab_other_close,tot_stab_other_distal,tot_destab_mut_close,tot_destab_other_close,tot_destab_mut_distal,tot_destab_other_distal,int_destab_mut,int_destab_other,int_stab_mut,int_stab_other
7N9B,1,rpk,cons,-870.3002141073466,-838.0839569193782,32.21625718796838,-38.1236250252345,-27.06547797076244,11.058147054472062,,339;505,,370,375;501;452;484,,371;373,372;434;442;502,408;484,,,
7N9B,1,rpk,free,-1072.9826195909397,-1021.9797720730764,51.0028475178633,-68.46315141349773,-44.36077085285031,24.10238056064742,,339,506;508,330;350,375;405;498;376;484;486,374;377;384;491;502;503;504;472;489,371;373;477,329;361;370;372;529;366;412;442;476,375;376;405;408;484,502;503;504;351;449;489;493;494,,380;414;470;482;490
7N9B,1,af2,cons,-1211.7921762249102,-1061.914686612976,149.87748961193415,-24.622755659820513,-28.93762266941114,-4.314867009590628,,339,383;481;483;485;490;500;502,443;434;508,501;452,446;448;449;455;456;475;487;491;492;493;494;495;497;351;403;488,405;477,365;387;389;442;451;453;454;457;461;465;467;469;474;479;480;506;503,,482;483;490;492,498;501,494;495
7N9B,1,af2,free,-1319.8639734357828,-1236.3632221692937,83.50075126648903,-53.15554369943563,-55.6208238237089,-2.4652801242732707,,339,407;481;483;490;499;500;502;351;369;450;472;485;494,320;358;367;382;389;390;443;527;338;418;422;436,375;405;408;501;452,377;403;445;446;448;451;453;487;488;491;492;495;497;503;506;456;482;489,,365;370;442;460;471;479;528;368;421;465,408;484,414;502;503;449;483;489;490,375;486;498;501,506;351;455;494;495;499
