pdb,antibody,method,constrained,wt_total,om_total,d_total,wt_interface,om_interface,d_interface,tot_stab_mut_close,tot_stab_mut_distal,tot_stab_other_close,tot_stab_other_distal,tot_destab_mut_close,tot_destab_other_close,tot_destab_mut_distal,tot_destab_other_distal,int_destab_mut,int_destab_other,int_stab_mut,int_stab_other
7N8I,1,af2,cons,-835.1042015134088,-806.1855346219681,28.918666891440694,-36.47726699102866,-33.125962102804365,3.3513048882242913,,67;95,21,19;22;75;76;77;79;97;124;138;154;186;213;nan;215;216;260,,23;109,142;143;144;212,17;20;102;140;147;149;152;153;179;187;210;229;245;246;249;254;255;256;257;259,,,,
7N8I,1,af2,free,-906.3070550731381,-896.0061916205348,10.30086345260338,-40.12860201150368,-31.53481212685146,8.593789884652221,,67;95,84;108;111;237;272,18;44;76;77;94;96;97;104;147;186;203;213;nan;215;216;222;227;242;248;260,,80;83;109;113;265,70;142;143;144;212,17;20;21;50;72;119;146;152;153;179;187;221;229;230;246;249;255;257;258;262;263,,83;111;113,,28;63
