pdb,antibody,method,constrained,wt_total,om_total,d_total,wt_interface,om_interface,d_interface,tot_stab_mut_close,tot_stab_mut_distal,tot_stab_other_close,tot_stab_other_distal,tot_destab_mut_close,tot_destab_other_close,tot_destab_mut_distal,tot_destab_other_distal,int_destab_mut,int_destab_other,int_stab_mut,int_stab_other
6XC4,2,rpk,cons,-537.3750463286603,-531.4136310281913,5.961415300469071,-39.78175107089838,-36.94976197906229,2.8319890918360926,,339;446,,340,417;501,,371;373;375,372,,,,403
6XC4,2,rpk,free,-568.5581594755383,-570.7440827553836,-2.1859232798452695,-50.011941951676675,-41.82834992496456,8.183592026712112,,339;446,488,406;492,493,,371;375;484,,417;505,421,,502
6XC4,2,af2,cons,-600.2429155041008,-614.426546411636,-14.18363090753519,-28.930040608564738,-32.9683631495066,-4.038322540941863,,339;371,473;476,367;369;372;406;481;483;485;518,501,420,375,365;368;374;434;435;452;499;528,,457,505,473;476
6XC4,2,af2,free,-653.3096769246148,-656.2916197701554,-2.9819428455406296,-38.93568222880682,-44.27372212327054,-5.338039894463719,,339;371;375,,356;390;406;472;480;483;485;490;518;527,496;501,,446,365;374;391;392;435;447;448;452;528,,,,421
