pdb,antibody,method,constrained,wt_total,om_total,d_total,wt_interface,om_interface,d_interface,tot_stab_mut_close,tot_stab_mut_distal,tot_stab_other_close,tot_stab_other_distal,tot_destab_mut_close,tot_destab_other_close,tot_destab_mut_distal,tot_destab_other_distal,int_destab_mut,int_destab_other,int_stab_mut,int_stab_other
7CAI,2,rpk,cons,-668.6964796436976,-459.0830849837457,209.61339465995184,-48.81276814217847,-39.01113142658093,9.801636715597539,,339;452,508,,371;373;478;484,369;370;372;374;436;406;434;437,493;501,495,373;376;408;478,,440,
7CAI,2,rpk,free,-974.9179779410383,-791.5414119656594,183.37656597537887,-63.041315132097644,-73.26505889575452,-10.223743763656877,,339,380;508;368;369,367;402;410;431;517;518;338;358;496,371;373;376;484;375;405,368;369;370;372;374;382;389;409;439;488,493;501,364;392;418;516;518,376;408,372;378;479,373;375;477;478;484,389;414
7CAI,2,af2,cons,-1198.0773289366307,-1020.1954440727461,177.88188486388458,-32.82955693781365,-24.375849039829816,8.453707897983833,,339,368;369;372;483;502;485,367;490;496;518;500,371;373;375;405;484,370;374;378;404;479;487;495;503;506;508;372;474,493;501,346;351;442;446;449;451;453;454;455;456;457;469;471;473;491;492;494;497;520;522;541;365;459;461;467;475;538,373;405;478,370;374;503;486,371;375,372;412;483
7CAI,2,af2,free,-1305.8234920866807,-1223.1694517143637,82.65404037231701,-69.26485905259688,-64.20299858969395,5.061860462902928,,339,366;388;435;474;483;508;407;436;481,354;367;421;466;490;500;502;518;527;392;443;458;489;499,371;376;405,368;369;370;372;488;503;506;374;480;486,493;501,391;418;420;442;445;446;447;448;451;453;456;457;459;461;467;469;491;492;495;497;519;520;526;365;425;449;454,376;405;408;478,370;372;479,373;375,374;385;508;481;483
