pdb,antibody,method,constrained,wt_total,om_total,d_total,wt_interface,om_interface,d_interface,tot_stab_mut_close,tot_stab_mut_distal,tot_stab_other_close,tot_stab_other_distal,tot_destab_mut_close,tot_destab_other_close,tot_destab_mut_distal,tot_destab_other_distal,int_destab_mut,int_destab_other,int_stab_mut,int_stab_other
7JVB,2,rpk,cons,-448.54570428526756,-432.64647106281416,15.899233222453404,-42.48065194991886,-34.26523499095116,8.215416958967701,,339;408,,,417;452;484,,371;373;375;501,372;502,417;484,,,
7JVB,2,rpk,free,-516.4345163466248,-496.24965189291015,20.18486445371468,-44.89621662342746,-47.89657707082487,-3.000360447397405,,339;408,451;487,436,452;501,,373;375,336;374;510;520,417;452;484,,486,455;487;489
7JVB,2,af2,cons,-606.7529938091709,-523.2618500831236,83.49114372604731,-37.68621168833209,-24.578164983016933,13.108046705315154,,339,485;496;502,421,417;452;501,403;446;449;451;453;456;487;488;492;494;495;497,405;477,365;442;448;454;457;467;469;474;479;491;506,417,449;482;483;490;492,498;501,450;494;497;499
7JVB,2,af2,free,-661.080114250602,-626.227088061878,34.853026188724016,-42.60542845636573,-49.12303737805773,-6.517608921692002,,339,450;473;485;500;502,320;338;358;367;369;372;374;390;392;434;436;443,417;452,446;449;451;456;487;489;492;493;495;497,375;405,357;370;394;442;448;461;466;467;479;506;525,417;452,449;456;489;490,486;498;501,494;495;497;499
