pdb,antibody,method,constrained,wt_total,om_total,d_total,wt_interface,om_interface,d_interface,tot_stab_mut_close,tot_stab_mut_distal,tot_stab_other_close,tot_stab_other_distal,tot_destab_mut_close,tot_destab_other_close,tot_destab_mut_distal,tot_destab_other_distal,int_destab_mut,int_destab_other,int_stab_mut,int_stab_other
7E8C,1,rpk,cons,-445.15058936506773,-415.3375696264068,29.813019738660955,-34.65080740210059,-26.740588449565834,7.9102189525347555,,339,,,446;484,,371;373;375;501,369;372,484,,,
7E8C,1,rpk,free,-526.9781260085825,-514.5315779866391,12.446548021943386,-32.381577837888194,-33.71083161576651,-1.3292537778783142,,339;496,486,405,446;484,449,371;501,338;368,,,,
7E8C,1,af2,cons,-613.4312420957324,-615.3113614052413,-1.8801193095089275,-28.203801008763264,-24.676584401261344,3.52721660750192,,339;371,481;483;485,367;369;372;406;518,,444;449,375;501,365;368;374;420;434;435;499;528,484,,,481;483
7E8C,1,af2,free,-662.6599315818355,-663.9809337558029,-1.321002173967372,-39.08754824959974,-37.82175430104707,1.2657939485526697,,339,451;483;485,367;369;372;389;390;406;418;518;527,446,,,365;368;374;391;455;489;528,484,450;481;490,,444;449;470;483
