pdb,antibody,method,constrained,wt_total,om_total,d_total,wt_interface,om_interface,d_interface,tot_stab_mut_close,tot_stab_mut_distal,tot_stab_other_close,tot_stab_other_distal,tot_destab_mut_close,tot_destab_other_close,tot_destab_mut_distal,tot_destab_other_distal,int_destab_mut,int_destab_other,int_stab_mut,int_stab_other
7EJ5,2,rpk,cons,-365.86101914561357,-353.52492673133264,12.336092414280927,-27.274157635020252,-25.547907757264053,1.7262498777561994,,339,,490,477;478,,371;373;375,372;374,477,,,
7EJ5,2,rpk,free,-474.57121586722826,-472.362705472318,2.208510394910263,-36.60047148001561,-31.162805864636805,5.437665615378801,,339;505,,342;358;363;366;449,477,,371;373;375;498;501,334;335;365;372;403,477,474;476;479,,475
7EJ5,2,af2,cons,-610.824631312719,-616.8049915687402,-5.980360256021186,-20.83754905175834,-27.049203890948696,-6.211654839190356,,339;371,485,367;369;372;406;451;483;518,,455,375;501,365;368;389;420;434;435;499,,,477;478,
7EJ5,2,af2,free,-665.9529504007421,-660.2647790797087,5.688171321033451,-45.996303431222955,-30.934143656747853,15.062159774475102,,339;371;484,,369;372;406;418;451;483;516;518,477;478,,446,374;435;444;452;455;526,477;478,475;476;481,,486;489
