pdb,antibody,method,constrained,wt_total,om_total,d_total,wt_interface,om_interface,d_interface,tot_stab_mut_close,tot_stab_mut_distal,tot_stab_other_close,tot_stab_other_distal,tot_destab_mut_close,tot_destab_other_close,tot_destab_mut_distal,tot_destab_other_distal,int_destab_mut,int_destab_other,int_stab_mut,int_stab_other
7FG2,1,rpk,cons,-249.6861445355163,-226.5297740357349,23.15637049978139,-15.189323967225643,-14.984001528186436,0.20532243903920744,,339,,367,,451,371;373;375,372;374;482,,,,
7FG2,1,rpk,free,-438.0444104652514,-419.96329809253666,18.081112372714756,-50.69920178210052,-32.45785970864097,18.241342073459556,,339;408;498,448;491,340;366;368;481;497;507,452,351;450;468;470,371;375;405;484,350;365;369;372;403;407;434;443;500;504;510,,351;450;473;476;490,,
7FG2,1,af2,cons,-605.7939085720741,-536.663432624659,69.1304759474151,-18.126231359755383,-19.40542428634037,-1.2791929265849866,,339,481;483;485;502,383;500,452;501,446;448;449;451;468;469;491;492;494;495;497,405;477,365;442;453;454;455;456;457;467;474;475;479;480;487;488;489;506,484,449;481;482;483,,349;492;493
7FG2,1,af2,free,-654.9859146152316,-620.2973937641343,34.68852085109734,-46.50662338950069,-40.55459708625929,5.9520263032413965,,339,347;348;349;351;469;481;483;485,320;338;367;369;372;380;390;437;443;499;500;502,452,446;447;449;451;466;470;472;480;491;492;495;497,375;405;501,326;365;381;386;391;425;442;445;453;455;456;465;475;479;487;506;528,452,346;449;450;466;470;472;483;490,484,348;349;351;354;492;493;495
