pdb,antibody,method,constrained,wt_total,om_total,d_total,wt_interface,om_interface,d_interface,tot_stab_mut_close,tot_stab_mut_distal,tot_stab_other_close,tot_stab_other_distal,tot_destab_mut_close,tot_destab_other_close,tot_destab_mut_distal,tot_destab_other_distal,int_destab_mut,int_destab_other,int_stab_mut,int_stab_other
7KML,2,rpk,cons,-587.3782394821512,-570.2709268790002,17.10731260315106,-44.46267651991202,-42.964828409297716,1.4978481106143064,,,403,,484;493;501,490,371;373;375;446,372;447,417,,493,
7KML,2,rpk,free,-601.6173464398762,-589.2775187989675,12.339827640908652,-45.558085756976986,-49.95114405983688,-4.393058302859892,,339,,,493;501,,371;446;498,447,417,,493;505,490
7KML,2,af2,cons,-608.5558800621354,-613.5467413692863,-4.990861307150908,-29.161124398227493,-30.153210043955532,-0.9920856457280394,,339;371,403;406;483;485;486,367;369;372;518,,420;494,375;446;496;501,365;368;374;434;435,417;505,,,486
7KML,2,af2,free,-656.3987475528338,-667.5098589196934,-11.111111366859632,-47.15571869234084,-48.73677871468211,-1.5810600223412692,,339;371,485;488,369;372;451;480;518,417,452,446,332;356;374;435;526,417;484,483,,475;486;490
