pdb,antibody,method,constrained,wt_total,om_total,d_total,wt_interface,om_interface,d_interface,tot_stab_mut_close,tot_stab_mut_distal,tot_stab_other_close,tot_stab_other_distal,tot_destab_mut_close,tot_destab_other_close,tot_destab_mut_distal,tot_destab_other_distal,int_destab_mut,int_destab_other,int_stab_mut,int_stab_other
7CWU,6,rpk,cons,-414.87194927798674,-399.5029041760465,15.36904510194023,-43.85347752568211,-45.61171802502496,-1.758240499342854,,,,453;500;506,,,371;373;501,372,493,,478,
7CWU,6,rpk,free,-537.8105818898899,-533.9311628488833,3.8794190410065994,-44.23279273762213,-53.445116339397295,-9.212323601775168,,339,,366;367;388;404;526,,,371;405;501,358;369;502;510,,,452;478;493,483
7CWU,6,af2,cons,-608.0625527471284,-513.9984372954224,94.06411545170602,-31.07252142613026,-14.568411528811732,16.50410989731853,,339,483;485;490;496,434;500;502;518,501,351;446;449;455;456;469;471;473;479;487;488;489;491;492;494;495;497,371;373;405,346;365;372;442;448;451;454;457;461;467;475;506;520;522;541,,481;487;489;490;492,493,
7CWU,6,af2,free,-664.7219477942704,-608.4023273708882,56.31962042338216,-51.72990767922893,-41.41235882452082,10.317548854708107,,339,483;490;499;502,320;367;390;421;466;500;518,452;498,446;447;455;456;471;486;487;488;489;491;492;495;497,371;405,357;365;377;391;403;420;448;451;457;461;503;506;519;520,,449;472;481;483;487;489;490,493;498;501,494;495
