pdb,antibody,method,constrained,wt_total,om_total,d_total,wt_interface,om_interface,d_interface,tot_stab_mut_close,tot_stab_mut_distal,tot_stab_other_close,tot_stab_other_distal,tot_destab_mut_close,tot_destab_other_close,tot_destab_mut_distal,tot_destab_other_distal,int_destab_mut,int_destab_other,int_stab_mut,int_stab_other
7LD1,2,rpk,cons,-274.7187235242035,-248.94490504644648,25.773818477757004,-44.14602354057992,-39.698093886901184,4.4479296536787345,,339,,453,371;373;375;405;501,372;502,484;493,,376;408,,,
7LD1,2,rpk,free,-383.93006809943233,-363.4546602523798,20.47540784705251,-61.19781851163338,-53.387294433846144,7.810524077787235,,339;478,370;437;439;508,326;347;438;496,371;373;376;405,372;403;499,440;484;498,441;445;454,376;405;408,,375;505,374
7LD1,2,af2,cons,-603.3940959426643,-519.2830569330838,84.11103900958051,-29.025801550813338,-22.95408621110178,6.071715339711556,,339,502,390;483;490;518,371;373;405;501,370;372;377;378;503;506,,346;351;391;442;446;449;451;454;455;456;457;459;461;465;471;473;479;487;491;492;494;495;497;520,,369;372;377;503,375,374
7LD1,2,af2,free,-658.0185540367553,-624.9059210138323,33.11263302292298,-41.08930214506655,-29.13127889402277,11.958023251043777,,339;478,404;407;500;502,320;367;389;390;421;483;490;518,405;501,384;403;503,493;498,368;435;442;445;446;448;449;451;453;454;455;456;457;488;491;492;495;497;519;520;526,408;501;505,372;380;413;414;503,373,504;506
