pdb,antibody,method,constrained,wt_total,om_total,d_total,wt_interface,om_interface,d_interface,tot_stab_mut_close,tot_stab_mut_distal,tot_stab_other_close,tot_stab_other_distal,tot_destab_mut_close,tot_destab_other_close,tot_destab_mut_distal,tot_destab_other_distal,int_destab_mut,int_destab_other,int_stab_mut,int_stab_other
7RW2,3,af2,cons,-825.9453725497333,-805.9431337351563,20.002238814577026,-34.119846858228804,-44.33300970822874,-10.213162849999932,,67;95,97;124;190,18;19;21;22;29;75;76;77;79;111;154;213;nan;215;216;247;260,,146;147;149;151;152;153;179,142;143;144;145;212,17;20;23;140;141;210;245;246;249;254;255;256;257;259,,,,152;187
7RW2,3,af2,free,-914.8961897581518,-885.8160065581684,29.080183199983367,-60.78092362204923,-71.04865661821916,-10.267732996169926,,67;95,222,18;19;55;76;78;156;213;nan;215;216;248;271,,97;102;146;151;152;175;180;183;187;221,69;142;143;144;212,20;21;84;85;134;181;241;246;249;255;256;261;262;272,,149;150,,99;153;172;175;187
