pdb,antibody,method,constrained,wt_total,om_total,d_total,wt_interface,om_interface,d_interface,tot_stab_mut_close,tot_stab_mut_distal,tot_stab_other_close,tot_stab_other_distal,tot_destab_mut_close,tot_destab_other_close,tot_destab_mut_distal,tot_destab_other_distal,int_destab_mut,int_destab_other,int_stab_mut,int_stab_other
7NXC,1,rpk,cons,-498.96527911215395,-473.18565808767346,25.77962102448049,-41.53694095062956,-43.48074434450549,-1.9438033938759318,,339,,,446;493,,371;373;375,,505,,496;498;501,
7NXC,1,rpk,free,-536.2099731281733,-522.5654940581089,13.644479070064335,-52.63776122320121,-43.818490419264094,8.819270803937115,,339;373,,372;377,446;484;498,445;455;490,371;375,342;434;527,446,449;495,477;493;501,506
7NXC,1,af2,cons,-622.5591700243989,-621.4785424600211,1.080627564377778,-50.084435512523456,-44.72946186050186,5.354973652021599,,339;371,485,367;369;372;483;518,417;493,449;455;494,375,365;368;374;389;434;435,417;446,449,501,
7NXC,1,af2,free,-660.5467544321284,-660.0401170477346,0.5066373843937981,-54.75926353027127,-44.85650563720712,9.902757893064148,,339,485;506,369;372;390;393;483;518;527,417;446;498,448;489;494,,326;332;356;365;374;391;420;528,417;446;493,449;486;495,501,456;506
