pdb,antibody,method,constrained,wt_total,om_total,d_total,wt_interface,om_interface,d_interface,tot_stab_mut_close,tot_stab_mut_distal,tot_stab_other_close,tot_stab_other_distal,tot_destab_mut_close,tot_destab_other_close,tot_destab_mut_distal,tot_destab_other_distal,int_destab_mut,int_destab_other,int_stab_mut,int_stab_other
7C8W,1,rpk,cons,-547.0969483649999,-530.0625110882619,17.034437276738004,-55.97966809255131,-58.24980059950241,-2.2701325069511,,339;408,,,417;501,502,371;373;375,372,417;486,,478;498;501,
7C8W,1,rpk,free,-571.317964604726,-559.1755971490168,12.142367455709177,-60.206598923441334,-64.99760867867658,-4.791009755235251,,339;408,,,405;417,502,371;375,372,417;486,,478;498;501,
7C8W,1,af2,cons,-595.3639345648977,-526.3161644004401,69.04777016445757,-33.980931833031654,-20.183738189785306,13.797193643246349,,339,481;482;483;485;499;500;502,383,417;452;498;501,446;449;451;453;479;487;488;492;494;495;497,405;477,365;442;445;448;454;457;461;467;469;474;475;491;506,417,403;449;453;483;485;490;494;495,484;498;501,493;499;500
7C8W,1,af2,free,-652.3856841468089,-608.012615652973,44.373068493835945,-44.543383452620716,-36.762565197425076,7.780818255195641,,339;478,472;485;499;500;502,320;358;360;369;372;389;390;401;421;508;527;528,417;498,403;446;449;487;489;492;493;494;495;497,375;405,420;442;445;448;451;454;457;465;467;469;480;491;506;526,417,403;449;483;490;493,486;498;501,453;495;499
