pdb,antibody,method,constrained,wt_total,om_total,d_total,wt_interface,om_interface,d_interface,tot_stab_mut_close,tot_stab_mut_distal,tot_stab_other_close,tot_stab_other_distal,tot_destab_mut_close,tot_destab_other_close,tot_destab_mut_distal,tot_destab_other_distal,int_destab_mut,int_destab_other,int_stab_mut,int_stab_other
7BEN,1,rpk,cons,-453.6882927417158,-436.8553964439332,16.83289629778261,-41.45069466542216,-38.34224313000521,3.108451535416954,,339,,406,501,,371;375;405,372,493,,,
7BEN,1,rpk,free,-500.8375075684083,-487.12154301064675,13.715964557761538,-44.42526768795111,-40.742148288379525,3.683119399571588,,339,,368;406,452;501,446,371;375;405,369;372,493,,,494
7BEN,1,af2,cons,-609.0329648773268,-505.023655726617,104.00930915070978,-29.0563428087772,-6.337723970996662,22.718618837780536,,339,483;490;502,518,493;501,442;444;445;446;447;448;449;451;456;492;494;495;497,371;373;405,351;365;372;454;457;461;467;469;471;473;479;487;491;506;520;522;538;541,493,444;446;449;490,,447;495
7BEN,1,af2,free,-657.2909527631624,-609.9009302997262,47.39002246343625,-39.711711698305194,-23.443435907726414,16.26827579057878,,339,483;490;499;500,338;367;380;390;424;458;473;474;502;508;518;528,452;501,439;442;444;446;449;451;455;491;492;495;497,371;405,365;374;377;381;391;420;425;454;459;460;469;479;487;488;506;517;519;520,440,444;448;449;483;490,,494
