pdb,antibody,method,constrained,wt_total,om_total,d_total,wt_interface,om_interface,d_interface,tot_stab_mut_close,tot_stab_mut_distal,tot_stab_other_close,tot_stab_other_distal,tot_destab_mut_close,tot_destab_other_close,tot_destab_mut_distal,tot_destab_other_distal,int_destab_mut,int_destab_other,int_stab_mut,int_stab_other
7CHB,1,rpk,cons,-520.6358246175328,-483.34489612377183,37.29092849376093,-58.28995652826837,-41.628551505069794,16.661405023198576,,339;408,,,405;417;498;501,496,371;373;375;484,446;499,417;486;498;505,496,,
7CHB,1,rpk,free,-541.8515872985334,-525.4107913417887,16.44079595674475,-65.65028728313087,-49.254786082701386,16.39550120042948,,339;408,,,405;417;477;486;498,446;490;494;496,371;375,369,417;486;498;505,496,501,421;453;476
7CHB,1,af2,cons,-618.0595428335305,-500.91060216959323,117.14894066393725,-48.05119267064583,-18.047219338250294,30.00397333239554,,339,490;500;502,483;485,405;417;477;478;486;505,453;455;456;473;474;475;476;479;480;487;489;494;495;497;503,,365;394;442;446;448;451;467;469;491;492;506,417;478;486;505,453;455;456;473;475;476;487;489;493;502,477,457;474;503
7CHB,1,af2,free,-668.3653174872693,-616.4822840651725,51.88303342209679,-57.73880930795536,-17.212945335093615,40.52586397286174,,339,474;499;500;502,338;347;367;369;372;390;407;436;483;485;490;541,405;417;477;486;501,403;446;447;449;453;454;455;456;475;487;489;495;497,452,356;365;391;442;445;467;469;491;492;506;538;540,417;486;501;505,403;420;455;456;460;473;475;489;493;495;496;502,498,474;500;503
