pdb,antibody,method,constrained,wt_total,om_total,d_total,wt_interface,om_interface,d_interface,tot_stab_mut_close,tot_stab_mut_distal,tot_stab_other_close,tot_stab_other_distal,tot_destab_mut_close,tot_destab_other_close,tot_destab_mut_distal,tot_destab_other_distal,int_destab_mut,int_destab_other,int_stab_mut,int_stab_other
7DEU,1,rpk,cons,-516.0933682730798,31.12293412854126,547.2163024016211,-35.254151308540834,-28.02273472998707,7.2314165785537625,,339;446,,,477,455,371;373;375;498;501,336;358;363;364;365;367;368;372;374;412;418;423;426;434;436;444;448;503;508;515;522;526,477,,,
7DEU,1,rpk,free,-549.2111001928683,-546.0546669134981,3.156433279370276,-36.09594363626935,-33.6266353777849,2.469308258484446,,339;371;373,,,477,,375,342,477,487,,
7DEU,1,af2,cons,-616.1681234158912,-615.4979511125597,0.6701723033314693,-23.584795965244105,-21.25466484248684,2.3301311227572654,,339;371,485,367;369;372;406;483;518,477,455,375;501,365;368;374;420;434;435;499;528,477,,,
7DEU,1,af2,free,-660.8185807984012,-666.595575184848,-5.776994386446859,-32.05107475009136,-31.49827137896128,0.5528033711300786,,339;371,485,369;372;406;418;451;483;518,477,,446,374;435;455;526,477,,,
