pdb,antibody,method,constrained,wt_total,om_total,d_total,wt_interface,om_interface,d_interface,tot_stab_mut_close,tot_stab_mut_distal,tot_stab_other_close,tot_stab_other_distal,tot_destab_mut_close,tot_destab_other_close,tot_destab_mut_distal,tot_destab_other_distal,int_destab_mut,int_destab_other,int_stab_mut,int_stab_other
7AKD,2,rpk,cons,-455.8514760042607,-441.24476979104804,14.606706213212647,-38.596338304514056,-30.40644296546779,8.189895339046267,,408;452,,,339;371,,373;375;405;484,372,339,342;343,,
7AKD,2,rpk,free,-546.1603742874619,-541.0354305431059,5.12494374435596,-51.05021103768676,-44.609154773679215,6.441056264007543,,452,367;370,390;406;420;490;493,373,342;368;374;436,375;405;501,369,339,342;343;436,371,
7AKD,2,af2,cons,-606.767921524604,-520.2468033376807,86.52111818692333,-20.839077496948576,-9.611584716146545,11.22749278080203,,,368;369,347;481;483;485;490;500;502,339;371,367,405;477;501,351;442;445;446;448;449;451;453;456;457;467;469;474;475;479;487;488;491;492;493;494;495;497;506;538,339,338;367,,
7AKD,2,af2,free,-658.1506202700585,-609.6433050023163,48.50731526774223,-52.96895189696428,-24.232033308413783,28.736918588550495,,,,320;390;436;483;490;499;500;502;508,371,337;356;374,405;501,326;351;381;386;442;445;446;449;451;453;457;467;471;479;487;491;492;495;497;506;507;540,339,335;337;338;340;343;363;364;365;368,,370
