pdb,antibody,method,constrained,wt_total,om_total,d_total,wt_interface,om_interface,d_interface,tot_stab_mut_close,tot_stab_mut_distal,tot_stab_other_close,tot_stab_other_distal,tot_destab_mut_close,tot_destab_other_close,tot_destab_mut_distal,tot_destab_other_distal,int_destab_mut,int_destab_other,int_stab_mut,int_stab_other
7ND7,3,rpk,cons,-569.4860068708535,-549.9438211568684,19.54218571398519,-46.67714481488361,-38.055568839069906,8.621575975813705,,339;408,,,484;493,,371;373;375;405,372,484,,,
7ND7,3,rpk,free,-605.1509365266718,-593.9322414050177,11.218695121654036,-53.6351081939109,-46.94020448510335,6.694903708807551,,339;408,,369,484;493;498,,371;373;375;405,372,484,494,501,
7ND7,3,af2,cons,-599.1915019461912,-505.02264390405645,94.16885804213479,-37.91614672421439,-19.764646554117363,18.15150017009703,,339,481;483;485;486;490;496;500;502,443;518,493;498;501,446;449;453;455;456;475;487;492;494;495;497;499,371;373;405,346;351;365;372;448;451;454;457;461;469;471;473;479;491;506;520;522;541,493,449;483;486;489;490;494,501,
7ND7,3,af2,free,-656.4505190078866,-614.144581369164,42.305937638722526,-45.97743834482604,-34.771461870381934,11.205976474444107,,339;478,450;473;483;485;502,320;354;367;369;389;390;423;436;518;527,493,445;446;448;449;455;489;491;492;494;495;497,371;405,365;374;386;391;420;442;451;454;459;460;467;469;480;506;507;519;520;528,484;493,449;483;486;489;490;494,501,450;495;499
