pdb,antibody,method,constrained,wt_total,om_total,d_total,wt_interface,om_interface,d_interface,tot_stab_mut_close,tot_stab_mut_distal,tot_stab_other_close,tot_stab_other_distal,tot_destab_mut_close,tot_destab_other_close,tot_destab_mut_distal,tot_destab_other_distal,int_destab_mut,int_destab_other,int_stab_mut,int_stab_other
7DCC,3,rpk,cons,-440.45170992890354,-423.1379339067222,17.313776022181344,-44.43862711932026,-41.937649640453024,2.5009774788672345,,,,,371;373;375,502,,,408;505,369,,
7DCC,3,rpk,free,-540.6531947194283,-517.9684214777628,22.684773241665425,-60.920304453184855,-49.97797249461914,10.942331958565717,,,403;508,360;448;451;472;491;497,371;375;376;405,368;377;378,,329;364;388;453;493;496;524,376;405;408;505,369;377,,372
7DCC,3,af2,cons,-602.0073716378631,-518.7292500225336,83.2781216153295,-23.262599505583218,-16.351601108699175,6.910998396884043,,339,380;500;502,481;483;485;490;496,405;501,403;453;495;506,477,365;387;442;446;448;449;451;454;456;457;461;465;467;468;469;474;475;479;480;487;491;492;493;494;497,408;505,502,376,378;380
7DCC,3,af2,free,-650.4835827272183,-609.917365146893,40.566217580325315,-34.5933285031611,-42.84694068748708,-8.253612184325974,,339;478,369;382;407;409;418;427;500;502,320;338;360;372;421;472;483;490,376;405,374;378;383;403;420;453,501,346;391;402;442;445;446;449;451;456;465;467;469;480;491;492;493;495;497;506,376;405;408;505,407,,378;385;406;414;415;427
