pdb,antibody,method,constrained,wt_total,om_total,d_total,wt_interface,om_interface,d_interface,tot_stab_mut_close,tot_stab_mut_distal,tot_stab_other_close,tot_stab_other_distal,tot_destab_mut_close,tot_destab_other_close,tot_destab_mut_distal,tot_destab_other_distal,int_destab_mut,int_destab_other,int_stab_mut,int_stab_other
7E8C,9,af2,cons,-822.8234006612686,-757.9204563566042,64.9029443046644,-20.514068577595694,-10.059350885262226,10.454717692333467,,,248,20;21;22;41;75;76;78;79;97;111;228;229;272,19,140;148;152;156;242;245;249;250;251;252;253;255;256;257;258,24;25,197;254;259,,144;148;155;157;251,,248;253
7E8C,9,af2,free,-890.005311140761,-877.4601392018521,12.54517193890888,-26.215234938132888,-50.063963979782116,-23.84872904164923,,,150;152;252,20;41;75;80;97;111;180;182;222;228;237;251;272,19,140;144;245;249;258,25;70,29;55;91;181;195;216;221;259;271,,144,,15;148;156;249;250;251;252
