pdb,antibody,method,constrained,wt_total,om_total,d_total,wt_interface,om_interface,d_interface,tot_stab_mut_close,tot_stab_mut_distal,tot_stab_other_close,tot_stab_other_distal,tot_destab_mut_close,tot_destab_other_close,tot_destab_mut_distal,tot_destab_other_distal,int_destab_mut,int_destab_other,int_stab_mut,int_stab_other
7ND7,1,rpk,cons,-568.7758220584733,-552.9355560943345,15.84026596413878,-41.24263068971754,-35.80309481439186,5.439535875325674,,339,,374,484;493;498;501,,371;373;375,372,484,,,
7ND7,1,rpk,free,-605.9774300299475,-593.697439875126,12.279990154821576,-56.850009441627066,-46.160684150236186,10.68932529139088,,339,497,369,484;498,,371;375,356;372;450,478;484,494,446;496,
7ND7,1,af2,cons,-600.7252232122502,-613.0820674180136,-12.356844205763423,-31.85191747423249,-35.17909572015825,-3.3271782459257615,,339;371,481;482;483;485;486,367;369;372;406;518,493;496;501,449;455;490,375,365;368;420;434;435;499;528,493,483;489,484,485;486;494
7ND7,1,af2,free,-655.1599121542833,-661.5828463133297,-6.422934159046349,-38.68910992177969,-54.7840035015637,-16.094893579784014,,339;371,480;483;485;486,369;406;418;451;518;527,493;501,444;448;452;455;489;494,,374;528,484;493,483;495,446;496,449;485;486;487;489;490
