pdb,antibody,method,constrained,wt_total,om_total,d_total,wt_interface,om_interface,d_interface,tot_stab_mut_close,tot_stab_mut_distal,tot_stab_other_close,tot_stab_other_distal,tot_destab_mut_close,tot_destab_other_close,tot_destab_mut_distal,tot_destab_other_distal,int_destab_mut,int_destab_other,int_stab_mut,int_stab_other
7K8M,1,rpk,cons,-497.3688381471424,-467.69936757571804,29.66947057142437,-53.838459062956275,-46.309313009316995,7.5291460536392805,,339,406,,405;493;501,403;492,371;373;375,372,417;501;505,,,
7K8M,1,rpk,free,-528.4860880443022,-524.116659658739,4.369428385563197,-64.65674393261067,-61.24027233869142,3.4164715939192476,,339,,,405;501,,371;375,369;446,417;501,,478,
7K8M,1,af2,cons,-610.1870669238511,-474.75322622409294,135.4338406997582,-42.17999686755786,-4.175515961674812,38.00448090588305,,339,481;486;489;490;496;500;502,483;518,405;477;478;501,403;449;453;454;456;473;474;475;476;479;480;487;488;492;494;495;497;506,371;373,346;351;365;372;446;451;465;467;469;491;520;522;541,477;478;505,453;455;456;475;476;480;487;502,498,421;457;486;495;503
7K8M,1,af2,free,-651.4708013555905,-604.8886493398969,46.58215201569362,-53.05014001149068,-23.479587508640666,29.570552502850017,,339,458;473;485;489;490;502,338;367;380;390;443;471;482;483;499;500;508;518;527,405;417;493;501,447;453;454;456;457;475;491;492;495,371,365;377;391;425;434;436;442;445;446;448;449;451;465;467;497;506;517;519;520;528,417;493;505,420;421;455;456;457;460;475;476;489,498,487;495;503
