pdb,antibody,method,constrained,wt_total,om_total,d_total,wt_interface,om_interface,d_interface,tot_stab_mut_close,tot_stab_mut_distal,tot_stab_other_close,tot_stab_other_distal,tot_destab_mut_close,tot_destab_other_close,tot_destab_mut_distal,tot_destab_other_distal,int_destab_mut,int_destab_other,int_stab_mut,int_stab_other
7P77,2,rpk,cons,-288.18036248716703,-261.98175111495607,26.198611372210962,-23.868247409939872,-20.654398281149323,3.2138491287905495,,339,,,446;484;493;498;501,,371;373;375,372;442,505,,501,
7P77,2,rpk,free,-453.42725409002037,-450.24451857876596,3.182735511254407,-58.87590137801787,-46.26561521209503,12.610286165922844,,339,408;456,328;354;374;399;422;472;541,446;484;498,421;475;489;504,371;375,377;389;538,484;493;498,403;449;455;456;457;489,417;501,416
7P77,2,af2,cons,-604.6250811203931,-599.8603659701705,4.764715150222628,-23.840776666900414,-22.422135714839786,1.4186409520606276,,339;371,406;483,367;369;372;485;518,496;498,494,375,365;368;374;434;435;528,446;493;498,445;500,417;501,403;495
7P77,2,af2,free,-659.7951513379055,-655.752762804681,4.042388533224539,-49.847496625422885,-37.84440596558787,12.003090659835017,,339;371,403;406;483,369;390;393;450;451;518;527,446,449,,332;365;374;389;391;392;424;435;448;492,417;446;493,403;449;500,496,489
