pdb,antibody,method,constrained,wt_total,om_total,d_total,wt_interface,om_interface,d_interface,tot_stab_mut_close,tot_stab_mut_distal,tot_stab_other_close,tot_stab_other_distal,tot_destab_mut_close,tot_destab_other_close,tot_destab_mut_distal,tot_destab_other_distal,int_destab_mut,int_destab_other,int_stab_mut,int_stab_other
7JVC,3,rpk,cons,-603.4766762127368,-578.5307620104875,24.945914202249355,-45.123890635019485,-41.84824215257135,3.2756484824481333,,339;505,,,371;373;375,372,405;484;501,499,371;375,,,
7JVC,3,rpk,free,-616.0721576356764,-597.922365419261,18.149792216415335,-48.664856359662664,-49.11512362696939,-0.45026726730672806,,339;501;505,503;508,438;442;515,371;373,372;374;436,,365;455;499,,370,,
7JVC,3,af2,cons,-618.1073239105099,-541.5968976398354,76.51042627067443,-38.42024287159503,-25.791975911538366,12.628266960056663,,339,,347;481;483;485;490;500;502,371,370;389,405;477;501,365;442;446;448;449;451;453;454;455;456;457;467;469;474;475;479;487;489;491;492;493;494;495;497;506;538,371;376,370;372,375,
7JVC,3,af2,free,-657.2963500887851,-631.8491359702491,25.447214118535953,-41.72051271056284,-44.344935766389504,-2.624423055826661,,339,369;377;379;407;508,320;421;431;472;483;490;500;502;528,371;405,506,501,326;351;391;392;403;442;445;446;448;451;453;454;456;457;465;469;471;475;487;491;492;495;497;503;507,371,370;372;385,375;408,374;378;379;508
