pdb,antibody,method,constrained,wt_total,om_total,d_total,wt_interface,om_interface,d_interface,tot_stab_mut_close,tot_stab_mut_distal,tot_stab_other_close,tot_stab_other_distal,tot_destab_mut_close,tot_destab_other_close,tot_destab_mut_distal,tot_destab_other_distal,int_destab_mut,int_destab_other,int_stab_mut,int_stab_other
7CZU,2,rpk,cons,-447.45370088059144,-425.9181756051649,21.53552527542655,-34.25197178343934,-29.12560473054402,5.1263670528953185,,339,,,417;501,,371;373;375,372,417;505,,,
7CZU,2,rpk,free,-534.6098229904044,-520.090977080184,14.51884591022042,-60.01288239088959,-61.04773458650249,-1.0348521956129062,,339,415;489,,417,473;492,371;375,,417;498,503,405,415;485;489;490
7CZU,2,af2,cons,-613.0421387521114,-532.8887025012496,80.15343625086189,-26.988594573659643,-30.929937984226697,-3.941343410567054,,339,483;485;490;499;500;502,383;481,405;417;477;501;505,420;449;456;474;487;488;492;493;494;495;497,,365;442;448;451;457;467;469;479;480;491;506,417;505,449;493,498,487;495;499;500
7CZU,2,af2,free,-655.0489086552283,-620.1402909023016,34.908617752926716,-46.04755074874243,-52.980764045890716,-6.933213297148285,,339,421;483;485;490;499;500;502,320;367;369;390;436;508;517,405;501;505,446;455;456;474;479;487;493;495;497;506,375,351;377;442;445;448;451;454;465;471;480;491;492,486;505,449;493;494;496,405;477;478;498,421;475;476;499;500;503
