pdb,antibody,method,constrained,wt_total,om_total,d_total,wt_interface,om_interface,d_interface,tot_stab_mut_close,tot_stab_mut_distal,tot_stab_other_close,tot_stab_other_distal,tot_destab_mut_close,tot_destab_other_close,tot_destab_mut_distal,tot_destab_other_distal,int_destab_mut,int_destab_other,int_stab_mut,int_stab_other
7MZK,2,rpk,cons,-554.1138381861392,-537.6817810409241,16.43205714521514,-58.658229187657156,-59.9078121905954,-1.2495830029382446,,339,453,,405;417;477;484,490,371;375;501,372;377,405;505,,493,403
7MZK,2,rpk,free,-573.667448996159,-560.0587907624665,13.608658233692495,-52.882526981494436,-66.9406580217363,-14.05813104024186,,339,,434,417;477;484,,371;375,372,417,,477;478;493,403;421;476
7MZK,2,af2,cons,-614.2181438109533,-499.1630408894164,115.0551029215369,-40.07936259150305,-25.25513968487016,14.82422290663289,,339,458;483;485;490;502,383;443;518,405;477;478;493;501,456;457;459;473;475;476;479;487;491;492;494;495;497,371;373,346;351;365;372;387;391;442;446;449;451;454;465;469;506;520;541,417;477;493,458;475;476;487;489,478;498,403;453;473;474;486;495
7MZK,2,af2,free,-662.7057555797778,-625.4810578490689,37.224697730708954,-74.55632143047467,-61.968890189616346,12.587431240858322,,339,458;473;474;476;481;482;483;490;499;502,338;366;367;390;419;466;471;500;518;527,405;484;493,420;454;455;456;457;487;491;492;494;495;497;503,371;452;501,353;365;377;391;445;446;447;448;449;451;469;506;519;520;528,417;477;484;493;505,456;458;485;489,478;498,455;481;483;495
