pdb,antibody,method,constrained,wt_total,om_total,d_total,wt_interface,om_interface,d_interface,tot_stab_mut_close,tot_stab_mut_distal,tot_stab_other_close,tot_stab_other_distal,tot_destab_mut_close,tot_destab_other_close,tot_destab_mut_distal,tot_destab_other_distal,int_destab_mut,int_destab_other,int_stab_mut,int_stab_other
7DZX,1,af2,cons,-807.130940278741,-783.0836782385873,24.047262040153782,-23.10506282315498,-11.081890646294596,12.023172176860385,,,69;180;184;214,111;153;217;228;229;248;272,24;25;26,29;72;73;249;250;257;259,19,17;18;23;80;140;191;233;245;251;270,213,73;74;214;253,,71;184
7DZX,1,af2,free,-877.6745215234155,-880.2878561851778,-2.6133346617623374,-14.584343933131347,-36.19698824266801,-21.612644309536666,,142,66;71;74;76;180;185;212;218,41;84;92;97;149;151;158;228;246;248;253;255,24;25;26,181,,18;55;64;78;80;98;141;145;191;202;221;226;233;249;258;261,24,,,71;72;74;78;185;212;216
