pdb,antibody,method,constrained,wt_total,om_total,d_total,wt_interface,om_interface,d_interface,tot_stab_mut_close,tot_stab_mut_distal,tot_stab_other_close,tot_stab_other_distal,tot_destab_mut_close,tot_destab_other_close,tot_destab_mut_distal,tot_destab_other_distal,int_destab_mut,int_destab_other,int_stab_mut,int_stab_other
7LXX,1,af2,cons,-823.8674537929608,-808.1776546097044,15.689799183256355,-12.882465304590141,-13.003799993571695,-0.12133468898155364,,67;95,18;19;246,21;22;75;76;77;97;111;124;138;154;213;nan;215;216;260,142;143;144;145,17;20;140;151;153;156;249;254;256;257,212,23;102;149;152;179;210;245;259,144,17;256,,147;246;255
7LXX,1,af2,free,-898.5961947191953,-896.2464852524588,2.349709466736499,-20.053888398196854,-21.07508426081484,-1.0211958626179864,,67;95,248;254,24;35;77;79;94;111;121;123;124;138;147;150;154;182;186;213;nan;215;216;222;242;260,142;143;144,17;20;153;241;243;249;255;256,70;212,21;22;29;99;100;119;146;152;180;183;187;221;259;262,144,19;256,,147;254
