pdb,antibody,method,constrained,wt_total,om_total,d_total,wt_interface,om_interface,d_interface,tot_stab_mut_close,tot_stab_mut_distal,tot_stab_other_close,tot_stab_other_distal,tot_destab_mut_close,tot_destab_other_close,tot_destab_mut_distal,tot_destab_other_distal,int_destab_mut,int_destab_other,int_stab_mut,int_stab_other
7CWT,4,rpk,cons,-355.51340396026325,-351.6098281661906,3.903575794072651,-25.791639139566843,-22.988081428727607,2.803557710839236,,339;408,,,498;501,,371;375,,505,,,
7CWT,4,rpk,free,-469.2320114914563,-470.95072586309743,-1.7187143716411128,-34.11809639780321,-43.677899103646155,-9.559802705842948,,339;373;408,445;500,338;340;351;365;366;392;406;453;517,440,,371;375,335;341;367;370;526,440,,501,500;502;503
7CWT,4,af2,cons,-607.6665082061868,-525.1190758262899,82.54743237989692,-21.135238234217113,-5.12917337858707,16.006064855630044,,339,443;502,347;481;483;485;490,405;501;505,445;446;449;494;503;506,452;477,365;442;448;451;453;454;457;467;469;474;475;479;487;488;491;492;495;497,501;505,445;449;499;500;503,,506
7CWT,4,af2,free,-657.5908917374416,-620.6825066295623,36.90838510787921,-37.97758526923654,-19.3640608110703,18.613524458166243,,339;478,502,347;356;367;369;372;389;390;436;472;483;485;490,405,445;446;449;506,,326;351;370;420;442;448;451;453;456;457;461;467;475;480;487;491;492;495;497,440;498;505,449;499;500;502,,403;503;506
