pdb,antibody,method,constrained,wt_total,om_total,d_total,wt_interface,om_interface,d_interface,tot_stab_mut_close,tot_stab_mut_distal,tot_stab_other_close,tot_stab_other_distal,tot_destab_mut_close,tot_destab_other_close,tot_destab_mut_distal,tot_destab_other_distal,int_destab_mut,int_destab_other,int_stab_mut,int_stab_other
7MMO,1,rpk,cons,-574.9709954305893,-563.3879777037018,11.58301772688742,-49.490594709190866,-51.00715804884578,-1.5165633396549154,,339,,,,,371;373;375;376;405,372;455,,,498,
7MMO,1,rpk,free,-595.3305671211547,-595.9349937917118,-0.6044266705571317,-51.257089218671844,-54.09038581712795,-2.8332965984561085,,339,502,369;406;434;508,,,373;405;477,372;377;455,,,498,
7MMO,1,af2,cons,-617.0799925714275,-526.008188093612,91.07180447781548,-47.601266535135636,-12.105284928253544,35.49598160688209,,339,346;502,481;483;485;490,,442;444;445;448;449;451;506,405;477,365;453;455;456;457;467;469;474;475;479;480;487;488;491;492;493;494;495;497,498,345;444;445;450;499;500,,446
7MMO,1,af2,free,-665.2421868199768,-613.1487721469878,52.09341467298907,-51.37347545265709,-28.810703548420065,22.562771904237025,,339;478,502;504,367;369;372;390;473;483;490;528,501,439;444;445;446;447;448;451;506,375;405,326;351;377;381;391;392;420;453;465;467;480;491;492;493;495;497,,345;439;441;444;445;499;500,,346;446;503;504
