pdb,antibody,method,constrained,wt_total,om_total,d_total,wt_interface,om_interface,d_interface,tot_stab_mut_close,tot_stab_mut_distal,tot_stab_other_close,tot_stab_other_distal,tot_destab_mut_close,tot_destab_other_close,tot_destab_mut_distal,tot_destab_other_distal,int_destab_mut,int_destab_other,int_stab_mut,int_stab_other
7BEP,3,rpk,cons,-538.1659836618037,-522.9696061075772,15.196377554226501,-43.1215028469022,-36.255719674833394,6.865783172068809,,339;408,,,484,,371;373;375;501,372,484,490,,
7BEP,3,rpk,free,-557.5489426574745,-547.9414296184844,9.607513038990078,-55.69883668728991,-50.69700358237741,5.0018331049124996,,339;408;505,446;449,,484,490,371;373;405;498;501,372,484;493,490,478,449
7BEP,3,af2,cons,-611.8952446164456,-525.3168128423156,86.57843177412997,-23.84395567386468,-11.013758143728337,12.830197530136344,,339,485;490,496;500;502;518,452;501,446;449;456;471;479;487;488;492;494;495;497,371;373;405,346;351;365;372;403;420;451;453;454;457;461;465;473;491;506;520;522;541,,481;483;488;489;490,,487
7BEP,3,af2,free,-659.175395739101,-614.67575382581,44.49964191329093,-30.76806510216208,-40.98915762048922,-10.221092518327143,,339;505,483;499,320;354;367;369;389;390;407;419;421;436;437;443;466;473;500;502;518,452;501,445;446;451;455;456;472;480;481;488;491;492;495;497,405,353;374;377;391;418;420;435;442;447;448;469;479;506;519;520;526;540,484,456;481;489;490,493;498,450;483;492;494;495
