pdb,antibody,method,constrained,wt_total,om_total,d_total,wt_interface,om_interface,d_interface,tot_stab_mut_close,tot_stab_mut_distal,tot_stab_other_close,tot_stab_other_distal,tot_destab_mut_close,tot_destab_other_close,tot_destab_mut_distal,tot_destab_other_distal,int_destab_mut,int_destab_other,int_stab_mut,int_stab_other
7EKF,1,rpk,cons,-495.87733827578853,-469.5957347348739,26.28160354091466,-46.96776852285336,-39.44250018156421,7.525268341289149,,339;408,,,405;417;484;493;498,490,371;373;375,,417;493,,501,
7EKF,1,rpk,free,-541.2063995660288,-525.6526047617394,15.553794804289396,-56.29450729582619,-53.31011402825296,2.984393267573232,,339;408;452,506,372,405;484;493;498,446;490;502,371,364;365;368;450,417,446,477;501,506
7EKF,1,af2,cons,-622.4001723313272,-491.8229642211763,130.57720811015093,-49.85182561762624,-19.475901164949462,30.375924452676777,,339,485;490;496;502,421;437;483;518,405;417;477;478;493;498;501;505,446;449;453;456;473;475;479;480;486;487;489;491;492;494;495;497;503;504;506,371;373;375,346;351;365;370;372;451;454;457;459;461;467;469;520;522;541,417;478;493;505,449;456;475;476;487;489;500,,474;495;503
7EKF,1,af2,free,-660.6337499281854,-623.5570511527052,37.07669877548017,-58.214859207802064,-31.60493636824824,26.609922839553825,,339,437;443;473;485;490;499;502,320;338;358;367;369;390;392;407;418;422;423;436;466;482;483;518,405;417;493;501,403;445;446;448;455;486;487;491;492;494;495;497;506,,374;391;420;442;451;454;465;469;479;480;519;520;526,417;493;505,449;456;475;486;487;489;496;500,405;440;478;498,503;506
