pdb,antibody,method,constrained,wt_total,om_total,d_total,wt_interface,om_interface,d_interface,tot_stab_mut_close,tot_stab_mut_distal,tot_stab_other_close,tot_stab_other_distal,tot_destab_mut_close,tot_destab_other_close,tot_destab_mut_distal,tot_destab_other_distal,int_destab_mut,int_destab_other,int_stab_mut,int_stab_other
7N9C,1,rpk,cons,-340.607952467,-329.3006029119517,11.30734955504829,-45.33763037894464,-43.825772712071384,1.5118576668732544,,339;452,,351,371;373;375;376;405,372,,,,503,375,
7N9C,1,rpk,free,-448.4270493788953,-438.99788839008033,9.429160988814942,-49.83868716506067,-51.98271991113249,-2.1440327460718223,,339,372;374;379,351,375,377;380;435,371,347;401;418;434;447,408,,405,379;380
7N9C,1,af2,cons,-613.9668994534824,-526.3481651089737,87.61873434450865,-32.14600398999565,-28.676534903459565,3.4694690865360833,,339,502,483;490;496;500;518,371;373;375;405;501,372;377;503;506,493,346;351;365;446;448;449;451;453;454;455;456;457;461;469;471;473;475;479;487;491;492;494;495;497;520;522;541,371,372;503,,374;378;506
7N9C,1,af2,free,-658.7796787155938,-617.2796327619571,41.500045953636686,-52.25840225446928,-32.02814486944589,20.230257385023393,,339;478,368;369;385;502,354;389;421;443;458;483;490;499;500;518,371;373;376;405;501,374;379;381;383;503;506,493,391;420;442;445;446;447;448;449;451;453;454;457;465;480;491;492;495;497;515;517;519;520,376;408,374;379;380;386;502;503,405,378;385
