pdb,antibody,method,constrained,wt_total,om_total,d_total,wt_interface,om_interface,d_interface,tot_stab_mut_close,tot_stab_mut_distal,tot_stab_other_close,tot_stab_other_distal,tot_destab_mut_close,tot_destab_other_close,tot_destab_mut_distal,tot_destab_other_distal,int_destab_mut,int_destab_other,int_stab_mut,int_stab_other
7K8V,2,rpk,cons,-326.79027516837664,-308.8517132584293,17.93856190994734,-26.87605788856927,-24.10845088001262,2.767607008556652,,339;408,,468;469,493;498,,371;373,372;374;472,452,351,,
7K8V,2,rpk,free,-460.2003012064955,-468.7042069079307,-8.503905701435201,-45.31251106377718,-32.866401664804314,12.446109398972865,,339;375;408,349;453;468;492,476;487;489;508;513,452,438;494,484,434;455;472;506,493,351;449;490;492,,349
7K8V,2,af2,cons,-610.8342448315258,-510.043686647812,100.79055818371376,-28.68422710087974,-20.565454537734208,8.11877256314553,,339,450;483;490,502;518,452;493;501,346;351;442;444;446;448;449;451;492;494;495;497;509,371;373;405,365;372;453;454;456;457;471;473;475;479;487;491;506;520;522;541,452,346;444;446;449,,445;494;499
7K8V,2,af2,free,-650.923743674841,-612.7710050561147,38.15273861872629,-32.83067659963657,-44.29986133098115,-11.469184731344583,,339;477;478,346;443;483;490;500;502,320;338;366;367;368;390;407;421;436;466;474;481;518;527,493,442;446;447;448;451;455;492;494;495;497;503,371;405,365;370;374;381;391;420;456;457;461;469;471;472;479;491;506;519;520;528,,490;492,501,445;446;495
