pdb,antibody,method,constrained,wt_total,om_total,d_total,wt_interface,om_interface,d_interface,tot_stab_mut_close,tot_stab_mut_distal,tot_stab_other_close,tot_stab_other_distal,tot_destab_mut_close,tot_destab_other_close,tot_destab_mut_distal,tot_destab_other_distal,int_destab_mut,int_destab_other,int_stab_mut,int_stab_other
7LRT,3,rpk,cons,-258.64811051556734,-253.61604004824468,5.032070467322654,-32.8575578316865,-30.49546122579938,2.3620966058871176,,339;376;408,,,484,,371;375;501,472,486,,,
7LRT,3,rpk,free,-417.7585918082473,-422.2761654526037,-4.517573644356446,-44.42069484436128,-49.54261137158187,-5.121916527220591,,339;373;376;408,455,342;363;365;374;387;406;423;434;504;508,,,375;452;498;501,382;435;449;471;506,486,473;479,478,456;489;493
7LRT,3,af2,cons,-618.1711491342871,-535.4859333968919,82.6852157373952,-34.3327823428052,-14.236138104007077,20.096644238798127,,339,481;483;485,383;421;496;500;502,477;478;486;501,453;455;456;474;475;476;480;487;488;493;494;495,405,365;442;445;446;448;449;451;454;457;467;469;491;492;497;506,477;478;486,475;476;489;493,498,481;495
7LRT,3,af2,free,-657.8116157015613,-616.6054484811464,41.206167220414954,-55.97875512877385,-40.79586992847469,15.182885200299161,,339,472;483;490,347;366;367;368;372;389;390;409;423;500;502;518,452;501,453;456;474;479;480;487;489;495;497,371;375;405,326;353;365;377;378;391;420;434;442;445;446;447;448;451;466;471;492;503;506,477;484;486,473;479;485;487;488,498,495
