pdb,antibody,method,constrained,wt_total,om_total,d_total,wt_interface,om_interface,d_interface,tot_stab_mut_close,tot_stab_mut_distal,tot_stab_other_close,tot_stab_other_distal,tot_destab_mut_close,tot_destab_other_close,tot_destab_mut_distal,tot_destab_other_distal,int_destab_mut,int_destab_other,int_stab_mut,int_stab_other
7P78,5,rpk,cons,-282.5982140820754,-266.86564638842367,15.732567693651731,-26.751632215241887,-25.582153681708046,1.169478533533841,,339,,,371;373;375,,446;484;493;501,405,,,,
7P78,5,rpk,free,-444.5671901659531,-431.15147784407463,13.415712321878459,-37.62495466466503,-31.84013753445161,5.784817130213423,,339;496,372;408,342;358;395;475;485;486,371;375,405;508,446;493,356;394;396;397;437;454;468;474;509,375,374;503,,372
7P78,5,af2,cons,-616.3601598539691,-607.0337250698942,9.326434784074877,-27.988190720506946,-26.141222666156057,1.8469680543508886,,339,372,367;406;483;485;518,375,369;374;434,446;501,342;435;436;452;499;528,,369,373,
7P78,5,af2,free,-661.5104789288011,-658.501111449996,3.0093674788051885,-46.759466867120466,-40.50123665237153,6.258230214748934,,339;484;505,372;376;506,390;393;480;483;518;527,375,369;374;382;502;503,446,332;391;448;528,375,369;370;502;503,373,372;376;380;412
