pdb,antibody,method,constrained,wt_total,om_total,d_total,wt_interface,om_interface,d_interface,tot_stab_mut_close,tot_stab_mut_distal,tot_stab_other_close,tot_stab_other_distal,tot_destab_mut_close,tot_destab_other_close,tot_destab_mut_distal,tot_destab_other_distal,int_destab_mut,int_destab_other,int_stab_mut,int_stab_other
7E5S,5,rpk,cons,-350.1396585460885,-348.75916289595705,1.3804956501314791,-47.026637219378465,-46.35728715501406,0.6693500643644015,,339;496,,497,373;375,372,446,447,,,,
7E5S,5,rpk,free,-475.85549939465056,-480.95924206196065,-5.103742667310087,-52.24124625441846,-56.17737479060344,-3.936128536184974,,339;496,374;408;434,455;488;490;497,375,385,446;477;498,360;474;491,,385,,369;378
7E5S,5,af2,cons,-613.3419689154587,-598.9652426382372,14.37672627722145,-43.77953276501109,-37.417064873337715,6.362467891673376,,339,406,367;483;485;518,373;375,374;435,496;501,455;499;528,375,383,,377
7E5S,5,af2,free,-662.3413903975493,-657.7461034736403,4.59528692390893,-61.20967902655947,-37.438208840809956,23.771470185749514,,339,372;389;406;503,356;367;393;451;483;518;527,,365;368;374;380,446;501,342;391;392;436;448;528,375,376;377;378;379;380;383;384;385;412;504,373,408;414;503
