pdb,antibody,method,constrained,wt_total,om_total,d_total,wt_interface,om_interface,d_interface,tot_stab_mut_close,tot_stab_mut_distal,tot_stab_other_close,tot_stab_other_distal,tot_destab_mut_close,tot_destab_other_close,tot_destab_mut_distal,tot_destab_other_distal,int_destab_mut,int_destab_other,int_stab_mut,int_stab_other
7K8W,1,rpk,cons,-820.8878081297541,-770.2668158270259,50.62099230272827,-49.368671914225345,-47.17294798488294,2.1957239293424067,,339,445,406,446;484;496;498;501,447;449;495;497;502,371;373;375,370;372,484;498;505,449;494,501,403;445;450
7K8W,1,rpk,free,-943.010064903594,-938.9157415202498,4.094323383344204,-76.14919415828781,-69.43089273545228,6.7183014228355376,,339,403;415,366;442;458;509;368;377;389;418,375;446;484;498,445;447;489;490;502;380;412;437,371;373,372;431,498;505,447;483;503,501,504;415
7K8W,1,af2,cons,-1209.5192004623332,-1221.5348613462234,-12.015660883890178,-37.20500778319189,-40.17727700641908,-2.972269223227194,,339;371;373,406;445;449;483;504,367;369;372;485;518,498;446;501,447;489;452;499,375,365;368;420;434;435;455;486;374;389,446;484;505,447;405,501,449;450;494;504
7K8W,1,af2,free,-1307.6592137215357,-1313.803228154246,-6.144014432710264,-81.21984817933074,-93.48280350110795,-12.262955321777213,,339;371,449;481;483;485;408;503,369;372;406;425;518;527,446;498;496;501;505,447;455;448;499,,332;342;374;435;479;526;370;379;387;525,446;484;493;498,449,501;417,444;445;450;482;408;415;502;503
