pdb,antibody,method,constrained,wt_total,om_total,d_total,wt_interface,om_interface,d_interface,tot_stab_mut_close,tot_stab_mut_distal,tot_stab_other_close,tot_stab_other_distal,tot_destab_mut_close,tot_destab_other_close,tot_destab_mut_distal,tot_destab_other_distal,int_destab_mut,int_destab_other,int_stab_mut,int_stab_other
7KFV,2,rpk,cons,-592.3834723875894,-562.8275465344309,29.555925853158556,-63.70170517180339,-43.4762987448245,20.225406426978893,,339,,,417;446;484;493;498;501;505,489,371;373;375,372;499,417;493;496;501;505,,,494
7KFV,2,rpk,free,-612.2817299060725,-593.8581305896123,18.42359931646024,-67.2658419252742,-47.63772683576067,19.628115089513535,,339,420,471,417;446;493;498,415;489,371;373;375,372;452,417;493;496;498;505,415;457,501,421;460;494
7KFV,2,af2,cons,-609.8196589932801,-608.3563724433569,1.4632865499231684,-53.78881941386845,-41.04729871804289,12.741520695825564,,339;371,487,367;369;372;451;483;485;518,496;498;501;505,420;489;494,375,365;368;374;434;435;528,417;493;496;505,495,,415;487
7KFV,2,af2,free,-658.6296124235553,-665.9220392913205,-7.2924268677652435,-66.54009986507484,-57.267678223920626,9.27242164115421,,339;371,489,369;372;389;390;393;450;451;480;483;518;527,446;496,449,,374;391;392;435;528,417;493;496;505,449;495,498,489
