pdb,antibody,method,constrained,wt_total,om_total,d_total,wt_interface,om_interface,d_interface,tot_stab_mut_close,tot_stab_mut_distal,tot_stab_other_close,tot_stab_other_distal,tot_destab_mut_close,tot_destab_other_close,tot_destab_mut_distal,tot_destab_other_distal,int_destab_mut,int_destab_other,int_stab_mut,int_stab_other
7K8M,1,rpk,cons,-497.1631272242904,-461.8649479893682,35.2981792349222,-53.57549928322213,-44.670217206946056,8.905282076276073,,339,,,493;501,,371;373;375;446,372;374,417;493;501;505,,,
7K8M,1,rpk,free,-526.4641098922559,-502.886908915169,23.57720097708693,-62.674652894549084,-62.51603061374858,0.15862228080050045,,339,502,434;471,501,447,371;373;375;446;484,372,417;501,,477;478,
7K8M,1,af2,cons,-610.187066923851,-607.8307623559467,2.356304567904317,-42.17999686755786,-38.00653263637846,4.173464231179402,,339;371,,367;369;372;481;483;485;518,501,,375,365;368;374;434;435;499;528,505,403;502,,473
7K8M,1,af2,free,-651.4708013555905,-661.477758808157,-10.00695745256644,-53.05014001149068,-58.86956723050753,-5.819427219016845,,339;371;484,,369;372;393;406;425;451;472;483;485;516;518;527,417;493,447;475;486,446,374;434;435;436;452;528,417,475;486,505,453;456;473;502
