pdb,antibody,method,constrained,wt_total,om_total,d_total,wt_interface,om_interface,d_interface,tot_stab_mut_close,tot_stab_mut_distal,tot_stab_other_close,tot_stab_other_distal,tot_destab_mut_close,tot_destab_other_close,tot_destab_mut_distal,tot_destab_other_distal,int_destab_mut,int_destab_other,int_stab_mut,int_stab_other
7R8O,1,rpk,cons,-589.6278214163506,-570.9161008195313,18.711720596819305,-34.74348846652756,-32.549149675761385,2.1943387907661744,,339,449,368,484;501,,371;373;375;376;405,372;377,484,,,449;490
7R8O,1,rpk,free,-636.9063171779867,-617.0740709132949,19.832246264691776,-50.22531336230731,-39.27566945669079,10.949643905616519,,339;408,,367;368;434,484,445,371;373;375,365;372,484;493;498,445;446;449,,403;489;490
7R8O,1,af2,cons,-606.6963263652419,-508.8755146860061,97.82081167923582,-23.088038779757348,-15.224247253409052,7.863791526348296,,339,481;483;485;490;502,518,452;493;498;501,346;351;445;446;448;449;451;455;456;487;488;491;492;494;495;497,371;373;405,365;372;454;457;459;465;471;473;474;475;479;506;520;522;541,,445;449;482;483;502,,486;499;503
7R8O,1,af2,free,-651.6202567644469,-625.4626080845785,26.15764867986843,-35.20824139010659,-30.891936186992726,4.316305203113867,,339;478,450;481;490;500;502,320;338;358;367;369;390;407;436;473;518,452;493;501,444;445;446;447;448;451;453;455;482;487;491;492;495,405,368;374;391;420;430;442;454;469;506;519;520;526,452,445;446;449;483;490,,403;486;494;503
