pdb,antibody,method,constrained,wt_total,om_total,d_total,wt_interface,om_interface,d_interface,tot_stab_mut_close,tot_stab_mut_distal,tot_stab_other_close,tot_stab_other_distal,tot_destab_mut_close,tot_destab_other_close,tot_destab_mut_distal,tot_destab_other_distal,int_destab_mut,int_destab_other,int_stab_mut,int_stab_other
7A5R,1,rpk,cons,-348.29563925753973,-342.67297459674387,5.622664660795863,-36.722096192260196,-35.42584791024077,1.2962482820194268,,339;373,,439;500,,,371;498;501,437,376;408,,,378
7A5R,1,rpk,free,-469.4262716765028,-464.6228531410445,4.803418535458263,-53.73565698331406,-51.558226922128476,2.177430061185582,,339;373;505,369,351;510,375,368,371;478;484;498;501,467,376;408,,375,377
7A5R,1,af2,cons,-602.8811445198354,-534.0841839884246,68.79696053141083,-24.68100132681478,-20.124756448272677,4.556244878542103,,339,,443;481;483;485;490;502,,,405;477;501,nan;365;442;446;448;451;453;454;456;457;465;467;469;474;475;479;480;487;491;492;493;494;495;497;506,375,321;370;380,,377;430
7A5R,1,af2,free,-660.2918703087196,-635.322996662788,24.96887364593158,-59.07591581851747,-59.80210212195247,-0.726186303435,,339,368;369;383;407,356;367;443;450;472;473;476;483;490;499;500;502,,,405;452;501,351;406;420;442;445;446;448;451;456;460;466;471;479;480;487;491;492;495;497;506;526,376,321;430,,374;377;383
