pdb,antibody,method,constrained,wt_total,om_total,d_total,wt_interface,om_interface,d_interface,tot_stab_mut_close,tot_stab_mut_distal,tot_stab_other_close,tot_stab_other_distal,tot_destab_mut_close,tot_destab_other_close,tot_destab_mut_distal,tot_destab_other_distal,int_destab_mut,int_destab_other,int_stab_mut,int_stab_other
7R7N,1,rpk,cons,-523.0051057635094,-501.5086784197847,21.49642734372469,-46.58578370697471,-46.31888644430147,0.26689726267323977,,339;408,,,452,,371;373;375;405;501,372,,493,478,
7R7N,1,rpk,free,-548.7994952997769,-533.2293502741079,15.570145025669035,-59.25168541861071,-61.283802743497255,-2.032117324886542,,339;408,,434,,453,371;373;375;501,372,,485,,455;456
7R7N,1,af2,cons,-609.9850349410989,-543.1304393807839,66.85459556031503,-36.33530321601255,-27.811586816988314,8.523716399024234,,339,450;481;483;485,421;500;502,452,351;445;446;449;455;456;489;491;492;494;495;497,405;477,365;442;448;451;453;454;457;467;469;474;479;506;538,,449;456;470;483;489;490,486,450;493;495;497
7R7N,1,af2,free,-663.1987897482184,-619.7747156347261,43.424074113492225,-53.819872563038665,-54.170565882133864,-0.35069331909519974,,339,483;485;500;502,320;338;347;358;367;369;372;374;390;409;434;436;528,452;486,446;447;449;451;456;471;487;492;495;497,375;405,386;391;406;442;448;453;457;479;503;506;526,484,449;456;470;481;483;490,452;501,450;475;485;487;493;495;497
