pdb,antibody,method,constrained,wt_total,om_total,d_total,wt_interface,om_interface,d_interface,tot_stab_mut_close,tot_stab_mut_distal,tot_stab_other_close,tot_stab_other_distal,tot_destab_mut_close,tot_destab_other_close,tot_destab_mut_distal,tot_destab_other_distal,int_destab_mut,int_destab_other,int_stab_mut,int_stab_other
7MY3,2,rpk,cons,-404.789447634563,-400.8562765713615,3.9331710632014847,-36.908742992485216,-35.63125195845143,1.2774910340337868,,339;505,436,441;442;455,375;376,372;439,,447,408,,375,
7MY3,2,rpk,free,-498.1729307871052,-493.28415986278867,4.888770924316532,-53.270165052133024,-54.93419658897365,-1.6640315368406249,,339;452,434,447;454;455;475;481,375,372;406;508,484;493;498,486,373,,375;405,
7MY3,2,af2,cons,-609.0671065632025,-518.3816899897422,90.68541657346032,-27.452478747469403,-12.84758273965751,14.604896007811893,,339,366;502,367;483;490;518,371;373;375;405;501,365;372;503;506,493,346;351;442;446;449;451;453;454;455;456;457;459;461;465;471;473;475;479;487;491;492;494;495;497;520;522;541,408,372;503,,374
7MY3,2,af2,free,-665.1237994547928,-613.2217975404851,51.902001914307675,-47.859286233950414,-37.37260162693685,10.486684607013565,,339;478,502,322;326;338;366;367;390;443;458;474;483;490;500;518;527,371;405,365;369;370;372;503;506,493,391;442;445;446;448;449;451;453;455;457;459;465;467;479;480;487;491;492;495;497;519;520;528,,370;372;502;503,373;375,
