pdb,antibody,method,constrained,wt_total,om_total,d_total,wt_interface,om_interface,d_interface,tot_stab_mut_close,tot_stab_mut_distal,tot_stab_other_close,tot_stab_other_distal,tot_destab_mut_close,tot_destab_other_close,tot_destab_mut_distal,tot_destab_other_distal,int_destab_mut,int_destab_other,int_stab_mut,int_stab_other
6Z2M,4,rpk,cons,-469.4428232241638,-466.0279374015888,3.414885822575002,-38.899504825251135,-29.736053975856578,9.163450849394557,,339,492,,484,,371;373;375;501,372,484;493,,,
6Z2M,4,rpk,free,-544.4165466698755,-539.4437955163032,4.97275115357229,-43.88658622179514,-34.36056584263445,9.526020379160691,,339,,356,484,455;471,371;375;501,372,484;493,,,
6Z2M,4,af2,cons,-615.5927437741536,-618.305769566886,-2.7130257927324237,-36.812862287383794,-26.1472998290528,10.665562458330996,,339;371,472;481;483;485,367;369;372;406;518,446,490;494,375;501,365;368;374;389;420;434;435;499,493,483;490,,
6Z2M,4,af2,free,-666.1762216901238,-664.9909216724917,1.1853000176321302,-42.42294298136959,-28.858787893126827,13.56415508824276,,339;371,485,369;372;393;406;425;518;527,446;493,,,374;424;435;519,484;493,483,,
