pdb,antibody,method,constrained,wt_total,om_total,d_total,wt_interface,om_interface,d_interface,tot_stab_mut_close,tot_stab_mut_distal,tot_stab_other_close,tot_stab_other_distal,tot_destab_mut_close,tot_destab_other_close,tot_destab_mut_distal,tot_destab_other_distal,int_destab_mut,int_destab_other,int_stab_mut,int_stab_other
7DZY,3,af2,cons,-778.1469272407658,-779.539429880044,-1.392502639278291,-8.26262365825838,-2.1274184480246148,6.1352052102337655,,,78;250;253,20;21;41;79;111;138;153;217;228;229;272,24,72;73;74;182;245;249;257;258,19;25,140;141;160;242;244;270,70,71;73;74,,253;259;262
7DZY,3,af2,free,-892.2889824883492,-888.1599667951796,4.129015693169663,-46.561235679854164,-31.39046848085594,15.170767198998224,,142,75;97;180;211,20;41;79;81;94;111;139;144;145;147;154;222;228;243;248;251;270;291,24;25;70,66;68;72;76;77;179;181,19,55;80;140;143;146;156;221;242;245;249,24;70;213,27;28;76;78;183;218,,211;212;214;215
