pdb,antibody,method,constrained,wt_total,om_total,d_total,wt_interface,om_interface,d_interface,tot_stab_mut_close,tot_stab_mut_distal,tot_stab_other_close,tot_stab_other_distal,tot_destab_mut_close,tot_destab_other_close,tot_destab_mut_distal,tot_destab_other_distal,int_destab_mut,int_destab_other,int_stab_mut,int_stab_other
7ND4,1,rpk,cons,-540.4830340596102,-520.7766457192481,19.706388340362082,-42.18592155434797,-34.90493801902909,7.280983535318882,,339,,,405;484;501,455;496,371;373;375,372,405;417;505,,493,
7ND4,1,rpk,free,-593.5173122725553,-594.4494423772336,-0.9321301046783219,-48.32760105089339,-51.25078244637614,-2.92318139548275,,339;452,455,342;436;508,405;484;493,490,,437,405;505,,,403;415
7ND4,1,af2,cons,-620.4904439250436,-520.3047083947606,100.18573553028295,-41.703929378034886,-28.87371324710544,12.830216130929447,,339,455;483;485;490;496;500;502,383;518,405;493;501;505,453;454;456;473;474;486;487;488;489;492;494;495;497,371;373;375,346;351;365;372;387;442;446;449;451;457;461;467;469;471;479;491;506;520;522;541,405;417;501;505,488;489;502,498,403;455;495
7ND4,1,af2,free,-665.7312430280174,-618.3493716227729,47.38187140524451,-56.35161921799858,-42.37041972463038,13.981199493368202,,339,403;473;490;500;502;504,338;367;390;430;466;481;518;528,405;417;493;501;505,453;454;456;457;480;486;487;488;489;492;494;495;497;506,371,342;365;374;377;391;420;445;446;448;451;469;491;517;519;520;526,405;417;501;505,415;456;483;489;502,498,403;455;486;495;503;504
