pdb,antibody,method,constrained,wt_total,om_total,d_total,wt_interface,om_interface,d_interface,tot_stab_mut_close,tot_stab_mut_distal,tot_stab_other_close,tot_stab_other_distal,tot_destab_mut_close,tot_destab_other_close,tot_destab_mut_distal,tot_destab_other_distal,int_destab_mut,int_destab_other,int_stab_mut,int_stab_other
6XDG,1,rpk,cons,-364.28811096946123,-328.56329747141194,35.724813498049286,-43.305784188882456,-35.32229293315039,7.983491255732062,,408,,,484;493;501,489,371;373;375;405,372,417;484,489,,
6XDG,1,rpk,free,-439.54402084212643,-438.1108207246716,1.4332001174548168,-61.8798728021313,-56.99940715386431,4.880465648266991,,339;505,455;487,340;366;367;374;381;433;510,484,486,371;375;405;501,377;384;402;406;434,417;484,486,,485;489
6XDG,1,af2,cons,-604.7415436052213,-507.87758660641003,96.86395699881126,-39.74640184431864,-32.549555063072866,7.196846781245775,,339,483;485;490;496;500;502,518,484;498,449;453;456;473;474;479;486;487;494;495;497;503,371;373;405;452,346;365;372;420;442;446;451;454;457;461;467;469;471;491;492;506;520;522;541,417;484;493,453;487,478;501,486;495
6XDG,1,af2,free,-656.6629282227789,-625.7419485333905,30.920979689388332,-39.73750427757731,-53.9470368524093,-14.20953257483199,,339,421;473;482;499;500;502,320;326;356;367;390;407;436;443;466;490;518;533,405;417;493,453;455;457;479;487;488;494;495,,353;368;374;391;442;446;447;448;449;451;454;469;491;492;497;506;519;520;526;540,417;477;484,483;487,478;501,403;421;453;455;456;476;486;495;502;503
