pdb,antibody,method,constrained,wt_total,om_total,d_total,wt_interface,om_interface,d_interface,tot_stab_mut_close,tot_stab_mut_distal,tot_stab_other_close,tot_stab_other_distal,tot_destab_mut_close,tot_destab_other_close,tot_destab_mut_distal,tot_destab_other_distal,int_destab_mut,int_destab_other,int_stab_mut,int_stab_other
7VNC,1,rpk,cons,-324.01047939748844,-322.4446777305137,1.5658016669747212,-31.061785726652346,-27.755429556956628,3.306356169695718,,339;373,470,,484;493,,371;405;501,,484,470,,492
7VNC,1,rpk,free,-479.31843125672765,-485.6899220107449,-6.371490754017259,-41.155157490571035,-38.22805952756522,2.9270979630058136,,339;408;505,448;453;470;497,378;397;403;407;436;456;464;475;503;528;529;540,493,472;490;496,371;405;498;501,364;366;409;418;419;454;461;463;539,,494,,
7VNC,1,af2,cons,-610.7948703673931,-499.83644774810364,110.95842261928942,-27.9860227562655,-20.961839252341093,7.024183503924405,,339,483;496,500;502;508;518,493;501,351;442;446;447;448;449;451;468;469;491;492;494;495;497,371;373;405,365;372;453;454;455;456;457;459;461;465;473;479;487;488;506;520;522;541,,346;450;468;470;490;492,,445;495
7VNC,1,af2,free,-673.3923858142866,-617.8534592669274,55.53892654735921,-67.37980211085048,-37.092171757124106,30.28763035372637,,339;478,354;443;466;471;483;496;499,338;358;367;390;436;473;500;502;518;527,452;493,346;348;349;351;442;446;448;450;451;469;480;491;494;495;497,375;405;498,365;368;377;391;453;454;455;457;506;519;520;525;528,452;484,346;348;349;351;356;444;450;468;470;490;494,493,352;354;355;445;492
