pdb,antibody,method,constrained,wt_total,om_total,d_total,wt_interface,om_interface,d_interface,tot_stab_mut_close,tot_stab_mut_distal,tot_stab_other_close,tot_stab_other_distal,tot_destab_mut_close,tot_destab_other_close,tot_destab_mut_distal,tot_destab_other_distal,int_destab_mut,int_destab_other,int_stab_mut,int_stab_other
7MFU,1,rpk,cons,-570.4124630945365,-529.2848573171913,41.12760577734525,-65.02062530355161,-39.884336462715574,25.136288840836038,,339,,,405;484;493;498;501,,371;373;375,372,405;484;493;498;501;505,490,,
7MFU,1,rpk,free,-589.0991170243551,-564.0032112883389,25.09590573601622,-73.26360917589959,-50.22067603580386,23.042933140095727,,339,406,366,405;493;501,,371;373;375,368;369;434,405;417;484;493;498;501;505,490,,
7MFU,1,af2,cons,-621.5428297159023,-511.8546515126757,109.68817820322658,-53.150593989026575,-23.316491094933554,29.83410289409302,,339,483;490;500,485;518,405;484;493;505,445;446;447;449;453;454;455;456;457;473;487;488;491;492;494;495;497;503;504;506,371;373,346;351;365;372;442;451;461;469;471;479;520;522;538;541,405;484;493;505,445;446;456;489;490;502;504,501,486
7MFU,1,af2,free,-670.6098416049412,-611.7417274746149,58.86811413032626,-79.03136766951323,-56.28737534457932,22.743992324933913,,339,443;476;490;500;502;503,320;338;367;390;399;466;467;508;518,405;484;493;505,420;445;446;447;449;453;454;455;456;457;487;489;491;492;494;495;497;504;506,371,342;365;374;377;391;448;451;469;471;519;520;525,405;417;484;493;505,420;421;445;446;455;456;489;490;504,501,475;476;486;487;494;495;502;503
