pdb,antibody,method,constrained,wt_total,om_total,d_total,wt_interface,om_interface,d_interface,tot_stab_mut_close,tot_stab_mut_distal,tot_stab_other_close,tot_stab_other_distal,tot_destab_mut_close,tot_destab_other_close,tot_destab_mut_distal,tot_destab_other_distal,int_destab_mut,int_destab_other,int_stab_mut,int_stab_other
7DK7,1,rpk,cons,-506.5832592647496,-471.61355490151146,34.96970436323812,-60.51498525393782,-59.688753938536635,0.8262313154011878,,339,,,405;493;498,455;502,371;373;375,372,505,,501,496
7DK7,1,rpk,free,-557.1375527297922,-551.8873121100918,5.250240619700435,-75.08187504797881,-69.10112590704234,5.980749140936467,,339,494,367;372,,449;455;492,371;375,347;479,505,449;473,501,494
7DK7,1,af2,cons,-587.2191933084896,-500.3481632876975,86.87103002079209,-34.93000487774077,-42.47651420168082,-7.54650932394005,,339,481;482;483;485;486;490;500;502,518,405;452;477;493;501;505,446;449;455;456;457;473;474;487;489;491;492;494;495;497;506,371;373,346;351;365;372;451;454;461;467;469;471;479;520;522;541,505,444;473;487;489,484;498;501,486;494;497;503
7DK7,1,af2,free,-664.8998169918154,-614.3128676793538,50.586949312461684,-64.19836837122462,-58.23986254454458,5.958505826680039,,339,450;475;486;490;502,320;338;358;367;369;389;390;407;436;437;518;527,405;452;484;493;501,446;448;449;456;474;487;489;492;494;495;497;506,,368;374;377;391;402;418;430;435;442;451;467;469;519;520,484;493;505,448;449;481;483;487;489;490;496,478;498;501,475;486;495;503
