pdb,antibody,method,constrained,wt_total,om_total,d_total,wt_interface,om_interface,d_interface,tot_stab_mut_close,tot_stab_mut_distal,tot_stab_other_close,tot_stab_other_distal,tot_destab_mut_close,tot_destab_other_close,tot_destab_mut_distal,tot_destab_other_distal,int_destab_mut,int_destab_other,int_stab_mut,int_stab_other
7CWN,3,rpk,cons,-405.8953999939405,-388.5313583321532,17.36404166178727,-44.232463748908835,-45.262017984834515,-1.02955423592568,,,,500;506,,,371;373;501,372,,,478,
7CWN,3,rpk,free,-514.9401359299751,-516.66613235678,-1.7259964268049544,-50.08318562496053,-51.688497875222225,-1.6053122502616972,,373,489,340;365;368;377;379;384;387;388;506;515,,481,371;405;501,367;380;502,484,472,493,489
7CWN,3,af2,cons,-609.3049815998017,-515.438389731194,93.86659186860777,-32.80830563552866,-13.258338035749247,19.549967599779414,,339,483;485;496,383;443;502;518,501,351;446;449;455;456;469;471;473;479;487;488;489;491;492;494;495;497,371;373;405,346;365;372;442;451;453;454;457;461;475;506;520;522;538;541,484,481;486;487;489;490,493;498,
7CWN,3,af2,free,-657.2121257141471,-611.6452345125017,45.566891201645376,-49.658757447714,-57.83921772207682,-8.180460274362815,,339,450;483;485;490;499;500;502,320;367;369;390;407;418;436;443;466;518;528,493,446;451;453;454;456;470;487;489;491;492;495;497,405,355;368;374;377;386;391;435;442;448;465;469;473;475;506;517;519;520;526,484,470;472;481;483;489;490,452;493;498;501,450;485;486;494;495
