pdb,antibody,method,constrained,wt_total,om_total,d_total,wt_interface,om_interface,d_interface,tot_stab_mut_close,tot_stab_mut_distal,tot_stab_other_close,tot_stab_other_distal,tot_destab_mut_close,tot_destab_other_close,tot_destab_mut_distal,tot_destab_other_distal,int_destab_mut,int_destab_other,int_stab_mut,int_stab_other
7CHB,1,rpk,cons,-520.9478700762807,-485.05589602961925,35.8919740466614,-57.32186027110835,-46.026568016685474,11.295292254422876,,339,,,417;496;498;501,,371;373;375;446;484,369;499,417;496;498;505,,,
7CHB,1,rpk,free,-542.8541144945682,-526.2556284002374,16.598486094330838,-66.33155928210346,-54.69574964407035,11.635809638033109,,339,,368;434;436,417;446;496;498,490,371;375;484,472,417;496;498;505,,501,453
7CHB,1,af2,cons,-618.0595428335305,-612.5398841227236,5.51965871080688,-48.05119267064583,-42.974156687700685,5.077035982945148,,339;371,,367;369;372;483;485;518,498;501,494,375,365;368;374;434;435;499;528,417;505,495,,
7CHB,1,af2,free,-668.3653174872693,-660.2855456267348,8.079771860534493,-57.73880930795536,-56.4659926397873,1.2728166681680548,,339;371;484,,369;451;483;485;518,417;446;493;496;501,448;449,,374;391;452;471,417;496;505,495,501,421;453;500
