pdb,antibody,method,constrained,wt_total,om_total,d_total,wt_interface,om_interface,d_interface,tot_stab_mut_close,tot_stab_mut_distal,tot_stab_other_close,tot_stab_other_distal,tot_destab_mut_close,tot_destab_other_close,tot_destab_mut_distal,tot_destab_other_distal,int_destab_mut,int_destab_other,int_stab_mut,int_stab_other
7E8C,7,rpk,cons,-364.66362759720437,-328.2217763228813,36.441851274323085,-43.94750694934614,-38.00730322794286,5.940203721403279,,339,,,484;493;498;501;505,446,371;373;375,369;499,408;501;505,,478,
7E8C,7,rpk,free,-464.7497834476522,-463.923430617416,0.8263528302362033,-54.24242834003507,-55.77489972153182,-1.532471381496748,,339,475,331;335;394;413;479;480;528;529;530,405;493;498;501,474;487,371;375;484,329;364;446;499;526,417;505,,501,475;500
7E8C,7,af2,cons,-614.4869308938437,-490.83449768561024,123.65243320823345,-43.640464168685384,-20.38158933363748,23.258874835047905,,339,500;502,483;490;518,405;477;493;498;501;505,449;454;455;456;457;459;473;475;476;479;489;494;495;497;503,371;373;452,346;351;365;372;387;389;442;446;451;461;465;467;469;480;488;491;492;506;520;522;541,501;505,421;456;473;475;476;489;502,,415;474;486
7E8C,7,af2,free,-662.5001378201061,-617.7634462131487,44.73669160695749,-63.328124907912056,-46.14872778684156,17.179397121070494,,339,474;476;486;490;500,320;358;367;369;390;399;407;436;437;466;483;518,405;493;501;505,403;420;446;447;449;454;455;456;457;488;495;497,,337;368;374;377;391;418;435;442;445;451;469;479;491;492;506;519;526,408;417;498;501;505,403;420;421;456;473;489,478,486;487;503
