pdb,antibody,method,constrained,wt_total,om_total,d_total,wt_interface,om_interface,d_interface,tot_stab_mut_close,tot_stab_mut_distal,tot_stab_other_close,tot_stab_other_distal,tot_destab_mut_close,tot_destab_other_close,tot_destab_mut_distal,tot_destab_other_distal,int_destab_mut,int_destab_other,int_stab_mut,int_stab_other
7RKU,2,rpk,cons,-1071.483453318776,-1030.5737013246887,40.90975199408717,-53.73504866187089,-55.40012541629304,-1.6650767544221452,,339;505,,389,371;373,372;374,446;501;484,447,,,,
7RKU,2,rpk,free,-1129.8462195997404,-1006.7220528740327,123.12416672570771,-57.74069469085902,-61.878773493317595,-4.138078802458573,,339,374;427;376,495;358,371;373;375,372;368;377;432,446;498;493;501,336;337;448;449;490;528;445;447,,,,374;377;427
7RKU,2,af2,cons,-930.1046983106681,-749.6274691949322,180.4772291157359,-49.09431084357995,-51.69021877422429,-2.595907930644344,,339;493,372;483;369,324;326;328;367;389;406;485;529;530;538;353;451;492;497;506;518,375,368;374;420,446;496;501;498;505,327;329;365;391;435;452;519;531;532;533;534;535;536;537;539;540;541;403;434;445;447;448;449;453;494;495;499;500;502;503;504;507;528,,369;481,,458
7RKU,2,af2,free,-1297.2192752619098,-1279.6824279872985,17.53684727461132,-40.96038805297731,-54.97133086218732,-14.010942809210015,,339;484,369;372;382;427;481,360;389;406;483;523;527;324;325;326;402;418;421;422;447;452;454;492;495;518;538,,368;374;384;386;458;471;517,446;493,322;325;327;328;365;390;391;434;435;448;455;516;528;538;540;332;342;439;490;497;499;541,,,,372;385;408;427;458;471;481
