pdb,antibody,method,constrained,wt_total,om_total,d_total,wt_interface,om_interface,d_interface,tot_stab_mut_close,tot_stab_mut_distal,tot_stab_other_close,tot_stab_other_distal,tot_destab_mut_close,tot_destab_other_close,tot_destab_mut_distal,tot_destab_other_distal,int_destab_mut,int_destab_other,int_stab_mut,int_stab_other
7RXD,1,rpk,cons,-394.9905058190791,-368.4746741241319,26.515831694947167,-41.352123627361934,-42.87322554250509,-1.5211019151431557,,339,,,446;484;501,455,371;373;375,369;372,484,,498,
7RXD,1,rpk,free,-439.35130324489324,-443.6894244152933,-4.338121170400029,-56.60917078002632,-58.79341496733794,-2.18424418731162,,339,502,432;434;508,446;501,489,371;375,379;506,484;505,,493,455
7RXD,1,af2,cons,-604.4988435823038,-610.2568515666766,-5.758007984372739,-39.873999776100355,-40.03297859992568,-0.15897882382532202,,339;371,406;481;485,367;369;372;518,,449;452;489,375,365;368;374;420;434;435;497;528,498,483,484,
7RXD,1,af2,free,-663.022284463131,-666.4977384095337,-3.475453946402695,-56.16726197508069,-54.78001662331441,1.387245351766282,,339;371,483;485,360;369;372;421;518;527,498,489,,374;420;435;528,498,449,493,406
