pdb,antibody,method,constrained,wt_total,om_total,d_total,wt_interface,om_interface,d_interface,tot_stab_mut_close,tot_stab_mut_distal,tot_stab_other_close,tot_stab_other_distal,tot_destab_mut_close,tot_destab_other_close,tot_destab_mut_distal,tot_destab_other_distal,int_destab_mut,int_destab_other,int_stab_mut,int_stab_other
7JWB,2,rpk,cons,-644.8191250810261,-610.9959548655372,33.82317021548886,-48.6985393792095,-32.4357069248835,16.262832454326002,,339;408,,,405;452;484;498;501,446;490,371;373;375;376,372;434,484;486;498;501,,,
7JWB,2,rpk,free,-668.3725658517708,-656.752935108311,11.619630743459766,-46.89808942145255,-44.534584021508444,2.36350539994411,,339;408,403;406;487,471;482,484;498;501,446;488;490,371;375,368,498;501;505,,,475;487;489
7JWB,2,af2,cons,-590.0225418344548,-518.0090806069318,72.01346122752307,-30.39367870154765,-21.897278491122837,8.496400210424813,,339,421;453;483;485;490;496;502,481,405;477;498;501;505,446;454;456;457;474;476;487;489;492;494;495;497;503,,365;442;445;448;451;467;469;479;491;506,484;486;505,456;473;476;493;503,501,475;494;495
7JWB,2,af2,free,-653.6144648855837,-622.8883579261457,30.726106959438084,-43.84282768104504,-34.59875318167356,9.244074499371479,,339,421;473;474;485;488;490;496;502,320;358;367;369;372;390;399;407;436;472;500,405;501;505,403;453;475;487;492;493;494;495;497,,326;446;448;451;465;479;480;491;506,484;505,449;483;489;494,477;486;498,475;476;487;495
