pdb,antibody,method,constrained,wt_total,om_total,d_total,wt_interface,om_interface,d_interface,tot_stab_mut_close,tot_stab_mut_distal,tot_stab_other_close,tot_stab_other_distal,tot_destab_mut_close,tot_destab_other_close,tot_destab_mut_distal,tot_destab_other_distal,int_destab_mut,int_destab_other,int_stab_mut,int_stab_other
7LXZ,5,af2,cons,-821.7462656188848,-811.439177476605,10.307088142279781,-13.87189532527563,-11.949455455814105,1.9224398694615257,,67;95,,21;22;29;75;76;77;97;111;124;138;154;213;nan;215;216;242;260,142;143;144,17;141;151;153;249;254;255;256;257,212,23;146;149;152;179;210;245,144,17;247,,147;255
7LXZ,5,af2,free,-887.726644617736,-885.9387233216232,1.7879212961128133,-18.720570867357615,-24.863285509745843,-6.142714642388228,,67;95,18;19;156;248,75;76;77;78;94;119;154;170;177;182;213;nan;215;216;222;260;266,142;143;144,17;20;141;153;246;249;253;256,69;70;212,66;72;80;98;120;146;179;180;183;191;237;245;259;262,144,246;247;248,,16;147;148;249;254;255
