pdb,antibody,method,constrained,wt_total,om_total,d_total,wt_interface,om_interface,d_interface,tot_stab_mut_close,tot_stab_mut_distal,tot_stab_other_close,tot_stab_other_distal,tot_destab_mut_close,tot_destab_other_close,tot_destab_mut_distal,tot_destab_other_distal,int_destab_mut,int_destab_other,int_stab_mut,int_stab_other
7D00,2,rpk,cons,-417.0642748858399,-391.3292641681196,25.735010717720286,-35.530092772146,-33.818924044073746,1.711168728072252,,339,,,493;501,447,371;373;375;446,369;372;472,505,,493;496,
7D00,2,rpk,free,-486.8912527896332,-468.445226867281,18.44602592235219,-50.378209091282194,-48.98514799916255,1.3930610921196447,,,485,337;377,417;484,449,371;375;446,338;340;342;361;370;434,417,406;409,478;496;498,486
7D00,2,af2,cons,-603.9404836906333,-602.9567041568857,0.9837795337475654,-30.331991754371934,-30.54877181674981,-0.21678006237787528,,339;371;484,476;486,367;369;372;406;481;483;485;518,496;498;501,420;494,375,365;368;374;389;434;435;492;499,498;505,,493,486
7D00,2,af2,free,-660.5196681485054,-667.7283186987811,-7.208650550275706,-64.24261763446408,-50.973508416603934,13.269109217860148,,339;371,475;485;488,369;372;450;451;516;518,417;446,449;486,,374;435;448;526,,449;455;486;489,501,475
