pdb,antibody,method,constrained,wt_total,om_total,d_total,wt_interface,om_interface,d_interface,tot_stab_mut_close,tot_stab_mut_distal,tot_stab_other_close,tot_stab_other_distal,tot_destab_mut_close,tot_destab_other_close,tot_destab_mut_distal,tot_destab_other_distal,int_destab_mut,int_destab_other,int_stab_mut,int_stab_other
7LY2,5,af2,cons,-799.3496827758938,-759.1779041129059,40.17177866298789,-25.27064360028341,11.29680386188262,36.56744746216603,,67;95,18;21;75;77;138;146;246,22;29;76;97;111;124;186;213;nan;215;216;242;260,142;143,20;140;141;149;151;153;158;249;250;253;254;255;256;257,212,23;152;179;187;210;245,,147;148;248;253;255,145,249;256
7LY2,5,af2,free,-889.226178012417,-880.1932566670125,9.032921345404475,-46.88926419390188,-18.623009923875088,28.266254270026792,,95,18;19;77;155;156;247;248,68;76;79;81;124;138;141;180;186;213;nan;215;216;222;242;260,142;144,146;147;151;153;243;246;255;256;257;258,69;70;143;212,80;96;100;152;170;183;200;221;229;230;238;245;249;263;272,144,73;146;147;148;156;246;256;258,,20;254
