pdb,antibody,method,constrained,wt_total,om_total,d_total,wt_interface,om_interface,d_interface,tot_stab_mut_close,tot_stab_mut_distal,tot_stab_other_close,tot_stab_other_distal,tot_destab_mut_close,tot_destab_other_close,tot_destab_mut_distal,tot_destab_other_distal,int_destab_mut,int_destab_other,int_stab_mut,int_stab_other
7N8H,6,rpk,cons,-612.7026707660984,-589.834016222646,22.868654543452408,-41.028492529344874,-37.40467458627431,3.623817943070563,,339;408,,,484;501,446;455,371;373;375,372,484,,452,
7N8H,6,rpk,free,-635.7275674399771,-622.0172975018924,13.710269938084707,-47.89073924225079,-37.80052611039819,10.0902131318526,,339;408,495,502;508,484;498;501,446;455,371;373;375,372;434,484;486,,,
7N8H,6,af2,cons,-613.3742084438722,-520.9551871426299,92.41902130124231,-32.411309557245794,-18.50896832558766,13.902341231658134,,339,483;485;499;500;502,383;481,452;501,446;449;456;475;487;492;493;494;495;497,405;477,365;442;448;451;453;454;457;465;467;469;474;479;480;491;506,484,449;483;489;490;494,501,495;499
7N8H,6,af2,free,-656.6575850221728,-617.1450838725161,39.512501149656714,-41.02590512689896,-45.29407474421012,-4.268169617311159,,339,483;485;490;499;500;502,347;356;369;372;390;407;418;422;481;508,501,446;448;449;453;473;487;491;492;493;495;497,405,353;391;421;442;467;479;506,484,449;483;489;490;493,452;478;486;498;501,475;495;499;503
