pdb,antibody,method,constrained,wt_total,om_total,d_total,wt_interface,om_interface,d_interface,tot_stab_mut_close,tot_stab_mut_distal,tot_stab_other_close,tot_stab_other_distal,tot_destab_mut_close,tot_destab_other_close,tot_destab_mut_distal,tot_destab_other_distal,int_destab_mut,int_destab_other,int_stab_mut,int_stab_other
7E5Y,2,rpk,cons,-418.8327381096972,-399.0229167096722,19.809821400024987,-56.32444796390294,-53.95004660636344,2.3744013575394973,,339,,,417;501,490,371;373;484,372;414,417,,493,
7E5Y,2,rpk,free,-469.36283307384736,-468.9147855835525,0.44804749029486857,-64.86662480677967,-60.061361151125624,4.805263655654045,,339;373,415,372;374;436,405;417;501,476,371;375,366;449,417,455;476,493,415
7E5Y,2,af2,cons,-607.5482613808863,-471.6036892487375,135.94457213214878,-44.372570038015745,-16.72836524312059,27.644204794895156,,339,421;481;483;490;502,518,405;417;477;478;501;505,453;456;457;459;473;474;475;476;479;487;491;492;494;495;497,371;373,346;351;365;372;446;448;449;451;461;465;467;469;506;520;522;541,477;478;505,456;460;473;476;486;489;502,498,403;479;487;495
7E5Y,2,af2,free,-661.1369749339215,-616.8723378600464,44.264637073875065,-52.747359556128416,-25.117634432306772,27.629725123821643,,,490;500;502,320;338;358;367;390;429;436;443;483;499;518,405;493;501,415;420;453;456;459;460;491;492;503,375,368;377;391;442;445;446;447;448;449;451;454;465;469;480;488;494;495;497;506;519;520;526,505,415;420;421;453;456;460;473;475;476;489;502,477;498,416;486
