pdb,antibody,method,constrained,wt_total,om_total,d_total,wt_interface,om_interface,d_interface,tot_stab_mut_close,tot_stab_mut_distal,tot_stab_other_close,tot_stab_other_distal,tot_destab_mut_close,tot_destab_other_close,tot_destab_mut_distal,tot_destab_other_distal,int_destab_mut,int_destab_other,int_stab_mut,int_stab_other
7SOF,1,af2,cons,-591.6612318130443,-790.7836823474172,-199.1224505343729,-0.866545919244496,-21.123432396822388,-20.256886477577893,,367;372;445;483;486;488;490;496;498;504;517;529;531;534;535;538;540,,nan;502;503;505;518;519;520;526;532;533;541,332;337;340;356;357;358;359;360;361;394,,322;324;326;327;329;330;336;338;341;342;343;344;349;350;351;353;354;355;362;364;365;366;368;370;371;373;377;378;380;384;386;387;388;389;390;392;393;395;396;397;398;399;400;401;402;403;405;406;407;409;410;412;413;414;415;416;418;419;420;421;422;423;424;425;426;427;429;430;431;432;433;434;435;436;437;438;442;443;444;446;447;448;449;450;451;452;453;454;455;456;457;459;461;462;463;465;467;469;471;472;473;474;475;479;485;489;491;492;497;499;506;507;508;510;511;515;516;521;523;524,487;493;495;500;509;512;513;514;536;nan,332,nan,334,nan
7SOF,1,af2,free,-651.0493643804518,-874.4763535127529,-223.42698913230106,-6.792252765630491,-45.15752841872683,-38.36527565309633,,367;372;445;483;486;488;490;496;498;504;517;529;531;534;535;540,,nan;502;503;518;519;520;532;533;539;541,332;333;334;360,,322;324;326;327;329;330;336;337;338;340;341;342;343;344;349;350;351;352;353;355;356;357;358;359;361;362;363;364;365;366;368;370;371;373;374;376;377;378;379;380;381;383;384;386;387;388;389;391;392;393;394;395;396;397;398;399;400;401;402;403;405;406;407;409;410;412;413;414;415;416;418;419;420;421;422;423;424;425;426;427;429;430;431;432;433;434;435;436;437;438;442;443;444;446;447;448;449;451;452;453;454;455;456;457;458;459;461;462;463;464;465;467;469;471;472;473;474;479;482;485;489;491;492;497;499;506;507;508;510;511;515;516;521;523;524,487;493;495;500;509;512;513;514;528;536;nan,333;334,,,nan
