pdb,antibody,method,constrained,wt_total,om_total,d_total,wt_interface,om_interface,d_interface,tot_stab_mut_close,tot_stab_mut_distal,tot_stab_other_close,tot_stab_other_distal,tot_destab_mut_close,tot_destab_other_close,tot_destab_mut_distal,tot_destab_other_distal,int_destab_mut,int_destab_other,int_stab_mut,int_stab_other
7MZH,2,rpk,cons,-554.1676009201699,-536.456273653544,17.711327266625858,-47.56630082502472,-46.03098919571024,1.535311629314478,,339,,,501,,371;375;405,372;446,493,,,
7MZH,2,rpk,free,-575.3147381139474,-564.9892192036859,10.325518910261508,-58.72003205310151,-65.56606769732305,-6.846035644221537,,339,,,405;501,446,371,372,493,,477;505,
7MZH,2,af2,cons,-588.8901179350241,-519.7822203632265,69.1078975717976,-28.834267168431367,-38.63421764765579,-9.799950479224421,,339,483;485;486;490;502,518,501,449;456;473;474;475;479;487;489;494;495;497,371;373;405,346;351;365;372;446;448;451;457;467;468;469;471;491;492;506;520;522;541,,456;487;489,478;484;498,474;486;495
7MZH,2,af2,free,-661.3125582650882,-617.8374073436223,43.47515092146591,-48.005523398122406,-58.381813303849874,-10.376289905727468,,339,450;483;488;490;502,320;338;358;367;369;390;407;418;424;436;437;443;500;518;528,493,403;449;453;456;474;475;487;489;492;495;497,405,351;368;374;377;391;420;425;435;442;445;446;448;479;491;506;519;520;526,505,456;473;475;487;489,478;493;498;501,483;486;488;495
