pdb,antibody,method,constrained,wt_total,om_total,d_total,wt_interface,om_interface,d_interface,tot_stab_mut_close,tot_stab_mut_distal,tot_stab_other_close,tot_stab_other_distal,tot_destab_mut_close,tot_destab_other_close,tot_destab_mut_distal,tot_destab_other_distal,int_destab_mut,int_destab_other,int_stab_mut,int_stab_other
7LSS,1,rpk,cons,-490.2333869996764,-475.018739129985,15.214647869691362,-39.31688840105104,-40.93763320588595,-1.6207448048349136,,339;408;478,,,498;501,502,371;375;477,,,,,500
7LSS,1,rpk,free,-562.0309945206766,-571.4367376838604,-9.405743163183843,-46.47179145356149,-51.14098991835247,-4.6691984647909806,,339;373;408;478,500,372;374;473,,,371,475,,,,
7LSS,1,af2,cons,-615.3632794330705,-526.5711323795531,88.7921470535174,-42.40420413868568,-22.069326406320982,20.334877732364696,,339,346;450;502,481;483;485;490,501,442;444;445;446;447;448;451;506,405;452;477,351;365;453;455;456;457;467;469;474;475;479;480;487;488;491;492;493;494;495;497;538,,444;445;499;500,,346;503
7LSS,1,af2,free,-665.3514431096504,-610.8084979970102,54.542945112640155,-50.979532170960255,-20.871583456521265,30.10794871443899,,339;478,346;502;503,320;367;369;370;372;390;421;472;483;485;490;496,440,439;442;444;445;446;447;451;499;506,371;375;405,351;353;365;381;391;406;420;433;453;456;465;473;480;487;489;491;492;495;497,440,345;439;441;444;445;447;499;500,,346;503
