pdb,antibody,method,constrained,wt_total,om_total,d_total,wt_interface,om_interface,d_interface,tot_stab_mut_close,tot_stab_mut_distal,tot_stab_other_close,tot_stab_other_distal,tot_destab_mut_close,tot_destab_other_close,tot_destab_mut_distal,tot_destab_other_distal,int_destab_mut,int_destab_other,int_stab_mut,int_stab_other
7N8H,4,rpk,cons,-612.7882550897393,-591.8693760918106,20.918878997928687,-40.51121606552397,-31.79407619642074,8.717139869103228,,339;408,,,484;501,446,371;373;375,372,484;493,,,
7N8H,4,rpk,free,-637.2316137061584,-621.9798932082696,15.251720497888869,-44.622778200809414,-41.381742664596274,3.24103553621314,,339;408,,502;508,484;501,446;449,371;373;405,372;434;436;506,484;493,,,486;494
7N8H,4,af2,cons,-614.6886336960131,-513.8693851757458,100.81924852026725,-32.1407847394825,-24.353391347196112,7.787393392286386,,339,486;490;499;500;502,481;518,493;501,446;449;455;456;473;475;487;492;494;495;497,371;373;405,365;372;448;451;453;454;457;471;479;491;506;520;522;538;541,484,449;483;489;490,501,486;499
7N8H,4,af2,free,-657.0293657664013,-612.8919207913241,44.13744497507719,-42.825821121644786,-38.16601312968177,4.659807991963014,,339;478,482;485;487;488;490;500;502,320;338;354;367;390;418;474;518;527,452;493;501,446;448;449;453;455;456;491;492;494;495;497,371;405,356;365;374;377;391;420;442;451;479;480;506;517;519;520;528,493,449;456;483;486;489;490,501,487;488;495;499;503
