pdb,antibody,method,constrained,wt_total,om_total,d_total,wt_interface,om_interface,d_interface,tot_stab_mut_close,tot_stab_mut_distal,tot_stab_other_close,tot_stab_other_distal,tot_destab_mut_close,tot_destab_other_close,tot_destab_mut_distal,tot_destab_other_distal,int_destab_mut,int_destab_other,int_stab_mut,int_stab_other
7LXW,1,af2,cons,-808.0448654993223,-719.7965038262221,88.24836167310025,-30.412337038458254,-7.41547307280398,22.996863965654274,,,20;144;147;246;248,21;41;75;76;79;97;111;153;215;228;229,19,16;140;156;158;242;245;249;250;251;252;253;254;256;258;259,24;25;26,23;32;80;183;255,142,18;140;156;158;244;250;251;252;253;255,,17;144;147;248;254
7LXW,1,af2,free,-890.042135346691,-888.3496467034015,1.6924886432894937,-46.556350658518774,-39.92961004698181,6.626740611536967,,,20;138;154,41;80;95;110;111;119;141;153;180;184;212;222;228;237;256,19,140;144;147;245;249;253;259,25;70,23;68;181;183;214;266;272,19,20;147;244;246;258,,249;251;252;254
