pdb,antibody,method,constrained,wt_total,om_total,d_total,wt_interface,om_interface,d_interface,tot_stab_mut_close,tot_stab_mut_distal,tot_stab_other_close,tot_stab_other_distal,tot_destab_mut_close,tot_destab_other_close,tot_destab_mut_distal,tot_destab_other_distal,int_destab_mut,int_destab_other,int_stab_mut,int_stab_other
7BEL,1,rpk,cons,-512.1530661533716,-490.62042063109027,21.532645522281314,-46.09644151992322,-35.93953472724139,10.15690679268183,,339,,,405;484,455,371;373;375;376,372,405;417;505,,,489
7BEL,1,rpk,free,-543.4886711250601,-527.9016605114377,15.587010613622397,-47.9297858538839,-44.13739182229925,3.7923940315846494,,339,403,356;434,405,492,371;373;375,368;377,405;417;505,,,403;489
7BEL,1,af2,cons,-618.4573024771547,-526.368953418528,92.0883490586267,-39.985628094602085,-27.009668524436623,12.975959570165461,,339,483;485;490;496;500;502,443;518,405;417;493;501;505,453;454;456;457;473;486;487;488;489;492;494;495;506,371;373;375,346;351;365;372;446;449;451;461;469;471;474;479;491;497;520;522;541,417;505,486;487;488;502,498,403;495
7BEL,1,af2,free,-663.9053355280323,-622.044883644512,41.86045188352034,-56.214941112519426,-50.43195204227482,5.782989070244604,,339;478,473;490;500;502;504,338;356;366;367;368;380;390;399;423;466;468;518,405;417;493;501;505,453;454;456;457;487;489;492;495;497;506,371,342;365;374;377;381;391;445;446;448;451;469;472;480;491;517;519;520,405;408;417;493;505,415;456;483;487;489;502,498,403;455;494;495;503;504
