pdb,antibody,method,constrained,wt_total,om_total,d_total,wt_interface,om_interface,d_interface,tot_stab_mut_close,tot_stab_mut_distal,tot_stab_other_close,tot_stab_other_distal,tot_destab_mut_close,tot_destab_other_close,tot_destab_mut_distal,tot_destab_other_distal,int_destab_mut,int_destab_other,int_stab_mut,int_stab_other
7L0N,2,rpk,cons,-535.0371758980089,-515.7794711024889,19.25770479552,-44.054430586801764,-44.21865581254804,-0.16422522574627862,,339,374,,371;375;376,372,405;452;501,496,,,,
7L0N,2,rpk,free,-561.5368079263803,-550.570775349621,10.96603257675929,-56.71297812804319,-56.5370048726443,0.17597325539888686,,339;505,,508,,372;374,371,479,,,,
7L0N,2,af2,cons,-605.3699762535365,-541.9692502697208,63.40072598381573,-36.34855052009588,-28.559548557363936,7.789001962731941,,339,377;384;387;528,421;443;481;483;485;490;502;515,,381,405;477;501,442;445;446;448;451;453;454;455;456;457;465;469;474;475;479;487;489;491;492;493;494;495;497;506,,370;378;381,,429
7L0N,2,af2,free,-663.9205925760238,-632.278755645593,31.641836930430713,-46.18692623343681,-54.243225944822846,-8.056299711386039,,339,,358;367;436;483;490;500;502,,389,371;405;501,368;420;434;442;445;446;448;451;465;479;487;491;492;495;497;506,,,,369;381
