pdb,antibody,method,constrained,wt_total,om_total,d_total,wt_interface,om_interface,d_interface,tot_stab_mut_close,tot_stab_mut_distal,tot_stab_other_close,tot_stab_other_distal,tot_destab_mut_close,tot_destab_other_close,tot_destab_mut_distal,tot_destab_other_distal,int_destab_mut,int_destab_other,int_stab_mut,int_stab_other
7L3N,1,rpk,cons,-1056.244489941936,-1024.376730031651,31.86775991028503,-53.54533410771006,-50.81647799618492,2.7288561115251397,,339,,,371;373;375;452;478;501,372;455,405;417,,478;486,,371,441
7L3N,1,rpk,free,-1186.034966764002,-1181.2390961609835,4.795870603018557,-66.6729007182288,-61.33962743169096,5.333273286537846,,339;408;505,497;436;450;508,369;383;387;395;502,371;452;478;498;440,372;449;489;499,405;501,434,452,449;441,,
7L3N,1,af2,cons,-1223.2078491217783,-1077.2304661724477,145.9773829493306,-44.32482573128563,-34.72142259117092,9.603403140114708,,339,483;485;496;502;481,383;421;364;443;500,452;501,351;446;456;487;489;490;492;494;495;497;506;445;449;453;455;475;488;493,405;477,365;442;448;451;454;457;467;469;474;479;491;374;480;503,452;484,449;481;483;489;490;492,486;501;373,493;495;497
7L3N,1,af2,free,-1331.2641299969719,-1248.5266472239464,82.73748277302548,-78.32554112520782,-37.95847668715028,40.36706443805754,,339,374;436;449;472;483;490;496,320;338;358;367;369;382;390;392;443;468;502;385;407;500,375;452;501;486,445;446;448;453;456;473;480;487;492;493;495;497;506;351;503,405,326;365;368;394;442;451;454;469;471;491;526;353;391;392;402;406;420;434;465,478;484,446;449;481;483;487;488;489;490;493;436;441,,450;495;497
