pdb,antibody,method,constrained,wt_total,om_total,d_total,wt_interface,om_interface,d_interface,tot_stab_mut_close,tot_stab_mut_distal,tot_stab_other_close,tot_stab_other_distal,tot_destab_mut_close,tot_destab_other_close,tot_destab_mut_distal,tot_destab_other_distal,int_destab_mut,int_destab_other,int_stab_mut,int_stab_other
7CWT,1,af2,cons,-879.9811929671932,-857.1542825996437,22.826910367549544,-8.341096055240426,-22.113606250461377,-13.772510195220951,,,145;246;248;252,41;68;69;84;97;108;154;182;215;228;237;263;265,,146;155;156;245;249;250,19;25;26,18;21;55;64;70;71;77;78;80;98;140;181;183;200;202;233;244;258;259,,146,,248;251;252;254
7CWT,1,af2,free,-883.0695630743367,-869.0010191164778,14.068543957858878,-9.998474473286803,-10.282574913452658,-0.28410044016585445,,27,143;152;248,18;41;78;79;84;97;119;138;180;186;222;228;237;252,,146;245;249;250,19;25;26,29;55;67;70;80;92;98;140;156;170;181;221;226;244;254;258;259;261,,144;147,,248;252
