pdb,antibody,method,constrained,wt_total,om_total,d_total,wt_interface,om_interface,d_interface,tot_stab_mut_close,tot_stab_mut_distal,tot_stab_other_close,tot_stab_other_distal,tot_destab_mut_close,tot_destab_other_close,tot_destab_mut_distal,tot_destab_other_distal,int_destab_mut,int_destab_other,int_stab_mut,int_stab_other
7LY2,5,af2,cons,-799.3496827758938,-749.4424652034487,49.90721757244512,-25.27064360028341,-11.239067731055588,14.031575869227822,,,16;21;246;248,97;111;215;228;272,19,18;140;148;158;244;245;249;251;252;253;254;257;258,24;25;26,23;80;160;193;233;259;270,19,148;251;254;256,,16;17;155;248;250;255
7LY2,5,af2,free,-889.2261780124169,-871.1651432665723,18.06103474584461,-46.88926419390187,-20.482264450644337,26.406999743257536,,27,145;246;247;248,66;84;97;138;157;180;222;228;242;265,19,73;77;144;147;149;158;245;249;250;256;258,25;26,23;55;64;78;80;101;170;181;183;221;259;261;301,19,20;73;144;146;147;246;256;258,,17;248;251
