pdb,antibody,method,constrained,wt_total,om_total,d_total,wt_interface,om_interface,d_interface,tot_stab_mut_close,tot_stab_mut_distal,tot_stab_other_close,tot_stab_other_distal,tot_destab_mut_close,tot_destab_other_close,tot_destab_mut_distal,tot_destab_other_distal,int_destab_mut,int_destab_other,int_stab_mut,int_stab_other
7KXJ,3,rpk,cons,-470.63134573910116,-458.5750394851557,12.056306253945479,-40.444107776787895,-36.64053288207829,3.8035748947096053,,408,403,,452;484;498,,371;375;376,446,417;484;505,,,403
7KXJ,3,rpk,free,-509.95086095835,-498.57614014503065,11.374720813319357,-57.14205259525177,-57.84082276822494,-0.6987701729731697,,408,403,,484;498,,371;375;376,504,417;505,,493;501,403
7KXJ,3,af2,cons,-606.7598218208279,-508.4914433262991,98.26837849452886,-38.436914485695375,-37.26766444268177,1.169250043013605,,339,483;485;490;502,443;500;518,405;417;477;493;505,449;453;455;456;457;473;474;475;487;489;491;492;494;495;497,371;373,346;351;365;372;391;442;446;451;454;461;467;469;471;479;506;520;541,417;493;505,421;473;475;483;487;489;492,498;501,403;474;485;486;495;497
7KXJ,3,af2,free,-658.6853272278486,-621.214601582463,37.47072564538553,-43.61317988362373,-62.826322867063645,-19.213142983439916,,339,421;483;486;490;499;502,320;338;367;390;430;443;466;481;500;508;518;528,405;493,449;453;454;455;456;457;487;491;492;495;497,371,351;365;374;377;391;424;445;446;447;448;451;469;479;506;519;520;526,417;493;505,455;483;487;489;492,477;498,403;420;456;475;476;485;486;488;496;497
