pdb,antibody,method,constrained,wt_total,om_total,d_total,wt_interface,om_interface,d_interface,tot_stab_mut_close,tot_stab_mut_distal,tot_stab_other_close,tot_stab_other_distal,tot_destab_mut_close,tot_destab_other_close,tot_destab_mut_distal,tot_destab_other_distal,int_destab_mut,int_destab_other,int_stab_mut,int_stab_other
7RA8,3,rpk,cons,-492.02094123942237,-471.8519299120082,20.169011327414182,-53.806605907128784,-54.49063329885949,-0.6840273917307087,,339,374,,371;375;501,372;502,,449;455,,,,
7RA8,3,rpk,free,-517.2208308104309,-513.9651723464938,3.255658463937152,-59.12926156592559,-58.46332792378533,0.66593364214026,,339,366;384;406,387;389;529,375;501,369;372;434;502,,449,,369,375,
7RA8,3,af2,cons,-615.2689466062968,-601.5823716170887,13.686574989208111,-41.88360640072703,-40.41142918111055,1.4721772196164835,,339;484,372;406,483;485;518,373;501,368;369;374;435,496,342;420;434;436;452;489;499;528,373,369;377,,370;372
7RA8,3,af2,free,-659.4111934375796,-660.8501011992173,-1.4389077616376653,-61.668270785551215,-65.98360809587987,-4.315337310328658,,339;484,369;378;406,390;418;425;451;483;518;527,,374;376,446,332;365;389;427;430;434;448;455;528,375,370;374,373,369;372
