pdb,antibody,method,constrained,wt_total,om_total,d_total,wt_interface,om_interface,d_interface,tot_stab_mut_close,tot_stab_mut_distal,tot_stab_other_close,tot_stab_other_distal,tot_destab_mut_close,tot_destab_other_close,tot_destab_mut_distal,tot_destab_other_distal,int_destab_mut,int_destab_other,int_stab_mut,int_stab_other
7CZZ,1,rpk,cons,-439.771875202772,-420.8817504262222,18.890124776549783,-24.166188422013622,-23.66793565512822,0.498252766885404,,339,,,477,,371;373;375,372,,,,
7CZZ,1,rpk,free,-524.7267611082818,-511.2664587968047,13.460302311477108,-45.30899805321476,-46.48263155138345,-1.173633498168691,,339;408,449,342;347,405;501;505,446;475,371;375,370;524,505,475;486,477,449;453;490
7CZZ,1,af2,cons,-605.936214730501,-508.27591083592495,97.66030389457603,-22.473336313300205,-25.41820374397766,-2.944867430677455,,339,475;483;485;490;502,518,477;484;501,449;453;456;457;473;474;476;479;488;489;494;495;497,371;373;405,346;351;365;372;442;446;451;454;469;471;491;492;506;520;522;541,477;484,456;473;476;489,478;498;501,475;486;487;495
7CZZ,1,af2,free,-662.6623137019717,-623.7703532758233,38.891960426148444,-62.16755395223319,-40.6220526729333,21.54550127929989,,339,474;475;482;490,320;367;369;390;407;436;443;481;499;500;502;518,493,446;449;453;456;457;488;489;492;494;495,405;501,374;377;391;430;445;447;448;451;454;467;468;469;491;497;506;519;520;526,477;484;493,456;473;483;486;489,498,475;495
