pdb,antibody,method,constrained,wt_total,om_total,d_total,wt_interface,om_interface,d_interface,tot_stab_mut_close,tot_stab_mut_distal,tot_stab_other_close,tot_stab_other_distal,tot_destab_mut_close,tot_destab_other_close,tot_destab_mut_distal,tot_destab_other_distal,int_destab_mut,int_destab_other,int_stab_mut,int_stab_other
7KGK,1,rpk,cons,-536.4453681352059,-506.4764535112276,29.968914623978264,-50.425369290348804,-45.04632184041594,5.379047449932862,,339,,,452;484;498,500,371;373;375,372,452;484;498;505,,501,449
7KGK,1,rpk,free,-577.1099934372587,-558.8281934238205,18.281800013438215,-60.31798593946962,-54.4689519786325,5.849033960837126,,339,,367;506,405;452;484,450;455;500;502,371;375,457;467,405;452;484;505,,501,453;490;493
7KGK,1,af2,cons,-612.969239717715,-526.4206300194835,86.54860969823153,-41.49074516168594,-31.291798526891004,10.19894663479494,,339,450;483;485;490;496;502,421;481,405;452;501,403;445;446;448;449;453;455;456;475;487;492;494;495;497,477,351;365;442;451;454;457;467;469;474;479;491;506;538,505,446;449;483;489;494,501,487;502;503
7KGK,1,af2,free,-661.5263589206381,-622.4258351056584,39.10052381497974,-60.9601268611675,-43.205600644399766,17.754526216767736,,339;478,418;485;490;496;499;500;502;503,320;367;369;372;390;422;436;443;481;508;527,405;452,403;445;446;448;449;453;487;489;492;493;495;497,,365;391;394;442;451;465;469;480;491;506;507;528,417;452;498;505,445;446;449;453;483;489;493,486;501,495;499;502;503
