pdb,antibody,method,constrained,wt_total,om_total,d_total,wt_interface,om_interface,d_interface,tot_stab_mut_close,tot_stab_mut_distal,tot_stab_other_close,tot_stab_other_distal,tot_destab_mut_close,tot_destab_other_close,tot_destab_mut_distal,tot_destab_other_distal,int_destab_mut,int_destab_other,int_stab_mut,int_stab_other
7CDI,1,rpk,cons,-515.252409262569,-492.1225768800793,23.129832382489724,-48.7744397953114,-43.087924136656234,5.686515658655168,,339,,,405;501,,371;373;375,,417;486;505,,501,
7CDI,1,rpk,free,-535.3711747666678,-523.628450803343,11.742723963324806,-60.67616780164301,-58.803992485051104,1.8721753165919068,,339,403,367,405;505,449,371;375,,486;505,,501,490
7CDI,1,af2,cons,-614.046474723023,-510.0971218981925,103.94935282483056,-41.74221774340476,-21.96539968044238,19.776818062962377,,339,458;500;502,383;483;485,405;477;478;501;505,449;453;473;474;475;476;479;480;487;493;494;495,452,365;387;389;442;445;446;448;451;467;469;491;492;497;506;538,486;505,403;456;475;476;489;493;502,498,457;487;503
7CDI,1,af2,free,-652.3183212438737,-616.0288884484594,36.289432795414314,-55.25983458859497,-7.7889393776626115,47.470895210932355,,339;484,409;418;483;490;500;502,320;338;367;369;390;422;436;443;472;485;499;527,405;486;501,421;447;453;454;455;456;460;475;487;493;495,452,368;386;391;442;445;446;448;451;467;469;479;491;492;497;506,486;505,415;420;421;453;455;456;460;473;475;487;489;493;502,498,503
