pdb,antibody,method,constrained,wt_total,om_total,d_total,wt_interface,om_interface,d_interface,tot_stab_mut_close,tot_stab_mut_distal,tot_stab_other_close,tot_stab_other_distal,tot_destab_mut_close,tot_destab_other_close,tot_destab_mut_distal,tot_destab_other_distal,int_destab_mut,int_destab_other,int_stab_mut,int_stab_other
7P40,2,rpk,cons,-540.6756246046605,-514.8762563807812,25.79936822387924,-31.00286981261307,-28.873920440362546,2.128949372250524,,339;408,455,,405;484;501,,371;373;375,372,477,,478,
7P40,2,rpk,free,-585.4906867300756,-568.2218646229276,17.268822107148026,-51.855237714448265,-51.00665664161548,0.8485810728327863,,339;408,,407;450,478;493,472;490,371;373;375,342;368;374;384;434;436,478,476;481,484;493,
7P40,2,af2,cons,-597.5017327807722,-459.75501015384725,137.7467226269249,-31.785316924813714,2.7943984666740227,34.57971539148774,,339,455;483;490;496;500;502,518,405;477;478,449;453;456;457;473;474;475;476;479;480;487;489;491;492;495;497,371;373;375,346;351;365;372;446;451;454;461;465;467;469;471;506;520;522;538;541,477;478,474;475;476;481;485;489,493;498;501,455;483;487;495
7P40,2,af2,free,-662.236261853138,-611.4825382287872,50.753723624350755,-70.54338120618986,-47.01507256984994,23.528308636339922,,339,473;481;482;483;490;502,326;358;367;390;407;436;466;500;518,405;477;493;501,420;449;455;456;457;479;487;489;492;494;495;497;503,375,337;353;365;374;377;391;445;446;448;451;454;469;491;506;519;526,477;478;484;493,473;479;483;486;489,498;501,481;495
