pdb,antibody,method,constrained,wt_total,om_total,d_total,wt_interface,om_interface,d_interface,tot_stab_mut_close,tot_stab_mut_distal,tot_stab_other_close,tot_stab_other_distal,tot_destab_mut_close,tot_destab_other_close,tot_destab_mut_distal,tot_destab_other_distal,int_destab_mut,int_destab_other,int_stab_mut,int_stab_other
7CZZ,2,rpk,cons,-434.81936473909,-418.33905213219435,16.480312606895666,-24.81644081662408,-24.724605551466,0.09183526515808182,,339,,,477,,371;373;375;446,369;372,,,,
7CZZ,2,rpk,free,-517.6234283062767,-502.97320133267795,14.650226973598706,-50.820375905706626,-49.74551844055413,1.0748574651524976,,339,,,446;484,487;489;490,371;375,370,505,486;487,477;498,453
7CZZ,2,af2,cons,-610.9703760368695,-611.2110150311805,-0.24063899431098434,-25.20976984435759,-25.637708197874005,-0.4279383535164136,,339;371,483;485;487,367;369;372;406;481;518,477;496;501,489,375;446,365;368;374;434;435;499;528,484,,493,
7CZZ,2,af2,free,-661.2240124920714,-669.321653065278,-8.097640573206604,-52.50333510371638,-52.83760586101658,-0.33427075730019595,,339;371,481;483;485;487,358;369;372;393;406;516;518;528,446;477,479,,374;430;435;444;452;526,477,476,478;493,486
