pdb,antibody,method,constrained,wt_total,om_total,d_total,wt_interface,om_interface,d_interface,tot_stab_mut_close,tot_stab_mut_distal,tot_stab_other_close,tot_stab_other_distal,tot_destab_mut_close,tot_destab_other_close,tot_destab_mut_distal,tot_destab_other_distal,int_destab_mut,int_destab_other,int_stab_mut,int_stab_other
7RKV,1,rpk,cons,-485.7058651285996,-473.79266172258315,11.913203406016464,-48.40965548820567,-47.63400970004968,0.7756457881559911,,339,,,371;375;405,372,484;493;501,,,,,
7RKV,1,rpk,free,-575.0683562311285,-564.808762993201,10.259593237927561,-63.32998972341312,-54.41278750667537,8.91720221673775,,339,378;508,451,371;405,372;374,493;501,,405;408,,,378
7RKV,1,af2,cons,-607.7147841434448,-494.8836465992057,112.83113754423914,-39.77602161919028,-33.15234590821159,6.623675710978688,,339,369;390;427;502,443;483;490;496;518,371;373;375;405,372;379;384;385;407;435;503;506,493;501,346;351;365;442;446;449;451;453;454;455;456;457;461;465;467;469;473;474;475;479;487;491;492;494;495;497;520;522;541,405;408,370;372;428;503,,369;427
7RKV,1,af2,free,-659.9145314439636,-604.8717477977817,55.042783646181874,-67.70696096892117,-61.45007632606633,6.2568846428548355,,339;478,502;508,320;366;367;418;443;458;483;490;499;500;518,371;375;405,385;503;506,493;501,342;353;365;389;391;403;442;445;446;448;449;451;453;467;488;491;492;495;497;519;520;526,405;408,370;372;383;385;428;503,373;375,377;427;508
