pdb,antibody,method,constrained,wt_total,om_total,d_total,wt_interface,om_interface,d_interface,tot_stab_mut_close,tot_stab_mut_distal,tot_stab_other_close,tot_stab_other_distal,tot_destab_mut_close,tot_destab_other_close,tot_destab_mut_distal,tot_destab_other_distal,int_destab_mut,int_destab_other,int_stab_mut,int_stab_other
7K45,1,rpk,cons,-582.1358819306681,-557.425628211063,24.710253719605134,-45.1864032157192,-42.99376627960085,2.1926369361183546,,339,,,493,455,371;373;375;446;501,369;447,493,,,
7K45,1,rpk,free,-590.3038694270847,-584.6612626778991,5.642606749185575,-56.82411503076432,-47.64685686481135,9.17725816595297,,339,,368,478,455;479,371;375;446,370;447;452,478;493,479,,
7K45,1,af2,cons,-611.893541850765,-616.5384579078736,-4.644916057108617,-47.21394820869135,-42.62325050429296,4.590697704398387,,339;371,481;483;485;486,367;369;372;406;518,478;493,455,375;496;501,365;368;420;434;435;528,478,473;483,,486
7K45,1,af2,free,-663.2580392730908,-667.331800415828,-4.073761142737112,-56.94372554789783,-48.27881738500944,8.664908162888388,,339,481;485,369;372;393;406;425;450;451;518;527,493,453;479;483,446,374;434;435;448;452;517;526;528,477;478;484,483,,
