pdb,antibody,method,constrained,wt_total,om_total,d_total,wt_interface,om_interface,d_interface,tot_stab_mut_close,tot_stab_mut_distal,tot_stab_other_close,tot_stab_other_distal,tot_destab_mut_close,tot_destab_other_close,tot_destab_mut_distal,tot_destab_other_distal,int_destab_mut,int_destab_other,int_stab_mut,int_stab_other
7E5R,3,rpk,cons,-374.14014905717863,-351.1337428150743,23.006406242104333,-24.395379089810717,-20.254318748514155,4.141060341296562,,339;408,,,452;484,,371;373;375;405;501,,484;486,,,
7E5R,3,rpk,free,-504.1068921477737,-493.176695857464,10.93019629030971,-48.23210654107181,-42.59090775741736,5.6411987836544455,,373;408,487,360;372;382;454;476;508,452;478;484,456;488,371;375;501,361;366;369;437;439;499;500;506,484;486,483,,493
7E5R,3,af2,cons,-611.5484516167257,-527.1108715490409,84.43758006768485,-20.517692943873758,-12.851555470366087,7.666137473507671,,339,483;485,383;500;502,452;501,446;453;454;455;456;469;487;488;491;492;493;494;495;497,405;477,365;442;448;451;457;461;465;467;474;475;479;506;538,484,470;481;490,498,
7E5R,3,af2,free,-657.9940616446033,-615.7059848033809,42.28807684122239,-44.069582264552636,-40.942550414970974,3.1270318495816625,,339,482;483;485,320;338;347;358;367;369;389;390;436;443;499;500;502,452;484,446;447;449;455;456;469;479;487;491;492;495;497,375;405;501,326;357;368;394;430;442;445;448;451;454;465;506;528,484,449;472;481;483;490,,482;485;493;494;495
