pdb,antibody,method,constrained,wt_total,om_total,d_total,wt_interface,om_interface,d_interface,tot_stab_mut_close,tot_stab_mut_distal,tot_stab_other_close,tot_stab_other_distal,tot_destab_mut_close,tot_destab_other_close,tot_destab_mut_distal,tot_destab_other_distal,int_destab_mut,int_destab_other,int_stab_mut,int_stab_other
7K9H,1,rpk,cons,-730.202364022758,-82.45920641947404,647.743157603284,-44.35284847845203,-29.628392822065578,14.724455656386453,,339,,,375;405;452;486;498,406;453;495;404;449;456;475;489;491;492;508,371;373;501,322;324;326;327;329;336;347;348;350;353;358;361;367;368;372;382;395;399;400;402;403;407;410;418;422;423;437;439;448;451;463;464;466;497;506;511;512;515;524;528;531;534;537;538;541;364;369;374;377;384;389;398;434;435;457;473;509;533,486,449;489,,
7K9H,1,rpk,free,-919.7603999188079,-925.807100129393,-6.0467002105850725,-87.70556195525202,-60.021233795182525,27.684328160069498,,339;373,418;453;472,364;374;385;407;434;436;439;497;508;368;474,452;484,415;420;427;449;455;506,371,338;366;372;429;365;374;434;512,408;417;484;486,415;420;421;427;453;493;503;504;449,505;498,487;494
7K9H,1,af2,cons,-1209.4511320552583,-1058.8914361721504,150.5596958831079,-38.49069273806071,-14.416636721262565,24.074056016798146,,339,406;481;483;485;490;496;502;500;508,383;443,405;452;501;484,445;446;453;488;492;494;495;497;506;456,477,365;403;442;448;451;454;457;465;467;469;474;475;479;480;487;491;420,408;484;486,449;483;489;490;494,501,506;495
7K9H,1,af2,free,-1317.742245103221,-1234.907025670469,82.83521943275196,-59.938504420911094,-62.1496828336325,-2.2111784127214023,,339,413;421;455;475;483;490;499;502;472;481,320;338;368;369;390;407;430;443;527;347;358;367;374;436;500;508,405;501;486,424;445;446;454;457;487;491;492;495;497;406;420;453;455;456;474;489;494;503,375,332;356;365;391;402;442;448;451;465;471;506;528;368;467;479,408;505;484,502;504;449;482;483;487;489;490;493;494,477;478;486;498;501,413;420;455;456;475;487;495;499
