pdb,antibody,method,constrained,wt_total,om_total,d_total,wt_interface,om_interface,d_interface,tot_stab_mut_close,tot_stab_mut_distal,tot_stab_other_close,tot_stab_other_distal,tot_destab_mut_close,tot_destab_other_close,tot_destab_mut_distal,tot_destab_other_distal,int_destab_mut,int_destab_other,int_stab_mut,int_stab_other
7MY2,3,rpk,cons,-280.53559414054604,-254.52013273363193,26.015461406914113,-28.42269649190277,-21.47576281787738,6.946933674025388,,,436;437,402;406;506,371;373;375;405,372,484;493,,376;408,,,
7MY2,3,rpk,free,-442.9815824120903,-435.5959636577926,7.385618754297695,-30.864706421757806,-32.11735275712028,-1.2526463353624742,,,374;380,340;347;410;420;443;488;489;490;515;526,371;375;376;405,414;508,484,365;402;406;474;480;487,376;408;505,378,371,379;504
7MY2,3,af2,cons,-605.1474709640827,-515.378036965656,89.76943399842673,-19.44495988828286,-14.243713433997943,5.201246454284917,,339,369;437;502,367;443;483;490;496;518,371;375;405,370;503;504;506,501,346;351;365;442;446;449;451;453;454;455;456;457;459;461;467;469;471;473;474;475;479;487;491;492;494;495;497;520;522;541,376;408,503;504,373;375,369;374
7MY2,3,af2,free,-658.8193118314523,-613.0006326440307,45.818679187421594,-38.93548270796214,-29.361651961193804,9.573830746768333,,339;478,380;502;508,338;366;367;368;390;421;443;458;483;490;499;500;518;541,376;405,379;381;503;504;506,371;493;501,342;365;391;442;445;446;447;448;449;451;453;454;465;480;491;492;495;497;519;520;526,376;405;408,378;379;503;504,,374;414;508
