pdb,antibody,method,constrained,wt_total,om_total,d_total,wt_interface,om_interface,d_interface,tot_stab_mut_close,tot_stab_mut_distal,tot_stab_other_close,tot_stab_other_distal,tot_destab_mut_close,tot_destab_other_close,tot_destab_mut_distal,tot_destab_other_distal,int_destab_mut,int_destab_other,int_stab_mut,int_stab_other
7D6I,1,rpk,cons,-509.10141089042025,-486.58658167023225,22.514829220188005,-30.489037382268357,-32.6919994425522,-2.202962060283845,,339,,,371;373,372,405;501,,,370,,414
7D6I,1,rpk,free,-545.4807693157544,-534.215170668987,11.265598646767444,-50.531952496283935,-41.7865438205413,8.745408675742638,,339,508,344;351;403;454;502,371;373,372;377;378,452;501,434;446;490;506,375;408,378,373;376,372
7D6I,1,af2,cons,-609.8578951471187,-535.9365342583471,73.92136088877157,-25.847306294965083,-18.301181497452394,7.5461247975126895,,339,,481;483;485;490;500;502,,372,405;452;477;501,365;442;446;448;451;453;454;456;457;461;465;467;469;474;475;479;480;487;488;491;492;494;495;497;506;538,376,370;372;383,,369
7D6I,1,af2,free,-657.7108106653786,-609.0648730469393,48.64593761843935,-41.22965051230883,-41.551998512501314,-0.3223480001924841,,339,366;374;435,342;367;418;443;472;483;490;499;500;502,405,370;506,,351;353;365;389;391;402;403;430;442;445;446;447;448;451;453;456;466;471;479;480;487;491;492;495;497;516,371,370;372,373;375,368;374;508
