pdb,antibody,method,constrained,wt_total,om_total,d_total,wt_interface,om_interface,d_interface,tot_stab_mut_close,tot_stab_mut_distal,tot_stab_other_close,tot_stab_other_distal,tot_destab_mut_close,tot_destab_other_close,tot_destab_mut_distal,tot_destab_other_distal,int_destab_mut,int_destab_other,int_stab_mut,int_stab_other
6XE1,1,rpk,cons,-565.218045966968,-557.1912199398425,8.02682602712548,-44.608682570774484,-41.37101484257942,3.2376677281950634,,339;373,,,405;417;493;501,,371,,417;505,,501,
6XE1,1,rpk,free,-593.4958598962749,-587.0608236305968,6.435036265678036,-65.8417814766708,-67.7649527324117,-1.9231712557408969,,339;373,486;502,508,405;417;493,473;489,484,511,417;505,455,493;501,453;486
6XE1,1,af2,cons,-616.3735153170871,-457.5247389195943,158.84877639749283,-46.39419263695838,4.701643937239165,51.09583657419755,,339,489;490;496;500;502,483;518,405;417;477;478;493;498;505,449;453;454;455;456;457;459;473;474;475;476;479;480;486;487;488;494;495,371;373;452,346;351;365;372;446;451;467;469;491;492;497;506;520;522;541,417;477;478;493;505,455;474;475;476;486,501,457;495;503
6XE1,1,af2,free,-658.7438907650642,-617.5883318276103,41.15555893745386,-60.71773409569648,-17.733807916837886,42.983926178858596,,339,473;474;490;500;502,320;363;367;369;390;407;436;437;482;483;485;499;518;527,405;493;501;505,403;406;447;449;453;454;455;475;487;495;497,,374;377;391;435;446;448;451;467;469;480;491;492;506;517;519;540,405;417;493;505,403;415;420;421;453;455;456;460;473;475;476;486;502,498,503
