pdb,antibody,method,constrained,wt_total,om_total,d_total,wt_interface,om_interface,d_interface,tot_stab_mut_close,tot_stab_mut_distal,tot_stab_other_close,tot_stab_other_distal,tot_destab_mut_close,tot_destab_other_close,tot_destab_mut_distal,tot_destab_other_distal,int_destab_mut,int_destab_other,int_stab_mut,int_stab_other
7JMW,1,rpk,cons,-524.128961429816,-506.4264603342247,17.70250109559123,-45.05507247936036,-42.425546527127,2.629525952233365,,339,,,371;373,372,501,,408,,,
7JMW,1,rpk,free,-550.351491423063,-534.5383852352286,15.813106187834364,-43.586853886255646,-42.94682537571089,0.6400285105447594,,339,,,371;373,369;374,,337,408,,,377
7JMW,1,af2,cons,-614.1269141108588,-524.4835203953651,89.64339371549374,-34.06150422583482,-29.346305967331688,4.715198258503129,,339,,443;483;490;496;500;502;518,371;373;405,372;374;414,452;501,346;351;365;446;449;451;453;454;456;457;467;469;471;473;475;479;487;491;492;494;495;497;506;520;522;541,408,374;429,,
7JMW,1,af2,free,-659.244884473152,-611.3869499590687,47.85793451408324,-44.29761181203871,-41.39757735970779,2.900034452330921,,339;478,380,354;367;443;458;483;490;499;500;502;518;528,371;405,374,493;501,365;391;425;442;445;446;448;449;451;453;454;465;469;480;487;491;492;495;497;506;517;519;520;526,408,374,,369;377
