pdb,antibody,method,constrained,wt_total,om_total,d_total,wt_interface,om_interface,d_interface,tot_stab_mut_close,tot_stab_mut_distal,tot_stab_other_close,tot_stab_other_distal,tot_destab_mut_close,tot_destab_other_close,tot_destab_mut_distal,tot_destab_other_distal,int_destab_mut,int_destab_other,int_stab_mut,int_stab_other
7CHO,2,rpk,cons,-509.22580312485405,-485.6469019902355,23.578901134618548,-49.56110015358802,-49.96223816962693,-0.40113801603890664,,339,403,,405;501,,371;373;375,372,405;417,,478;493,
7CHO,2,rpk,free,-542.035752270702,-519.6028110238323,22.432941246869746,-56.869854408676716,-53.4930299641664,3.376824444510312,,339,403,436;449,405,,371;373;375;484,363;372,405;417;505,,478;501,
7CHO,2,af2,cons,-611.319682438897,-471.1416410685994,140.17804137029754,-42.8632171171505,0.5182660317348233,43.38148314888532,,339,481;485;490;496;500;502,483;518,405;417;477;478;493;501,453;454;456;457;473;474;475;476;479;480;487;488;494;495,371;373;375,346;351;365;372;446;449;451;467;469;491;492;497;506;520;522;538;541,405;477;478;493;505,455;456;473;474;475;476;479;486;489,498,457
7CHO,2,af2,free,-660.588211671102,-623.2170207117676,37.3711909593344,-55.38584116466964,-35.98867857136217,19.39716259330747,,339,486;490;500;502,338;358;367;369;389;390;407;436;466;483;518,405;493;501,454;455;456;457;475;489;492;495,,346;374;391;430;442;445;446;451;469;479;491;497;506;519;520;528,493;505,420;421;455;456;457;473;475;489;502,477;498,486;503
