pdb,antibody,method,constrained,wt_total,om_total,d_total,wt_interface,om_interface,d_interface,tot_stab_mut_close,tot_stab_mut_distal,tot_stab_other_close,tot_stab_other_distal,tot_destab_mut_close,tot_destab_other_close,tot_destab_mut_distal,tot_destab_other_distal,int_destab_mut,int_destab_other,int_stab_mut,int_stab_other
7LD1,3,rpk,cons,-244.2579452145901,-226.04003095803444,18.217914256555673,-50.1117406678394,-43.722601513627794,6.389139154211605,,339,,,371;373;375;405;501,372,452,,405;408,,,
7LD1,3,rpk,free,-397.63476027569345,-387.35417177851025,10.280588497183203,-59.3865949347763,-50.422965986173466,8.963628948602832,,339,415,355;367;389;400;403;465;491;495;497;524,371;405;501,369;372;377;414;435;502,498,350;351;365;398;422;423;427;438;446;464;492;510;512,405;408,369;372;374;377;414,375;501,415;506
7LD1,3,af2,cons,-609.1879911791823,-519.894244814052,89.29374636513035,-40.24538605726319,-17.294467097470132,22.950918959793057,,339,500;502,443;481;483;485,375;405;501,369;374;503;506,477,442;446;448;451;453;454;455;456;457;467;469;474;475;479;480;487;488;491;492;493;494;495;497,405;408,503;506,,
7LD1,3,af2,free,-648.8884996918266,-608.5428194100426,40.345680281783984,-39.17094162606533,-30.106812341126506,9.064129284938822,,339,369;378;382,320;338;358;367;390;421;436;443;483;490;500,405,368;377;414;503;506,501,326;351;424;442;445;446;448;451;453;454;465;471;487;491;492;495;497;528,376;405;408,372;380;412;414;503,373;375,378
