pdb,antibody,method,constrained,wt_total,om_total,d_total,wt_interface,om_interface,d_interface,tot_stab_mut_close,tot_stab_mut_distal,tot_stab_other_close,tot_stab_other_distal,tot_destab_mut_close,tot_destab_other_close,tot_destab_mut_distal,tot_destab_other_distal,int_destab_mut,int_destab_other,int_stab_mut,int_stab_other
7N3I,1,rpk,cons,-539.6330664580535,-526.2146483053708,13.418418152682648,-50.273371547018336,-50.48929043676617,-0.21591888974783302,,339,,,484,,371;375;446,,505,,501,
7N3I,1,rpk,free,-567.0119295961132,-557.6925175861068,9.319412010006431,-58.98923921475308,-60.08905077334578,-1.0998115585927053,,339;373,,452,484,490,375;446,,,,501,
7N3I,1,af2,cons,-606.8351404628208,-615.001714155286,-8.166573692465136,-41.11181124599737,-43.10213936325242,-1.9903281172550464,,339;371,403;483,367;369;372;485;518,493;501,490;494,375,365;368;374;434;435,505,,501,
7N3I,1,af2,free,-657.3264536465801,-658.0640857571939,-0.7376321106137311,-67.93981140688743,-62.14949541745767,5.790315989429757,,339;371,406;485;488,369;372;389;450;451;516;518;527,493;496,455;486,,332;356;374;430;435;448;452;528,417;484;493,486;490;495,501,500
