pdb,antibody,method,constrained,wt_total,om_total,d_total,wt_interface,om_interface,d_interface,tot_stab_mut_close,tot_stab_mut_distal,tot_stab_other_close,tot_stab_other_distal,tot_destab_mut_close,tot_destab_other_close,tot_destab_mut_distal,tot_destab_other_distal,int_destab_mut,int_destab_other,int_stab_mut,int_stab_other
7LY2,6,rpk,cons,-605.6796456289469,-583.4135204938285,22.266125135118386,-46.99660092766335,-36.81455238379792,10.182048543865434,,339;408,,,501,446,371;373;375;405,372,484;493,,,
7LY2,6,rpk,free,-624.4075427231066,-615.6300430469295,8.777499676177172,-49.727282411184724,-47.59930698446109,2.127975426723637,,339;408,453;495,451;502;508,501,446;455,371;373;405,372;374;434;506,484;493,,,494;495
7LY2,6,af2,cons,-613.4146516770176,-504.10285299726286,109.3117986797547,-34.576682168380174,-22.324182943510635,12.252499224869538,,339,486;496;500;502,481;518,493;501,446;448;449;456;473;475;487;491;492;494;495;497,371;373;405,346;351;365;372;451;454;457;469;471;479;506;520;522;538;541,493,449;483;489;490;494,501,486;499
7LY2,6,af2,free,-656.1789104015177,-606.5265245370981,49.65238586441956,-45.09091973830056,-43.93507691779572,1.1558428205048443,,339;477;478,482;485;490;500;502,320;354;367;369;390;407;436;437;518;527,452;493;501,403;446;448;449;455;456;472;473;475;487;492;495;497,405,374;377;386;391;435;442;451;454;457;469;471;480;491;506;519;520;528,484;493,449;483;490,501,485;488;494;495;499
