pdb,antibody,method,constrained,wt_total,om_total,d_total,wt_interface,om_interface,d_interface,tot_stab_mut_close,tot_stab_mut_distal,tot_stab_other_close,tot_stab_other_distal,tot_destab_mut_close,tot_destab_other_close,tot_destab_mut_distal,tot_destab_other_distal,int_destab_mut,int_destab_other,int_stab_mut,int_stab_other
7CWU,4,rpk,cons,-408.1061475833079,-392.86331159029254,15.242835993015376,-42.16879862186079,-44.83657292421688,-2.6677743023560936,,,,497;506,446,455;456,373,372,,,478;493,
7CWU,4,rpk,free,-523.2779010571676,-520.907745206243,2.3701558509245615,-54.65767497546882,-48.47708194567735,6.180593029791474,,373,,340;342;347;367;368;369;372;374;418;420;424;434;436;497;506,446;493;498,449;450;456,371;375,338;365;382;387;388;499;502;508;526,484;493,450;486,446;478,487
7CWU,4,af2,cons,-611.9009170758975,-618.5358777355052,-6.634960659607714,-32.836919346632826,-33.654028666778515,-0.8171093201456898,,339;371,483;485;486,367;369;372;406;518,493;496,455;494,375;501,365;368;374;420;434;435;528,484,481,,483;485;486
7CWU,4,af2,free,-660.0802543924738,-665.4603909549216,-5.380136562447888,-44.18130792888373,-59.08009389331934,-14.898785964435604,,339;371;375,451;483;485,406;518,,447,,365;374;392;435;453;526,,481,446;493,449;483;485;489
