pdb,antibody,method,constrained,wt_total,om_total,d_total,wt_interface,om_interface,d_interface,tot_stab_mut_close,tot_stab_mut_distal,tot_stab_other_close,tot_stab_other_distal,tot_destab_mut_close,tot_destab_other_close,tot_destab_mut_distal,tot_destab_other_distal,int_destab_mut,int_destab_other,int_stab_mut,int_stab_other
7CZS,2,rpk,cons,-436.479213202577,-412.34916937938976,24.130043823187236,-38.82466127941047,-33.58214772243787,5.242513556972604,,339,,,493,,371;373;375,372,505,,,
7CZS,2,rpk,free,-531.4184600132826,-512.6975758275444,18.720884185738214,-57.13239252778391,-56.93030746611863,0.2020850616652794,,339,496,351;374;386;508,405;484;493,487;490;506,371;375,370,505,487,478;493;501,496
7CZS,2,af2,cons,-601.4186678997976,-489.9886596206617,111.4300082791359,-28.96886237315828,-18.60564238074194,10.36321999241634,,339,476;490;500;502,483;518,405;417;477;478;501;505,449;453;454;456;457;473;474;479;487;488;489;494;495;503;504;506,371;373;452,351;365;372;446;451;465;469;471;491;492;497;520;522;541,417;505,455;487;503,,486
7CZS,2,af2,free,-660.5925154453696,-605.4763285196364,55.116186925733246,-57.68196035398718,-37.421415970613594,20.260544383373585,,339,474;476;483;485;490;500,326;363;367;390;401;482;518,405;493;501,406;446;449;453;455;456;475;486;487;495;506,371;452,357;365;374;377;391;430;445;448;451;472;491;492;497;519;520;526;540,493;501;505,406;455;456;473;475;486;489,477;478,476;503
