pdb,antibody,method,constrained,wt_total,om_total,d_total,wt_interface,om_interface,d_interface,tot_stab_mut_close,tot_stab_mut_distal,tot_stab_other_close,tot_stab_other_distal,tot_destab_mut_close,tot_destab_other_close,tot_destab_mut_distal,tot_destab_other_distal,int_destab_mut,int_destab_other,int_stab_mut,int_stab_other
6ZCZ,2,rpk,cons,-533.7135448682743,-530.9149496968565,2.7985951714177872,-56.097708922312144,-56.380589563675564,-0.2828806413634197,,339;446;496,,,,,373;484;501,,,,,
6ZCZ,2,rpk,free,-563.0412595133612,-561.228523206204,1.812736307157138,-59.0021456689491,-57.976435395581035,1.0257102733680625,,339;446;496,,,,,371;373;484,490;499,,,,
6ZCZ,2,af2,cons,-616.899137360851,-621.4790190765859,-4.579881715734928,-48.24480018849258,-55.21609738972094,-6.97129720122836,,339,367;372;518,406;451;483;485,375,,496;501,434;435;452,,369,,372;378
6ZCZ,2,af2,free,-660.2086167113418,-664.1652558278977,-3.9566391165558343,-60.826488161280956,-61.05389968895511,-0.22741152767415684,,339,372;384;386;518,406;483;527,,374;391;515,446,332,,382;383;385,,372;377;414
