pdb,antibody,method,constrained,wt_total,om_total,d_total,wt_interface,om_interface,d_interface,tot_stab_mut_close,tot_stab_mut_distal,tot_stab_other_close,tot_stab_other_distal,tot_destab_mut_close,tot_destab_other_close,tot_destab_mut_distal,tot_destab_other_distal,int_destab_mut,int_destab_other,int_stab_mut,int_stab_other
7BEN,2,rpk,cons,-451.49503098249687,-433.65144183244297,17.8435891500539,-42.309453701654625,-41.97131562268581,0.338138078968818,,339,,406,478,,371;375;446;501,372,,,,
7BEN,2,rpk,free,-493.86206478213836,-481.9866993933387,11.87536538879965,-44.22198615751973,-43.8106430626206,0.4113430948991308,,339,,368;406;502;508,484;493,490,371;375;446;501,369;372;374;452;506,,,,
7BEN,2,af2,cons,-614.4556145496498,-614.7011247548294,-0.24551020517958477,-35.905063502860806,-37.84159907616492,-1.9365355733041127,,339;371,481;483;485,367;369;372;406;518,478,,375;496;501,365;368;374;434;435;452;528,,487,,
7BEN,2,af2,free,-658.4047778798708,-662.9516978099589,-4.546919930088052,-48.623575344399896,-44.251066524072115,4.372508820327781,,339;371,483;485,369;372;406;451;518;528,478;493,479,446;496;501,374;430;435;448;526,478;484,,477,
