pdb,antibody,method,constrained,wt_total,om_total,d_total,wt_interface,om_interface,d_interface,tot_stab_mut_close,tot_stab_mut_distal,tot_stab_other_close,tot_stab_other_distal,tot_destab_mut_close,tot_destab_other_close,tot_destab_mut_distal,tot_destab_other_distal,int_destab_mut,int_destab_other,int_stab_mut,int_stab_other
7L2E,3,af2,cons,-787.0442501537921,-777.0781804262972,9.966069727494869,-9.806605082854167,-12.371909658703238,-2.565304575849071,,67;95,18;19;75;77;138;154;248;253,21;22;29;76;97;111;124;213;nan;215;216;229;260;261,142;143,17;20;141;146;150;151;152;153;156;246;249;251;254;255;256;257,212,23;100;187;210;233,,17;146;147;156;158;246;256,143,19;150;154;247;249;257
7L2E,3,af2,free,-897.9270898338534,-883.0860186406392,14.841071193214248,-19.3600220095134,-32.02193675279571,-12.66191474328231,,67;95,18;19;147;248,24;75;77;94;111;121;154;186;213;nan;215;216;222;260;272,142;143;144,17;21;146;151;153;253;255;257,70;212,72;84;85;98;100;119;152;179;189;221;229;245;249;259;262;269,144,,,20;154;158;249;254;258
