pdb,antibody,method,constrained,wt_total,om_total,d_total,wt_interface,om_interface,d_interface,tot_stab_mut_close,tot_stab_mut_distal,tot_stab_other_close,tot_stab_other_distal,tot_destab_mut_close,tot_destab_other_close,tot_destab_mut_distal,tot_destab_other_distal,int_destab_mut,int_destab_other,int_stab_mut,int_stab_other
7N0G,1,rpk,cons,-534.0504786615423,-514.6154071823673,19.435071479175008,-45.796928107162195,-44.41695509130558,1.3799730158566135,,339,,367,,,371;373;375;376,372,505,,498,
7N0G,1,rpk,free,-600.8195320800285,-589.1088663384844,11.710665741544062,-60.591034408256974,-54.86805663849133,5.722977769765642,,339,453,366,484,455,371;375,,484;505,,,
7N0G,1,af2,cons,-599.2793157835576,-509.7172589675971,89.56205681596055,-35.10176348865237,-32.11777714858449,2.9839863400678794,,339,481;482;483;485;496;502,518,405;493,346;351;448;449;453;455;456;470;471;489;491;492;494;495;497;499;506,371;373,365;372;442;451;454;457;461;473;479;487;520;522;541,,449;453;470;483;490;494,484;498;501,446;495;502;503
7N0G,1,af2,free,-661.2085815862364,-615.4571951981457,45.75138638809074,-57.88411938527211,-47.93462065247013,9.949498732801977,,339;478,418;482;483;485;499;500;502,338;354;367;380;390;422;443;508;518,405;417;452;493,446;447;448;449;455;456;470;492;494;495;497;506,371,342;365;374;377;391;425;442;451;467;517;519;520;526,417;452;505,449;470;481;490;494,498;501,445;453;482;495;500;502;503;504
