pdb,antibody,method,constrained,wt_total,om_total,d_total,wt_interface,om_interface,d_interface,tot_stab_mut_close,tot_stab_mut_distal,tot_stab_other_close,tot_stab_other_distal,tot_destab_mut_close,tot_destab_other_close,tot_destab_mut_distal,tot_destab_other_distal,int_destab_mut,int_destab_other,int_stab_mut,int_stab_other
7ND4,2,rpk,cons,-538.2551677533862,-523.4037111874597,14.851456565926469,-39.80993198861704,-32.24877181089299,7.561160177724048,,339,,,405;501,,371;373,372,405;417;486;505,,501,
7ND4,2,rpk,free,-586.9688089534905,-575.2202597871262,11.748549166364228,-48.91872564775821,-56.455158977815245,-7.5364333300570365,,339,403;502,367;508,405;484;501,490,371,369;385;402;506,486;505,502,498,403;415;489;500;503
7ND4,2,af2,cons,-618.7770187171354,-540.838486902882,77.93853181425345,-39.07435755518832,-27.544573274101417,11.529784281086904,,339,483;485;490;500;502,347;481,405;417;501;505,453;454;456;457;487;488;492;494;495;497,452,365;442;445;446;448;449;451;461;465;467;469;474;479;491;506,417;501;505,487;489;502,498,495
7ND4,2,af2,free,-661.2960752304937,-623.8193984465412,37.476676783952485,-55.29815995738544,-53.61068177781362,1.6874781795718192,,339,403;415;421;455;490;500;502;504,320;338;347;358;367;369;372;374;390;436;466;481,405;417;486;498;501;505,420;453;456;457;487;488;489;492;495;497;506,375,368;442;445;446;451;469;480;491;507,405;417;484;501;505,483;489;502,477;478;498,403;415;475;476;495;503;504
