pdb,antibody,method,constrained,wt_total,om_total,d_total,wt_interface,om_interface,d_interface,tot_stab_mut_close,tot_stab_mut_distal,tot_stab_other_close,tot_stab_other_distal,tot_destab_mut_close,tot_destab_other_close,tot_destab_mut_distal,tot_destab_other_distal,int_destab_mut,int_destab_other,int_stab_mut,int_stab_other
6Z43,3,rpk,cons,-570.8938347092623,-546.9293215016262,23.96451320763606,-41.308125779232455,-34.79113969136169,6.516986087870762,,339;408,,,452;484,455,371;373;375;405;501,372,452;484,444,,
6Z43,3,rpk,free,-605.5200615585384,-589.5690137253705,15.951047833167877,-44.7943672904714,-43.47840788604145,1.3159594044299467,,339;408,,364;366;434;508,484,455;492,371;373;375;405;501,335;372;377;497,484,,,490
6Z43,3,af2,cons,-612.4395941892717,-522.2732395356816,90.16635465359013,-33.391711620363814,-7.952752082638523,25.438959537725292,,339,450;481;483;485;502,383;443;500,452,446;448;449;455;456;487;488;489;490;491;492;494;495;497,405;477,351;352;365;442;451;454;457;467;469;474;475;479;480;506,,449;483;489;490;494;497;499,498;501,445
6Z43,3,af2,free,-661.0455297641442,-614.3838840419478,46.661645722196454,-38.59482602146209,-22.884686287696816,15.710139733765274,,339;478,472;485;499,320;338;347;367;369;390;421;423;436;443;500;502;527,,446;449;456;473;488;491;492;493;494;495;497,375;405,356;365;368;391;392;442;448;451;454;457;461;467;506;525;528,452;484,449;483;489;490;493,486;501,445;487;494;495
