pdb,antibody,method,constrained,wt_total,om_total,d_total,wt_interface,om_interface,d_interface,tot_stab_mut_close,tot_stab_mut_distal,tot_stab_other_close,tot_stab_other_distal,tot_destab_mut_close,tot_destab_other_close,tot_destab_mut_distal,tot_destab_other_distal,int_destab_mut,int_destab_other,int_stab_mut,int_stab_other
6XC3,1,rpk,cons,-537.6684957496009,-504.0868729387747,33.58162281082616,-70.19813658267205,-58.191686108952325,12.006450473719724,,339,403,,405;417;498;501;505,,371;373;375,372;499,417;493;505,,,403
6XC3,1,rpk,free,-551.8939960061758,-541.0421499579325,10.851846048243374,-77.31493747693433,-61.053970446655256,16.260967030279076,,339,403;406;473;487;492,377;491,405;498;501;505,490;495,371;373;375,342;368;369;450;472,417;493;505,420;456;489,501,403;415
6XC3,1,af2,cons,-615.8872681703228,-474.1386856321245,141.74858253819832,-60.40420660088036,-4.66507648513303,55.73913011574733,,339,481;486;490;496;500;502,483;518,405;417;477;478;493;498;501;505,449;454;455;456;457;473;474;475;476;479;487;488;489;492;494;495;497,371;373;452,346;351;365;372;391;442;445;446;451;467;469;491;506;520;538;541,408;417;477;478;493;505,421;456;473;474;475;476;489;502,498,486;495;503
6XC3,1,af2,free,-664.7943481248317,-620.7483536744675,44.04599445036422,-77.03563592438991,-16.93334142627854,60.10229449811136,,339,485;488;490;500;502,356;367;369;389;390;407;436;443;450;508;518;527,405;417;493;501;505,403;406;446;447;448;449;453;455;460;475;487;495;497;506,,368;374;386;391;435;445;451;467;468;479;491;492;519;520;528,417;484;493;501;505,403;415;420;421;453;455;456;460;473;475;476;489;496;500;502,498,503
