pdb,antibody,method,constrained,wt_total,om_total,d_total,wt_interface,om_interface,d_interface,tot_stab_mut_close,tot_stab_mut_distal,tot_stab_other_close,tot_stab_other_distal,tot_destab_mut_close,tot_destab_other_close,tot_destab_mut_distal,tot_destab_other_distal,int_destab_mut,int_destab_other,int_stab_mut,int_stab_other
7L2F,2,af2,cons,-821.0590974519303,-787.7958421974138,33.26325525451648,-8.78837363802165,-7.923951447405283,0.8644221906163665,,67;95,19,18;21;22;29;75;76;77;79;97;111;124;138;213;nan;215;216;260;272,142;143,20;140;141;147;150;151;153;156;246;254;256;257,212,23;152;179;210;229;245;249;255;259,144,146;246,,147;154;254
7L2F,2,af2,free,-882.5951347265225,-887.5636715295839,-4.968536803061397,-10.03488282467153,-25.090610638937157,-15.055727814265627,,67;95,19;156;158,18;50;76;77;84;94;114;119;121;124;154;170;182;186;213;nan;215;216;222;229;235;248,142;144,17;20;146;151;152;153;243;246;249;258,70;143;212,23;66;98;99;100;191;255;257;262,144,155,,19;147;156;158;254;256
