pdb,antibody,method,constrained,wt_total,om_total,d_total,wt_interface,om_interface,d_interface,tot_stab_mut_close,tot_stab_mut_distal,tot_stab_other_close,tot_stab_other_distal,tot_destab_mut_close,tot_destab_other_close,tot_destab_mut_distal,tot_destab_other_distal,int_destab_mut,int_destab_other,int_stab_mut,int_stab_other
7JWB,2,rpk,cons,-645.4833200250562,-610.2621500895696,35.221169935486614,-48.67276799625443,-40.20730276063052,8.46546523562391,,339;408,,,405;484;498;501,446;455,371;373;375;376,372,484;498;501,,,494
7JWB,2,rpk,free,-666.6075116841574,-652.9733879427756,13.634123741381813,-47.718854326420896,-42.929020535982666,4.78983379043823,,339;408,,436,405;484;498,446;455;456,371;375,368,484;498;501;505,,,494
7JWB,2,af2,cons,-590.0225418344548,-499.33519579449205,90.68734603996279,-30.39367870154765,-31.038709239227167,-0.6450305376795171,,339;478,485;486;490;496;502,383;518,405;498;501;505,446;455;456;457;473;474;475;487;492;494;495;497;503,371;373,346;351;365;372;387;448;451;465;467;469;471;479;491;506;520;541,484;493;505,456;473;503,501,486;494;495;499
7JWB,2,af2,free,-653.6144648855837,-629.7590428579099,23.855422027673853,-43.84282768104504,-64.3468570513198,-20.504029370274765,,478,421;450;473;476;490;496;499;500;502,338;356;358;367;390;399;407;436;437;458;466;518;528;541,405;493;501;505,403;453;454;492;495;497,,365;374;377;391;430;445;446;448;451;457;469;480;491;506;519;520;526,505,449;456;483;489,484;493;498,450;455;476;487;495;499;503
