pdb,antibody,method,constrained,wt_total,om_total,d_total,wt_interface,om_interface,d_interface,tot_stab_mut_close,tot_stab_mut_distal,tot_stab_other_close,tot_stab_other_distal,tot_destab_mut_close,tot_destab_other_close,tot_destab_mut_distal,tot_destab_other_distal,int_destab_mut,int_destab_other,int_stab_mut,int_stab_other
7ORB,3,rpk,cons,-511.75204543636414,-502.68138959014186,9.07065584622228,-41.11115789224358,-40.550646478674054,0.5605114135695288,,339;408,,,484,,371;375;405;501,372,,,,
7ORB,3,rpk,free,-543.9376625233988,-531.3736970364381,12.563965486960683,-46.327830114036765,-42.0904258051062,4.237404308930564,,339,,369,484,,371;375;405,372,452,346,,
7ORB,3,af2,cons,-611.4714073018732,-506.8904431070455,104.58096419482774,-36.61376475132229,-4.900609172928693,31.7131555783936,,339,483;499;502,383;481;485,501,442;444;445;446;448;449;450;451;492;493;494;495;497,405;477,365;387;389;454;456;457;465;467;469;474;475;479;480;487;488;491;506,,444;445;446;449;493;494,501,495;499
7ORB,3,af2,free,-664.2884412449735,-612.6710147970218,51.61742644795163,-52.13468077268495,-19.421833906096982,32.71284686658797,,339,483;496;499;500,347;356;367;369;390;436;502;517,452,444;445;446;447;450;451;455;492;493;495,375;405,368;430;453;465;469;479;487;488;491;506;518,440;452,444;445;449;450;490;493,501,495;499
