pdb,antibody,method,constrained,wt_total,om_total,d_total,wt_interface,om_interface,d_interface,tot_stab_mut_close,tot_stab_mut_distal,tot_stab_other_close,tot_stab_other_distal,tot_destab_mut_close,tot_destab_other_close,tot_destab_mut_distal,tot_destab_other_distal,int_destab_mut,int_destab_other,int_stab_mut,int_stab_other
6Z2M,1,rpk,cons,-472.89009695185683,-464.99570220941916,7.894394742437669,-54.65063044094876,-53.958161100975815,0.6924693399729449,,339;446;496,,,371;373;375,372,501,456;457,,,,
6Z2M,1,rpk,free,-544.6325427371869,-542.5103028782758,2.1222398589111435,-54.82211344553617,-61.534657373758904,-6.712543928222736,,339;446;496,407;517,508,373,382,,367,375,377,,372;382;408;518
6Z2M,1,af2,cons,-589.2052362036501,-608.7640762306486,-19.558840026998496,-46.40781883745102,-51.655005093076845,-5.247186255625827,,339,322;369;372;382;516;518,393;406;483;485,375,368;374,446;501,365;420;435;455;489;499,375,321;378,373,369;372;377;517
6Z2M,1,af2,free,-667.2439523712741,-666.4886209414904,0.7553314297837233,-71.53358028715505,-65.07274916815652,6.460831118998527,,339;484,322;369;372;377;387,356;358;367;393;406;451;483;527,,374;435;515;519,446;496;501,342;365;424;448;455;528,375,370;374;377;378;380;383;389;390;518;519,373,369;372;386;428;430
