pdb,antibody,method,constrained,wt_total,om_total,d_total,wt_interface,om_interface,d_interface,tot_stab_mut_close,tot_stab_mut_distal,tot_stab_other_close,tot_stab_other_distal,tot_destab_mut_close,tot_destab_other_close,tot_destab_mut_distal,tot_destab_other_distal,int_destab_mut,int_destab_other,int_stab_mut,int_stab_other
6XC2,1,rpk,cons,-501.6040752561664,-488.5220982034458,13.081977052720617,-68.8251497278192,-53.25593731047727,15.569212417341923,,339,,,498;501;505,489,,,417;493;501;505,403,,
6XC2,1,rpk,free,-530.970063153823,-531.2884384977589,-0.318375343935827,-74.41068345931885,-66.2364741655502,8.17420929376864,,339;373,,450,493;498;501;505,,375,434;449;499,417;484;498;501;505,403;415;421;457,477,420;456;489;490;503
6XC2,1,af2,cons,-606.941852292756,-604.9659282780883,1.9759240146677257,-53.12016518927513,-46.19023921402142,6.92992597525371,,339;371,403;406;473;475,367;369;372;483;485;518,498;501,420;494,375,365;368;374;434;435;499;528,496;498;501;505,494,,403;473;475
6XC2,1,af2,free,-662.6136004976593,-656.0267452610077,6.586855236651559,-66.46201931473142,-60.01099070700427,6.451028607727153,,339;371;484,403;421;483,367;369;372;451;485;518,446;496;501,449;460;486;494,,332;356;365;368;374;526,493;505,473;486;494,,403;421;457
