pdb,antibody,method,constrained,wt_total,om_total,d_total,wt_interface,om_interface,d_interface,tot_stab_mut_close,tot_stab_mut_distal,tot_stab_other_close,tot_stab_other_distal,tot_destab_mut_close,tot_destab_other_close,tot_destab_mut_distal,tot_destab_other_distal,int_destab_mut,int_destab_other,int_stab_mut,int_stab_other
7EYA,1,rpk,cons,-423.5428554659035,-409.9588407156764,13.584014750227084,-52.098118346458875,-50.23057353058795,1.8675448158709287,,339;408,,,,446,371;375;376;493;498,370;372,452,,,
7EYA,1,rpk,free,-497.0770347712986,-486.8396399403003,10.237394830998312,-64.8036566775354,-63.94781011396054,0.8558465635748576,,339,,366;406;496;502;508,,446,371;375;405,362;372;377;391;392;432;500;506;513,,450,493,
7EYA,1,af2,cons,-628.3610084905022,-528.6804316300178,99.6805768604844,-50.534970023332264,-29.233075895944094,21.30189412738817,,339,483;490,496;502;518,484;493;501,351;444;446;447;448;449;451;468;469;470;492;494;495;497,371;373;405,365;372;387;389;454;455;456;457;467;473;474;475;479;487;491;506;520;522;541,452;484,444;446;447;450;468;470;490,493,445;494;497
7EYA,1,af2,free,-675.5011416406271,-618.4545011164887,57.04664052413841,-71.09810646485445,-32.46492364260763,38.63318282224682,,339;478,483;490;500,338;340;367;369;390;407;436;458;474;502;527,484,441;444;445;446;448;450;451;468;470;491;492;495;497,405,368;374;391;403;406;420;435;455;457;459;467;479;487;506;519;520;525;528,484,346;441;444;445;447;449;450;468;470;481;490,,351;494
