pdb,antibody,method,constrained,wt_total,om_total,d_total,wt_interface,om_interface,d_interface,tot_stab_mut_close,tot_stab_mut_distal,tot_stab_other_close,tot_stab_other_distal,tot_destab_mut_close,tot_destab_other_close,tot_destab_mut_distal,tot_destab_other_distal,int_destab_mut,int_destab_other,int_stab_mut,int_stab_other
7KFV,1,rpk,cons,-595.172191002928,-564.2225008635405,30.949690139387485,-63.656715789802604,-42.25475773469759,21.401958055105013,,339,,,417;446;484;498;501;505,489,371;373;375,372,417;493;496;498;505,494,,
7KFV,1,rpk,free,-618.0051598176244,-590.1352501047893,27.869909712835124,-64.55589805923175,-44.51927624370154,20.03662181553021,,339,,451,417;446;493;498,489,371;373;375,366;372;452,417;493;496;498;505,,501,421
7KFV,1,af2,cons,-611.9146321447346,-606.4983802666644,5.41625187807017,-43.00507981000173,-36.34163455853532,6.663445251466413,,339;371;484,487,367;369;372;472;483;485;518,496;498;501,420;489;494,375,365;368;374;434;435;452;499;528,417;505,,,473;475
7KFV,1,af2,free,-671.0211980022584,-664.3947020823703,6.626495919888157,-72.26518161879797,-54.808298564742245,17.456883054055723,,339;371,406;483,369;450;451;472;518;528,417;446;493;496;501;505,449;489,,374;435;444;452;526,417;493;505,489;490,498;501,
