pdb,antibody,method,constrained,wt_total,om_total,d_total,wt_interface,om_interface,d_interface,tot_stab_mut_close,tot_stab_mut_distal,tot_stab_other_close,tot_stab_other_distal,tot_destab_mut_close,tot_destab_other_close,tot_destab_mut_distal,tot_destab_other_distal,int_destab_mut,int_destab_other,int_stab_mut,int_stab_other
7ND4,3,rpk,cons,-542.0894581935419,-520.7021936291583,21.3872645643836,-38.11624248588313,-37.435418326945324,0.6808241589378028,,339,,445,405;484;493;501,496,371;373,372,405;417;505,,493;501,455
7ND4,3,rpk,free,-594.4624079266171,-577.2470556253701,17.21535230124698,-49.85793808622049,-49.706182694783095,0.1517553914373977,,452,500,508,405;484;493,490,371,351;369;385;434;437;506,505,502,498,500
7ND4,3,af2,cons,-616.5093239604705,-528.9752341384843,87.53408982198619,-42.25729167858369,-27.266386353818355,14.990905324765336,,339,483;485;490;496;500;502,383;481;518,405;417;493;501;505,453;454;456;457;473;474;475;487;489;492;494;495;497,371;373,346;351;365;372;446;449;451;467;469;479;491;506;520;522;538;541,417;501;505,456;483;486;489,484;498,403;495;503
7ND4,3,af2,free,-666.9217183621829,-615.2457956130509,51.67592274913204,-55.48852421346868,-42.46764187901306,13.02088233445562,,,476;490;500,320;338;367;380;389;390;401;423;430;518;527,405;417;493;501;505,420;453;454;455;456;457;487;489;492;495;506,371;375,342;365;370;377;391;445;446;451;459;480;491;497;517;519;520;528,417;484;501;505,455;456;483;489;502,478;498,403;486;495;503
