pdb,antibody,method,constrained,wt_total,om_total,d_total,wt_interface,om_interface,d_interface,tot_stab_mut_close,tot_stab_mut_distal,tot_stab_other_close,tot_stab_other_distal,tot_destab_mut_close,tot_destab_other_close,tot_destab_mut_distal,tot_destab_other_distal,int_destab_mut,int_destab_other,int_stab_mut,int_stab_other
7BEI,1,rpk,cons,-562.7320641986469,-542.0963216892462,20.635742509400643,-68.13120780723321,-48.40743549058894,19.723772316644272,,339,,406,417;498;501;505,,371;373;375;376,372,408;417;493;498;505,,,
7BEI,1,rpk,free,-583.14254513007,-573.813521791737,9.329023338332945,-76.17695373023396,-59.888890950406235,16.288062779827726,,339,403,365,498;505,489,371;373;375,372,417;498;505,495,405;501,453
7BEI,1,af2,cons,-616.4423632430392,-476.16489049658543,140.27747274645372,-59.248283560462085,-9.251265832074031,49.99701772838805,,339,486;490,483;518,405;477;478;493;498;501;505,448;449;453;454;455;456;473;474;475;476;479;487;488;492;494;495;497;504,371;373,346;351;365;372;446;451;465;467;469;491;506;520;541,408;417;477;478;493;501;505,455;473;474;475;476;487;489;495;496;502,,421;457;486;499;503
7BEI,1,af2,free,-661.9110652648661,-623.5125244313579,38.398540833508264,-71.4456797671184,-62.257104763216766,9.18857500390164,,339;484,418;476;485;486;490;500;502;503,367;369;390;424;436;467;483;518;527,405;493;505,421;446;447;448;453;457;473;494;495;496;497,452,368;374;377;386;391;442;445;451;480;491;492;506;519;520,408;417;493;505,421;453;473;489;496;502,405;498;501,457;476;486;495;503
