pdb,antibody,method,constrained,wt_total,om_total,d_total,wt_interface,om_interface,d_interface,tot_stab_mut_close,tot_stab_mut_distal,tot_stab_other_close,tot_stab_other_distal,tot_destab_mut_close,tot_destab_other_close,tot_destab_mut_distal,tot_destab_other_distal,int_destab_mut,int_destab_other,int_stab_mut,int_stab_other
7EY0,2,rpk,cons,-414.50210297641127,-405.5592603926415,8.942842583769789,-34.86534910492473,-33.803057560338615,1.0622915445861167,,339;408;505,,374,484,,371;375;405;493,372,,,,
7EY0,2,rpk,free,-466.69647395115925,-454.34792042520974,12.348553525949512,-44.95544121999492,-42.70525031678641,2.2501909032085052,,339;408,,365;369;370;433;436,493,490,371;375;405;501,367;368;372;513,452,,,
7EY0,2,af2,cons,-610.3310255421767,-520.7655949310135,89.56543061116315,-29.060683668138623,-24.622721453127248,4.437962215011375,,339,483;490,443;496;502;508;518,452,446;447;448;451;467;468;469;491;492;494;497,371;373;405;501,365;372;442;453;455;456;457;471;473;474;475;479;487;495;506;520;522;538;541,,450;468;490,,497
7EY0,2,af2,free,-648.8522880717132,-605.1208214848743,43.731466586838906,-31.213927945162183,-42.56539255508241,-11.351464609920228,,339;477;478,347;481;483;490,320;338;358;367;390;407;436;443;474;499;500;502;518,,355;398;451;454;469;470;472;491;492;494;497,405;501,374;377;391;418;442;445;446;447;455;456;457;465;479;489;495;506;509;519;520;526;528,,346;470,493,355;356;481;492;494;497
