pdb,antibody,method,constrained,wt_total,om_total,d_total,wt_interface,om_interface,d_interface,tot_stab_mut_close,tot_stab_mut_distal,tot_stab_other_close,tot_stab_other_distal,tot_destab_mut_close,tot_destab_other_close,tot_destab_mut_distal,tot_destab_other_distal,int_destab_mut,int_destab_other,int_stab_mut,int_stab_other
7E5R,2,af2,cons,-824.2967904257162,-774.4983673553133,49.798423070402805,-5.471387053110362,-12.668462769222701,-7.197075716112339,,,144;248,20;21;65;75;76;79;97;111;228;272,,141;145;146;147;244;245;246;249;250;251;252;256,19;24;25,29;66;80;160;197;233;253;254;255;257;258;259,,253;254;255,,248;249;251
7E5R,2,af2,free,-879.3690274091291,-875.0920311392349,4.276996269894198,-6.9830316243774435,-21.837110481560877,-14.854078857183435,,,145;154;248;251,20;38;41;79;96;97;110;119;133;212;222;228;229;243;252;291,,141;245;249,19;25;70,66;77;84;134;135;136;181;210;221;255;257;259,,,,250;251;252;255
