pdb,antibody,method,constrained,wt_total,om_total,d_total,wt_interface,om_interface,d_interface,tot_stab_mut_close,tot_stab_mut_distal,tot_stab_other_close,tot_stab_other_distal,tot_destab_mut_close,tot_destab_other_close,tot_destab_mut_distal,tot_destab_other_distal,int_destab_mut,int_destab_other,int_stab_mut,int_stab_other
7KN5,4,rpk,cons,-585.0894372209866,-543.8740976720732,41.21533954891345,-57.27209359414583,-52.39947708300742,4.8726165111384105,,339,,,417;446;484;498,445,371;373;375,372,417;484;498,,478,
7KN5,4,rpk,free,-604.6742420831495,-576.9691981686733,27.705043914476164,-71.00370744904828,-54.62675626184423,16.37695118720405,,339,,406,417;446;484;496;498,445,371;373;375,369,417;484;498,444,,
7KN5,4,af2,cons,-619.9077684171322,-613.7667552142016,6.141013202930594,-43.3254773360192,-34.93077964443394,8.394697691585257,,339;371,483;485,367;369;372;406;481;518,417;446;498;501,449;494,375,365;368;374;420;434;435;528,417;446;498,449,493,
7KN5,4,af2,free,-661.1115919930074,-668.2014898784273,-7.089897885419873,-51.69853819524506,-63.53583273775294,-11.837294542507884,,339;371,453;483;485,360;369;372;393;406;481;518;528,417;446;498;501,449;486;494,,374;435;526,417;498,403;449,478;484;493;496,444;453;455;468;490
