pdb,antibody,method,constrained,wt_total,om_total,d_total,wt_interface,om_interface,d_interface,tot_stab_mut_close,tot_stab_mut_distal,tot_stab_other_close,tot_stab_other_distal,tot_destab_mut_close,tot_destab_other_close,tot_destab_mut_distal,tot_destab_other_distal,int_destab_mut,int_destab_other,int_stab_mut,int_stab_other
7A29,2,rpk,cons,-350.5618968425921,-336.57143620275144,13.990460639840649,-31.037407598809704,-33.969889137016615,-2.932481538206911,,339,446,406,484,,371;373;375,403,452,,,446
7A29,2,rpk,free,-462.3960824979617,-457.61812704160724,4.777955456354448,-51.23168932985279,-43.41381090988995,7.817878419962838,,339;505,449;482;492,366;414;424;434;525,484,351,371;375;405;501,388;488,452,450,498,
7A29,2,af2,cons,-607.6182127403147,-528.5403985567342,79.07781418358047,-30.881495774745318,-26.93029061186351,3.9512051628818092,,339,483;490;499;500;502,518,493;501,351;446;447;448;449;451;468;491;492;494;495;497,371;373;405,365;372;454;456;457;471;473;479;487;506;520;522;541,,446;449;470;490;492,501,445;495;497;499
7A29,2,af2,free,-662.5747794371578,-627.052628548126,35.522150889031764,-50.92554535979999,-53.03327428352823,-2.1077289237282386,,339;478,445;483;490;494;499;502,320;354;367;390;407;421;436;437;473;474;518;527,452,351;444;446;447;449;450;451;491;492;495;497;506,405,365;374;377;391;403;420;454;456;467;469;479;480;487;517;528,,346;444;446;449;450;470;490;492,498;501,445;494;495;503;504
