pdb,antibody,method,constrained,wt_total,om_total,d_total,wt_interface,om_interface,d_interface,tot_stab_mut_close,tot_stab_mut_distal,tot_stab_other_close,tot_stab_other_distal,tot_destab_mut_close,tot_destab_other_close,tot_destab_mut_distal,tot_destab_other_distal,int_destab_mut,int_destab_other,int_stab_mut,int_stab_other
7CZP,1,rpk,cons,-456.26256549242487,-436.4604646882641,19.802100804160773,-36.3041426101408,-30.428031414102783,5.876111196038018,,339,,,446;484;501,,371;373;375,369;372,417;501;505,,,
7CZP,1,rpk,free,-528.5234301886876,-518.5463025342351,9.977127654452488,-56.67297623578192,-52.83594316872158,3.8370330670603394,,339,418;449;476;497,377;386,446;505,495,371;375,370;434,417;505,,,
7CZP,1,af2,cons,-611.7244746518394,-611.32989970025,0.394574951589334,-34.0702993771197,-28.51896759894958,5.551331778170123,,339;371,403;485,367;369;372;483;518,501,420;494,375,365;368;374;434;435;452;528,501;505,,,403;486
7CZP,1,af2,free,-654.5940971266923,-652.2739792725379,2.3201178541544323,-65.19790491064002,-38.82897325578031,26.368931654859708,,339;371,485,480;518,417;493;501,405;486;494,,365;374;391;435,417;493;501;505,405;449;494;495;500;502,496,408
