pdb,antibody,method,constrained,wt_total,om_total,d_total,wt_interface,om_interface,d_interface,tot_stab_mut_close,tot_stab_mut_distal,tot_stab_other_close,tot_stab_other_distal,tot_destab_mut_close,tot_destab_other_close,tot_destab_mut_distal,tot_destab_other_distal,int_destab_mut,int_destab_other,int_stab_mut,int_stab_other
7LQ7,2,rpk,cons,-526.4275887884737,-512.5397995488813,13.887789239592394,-44.52397354523238,-43.70520528889533,0.8187682563370515,,339,,,371;373,,501,,408,,,
7LQ7,2,rpk,free,-552.0456531926596,-542.8648069359026,9.180846256757036,-58.92498349411531,-56.05746087869701,2.8675226154183022,,339,,,371;373;375,368,501,480,408,374,,369
7LQ7,2,af2,cons,-609.9595440811945,-516.2208093734804,93.73873470771412,-31.43957970059588,-27.540708811246702,3.898870889349176,,339,,367;443;483;490;496;502;508;518,371;373;405,372;374,501,346;351;365;389;446;449;451;453;454;455;456;457;459;461;465;467;469;473;474;475;479;487;491;492;494;495;497;506;520;522;541,,374,,
7LQ7,2,af2,free,-660.171317981301,-601.1930518878899,58.978266093411094,-59.49482993358323,-64.41743049347258,-4.9226005598893465,,339;505,367;412,358;360;399;423;443;483;490;500;502;515;518,405,487,452;493;501,342;343;364;365;391;402;420;442;445;446;447;449;451;456;457;461;469;471;472;480;492;494;495;497;506;519;520;526,408;477,370;414;429,371;478,368;379;486
