pdb,antibody,method,constrained,wt_total,om_total,d_total,wt_interface,om_interface,d_interface,tot_stab_mut_close,tot_stab_mut_distal,tot_stab_other_close,tot_stab_other_distal,tot_destab_mut_close,tot_destab_other_close,tot_destab_mut_distal,tot_destab_other_distal,int_destab_mut,int_destab_other,int_stab_mut,int_stab_other
7CZT,2,rpk,cons,-461.80175316303246,-447.23657405062204,14.56517911241042,-46.883340591057724,-36.83004990648435,10.053290684573376,,,,,484,,371;373;375,372,417;505,,,
7CZT,2,rpk,free,-541.2417809135707,-529.6400681664262,11.601712747144461,-79.79611223905198,-61.73655889791048,18.059553341141502,,339,491,386,405;484;505,490,371;375,370;434,405;408;477;486;505,449;455;473;489;490;500,498;501,415;487
7CZT,2,af2,cons,-616.7708496705031,-535.3693939813279,81.40145568917524,-45.38838072246335,-39.94087861875005,5.447502103713305,,339,483;490;500;502,481;485,405;477;501;505,446;449;453;455;456;457;474;476;487;492;493;494;495;497;506,452,365;442;448;451;467;469;479;491,505,449;456;476;489;493,478;501,475;495;503
7CZT,2,af2,free,-667.3419286018985,-620.2555946871365,47.08633391476201,-60.50275644304778,-75.13268749932843,-14.629931056280647,,,421;476;483;502;503,338;358;367;369;390;436;443;481,405;452;477,406;445;446;475;487;488;492;493;494;495;497;506,,368;442;448;451;467;479;480;491,417;477;505,473;493,478;486;498;501,421;474;495;502;503
