pdb,antibody,method,constrained,wt_total,om_total,d_total,wt_interface,om_interface,d_interface,tot_stab_mut_close,tot_stab_mut_distal,tot_stab_other_close,tot_stab_other_distal,tot_destab_mut_close,tot_destab_other_close,tot_destab_mut_distal,tot_destab_other_distal,int_destab_mut,int_destab_other,int_stab_mut,int_stab_other
7EKF,1,rpk,cons,-494.9503486557127,-470.5776816017926,24.372667053920054,-44.796428413842605,-35.11657601941023,9.679852394432373,,339;408,,,405;417;484;486;498,490,371;373;375;452,,417;486,,501,
7EKF,1,rpk,free,-536.4833606729308,-529.9291391938859,6.554221479044827,-49.29847051698822,-44.97175691969814,4.32671359729008,,339;408,,372;374,405;417;484,492,371;375,365;450,417;486,475,477;501,453;489
7EKF,1,af2,cons,-622.4001723313272,-515.3020738179137,107.09809851341356,-49.85182561762624,-24.77009118385069,25.08173443377555,,339,490;500;502,347;483;485,405;417;478;486;501;505,446;449;456;474;475;479;480;487;488;491;492;493;494;495;497;506,,365;442;448;451;454;457;467;469;472,417;478;486;505,449;456;475;479;489;493;499;500;502,477;498,474;487;503
7EKF,1,af2,free,-660.6337499281854,-614.8436405052371,45.79010942294826,-58.214859207802064,-26.974581728989122,31.240277478812942,,339,455;485;490;500;502,338;358;367;369;390;407;423;436;443;472;483;527,405;417;486;501,445;446;448;474;475;479;487;491;492;495;497;506,,357;368;442;451;461;466;467;480;528,417;486;505,449;487;489;493;496;500,478;498,503
