pdb,antibody,method,constrained,wt_total,om_total,d_total,wt_interface,om_interface,d_interface,tot_stab_mut_close,tot_stab_mut_distal,tot_stab_other_close,tot_stab_other_distal,tot_destab_mut_close,tot_destab_other_close,tot_destab_mut_distal,tot_destab_other_distal,int_destab_mut,int_destab_other,int_stab_mut,int_stab_other
7RKV,3,rpk,cons,-474.90855379764594,-466.5933517182132,8.315202079432709,-47.26447720137598,-46.786710331607544,0.47776686976843763,,339;446,,406,371;373;375,372,484;501,455,,,,
7RKV,3,rpk,free,-562.1657270010764,-569.7078301703528,-7.542103169276402,-55.35524060570278,-57.732216730348576,-2.376976124645793,,339;446;496,374;380;408,452,371;375,372,,455;491,,,,380;408
7RKV,3,af2,cons,-605.826652553878,-607.6360788331417,-1.8094262792636755,-38.238597030616795,-40.79990022815372,-2.5613031975369225,,339,369;370,367;406;483;485;518,373;375,435,501,420;499,375,372,,369;415
7RKV,3,af2,free,-654.3515221948046,-662.0644661241201,-7.712943929315543,-58.66815968357051,-63.57820802361259,-4.910048340042081,,339,369;372;377,406;436;451;472;483;518,,365;374;384;435,446,332;434;448,375,405,373,369;427;508
