pdb,antibody,method,constrained,wt_total,om_total,d_total,wt_interface,om_interface,d_interface,tot_stab_mut_close,tot_stab_mut_distal,tot_stab_other_close,tot_stab_other_distal,tot_destab_mut_close,tot_destab_other_close,tot_destab_mut_distal,tot_destab_other_distal,int_destab_mut,int_destab_other,int_stab_mut,int_stab_other
7AKD,1,rpk,cons,-460.67717751745533,-446.4368817982877,14.240295719167648,-43.57979546499066,-38.90737589669138,4.672419568299283,,505,,,339;371;373,343,375;484;501,,339,343,371,
7AKD,1,rpk,free,-555.9847049540967,-542.3634859162892,13.621219037807577,-63.125296017514486,-56.28610970396882,6.839186313545667,,408,365;366;370,502;515,,343;368;372,375;405;484,347;369;381;442;455;495,339,343;372;374,371,
7AKD,1,af2,cons,-607.2251682475505,-520.5039410809272,86.7212271666233,-20.394320150726564,-13.50832797572995,6.885992174996614,,,368;369,481;483;485;490;500;502,339;371,,405;452;477;501,442;445;446;448;449;451;454;457;461;465;467;469;474;475;479;480;487;488;491;492;494;495;497;506,339,338;367,371,529
7AKD,1,af2,free,-656.7648301170059,-599.7241057960559,57.04072432094995,-59.44242938713443,-45.55046157924177,13.891967807892662,,478,515,360;379;389;390;421;443;472;483;499;500;502;508,371,368;370,376;405;501,391;435;438;442;445;446;447;448;451;454;455;456;457;473;480;488;491;492;493;495;497;506;507,339,343;363;364;365;367;368,,337;342
