pdb,antibody,method,constrained,wt_total,om_total,d_total,wt_interface,om_interface,d_interface,tot_stab_mut_close,tot_stab_mut_distal,tot_stab_other_close,tot_stab_other_distal,tot_destab_mut_close,tot_destab_other_close,tot_destab_mut_distal,tot_destab_other_distal,int_destab_mut,int_destab_other,int_stab_mut,int_stab_other
7L7E,7,rpk,cons,-524.6104934714215,-149.66824244583836,374.9422510255831,-43.743300301043675,-33.865594039032814,9.87770626201086,,339,,,493,489,371;373;375;405;452;498;501,342;347;358;364;367;372;374;392;395;398;418;434;435;436;492;502;508;509;511;515,477;478,489,,
7L7E,7,rpk,free,-555.8704156371745,-559.9376267491562,-4.067211111981692,-45.589051146308385,-43.10025752449896,2.488793621809428,,339,,370;406;508,,,405,,,,,
7L7E,7,af2,cons,-611.1434482585166,-470.679057444732,140.46439081378463,-34.16672564399923,15.908613184545498,50.07533882854473,,339,481;482;483;485;490,496;500;502;518,477;478;493;501,455;456;472;473;474;475;476;479;486;487;488;489;492;494;495;497,371;373;375;405,346;351;365;372;403;446;449;451;454;457;467;469;491;506;520;522;541,477;478;493,474;475;476;486;487;489,,495
7L7E,7,af2,free,-662.2176448560385,-606.8455206876199,55.37212416841862,-46.063626872205454,-23.88740967660857,22.176217195596884,,339,473;481;483;485,338;367;390;443;458;482;490;500;502;518;527,493,455;475;480;487;495,371;375;405;501,342;365;374;377;391;442;445;446;448;451;454;469;491;492;497;506;511;519;520;528,477;478;484;493,455;475;476;489,498,481
