pdb,antibody,method,constrained,wt_total,om_total,d_total,wt_interface,om_interface,d_interface,tot_stab_mut_close,tot_stab_mut_distal,tot_stab_other_close,tot_stab_other_distal,tot_destab_mut_close,tot_destab_other_close,tot_destab_mut_distal,tot_destab_other_distal,int_destab_mut,int_destab_other,int_stab_mut,int_stab_other
7L7E,8,rpk,cons,-524.3622261013318,-146.35488493079217,378.0073411705396,-42.366816163925186,-29.265734351931012,13.101081811994174,,339,,,452;484;498,443;490;492;499;509,371;373;375;405;501,364;367;372;374;392;418;422;434;436;495;502;508;511;524,452;484,443;490;499,,
7L7E,8,rpk,free,-552.3954280975458,-556.7245605611454,-4.329132463599535,-44.60003729192344,-40.09755929388813,4.50247799803531,,339,493,508,452;484,,405,374;436,484,493,,
7L7E,8,af2,cons,-617.0884327374362,-503.74828381542454,113.34014892201162,-35.9064654350071,-4.056334131335664,31.850131303671436,,339,450;483;502,383;481;485,452;501,442;444;445;446;447;448;449;491;492;493;494;495;497,405;477;505,351;365;451;456;457;467;469;474;479;487;488;489;506,,444;445;446;447;449;490;499,,346
7L7E,8,af2,free,-659.4241202745735,-605.3212852820709,54.10283499250261,-41.59435173575597,-15.224133627487364,26.37021810826861,,339;478,443;483;490;496;499,320;338;358;367;369;390;436;485;500;502,452;501,442;444;445;446;447;448;449;491;492;497,375;405,326;368;430;451;465;467;469;487;488;489;495;506;526,,346;444;445;449;490,,
