pdb,antibody,method,constrained,wt_total,om_total,d_total,wt_interface,om_interface,d_interface,tot_stab_mut_close,tot_stab_mut_distal,tot_stab_other_close,tot_stab_other_distal,tot_destab_mut_close,tot_destab_other_close,tot_destab_mut_distal,tot_destab_other_distal,int_destab_mut,int_destab_other,int_stab_mut,int_stab_other
7B18,2,rpk,cons,-482.02647314583726,-461.73568116984137,20.290791975995887,-61.94962176294608,-52.19965659569277,9.749965167253308,,,,,452;484;498;501,,371;375;376;405,372;502,484;486;498,,478,
7B18,2,rpk,free,-556.007567057201,-556.5967818733549,-0.5892148161539126,-88.09769201760547,-63.00576356876477,25.091928448840697,,339,475;487;491,416;420;435;488;507;508,452;477;484;498,,371;405,372;402;454;510,417;477;484;486;498,403;476;487;492,501,489
7B18,2,af2,cons,-620.0777084774097,-522.6465363190639,97.43117215834582,-42.28603416988924,-26.82281879650555,15.46321537338369,,339,483;485;500;502,481;508,452;498;501,403;446;449;450;453;456;475;487;491;492;493;494;495;497,405;477,365;442;448;451;454;457;467;469;474;479;488;506,452,446;449;490;492;493;494,501,495;497;502;503
7B18,2,af2,free,-673.9371531003894,-627.7807271186975,46.15642598169188,-74.6208395404337,-54.77994621199007,19.840893328443634,,339,455;502,354;369;372;390;443;472;508;528,486,351;446;449;487;489;491;492;493;494;495;497,405,343;391;442;448;451;465;471;480;506;516,417;477;478;486,403;446;449;483;489;490;492;493,501,475;495;497;499;502;503
