pdb,antibody,method,constrained,wt_total,om_total,d_total,wt_interface,om_interface,d_interface,tot_stab_mut_close,tot_stab_mut_distal,tot_stab_other_close,tot_stab_other_distal,tot_destab_mut_close,tot_destab_other_close,tot_destab_mut_distal,tot_destab_other_distal,int_destab_mut,int_destab_other,int_stab_mut,int_stab_other
7NDC,2,af2,cons,-820.6085300682191,-792.7888964056406,27.819633662578553,-0.5767484087558595,-3.6834716736012,-3.1067232648453404,,67;95,,18;19;21;22;29;75;76;77;97;111;124;138;213;nan;215;216;242;247;260;272,142;145,151;246,143;144;212,20;23;140;141;146;152;153;179;187;210;229;245;249;254;255;256;257;259,,,,150
7NDC,2,af2,free,-895.8280938313669,-883.2533033397121,12.574790491654767,-2.5577389361316016,-16.312087214184174,-13.754348278052573,,67;95,18;19;111;156,77;81;84;94;96;97;114;121;138;186;213;nan;215;216;222;242;248;260;272,,21;153,70;142;143;144;212,98;146;151;152;179;181;210;221;246;249;255;257;262,,,,18;20;21;137;256
