pdb,antibody,method,constrained,wt_total,om_total,d_total,wt_interface,om_interface,d_interface,tot_stab_mut_close,tot_stab_mut_distal,tot_stab_other_close,tot_stab_other_distal,tot_destab_mut_close,tot_destab_other_close,tot_destab_mut_distal,tot_destab_other_distal,int_destab_mut,int_destab_other,int_stab_mut,int_stab_other
7LQV,1,af2,cons,-802.3277160339426,-772.7754215904831,29.55229444345946,-14.21519428027699,1.031099944200084,15.246294224477074,,67;95,146;147;148;247,19;21;22;75;76;77;79;97;111;138;213;nan;215;216;242;260;272,142;143;144,140;150;151;152;153;154;246;255;256;257,212,17;20;23;101;179;187;210;229;245;249;254;271,144,150;153;154;246,,147;148
7LQV,1,af2,free,-888.079968780951,-878.402865714055,9.677103066896052,-31.130766839079705,-23.28980223212926,7.840964606950443,,67;95,150;154;162;248,18;19;76;77;81;84;94;96;97;102;111;114;121;159;170;179;182;202;213;nan;215;216;222;227;260;301,142;143;144,147;152;155;161;243;246,70;212,20;21;41;99;128;141;203;221;235;241;249;253;255;262;263,145,146;147;148;155;158;161;246,,149;150;153;154
