pdb,antibody,method,constrained,wt_total,om_total,d_total,wt_interface,om_interface,d_interface,tot_stab_mut_close,tot_stab_mut_distal,tot_stab_other_close,tot_stab_other_distal,tot_destab_mut_close,tot_destab_other_close,tot_destab_mut_distal,tot_destab_other_distal,int_destab_mut,int_destab_other,int_stab_mut,int_stab_other
7DPM,4,rpk,cons,-834.5017009305568,-807.8415365918747,26.66016433868208,-86.47885989411671,-81.59069569055538,4.888164203561331,,339;505,,,371;373;375;376,372,501,,376,437,375,
7DPM,4,rpk,free,-888.9207712999334,-879.3657423787233,9.555028921210123,-95.55441055371625,-91.5827766510076,3.9716339027086462,,339;505,374,367,371;375;405,38;369,440;484,364;446,376,38;46;369,375,87
7DPM,4,af2,cons,-621.0104810702526,-528.8406871452796,92.16979392497296,-25.901575566251008,-22.870031518728634,3.031544047522374,,339,,443;483;490;500;502;518,371;373;376;405,370;372;374;377,493;501,351;442;446;449;451;453;454;455;456;457;461;471;473;475;479;487;491;492;494;495;497;506;520;522;541,376,369;372;374,375,378
7DPM,4,af2,free,-661.9153744888638,-617.8574373156343,44.05793717322945,-34.450538172204595,-36.595098545202276,-2.144560372997681,,339;478,407;508,320;354;367;390;421;424;434;443;473;474;483;490;499;500;502;518,371;405,370;503;506,493;501,342;365;391;420;442;445;446;448;449;451;453;456;480;487;491;492;495;497;517;519;520;526,371;376,370;372;383,375,378;380;407;437
