pdb,antibody,method,constrained,wt_total,om_total,d_total,wt_interface,om_interface,d_interface,tot_stab_mut_close,tot_stab_mut_distal,tot_stab_other_close,tot_stab_other_distal,tot_destab_mut_close,tot_destab_other_close,tot_destab_mut_distal,tot_destab_other_distal,int_destab_mut,int_destab_other,int_stab_mut,int_stab_other
7MZN,1,rpk,cons,-528.5704633718508,-517.8493031889427,10.72116018290808,-55.025167235705005,-45.42192864591472,9.603238589790287,,339,,,501,,373;375;376,372;378,417;484;501;505,,,
7MZN,1,rpk,free,-549.0173614992066,-538.6486029048854,10.368758594321207,-66.10207555023558,-52.09904487311968,14.003030677115902,,339,,,405;417;477;484;498;501,490,375,372;446,405;417;484;505,415,,
7MZN,1,af2,cons,-610.780787421572,-514.8885077595481,95.89227966202384,-51.980875991959635,-27.493215828302418,24.487660163657218,,339,458;483;485;490;500;502,347;508,405;417;477;478;501;505,448;449;451;453;454;456;473;474;475;476;479;480;487;494;495;497;506,,365;442;445;446;469;491;492,417;478;501;505,455;456;475;476;483;489;502,498,457;495;503
7MZN,1,af2,free,-657.6522370231638,-622.841950072208,34.810286950955856,-65.78358503171489,-12.11035599082869,53.6732290408862,,339,415;490;500;502,320;367;369;374;382;390;436;443;472;528,405;417;501,406;420;448;454;455;457;475;487;495;497;503;506,375,368;404;430;442;445;446;451;465;467;469;471;491;492,405;417;486;501;505,403;420;421;455;456;473;475;483;489;496;502,477,415;497
