pdb,antibody,method,constrained,wt_total,om_total,d_total,wt_interface,om_interface,d_interface,tot_stab_mut_close,tot_stab_mut_distal,tot_stab_other_close,tot_stab_other_distal,tot_destab_mut_close,tot_destab_other_close,tot_destab_mut_distal,tot_destab_other_distal,int_destab_mut,int_destab_other,int_stab_mut,int_stab_other
7BEP,2,rpk,cons,-533.5416253830258,-518.485601535117,15.056023847908818,-41.497907098103866,-35.48229403714934,6.015613060954529,,339,,,484,,371;373;498;501,372,484,490,,
7BEP,2,rpk,free,-556.3787550406814,-552.4405566671014,3.9381983735800077,-48.55045415157228,-45.65170110807214,2.898753043500143,,339;496,456,,478,452;472,371;373;498,372,493,481;489,478,456;494
7BEP,2,af2,cons,-612.8634109185053,-617.2046579609873,-4.341247042481996,-27.16026300452663,-30.658873281954023,-3.4986102774273924,,339;371,483;485,367;369;372;406;518,446,452;455,375;501,365;368;374;389;420;434;435;499,,486;488;490,484,482;485
7BEP,2,af2,free,-662.3103119326829,-666.5652798030179,-4.254967870335008,-45.824795831344,-49.2846553096157,-3.459859478271703,,339;371,456;480;483;485,356;369;393;406;425;518;527,446,455,,374;434;448;526;528,446;484,445;481;489,478,456;483;485;486;494
