pdb,antibody,method,constrained,wt_total,om_total,d_total,wt_interface,om_interface,d_interface,tot_stab_mut_close,tot_stab_mut_distal,tot_stab_other_close,tot_stab_other_distal,tot_destab_mut_close,tot_destab_other_close,tot_destab_mut_distal,tot_destab_other_distal,int_destab_mut,int_destab_other,int_stab_mut,int_stab_other
7EH5,2,rpk,cons,-358.15002275660265,-347.3136881188887,10.836334637713946,-15.789373342002925,-17.915086778854374,-2.1257134368514485,,339,,,371;373;501,372,493,,408,,375,
7EH5,2,rpk,free,-476.53705141397495,-468.1090174926247,8.428033921350277,-42.600015840870164,-49.635705766640996,-7.035689925770832,,339,384;409;503;506,,371;373;405;501,372;504,,365;388;391;436,505,378,375;501,502;503
7EH5,2,af2,cons,-608.0001884019852,-518.1457157963443,89.85447260564081,-11.071234300193435,-5.627257702772326,5.443976597421109,,339,502,443;483;490;496;518,371;373;405;501,370;372;374;503;506,493,346;351;365;446;449;451;453;454;455;456;457;461;469;471;473;475;479;487;491;492;494;495;497;520;522;541,,372;502;503,375,
7EH5,2,af2,free,-658.5215658372856,-613.1604602292207,45.36110560806492,-40.55579985334512,-31.551332752928936,9.004467100416186,,339;478,500;502;508,320;347;354;366;390;421;443;458;483;490;499;518,371;405;501,377;378;503;506,493,353;391;420;425;442;445;446;447;448;449;451;453;454;457;465;480;487;491;492;495;497;517;519;520;526,405;408,372;385;502;503,373;375,374;404;506
