pdb,antibody,method,constrained,wt_total,om_total,d_total,wt_interface,om_interface,d_interface,tot_stab_mut_close,tot_stab_mut_distal,tot_stab_other_close,tot_stab_other_distal,tot_destab_mut_close,tot_destab_other_close,tot_destab_mut_distal,tot_destab_other_distal,int_destab_mut,int_destab_other,int_stab_mut,int_stab_other
7E8C,2,af2,cons,-821.0648510471292,-767.6729584613718,53.39189258575743,-21.65293122441584,-18.372016747156167,3.2809144772596746,,,248,20;21;22;75;76;78;79;111;228;229;272,19,140;148;152;155;157;242;245;249;250;251;252;253;256;257;258,24;25,233;255;259;270,,144;148;155;157;249;251,,250;253
7E8C,2,af2,free,-890.7254810487377,-875.6665123170739,15.058968731663867,-34.08259119300576,-45.56054671580798,-11.477955522802219,,,138;148;150;153;154;157;242;251;252,20;41;71;75;80;95;97;102;108;139;180;186;212;215;222;228;260;291,19,15;140;144;147;156;245;247;249;255;257;258,25,23;29;77;78;170;181;217;221;254;259;263;269,,144;156,,148;248;249;250;251;252;253
