pdb,antibody,method,constrained,wt_total,om_total,d_total,wt_interface,om_interface,d_interface,tot_stab_mut_close,tot_stab_mut_distal,tot_stab_other_close,tot_stab_other_distal,tot_destab_mut_close,tot_destab_other_close,tot_destab_mut_distal,tot_destab_other_distal,int_destab_mut,int_destab_other,int_stab_mut,int_stab_other
7KXJ,1,rpk,cons,-590.6960892483132,-567.1178778838064,23.578211364506842,-48.442756803044155,-49.16718657312705,-0.7244297700828923,,,,,484;498;501,490,371,446,505,,417,
7KXJ,1,rpk,free,-605.6448435856724,-587.8956762468072,17.749167338865277,-54.17538931162167,-57.97914612536982,-3.8037568137481514,,,,366,484;498;501,446;490;502,371,,,,417;493,
7KXJ,1,af2,cons,-607.5713618564478,-504.85939957606604,102.71196228038173,-17.69480709015954,-21.136154058318482,-3.4413469681589426,,339,483;490;502,443;496;518,405;484;501;505,453;456;457;473;474;476;487;488;494;495,371;373;452,346;351;365;372;389;446;451;454;459;467;469;479;491;492;497;506;520;522;538;541,505,456;473;476,,403;455;489;495
7KXJ,1,af2,free,-659.2103356921252,-616.7345117510763,42.47582394104893,-46.19370166087535,-38.84619512956812,7.347506531307225,,339,483;486;490;499;502,320;354;358;367;369;390;407;436;443;467;481;482;500;518,405;493,406;420;449;453;456;457;475;488;492;494;495,,374;377;391;430;442;445;446;447;448;451;454;469;491;497;506;519;520,484;493;505,421;456;473;475;483;489;494,498,486;487;495
