pdb,antibody,method,constrained,wt_total,om_total,d_total,wt_interface,om_interface,d_interface,tot_stab_mut_close,tot_stab_mut_distal,tot_stab_other_close,tot_stab_other_distal,tot_destab_mut_close,tot_destab_other_close,tot_destab_mut_distal,tot_destab_other_distal,int_destab_mut,int_destab_other,int_stab_mut,int_stab_other
7FG2,1,rpk,cons,-250.88509133855285,-223.91097946369814,26.974111874854714,-15.118806369578195,-17.7393387931742,-2.6205324235960035,,339,,497,,449,371;373;375;493,372;374,,,,449
7FG2,1,rpk,free,-424.7021673541593,-422.53795429936383,2.164213054795482,-42.18756894750018,-31.706868725364924,10.480700222135258,,339;498,,404;407;436;486;497,,473;475;483;490;491;494,371;375;484,372;455;500,,450;473;475;483;492;494,,466
7FG2,1,af2,cons,-605.7939085720741,-606.8484257335359,-1.0545171614618312,-18.126231359755383,-10.547422764620169,7.578808595135214,,339;371,472;481;483;485,367;369;372;406;518,,452,375;496;501,365;368;374;420;434;435;455;489;528,484,346;481;482,,483
7FG2,1,af2,free,-654.9859146152316,-667.6733650098286,-12.687450394596908,-46.50662338950069,-51.104517057844234,-4.597893668343545,,339;371,346;347;351;469;481;483;485;490,369;372;518;527,446,449;452,,332;342;374;435;455;479;489;528,,449;450;452;466;470;481,484,346;351;352;354;468;492
